总反应数: 9762
CGCNN 局部 embedding 维度: 64

[1/9762] reaction_id=1: MOR-Al1-Ag-O-CH4-0408-07-opt -> MOR-Al1-Ag-OH-CH3 (substrate=zeolite)

[2/9762] reaction_id=2: MOR-Al1-Au-O-CH4-0408 -> MOR-Al1-Au-OH-CH3 (substrate=zeolite)

[3/9762] reaction_id=3: MOR-Al1-Au-OO-1-mod-CH4 -> MOR-Al1-Au-OOH-CH3-04-opt (substrate=zeolite)

[4/9762] reaction_id=4: MOR-Al1-Co-O-CH4-0408 -> MOR-Al1-Co-OH-CH3 (substrate=zeolite)

[5/9762] reaction_id=5: MOR-Al1-Cr-O-CH4-0408 -> MOR-Al1-Cr-OH-CH3 (substrate=zeolite)

[6/9762] reaction_id=6: MOR-Al1-Cr-OO-3-CH4 -> MOR-Al1-Cr-OOH-CH3-04-opt (substrate=zeolite)

[7/9762] reaction_id=7: MOR-Al1-Cu-O-CH4-0408 -> MOR-Al1-Cu-OH-CH3 (substrate=zeolite)

[8/9762] reaction_id=8: MOR-Al1-Cu-OO-3-CH4-2 -> MOR-Al1-Cu-OOH-CH3-5 (substrate=zeolite)

[9/9762] reaction_id=9: MOR-Al1-Fe-O-CH4-1 -> MOR-Al1-Fe-OH-CH3 (substrate=zeolite)

[10/9762] reaction_id=10: MOR-Al1-Fe-OO-3-CH4 -> MOR-Al1-Fe-OOH-CH3-1 (substrate=zeolite)

[11/9762] reaction_id=11: MOR-Al1-Ir-O-CH4-0408-2 -> MOR-Al1-Ir-OH-CH3 (substrate=zeolite)

[12/9762] reaction_id=12: MOR-Al1-Ir-OO-1-mod-CH4 -> MOR-Al1-Ir-OOH-CH3-1 (substrate=zeolite)

[13/9762] reaction_id=13: MOR-Al1-Mo-O-CH4-1 -> MOR-Al1-Mo-OH-CH3 (substrate=zeolite)

[14/9762] reaction_id=14: MOR-Al1-Mo-OO-3-CH4 -> MOR-Al1-Mo-OOH-CH3-1 (substrate=zeolite)

[15/9762] reaction_id=15: MOR-Al1-Nb-O-CH4-0408 -> MOR-Al1-Nb-OH-CH3 (substrate=zeolite)

[16/9762] reaction_id=16: MOR-Al1-Ni-O-CH4-0408 -> MOR-Al1-Ni-OH-CH3 (substrate=zeolite)

[17/9762] reaction_id=17: MOR-Al1-Os-O-CH4-0408 -> MOR-Al1-Os-OH-CH3 (substrate=zeolite)

[18/9762] reaction_id=18: MOR-Al1-Os-OO-CH4-01-opt -> MOR-Al1-Os-OOH-CH3-04-opt-1 (substrate=zeolite)

[19/9762] reaction_id=19: MOR-Al1-Pd-O-CH4-0408 -> MOR-Al1-Pd-OH-CH3 (substrate=zeolite)

[20/9762] reaction_id=20: MOR-Al1-Pd-OO-1-mod-CH4 -> MOR-Al1-Pd-OOH-CH3-1 (substrate=zeolite)

[21/9762] reaction_id=21: MOR-Al1-Pt-O-CH4-0408 -> MOR-Al1-Pt-OH-CH3 (substrate=zeolite)

[22/9762] reaction_id=22: MOR-Al1-Pt-OO-3-CH4 -> MOR-Al1-Pt-OOH-CH3-1 (substrate=zeolite)

[23/9762] reaction_id=23: MOR-Al1-Rh-O-CH4-0408 -> MOR-Al1-Rh-OH-CH3 (substrate=zeolite)

[24/9762] reaction_id=24: MOR-Al1-Rh-OO-1-mod-CH4 -> MOR-Al1-Rh-OOH-CH3-fan-0306-04-opt (substrate=zeolite)

[25/9762] reaction_id=25: MOR-Al1-Ru-O-CH4-0408 -> MOR-Al1-Ru-OH-CH3 (substrate=zeolite)

[26/9762] reaction_id=26: MOR-Al1-Ru-OO-3-CH4 -> MOR-Al1-Ru-OOH-CH3-04-opt (substrate=zeolite)

[27/9762] reaction_id=27: MOR-Al1-Sc-O-CH4-1 -> MOR-Al1-Sc-OH-CH3 (substrate=zeolite)

[28/9762] reaction_id=28: MOR-Al1-V-O-CH4-0408 -> MOR-Al1-V-OH-CH3 (substrate=zeolite)

[29/9762] reaction_id=29: MOR-Al1-Y-O-CH4-1 -> MOR-Al1-Y-OH-CH3 (substrate=zeolite)

[30/9762] reaction_id=30: MOR-Al2-AgAg-O2-CH4-1 -> MOR-Al2-AgAg-O2-CH3 (substrate=zeolite)

[31/9762] reaction_id=31: MOR-Al2-AgAg-O-CH4-1 -> MOR-Al2-AgAg-O-CH3-AgAu-1-mod-CH3 (substrate=zeolite)

[32/9762] reaction_id=32: MOR-Al2-AgAu-O2-CH4-1 -> MOR-Al2-AgAu-O2-CH3 (substrate=zeolite)

[33/9762] reaction_id=33: MOR-Al2-AgAuO2H-CH4 -> MOR-Al2-AgAuO2H-CH3 (substrate=zeolite)

[34/9762] reaction_id=34: MOR-Al2-AgAu-O-CH4-1 -> MOR-Al2-AgAu-O-CH3-AgAu-1-mod-CH3 (substrate=zeolite)

[35/9762] reaction_id=35: MOR-Al2-AgCo-O2-CH4-1 -> MOR-Al2-AgCo-O2-CH3 (substrate=zeolite)

[36/9762] reaction_id=36: MOR-Al2-AgCo-O-CH4-1 -> MOR-Al2-AgCo-O-CH3-AgAu-1-mod-CH3 (substrate=zeolite)

[37/9762] reaction_id=37: MOR-Al2-AgFe-O2-CH4-1 -> MOR-Al2-AgFe-O2-CH3 (substrate=zeolite)

[38/9762] reaction_id=38: MOR-Al2-AgFe-O-CH4-1 -> MOR-Al2-AgFe-O-CH3-AgAu-1-mod-CH3 (substrate=zeolite)

[39/9762] reaction_id=39: MOR-Al2-AgIr-O2-CH4-1 -> MOR-Al2-AgIr-O2-CH3 (substrate=zeolite)

[40/9762] reaction_id=40: MOR-Al2-AgIrO2H-CH4 -> MOR-Al2-AgIrO2H-CH3 (substrate=zeolite)

[41/9762] reaction_id=41: MOR-Al2-AgIr-O-CH4-1 -> MOR-Al2-AgIr-O-CH3-AgAu-1-mod-CH3 (substrate=zeolite)

[42/9762] reaction_id=42: MOR-Al2-AgNi-O2-CH4-1 -> MOR-Al2-AgNi-O2-CH3 (substrate=zeolite)

[43/9762] reaction_id=43: MOR-Al2-AgNiO2H-CH4 -> MOR-Al2-AgNiO2H-CH3 (substrate=zeolite)

[44/9762] reaction_id=44: MOR-Al2-AgNi-O-CH4-1 -> MOR-Al2-AgNi-O-CH3-AgAu-1-mod-CH3 (substrate=zeolite)

[45/9762] reaction_id=45: MOR-Al2-Ag-OH-CH4-ZH-4 -> MOR-Al2-Ag-OH-CH3-ZH (substrate=zeolite)

[46/9762] reaction_id=46: MOR-Al2-AgPtO2H-CH4 -> MOR-Al2-AgPtO2H-CH3 (substrate=zeolite)

[47/9762] reaction_id=47: MOR-Al2-AgPt-O-CH4-1 -> MOR-Al2-AgPt-O-CH3-AgAu-1-mod-CH3 (substrate=zeolite)

[48/9762] reaction_id=48: MOR-Al2-AgRh-O2-CH4-1 -> MOR-Al2-AgRh-O2-CH3 (substrate=zeolite)

[49/9762] reaction_id=49: MOR-Al2-AgRhO2H-CH4 -> MOR-Al2-AgRhO2H-CH3 (substrate=zeolite)

[50/9762] reaction_id=50: MOR-Al2-AgRh-O-CH4-1 -> MOR-Al2-AgRh-O-CH3-AgAu-1-mod-CH3 (substrate=zeolite)

[51/9762] reaction_id=51: MOR-Al2-AuAg-O2-CH4-1 -> MOR-Al2-AuAg-O2-CH3 (substrate=zeolite)

[52/9762] reaction_id=52: MOR-Al2-AuAgO2H-CH4 -> MOR-Al2-AuAgO2H-CH3 (substrate=zeolite)

[53/9762] reaction_id=53: MOR-Al2-AuAu-O2-CH4-1 -> MOR-Al2-AuAu-O2-CH3 (substrate=zeolite)

[54/9762] reaction_id=54: MOR-Al2-AuAuO2H-CH4 -> MOR-Al2-AuAuO2H-CH3 (substrate=zeolite)

[55/9762] reaction_id=55: MOR-Al2-AuAu-O-CH4-1 -> MOR-Al2-AuAu-O-CH3-AgAu-1-mod-CH3 (substrate=zeolite)

[56/9762] reaction_id=56: MOR-Al2-AuCo-O-CH4-1 -> MOR-Al2-AuCo-O-CH3-AgAu-1-mod-CH3 (substrate=zeolite)

[57/9762] reaction_id=57: MOR-Al2-AuCuO2H-CH4 -> MOR-Al2-AuCuO2H-CH3 (substrate=zeolite)

[58/9762] reaction_id=58: MOR-Al2-AuCu-O-CH4-1 -> MOR-Al2-AuCu-O-CH3-AgAu-1-mod-CH3 (substrate=zeolite)

[59/9762] reaction_id=59: MOR-Al2-AuFe-O-CH4-1 -> MOR-Al2-AuFe-O-CH3-AgAu-1-mod-CH3 (substrate=zeolite)

[60/9762] reaction_id=60: MOR-Al2-AuIr-O-CH4-1 -> MOR-Al2-AuIr-O-CH3-AgAu-1-mod-CH3 (substrate=zeolite)

[61/9762] reaction_id=61: MOR-Al2-AuNi-O2-CH4-1 -> MOR-Al2-AuNi-O2-CH3 (substrate=zeolite)

[62/9762] reaction_id=62: MOR-Al2-AuNiO2H-CH4 -> MOR-Al2-AuNiO2H-CH3 (substrate=zeolite)

[63/9762] reaction_id=63: MOR-Al2-AuPd-O2-CH4-1 -> MOR-Al2-AuPd-O2-CH3 (substrate=zeolite)

[64/9762] reaction_id=64: MOR-Al2-AuPdO2H-CH4 -> MOR-Al2-AuPdO2H-CH3 (substrate=zeolite)

[65/9762] reaction_id=65: MOR-Al2-AuPd-O-CH4-1 -> MOR-Al2-AuPd-O-CH3-AgAu-1-mod-CH3 (substrate=zeolite)

[66/9762] reaction_id=66: MOR-Al2-AuPt-O-CH4-1 -> MOR-Al2-AuPt-O-CH3-AgAu-1-mod-CH3 (substrate=zeolite)

[67/9762] reaction_id=67: MOR-Al2-AuRh-O2-CH4-1 -> MOR-Al2-AuRh-O2-CH3 (substrate=zeolite)

[68/9762] reaction_id=68: MOR-Al2-AuRhO2H-CH4 -> MOR-Al2-AuRhO2H-CH3 (substrate=zeolite)

[69/9762] reaction_id=69: MOR-Al2-CoAg-O2-CH4-1 -> MOR-Al2-CoAg-O2-CH3 (substrate=zeolite)

[70/9762] reaction_id=70: MOR-Al2-CoAgO2H-CH4 -> MOR-Al2-CoAgO2H-CH3 (substrate=zeolite)

[71/9762] reaction_id=71: MOR-Al2-CoAg-O-CH4-1 -> MOR-Al2-CoAg-O-CH3-AgAu-1-mod-CH3 (substrate=zeolite)

[72/9762] reaction_id=72: MOR-Al2-CoAu-O2-CH4-1 -> MOR-Al2-CoAu-O2-CH3 (substrate=zeolite)

[73/9762] reaction_id=73: MOR-Al2-CoAuO2H-CH4 -> MOR-Al2-CoAuO2H-CH3 (substrate=zeolite)

[74/9762] reaction_id=74: MOR-Al2-CoAu-O-CH4-1 -> MOR-Al2-CoAu-O-CH3-AgAu-1-mod-CH3 (substrate=zeolite)

[75/9762] reaction_id=75: MOR-Al2-CoCo-O2-CH4-1 -> MOR-Al2-CoCo-O2-CH3 (substrate=zeolite)

[76/9762] reaction_id=76: MOR-Al2-CoCoO2H-CH4 -> MOR-Al2-CoCoO2H-CH3 (substrate=zeolite)

[77/9762] reaction_id=77: MOR-Al2-CoCo-O-CH4-1 -> MOR-Al2-CoCo-O-CH3-AgAu-1-mod-CH3 (substrate=zeolite)

[78/9762] reaction_id=78: MOR-Al2-CoCu-O2-CH4-1 -> MOR-Al2-CoCu-O2-CH3 (substrate=zeolite)

[79/9762] reaction_id=79: MOR-Al2-CoCuO2H-CH4 -> MOR-Al2-CoCuO2H-CH3 (substrate=zeolite)

[80/9762] reaction_id=80: MOR-Al2-CoCu-O-CH4-1 -> MOR-Al2-CoCu-O-CH3-AgAu-1-mod-CH3 (substrate=zeolite)

[81/9762] reaction_id=81: MOR-Al2-CoFe-O2-CH4-1 -> MOR-Al2-CoFe-O2-CH3 (substrate=zeolite)

[82/9762] reaction_id=82: MOR-Al2-CoFe-O-CH4-1 -> MOR-Al2-CoFe-O-CH3-AgAu-1-mod-CH3 (substrate=zeolite)

[83/9762] reaction_id=83: MOR-Al2-CoIr-O2-CH4-1 -> MOR-Al2-CoIr-O2-CH3 (substrate=zeolite)

[84/9762] reaction_id=84: MOR-Al2-CoIrO2H-CH4 -> MOR-Al2-CoIrO2H-CH3 (substrate=zeolite)

[85/9762] reaction_id=85: MOR-Al2-CoNiO2H-CH4 -> MOR-Al2-CoNiO2H-CH3 (substrate=zeolite)

[86/9762] reaction_id=86: MOR-Al2-Co-OH-CH4-ZH-3 -> MOR-Al2-Co-OH-CH3-ZH (substrate=zeolite)

[87/9762] reaction_id=87: MOR-Al2-CoOs-O-CH4-1 -> MOR-Al2-CoOs-O-CH3-AgAu-1-mod-CH3 (substrate=zeolite)

[88/9762] reaction_id=88: MOR-Al2-CoPd-O2-CH4-1 -> MOR-Al2-CoPd-O2-CH3 (substrate=zeolite)

[89/9762] reaction_id=89: MOR-Al2-CoPdO2H-CH4 -> MOR-Al2-CoPdO2H-CH3 (substrate=zeolite)

[90/9762] reaction_id=90: MOR-Al2-CoPd-O-CH4-1 -> MOR-Al2-CoPd-O-CH3-AgAu-1-mod-CH3 (substrate=zeolite)

[91/9762] reaction_id=91: MOR-Al2-CoPtO2H-CH4 -> MOR-Al2-CoPtO2H-CH3 (substrate=zeolite)

[92/9762] reaction_id=92: MOR-Al2-CoRh-O2-CH4-1 -> MOR-Al2-CoRh-O2-CH3 (substrate=zeolite)

[93/9762] reaction_id=93: MOR-Al2-CoRu-O2-CH4-1 -> MOR-Al2-CoRu-O2-CH3 (substrate=zeolite)

[94/9762] reaction_id=94: MOR-Al2-CoRuO2H-CH4 -> MOR-Al2-CoRuO2H-CH3 (substrate=zeolite)

[95/9762] reaction_id=95: MOR-Al2-CrCr-O2-CH4-1 -> MOR-Al2-CrCr-O2-CH3 (substrate=zeolite)

[96/9762] reaction_id=96: MOR-Al2-CrCrO2H-CH4 -> MOR-Al2-CrCrO2H-CH3 (substrate=zeolite)

[97/9762] reaction_id=97: MOR-Al2-CrCr-O-CH4-1 -> MOR-Al2-CrCr-O-CH3-AgAu-1-mod-CH3 (substrate=zeolite)

[98/9762] reaction_id=98: MOR-Al2-CrNb-O2-CH4-1 -> MOR-Al2-CrNb-O2-CH3 (substrate=zeolite)

[99/9762] reaction_id=99: MOR-Al2-Cr-OH-CH4-ZH-3 -> MOR-Al2-Cr-OH-CH3-ZH (substrate=zeolite)

[100/9762] reaction_id=100: MOR-Al2-CuCu-O2-CH4-1 -> MOR-Al2-CuCu-O2-CH3 (substrate=zeolite)

[101/9762] reaction_id=101: MOR-Al2-CuCuO2H-CH4 -> MOR-Al2-CuCuO2H-CH3 (substrate=zeolite)

[102/9762] reaction_id=102: MOR-Al2-CuCu-O-CH4-1 -> MOR-Al2-CuCu-O-CH3-AgAu-1-mod-CH3 (substrate=zeolite)

[103/9762] reaction_id=103: MOR-Al2-Cu-OH-CH4-ZH-3 -> MOR-Al2-Cu-OH-CH3-ZH (substrate=zeolite)

[104/9762] reaction_id=104: MOR-Al2-FeFe-O2-CH4-1 -> MOR-Al2-FeFe-O2-CH3 (substrate=zeolite)

[105/9762] reaction_id=105: MOR-Al2-FeFeO2H-CH4 -> MOR-Al2-FeFeO2H-CH3 (substrate=zeolite)

[106/9762] reaction_id=106: MOR-Al2-FeFe-O-CH4-1 -> MOR-Al2-FeFe-O-CH3-AgAu-1-mod-CH3 (substrate=zeolite)

[107/9762] reaction_id=107: MOR-Al2-Fe-OH-CH4-ZH-4 -> MOR-Al2-Fe-OH-CH3-ZH (substrate=zeolite)

[108/9762] reaction_id=108: MOR-Al2-IrIr-O2-CH4-1 -> MOR-Al2-IrIr-O2-CH3 (substrate=zeolite)

[109/9762] reaction_id=109: MOR-Al2-IrIrO2H-CH4 -> MOR-Al2-IrIrO2H-CH3 (substrate=zeolite)

[110/9762] reaction_id=110: MOR-Al2-IrIr-O-CH4-1 -> MOR-Al2-IrIr-O-CH3-AgAu-1-mod-CH3 (substrate=zeolite)

[111/9762] reaction_id=111: MOR-Al2-Ir-OH-CH4-ZH-3 -> MOR-Al2-Ir-OH-CH3-ZH (substrate=zeolite)

[112/9762] reaction_id=112: MOR-Al2-MoMo-O2-CH4-1 -> MOR-Al2-MoMo-O2-CH3 (substrate=zeolite)

[113/9762] reaction_id=113: MOR-Al2-MoMo-O-CH4-1 -> MOR-Al2-MoMo-O-CH3-AgAu-1-mod-CH3 (substrate=zeolite)

[114/9762] reaction_id=114: MOR-Al2-NbCr-O2-CH4-1 -> MOR-Al2-NbCr-O2-CH3 (substrate=zeolite)

[115/9762] reaction_id=115: MOR-Al2-Nb-OH-CH4-ZH-3 -> MOR-Al2-Nb-OH-CH3-ZH (substrate=zeolite)

[116/9762] reaction_id=116: MOR-Al2-NiNi-O2-CH4-1 -> MOR-Al2-NiNi-O2-CH3 (substrate=zeolite)

[117/9762] reaction_id=117: MOR-Al2-NiNiO2H-CH4 -> MOR-Al2-NiNiO2H-CH3 (substrate=zeolite)

[118/9762] reaction_id=118: MOR-Al2-NiNi-O-CH4-1 -> MOR-Al2-NiNi-O-CH3-AgAu-1-mod-CH3 (substrate=zeolite)

[119/9762] reaction_id=119: MOR-Al2-Ni-OH-CH4-ZH-07-opt -> MOR-Al2-Ni-OH-CH3-ZH (substrate=zeolite)

[120/9762] reaction_id=120: MOR-Al2-Os-OH-CH4-ZH-4-08-opt-0616-1-0203-01-opt -> MOR-Al2-Os-OH-CH3-ZH (substrate=zeolite)

[121/9762] reaction_id=121: MOR-Al2-OsOs-O2-CH4-1 -> MOR-Al2-OsOs-O2-CH3 (substrate=zeolite)

[122/9762] reaction_id=122: MOR-Al2-OsOsO2H-CH4 -> MOR-Al2-OsOsO2H-CH3 (substrate=zeolite)

[123/9762] reaction_id=123: MOR-Al2-OsOs-O-CH4-1 -> MOR-Al2-OsOs-O-CH3-AgAu-1-mod-CH3 (substrate=zeolite)

[124/9762] reaction_id=124: MOR-Al2-Pd-OH-CH4-ZH-3 -> MOR-Al2-Pd-OH-CH3-ZH (substrate=zeolite)

[125/9762] reaction_id=125: MOR-Al2-PdPd-O2-CH4-1 -> MOR-Al2-PdPd-O2-CH3 (substrate=zeolite)

[126/9762] reaction_id=126: MOR-Al2-PdPdO2H-CH4 -> MOR-Al2-PdPdO2H-CH3 (substrate=zeolite)

[127/9762] reaction_id=127: MOR-Al2-PdPd-O-CH4-1 -> MOR-Al2-PdPd-O-CH3-AgAu-1-mod-CH3 (substrate=zeolite)

[128/9762] reaction_id=128: MOR-Al2-Pt-OH-CH4-ZH-3 -> MOR-Al2-Pt-OH-CH3-ZH (substrate=zeolite)

[129/9762] reaction_id=129: MOR-Al2-PtPt-O2-CH4-1 -> MOR-Al2-PtPt-O2-CH3 (substrate=zeolite)

[130/9762] reaction_id=130: MOR-Al2-PtPtO2H-CH4 -> MOR-Al2-PtPtO2H-CH3 (substrate=zeolite)

[131/9762] reaction_id=131: MOR-Al2-PtPt-O-CH4-1 -> MOR-Al2-PtPt-O-CH3-AgAu-1-mod-CH3 (substrate=zeolite)

[132/9762] reaction_id=132: MOR-Al2-Rh-OH-CH4-ZH-3 -> MOR-Al2-Rh-OH-CH3-ZH (substrate=zeolite)

[133/9762] reaction_id=133: MOR-Al2-RhRh-O2-CH4-1 -> MOR-Al2-RhRh-O2-CH3 (substrate=zeolite)

[134/9762] reaction_id=134: MOR-Al2-RhRhO2H-CH4 -> MOR-Al2-RhRhO2H-CH3 (substrate=zeolite)

[135/9762] reaction_id=135: MOR-Al2-RhRh-O-CH4-1 -> MOR-Al2-RhRh-O-CH3-AgAu-1-mod-CH3 (substrate=zeolite)

[136/9762] reaction_id=136: MOR-Al2-Ru-OH-CH4-ZH-3 -> MOR-Al2-Ru-OH-CH3-ZH (substrate=zeolite)

[137/9762] reaction_id=137: MOR-Al2-RuRu-O2-CH4-1 -> MOR-Al2-RuRu-O2-CH3 (substrate=zeolite)

[138/9762] reaction_id=138: MOR-Al2-RuRuO2H-CH4 -> MOR-Al2-RuRuO2H-CH3 (substrate=zeolite)

[139/9762] reaction_id=139: MOR-Al2-RuRu-O-CH4-1 -> MOR-Al2-RuRu-O-CH3-AgAu-1-mod-CH3 (substrate=zeolite)

[140/9762] reaction_id=140: MOR-Al2-Sc-OH-CH4-ZH-3 -> MOR-Al2-Sc-OH-CH3-ZH (substrate=zeolite)

[141/9762] reaction_id=141: MOR-Al2-V-OH-CH4-ZH-3 -> MOR-Al2-V-OH-CH3-ZH (substrate=zeolite)

[142/9762] reaction_id=142: MOR-Al2-VV-O2-CH4-1 -> MOR-Al2-VV-O2-CH3 (substrate=zeolite)

[143/9762] reaction_id=143: MOR-Al2-VVO2H-CH4 -> MOR-Al2-VVO2H-CH3 (substrate=zeolite)

[144/9762] reaction_id=144: MOR-Al2-VV-O-CH4-1 -> MOR-Al2-VV-O-CH3-AgAu-1-mod-CH3 (substrate=zeolite)

[145/9762] reaction_id=145: MOR-Al2-Y-OH-CH4-ZH-3 -> MOR-Al2-Y-OH-CH3-ZH (substrate=zeolite)

[146/9762] reaction_id=146: MOR-Al1-Ag-OH-CH3 -> MOR-Al1-Ag-CH3OH (substrate=zeolite)

[147/9762] reaction_id=147: MOR-Al1-Ag-OOH-CH3-04-opt-2-quxupin-02-opt -> MOR-Al1-Ag-O-CH3OH-2 (substrate=zeolite)

[148/9762] reaction_id=148: MOR-Al1-Au-OH-CH3 -> MOR-Al1-Au-CH3OH (substrate=zeolite)

[149/9762] reaction_id=149: MOR-Al1-Co-OH-CH3 -> MOR-Al1-Co-CH3OH (substrate=zeolite)

[150/9762] reaction_id=150: MOR-Al1-Co-OOH-CH3-04-opt -> MOR-Al1-Co-O-CH3OH (substrate=zeolite)

[151/9762] reaction_id=151: MOR-Al1-Cr-OH-CH3 -> MOR-Al1-Cr-CH3OH (substrate=zeolite)

[152/9762] reaction_id=152: MOR-Al1-Cr-OOH-CH3-04-opt -> MOR-Al1-Cr-O-CH3OH (substrate=zeolite)

[153/9762] reaction_id=153: MOR-Al1-Cu-OH-CH3 -> MOR-Al1-Cu-CH3OH (substrate=zeolite)

[154/9762] reaction_id=154: MOR-Al1-Cu-OOH-CH3-5 -> MOR-Al1-Cu-O-CH3OH-1 (substrate=zeolite)

[155/9762] reaction_id=155: MOR-Al1-Fe-OH-CH3 -> MOR-Al1-Fe-CH3OH (substrate=zeolite)

[156/9762] reaction_id=156: MOR-Al1-Fe-OOH-CH3-1 -> MOR-Al1-Fe-O-CH3OH-2 (substrate=zeolite)

[157/9762] reaction_id=157: MOR-Al1-Ir-OH-CH3 -> MOR-Al1-Ir-CH3OH (substrate=zeolite)

[158/9762] reaction_id=158: MOR-Al1-Ir-OOH-CH3-1 -> MOR-Al1-Ir-O-CH3OH (substrate=zeolite)

[159/9762] reaction_id=159: MOR-Al1-Mo-OH-CH3 -> MOR-Al1-Mo-CH3OH (substrate=zeolite)

[160/9762] reaction_id=160: MOR-Al1-Mo-OOH-CH3-1 -> MOR-Al1-Mo-O-CH3OH-2 (substrate=zeolite)

[161/9762] reaction_id=161: MOR-Al1-Nb-OH-CH3 -> MOR-Al1-Nb-CH3OH (substrate=zeolite)

[162/9762] reaction_id=162: MOR-Al1-Nb-OOH-CH3-04-opt -> MOR-Al1-Nb-O-CH3OH-1 (substrate=zeolite)

[163/9762] reaction_id=163: MOR-Al1-Ni-OH-CH3 -> MOR-Al1-Ni-CH3OH (substrate=zeolite)

[164/9762] reaction_id=164: MOR-Al1-Ni-OOH-CH3-2 -> MOR-Al1-Ni-O-CH3OH-2 (substrate=zeolite)

[165/9762] reaction_id=165: MOR-Al1-Os-OH-CH3 -> MOR-Al1-Os-CH3OH (substrate=zeolite)

[166/9762] reaction_id=166: MOR-Al1-Os-OOH-CH3-04-opt-1 -> MOR-Al1-Os-O-CH3OH (substrate=zeolite)

[167/9762] reaction_id=167: MOR-Al1-Pd-OH-CH3 -> MOR-Al1-Pd-CH3OH (substrate=zeolite)

[168/9762] reaction_id=168: MOR-Al1-Pd-OOH-CH3-1 -> MOR-Al1-Pd-O-CH3OH (substrate=zeolite)

[169/9762] reaction_id=169: MOR-Al1-Pt-OH-CH3 -> MOR-Al1-Pt-CH3OH (substrate=zeolite)

[170/9762] reaction_id=170: MOR-Al1-Pt-OOH-CH3-1 -> MOR-Al1-Pt-O-CH3OH-1 (substrate=zeolite)

[171/9762] reaction_id=171: MOR-Al1-Rh-OH-CH3 -> MOR-Al1-Rh-CH3OH (substrate=zeolite)

[172/9762] reaction_id=172: MOR-Al1-Rh-OOH-CH3-fan-0306-04-opt -> MOR-Al1-Rh-O-CH3OH (substrate=zeolite)

[173/9762] reaction_id=173: MOR-Al1-Ru-OH-CH3 -> MOR-Al1-Ru-CH3OH (substrate=zeolite)

[174/9762] reaction_id=174: MOR-Al1-Ru-OOH-CH3-04-opt -> MOR-Al1-Ru-O-CH3OH (substrate=zeolite)

[175/9762] reaction_id=175: MOR-Al1-Sc-OH-CH3 -> MOR-Al1-Sc-CH3OH (substrate=zeolite)

[176/9762] reaction_id=176: MOR-Al1-V-OH-CH3 -> MOR-Al1-V-CH3OH-1 (substrate=zeolite)

[177/9762] reaction_id=177: MOR-Al1-V-OOH-CH3-04-opt -> MOR-Al1-V-O-CH3OH (substrate=zeolite)

[178/9762] reaction_id=178: MOR-Al1-Y-OH-CH3 -> MOR-Al1-Y-CH3OH-3 (substrate=zeolite)

[179/9762] reaction_id=179: MOR-Al2-AgAg-O2-CH3 -> MOR-Al2-AgAg-O2-CH3OH (substrate=zeolite)

[180/9762] reaction_id=180: MOR-Al2-AgAgO2H-CH3 -> MOR-Al2-AgAgO2H-CH3OH (substrate=zeolite)

[181/9762] reaction_id=181: MOR-Al2-AgAg-O-CH3-AgAu-1-mod-CH3 -> MOR-Al2-AgAg-O-CH3OH (substrate=zeolite)

[182/9762] reaction_id=182: MOR-Al2-AgAu-O2-CH3 -> MOR-Al2-AgAu-O2-CH3OH (substrate=zeolite)

[183/9762] reaction_id=183: MOR-Al2-AgAuO2H-CH3 -> MOR-Al2-AgAuO2H-CH3OH (substrate=zeolite)

[184/9762] reaction_id=184: MOR-Al2-AgAu-O-CH3-AgAu-1-mod-CH3 -> MOR-Al2-AgAu-O-CH3OH (substrate=zeolite)

[185/9762] reaction_id=185: MOR-Al2-AgCo-O2-CH3 -> MOR-Al2-AgCo-O2-CH3OH (substrate=zeolite)

[186/9762] reaction_id=186: MOR-Al2-AgCoO2H-CH3 -> MOR-Al2-AgCoO2H-CH3OH (substrate=zeolite)

[187/9762] reaction_id=187: MOR-Al2-AgCo-O-CH3-AgAu-1-mod-CH3 -> MOR-Al2-AgCo-O-CH3OH (substrate=zeolite)

[188/9762] reaction_id=188: MOR-Al2-AgFe-O2-CH3 -> MOR-Al2-AgFe-O2-CH3OH (substrate=zeolite)

[189/9762] reaction_id=189: MOR-Al2-AgFeO2H-CH3 -> MOR-Al2-AgFeO2H-CH3OH (substrate=zeolite)

[190/9762] reaction_id=190: MOR-Al2-AgFe-O-CH3-AgAu-1-mod-CH3 -> MOR-Al2-AgFe-O-CH3OH (substrate=zeolite)

[191/9762] reaction_id=191: MOR-Al2-AgIr-O2-CH3 -> MOR-Al2-AgIr-O2-CH3OH (substrate=zeolite)

[192/9762] reaction_id=192: MOR-Al2-AgIrO2H-CH3 -> MOR-Al2-AgIrO2H-CH3OH (substrate=zeolite)

[193/9762] reaction_id=193: MOR-Al2-AgIr-O-CH3-AgAu-1-mod-CH3 -> MOR-Al2-AgIr-O-CH3OH (substrate=zeolite)

[194/9762] reaction_id=194: MOR-Al2-AgNi-O2-CH3 -> MOR-Al2-AgNi-O2-CH3OH (substrate=zeolite)

[195/9762] reaction_id=195: MOR-Al2-AgNiO2H-CH3 -> MOR-Al2-AgNiO2H-CH3OH (substrate=zeolite)

[196/9762] reaction_id=196: MOR-Al2-AgNi-O-CH3-AgAu-1-mod-CH3 -> MOR-Al2-AgNi-O-CH3OH (substrate=zeolite)

[197/9762] reaction_id=197: MOR-Al2-Ag-OH-CH3-ZH -> MOR-Al2-Ag-CH3OH-ZH (substrate=zeolite)

[198/9762] reaction_id=198: MOR-Al2-AgOs-O2-CH3 -> MOR-Al2-AgOs-O2-CH3OH (substrate=zeolite)

[199/9762] reaction_id=199: MOR-Al2-AgOs-O-CH3-AgAu-1-mod-CH3 -> MOR-Al2-AgOs-O-CH3OH (substrate=zeolite)

[200/9762] reaction_id=200: MOR-Al2-AgPt-O2-CH3 -> MOR-Al2-AgPt-O2-CH3OH (substrate=zeolite)

[201/9762] reaction_id=201: MOR-Al2-AgPtO2H-CH3 -> MOR-Al2-AgPtO2H-CH3OH (substrate=zeolite)

[202/9762] reaction_id=202: MOR-Al2-AgRh-O2-CH3 -> MOR-Al2-AgRh-O2-CH3OH (substrate=zeolite)

[203/9762] reaction_id=203: MOR-Al2-AgRh-O-CH3-AgAu-1-mod-CH3 -> MOR-Al2-AgRh-O-CH3OH (substrate=zeolite)

[204/9762] reaction_id=204: MOR-Al2-AgRu-O-CH3-AgAu-1-mod-CH3 -> MOR-Al2-AgRu-O-CH3OH (substrate=zeolite)

[205/9762] reaction_id=205: MOR-Al2-AuAg-O2-CH3 -> MOR-Al2-AuAg-O2-CH3OH (substrate=zeolite)

[206/9762] reaction_id=206: MOR-Al2-AuAgO2H-CH3 -> MOR-Al2-AuAgO2H-CH3OH (substrate=zeolite)

[207/9762] reaction_id=207: MOR-Al2-AuAg-O-CH3-AgAu-1-mod-CH3 -> MOR-Al2-AuAg-O-CH3OH (substrate=zeolite)

[208/9762] reaction_id=208: MOR-Al2-AuAuO2H-CH3 -> MOR-Al2-AuAuO2H-CH3OH (substrate=zeolite)

[209/9762] reaction_id=209: MOR-Al2-AuAu-O-CH3-AgAu-1-mod-CH3 -> MOR-Al2-AuAu-O-CH3OH (substrate=zeolite)

[210/9762] reaction_id=210: MOR-Al2-AuCo-O2-CH3 -> MOR-Al2-AuCo-O2-CH3OH (substrate=zeolite)

[211/9762] reaction_id=211: MOR-Al2-AuCoO2H-CH3 -> MOR-Al2-AuCoO2H-CH3OH (substrate=zeolite)

[212/9762] reaction_id=212: MOR-Al2-AuCu-O2-CH3 -> MOR-Al2-AuCu-O2-CH3OH (substrate=zeolite)

[213/9762] reaction_id=213: MOR-Al2-AuCuO2H-CH3 -> MOR-Al2-AuCuO2H-CH3OH (substrate=zeolite)

[214/9762] reaction_id=214: MOR-Al2-AuCu-O-CH3-AgAu-1-mod-CH3 -> MOR-Al2-AuCu-O-CH3OH (substrate=zeolite)

[215/9762] reaction_id=215: MOR-Al2-AuFeO2H-CH3 -> MOR-Al2-AuFeO2H-CH3OH (substrate=zeolite)

[216/9762] reaction_id=216: MOR-Al2-AuIr-O2-CH3 -> MOR-Al2-AuIr-O2-CH3OH (substrate=zeolite)

[217/9762] reaction_id=217: MOR-Al2-AuIrO2H-CH3 -> MOR-Al2-AuIrO2H-CH3OH (substrate=zeolite)

[218/9762] reaction_id=218: MOR-Al2-AuNi-O2-CH3 -> MOR-Al2-AuNi-O2-CH3OH (substrate=zeolite)

[219/9762] reaction_id=219: MOR-Al2-AuNi-O-CH3-AgAu-1-mod-CH3 -> MOR-Al2-AuNi-O-CH3OH (substrate=zeolite)

[220/9762] reaction_id=220: MOR-Al2-Au-OH-CH3-ZH -> MOR-Al2-Au-CH3OH-ZH (substrate=zeolite)

[221/9762] reaction_id=221: MOR-Al2-AuPd-O2-CH3 -> MOR-Al2-AuPd-O2-CH3OH (substrate=zeolite)

[222/9762] reaction_id=222: MOR-Al2-AuPd-O-CH3-AgAu-1-mod-CH3 -> MOR-Al2-AuPd-O-CH3OH (substrate=zeolite)

[223/9762] reaction_id=223: MOR-Al2-AuPt-O2-CH3 -> MOR-Al2-AuPt-O2-CH3OH (substrate=zeolite)

[224/9762] reaction_id=224: MOR-Al2-AuPt-O-CH3-AgAu-1-mod-CH3 -> MOR-Al2-AuPt-O-CH3OH (substrate=zeolite)

[225/9762] reaction_id=225: MOR-Al2-AuRh-O2-CH3 -> MOR-Al2-AuRh-O2-CH3OH (substrate=zeolite)

[226/9762] reaction_id=226: MOR-Al2-AuRhO2H-CH3 -> MOR-Al2-AuRhO2H-CH3OH (substrate=zeolite)

[227/9762] reaction_id=227: MOR-Al2-AuRh-O-CH3-AgAu-1-mod-CH3 -> MOR-Al2-AuRh-O-CH3OH (substrate=zeolite)

[228/9762] reaction_id=228: MOR-Al2-AuRuO2H-CH3 -> MOR-Al2-AuRuO2H-CH3OH (substrate=zeolite)

[229/9762] reaction_id=229: MOR-Al2-AuRu-O-CH3-AgAu-1-mod-CH3 -> MOR-Al2-AuRu-O-CH3OH (substrate=zeolite)

[230/9762] reaction_id=230: MOR-Al2-CoAg-O2-CH3 -> MOR-Al2-CoAg-O2-CH3OH (substrate=zeolite)

[231/9762] reaction_id=231: MOR-Al2-CoAgO2H-CH3 -> MOR-Al2-CoAgO2H-CH3OH (substrate=zeolite)

[232/9762] reaction_id=232: MOR-Al2-CoAu-O2-CH3 -> MOR-Al2-CoAu-O2-CH3OH (substrate=zeolite)

[233/9762] reaction_id=233: MOR-Al2-CoAuO2H-CH3 -> MOR-Al2-CoAuO2H-CH3OH (substrate=zeolite)

[234/9762] reaction_id=234: MOR-Al2-CoCo-O2-CH3 -> MOR-Al2-CoCo-O2-CH3OH (substrate=zeolite)

[235/9762] reaction_id=235: MOR-Al2-CoCoO2H-CH3 -> MOR-Al2-CoCoO2H-CH3OH (substrate=zeolite)

[236/9762] reaction_id=236: MOR-Al2-CoCo-O-CH3-AgAu-1-mod-CH3 -> MOR-Al2-CoCo-O-CH3OH (substrate=zeolite)

[237/9762] reaction_id=237: MOR-Al2-CoCu-O2-CH3 -> MOR-Al2-CoCu-O2-CH3OH (substrate=zeolite)

[238/9762] reaction_id=238: MOR-Al2-CoCuO2H-CH3 -> MOR-Al2-CoCuO2H-CH3OH (substrate=zeolite)

[239/9762] reaction_id=239: MOR-Al2-CoFe-O2-CH3 -> MOR-Al2-CoFe-O2-CH3OH (substrate=zeolite)

[240/9762] reaction_id=240: MOR-Al2-CoFeO2H-CH3 -> MOR-Al2-CoFeO2H-CH3OH (substrate=zeolite)

[241/9762] reaction_id=241: MOR-Al2-CoIrO2H-CH3 -> MOR-Al2-CoIrO2H-CH3OH (substrate=zeolite)

[242/9762] reaction_id=242: MOR-Al2-CoNi-O2-CH3 -> MOR-Al2-CoNi-O2-CH3OH (substrate=zeolite)

[243/9762] reaction_id=243: MOR-Al2-CoNiO2H-CH3 -> MOR-Al2-CoNiO2H-CH3OH (substrate=zeolite)

[244/9762] reaction_id=244: MOR-Al2-CoNi-O-CH3-AgAu-1-mod-CH3 -> MOR-Al2-CoNi-O-CH3OH (substrate=zeolite)

[245/9762] reaction_id=245: MOR-Al2-Co-OH-CH3-ZH -> MOR-Al2-Co-CH3OH-ZH (substrate=zeolite)

[246/9762] reaction_id=246: MOR-Al2-CoOsO2H-CH3 -> MOR-Al2-CoOsO2H-CH3OH (substrate=zeolite)

[247/9762] reaction_id=247: MOR-Al2-CoOs-O-CH3-AgAu-1-mod-CH3 -> MOR-Al2-CoOs-O-CH3OH (substrate=zeolite)

[248/9762] reaction_id=248: MOR-Al2-CoPd-O2-CH3 -> MOR-Al2-CoPd-O2-CH3OH (substrate=zeolite)

[249/9762] reaction_id=249: MOR-Al2-CoPdO2H-CH3 -> MOR-Al2-CoPdO2H-CH3OH (substrate=zeolite)

[250/9762] reaction_id=250: MOR-Al2-CoPt-O2-CH3 -> MOR-Al2-CoPt-O2-CH3OH (substrate=zeolite)

[251/9762] reaction_id=251: MOR-Al2-CoPtO2H-CH3 -> MOR-Al2-CoPtO2H-CH3OH (substrate=zeolite)

[252/9762] reaction_id=252: MOR-Al2-CoRh-O2-CH3 -> MOR-Al2-CoRh-O2-CH3OH (substrate=zeolite)

[253/9762] reaction_id=253: MOR-Al2-CoRhO2H-CH3 -> MOR-Al2-CoRhO2H-CH3OH (substrate=zeolite)

[254/9762] reaction_id=254: MOR-Al2-CoRh-O-CH3-AgAu-1-mod-CH3 -> MOR-Al2-CoRh-O-CH3OH (substrate=zeolite)

[255/9762] reaction_id=255: MOR-Al2-CoRu-O2-CH3 -> MOR-Al2-CoRu-O2-CH3OH (substrate=zeolite)

[256/9762] reaction_id=256: MOR-Al2-CoRuO2H-CH3 -> MOR-Al2-CoRuO2H-CH3OH (substrate=zeolite)

[257/9762] reaction_id=257: MOR-Al2-CrCr-O2-CH3 -> MOR-Al2-CrCr-O2-CH3OH (substrate=zeolite)

[258/9762] reaction_id=258: MOR-Al2-CrCr-O-CH3-AgAu-1-mod-CH3 -> MOR-Al2-CrCr-O-CH3OH (substrate=zeolite)

[259/9762] reaction_id=259: MOR-Al2-CrNb-O2-CH3 -> MOR-Al2-CrNb-O2-CH3OH (substrate=zeolite)

[260/9762] reaction_id=260: MOR-Al2-Cr-OH-CH3-ZH -> MOR-Al2-Cr-CH3OH-ZH (substrate=zeolite)

[261/9762] reaction_id=261: MOR-Al2-CuCu-O2-CH3 -> MOR-Al2-CuCu-O2-CH3OH (substrate=zeolite)

[262/9762] reaction_id=262: MOR-Al2-CuCuO2H-CH3 -> MOR-Al2-CuCuO2H-CH3OH (substrate=zeolite)

[263/9762] reaction_id=263: MOR-Al2-CuCu-O-CH3-AgAu-1-mod-CH3 -> MOR-Al2-CuCu-O-CH3OH (substrate=zeolite)

[264/9762] reaction_id=264: MOR-Al2-Cu-OH-CH3-ZH -> MOR-Al2-Cu-CH3OH-ZH (substrate=zeolite)

[265/9762] reaction_id=265: MOR-Al2-FeFe-O2-CH3 -> MOR-Al2-FeFe-O2-CH3OH (substrate=zeolite)

[266/9762] reaction_id=266: MOR-Al2-FeFeO2H-CH3 -> MOR-Al2-FeFeO2H-CH3OH (substrate=zeolite)

[267/9762] reaction_id=267: MOR-Al2-FeFe-O-CH3-AgAu-1-mod-CH3 -> MOR-Al2-FeFe-O-CH3OH (substrate=zeolite)

[268/9762] reaction_id=268: MOR-Al2-Fe-OH-CH3-ZH -> MOR-Al2-Fe-CH3OH-ZH (substrate=zeolite)

[269/9762] reaction_id=269: MOR-Al2-IrIr-O2-CH3 -> MOR-Al2-IrIr-O2-CH3OH (substrate=zeolite)

[270/9762] reaction_id=270: MOR-Al2-IrIrO2H-CH3 -> MOR-Al2-IrIrO2H-CH3OH (substrate=zeolite)

[271/9762] reaction_id=271: MOR-Al2-IrIr-O-CH3-AgAu-1-mod-CH3 -> MOR-Al2-IrIr-O-CH3OH (substrate=zeolite)

[272/9762] reaction_id=272: MOR-Al2-Ir-OH-CH3-ZH -> MOR-Al2-Ir-CH3OH-ZH (substrate=zeolite)

[273/9762] reaction_id=273: MOR-Al2-MoMo-O2-CH3 -> MOR-Al2-MoMo-O2-CH3OH (substrate=zeolite)

[274/9762] reaction_id=274: MOR-Al2-MoMoO2H-CH3 -> MOR-Al2-MoMoO2H-CH3OH (substrate=zeolite)

[275/9762] reaction_id=275: MOR-Al2-MoMo-O-CH3-AgAu-1-mod-CH3 -> MOR-Al2-MoMo-O-CH3OH (substrate=zeolite)

[276/9762] reaction_id=276: MOR-Al2-Mo-OH-CH3-ZH -> MOR-Al2-Mo-CH3OH-ZH (substrate=zeolite)

[277/9762] reaction_id=277: MOR-Al2-NbCr-O2-CH3 -> MOR-Al2-NbCr-O2-CH3OH (substrate=zeolite)

[278/9762] reaction_id=278: MOR-Al2-NbNb-O2-CH3 -> MOR-Al2-NbNb-O2-CH3OH (substrate=zeolite)

[279/9762] reaction_id=279: MOR-Al2-NbNbO2H-CH3 -> MOR-Al2-NbNbO2H-CH3OH (substrate=zeolite)

[280/9762] reaction_id=280: MOR-Al2-NbNb-O-CH3-AgAu-1-mod-CH3 -> MOR-Al2-NbNb-O-CH3OH (substrate=zeolite)

[281/9762] reaction_id=281: MOR-Al2-Nb-OH-CH3-ZH -> MOR-Al2-Nb-CH3OH-ZH (substrate=zeolite)

[282/9762] reaction_id=282: MOR-Al2-NiNiO2H-CH3 -> MOR-Al2-NiNiO2H-CH3OH (substrate=zeolite)

[283/9762] reaction_id=283: MOR-Al2-NiNi-O-CH3-AgAu-1-mod-CH3 -> MOR-Al2-NiNi-O-CH3OH (substrate=zeolite)

[284/9762] reaction_id=284: MOR-Al2-Ni-OH-CH3-ZH -> MOR-Al2-Ni-CH3OH-ZH (substrate=zeolite)

[285/9762] reaction_id=285: MOR-Al2-Os-OH-CH3-ZH -> MOR-Al2-Os-CH3OH-ZH (substrate=zeolite)

[286/9762] reaction_id=286: MOR-Al2-OsOs-O2-CH3 -> MOR-Al2-OsOs-O2-CH3OH (substrate=zeolite)

[287/9762] reaction_id=287: MOR-Al2-OsOsO2H-CH3 -> MOR-Al2-OsOsO2H-CH3OH (substrate=zeolite)

[288/9762] reaction_id=288: MOR-Al2-OsOs-O-CH3-AgAu-1-mod-CH3 -> MOR-Al2-OsOs-O-CH3OH (substrate=zeolite)

[289/9762] reaction_id=289: MOR-Al2-Pd-OH-CH3-ZH -> MOR-Al2-Pd-CH3OH-ZH (substrate=zeolite)

[290/9762] reaction_id=290: MOR-Al2-PdPd-O2-CH3 -> MOR-Al2-PdPd-O2-CH3OH (substrate=zeolite)

[291/9762] reaction_id=291: MOR-Al2-PdPdO2H-CH3 -> MOR-Al2-PdPdO2H-CH3OH (substrate=zeolite)

[292/9762] reaction_id=292: MOR-Al2-PdPd-O-CH3-AgAu-1-mod-CH3 -> MOR-Al2-PdPd-O-CH3OH (substrate=zeolite)

[293/9762] reaction_id=293: MOR-Al2-Pt-OH-CH3-ZH -> MOR-Al2-Pt-CH3OH-ZH (substrate=zeolite)

[294/9762] reaction_id=294: MOR-Al2-PtPtO2H-CH3 -> MOR-Al2-PtPtO2H-CH3OH (substrate=zeolite)

[295/9762] reaction_id=295: MOR-Al2-PtPt-O-CH3-AgAu-1-mod-CH3 -> MOR-Al2-PtPt-O-CH3OH (substrate=zeolite)

[296/9762] reaction_id=296: MOR-Al2-Rh-OH-CH3-ZH -> MOR-Al2-Rh-CH3OH-ZH (substrate=zeolite)

[297/9762] reaction_id=297: MOR-Al2-RhRh-O2-CH3 -> MOR-Al2-RhRh-O2-CH3OH (substrate=zeolite)

[298/9762] reaction_id=298: MOR-Al2-RhRhO2H-CH3 -> MOR-Al2-RhRhO2H-CH3OH (substrate=zeolite)

[299/9762] reaction_id=299: MOR-Al2-RhRh-O-CH3-AgAu-1-mod-CH3 -> MOR-Al2-RhRh-O-CH3OH (substrate=zeolite)

[300/9762] reaction_id=300: MOR-Al2-Ru-OH-CH3-ZH -> MOR-Al2-Ru-CH3OH-ZH (substrate=zeolite)

[301/9762] reaction_id=301: MOR-Al2-RuRu-O2-CH3 -> MOR-Al2-RuRu-O2-CH3OH (substrate=zeolite)

[302/9762] reaction_id=302: MOR-Al2-RuRuO2H-CH3 -> MOR-Al2-RuRuO2H-CH3OH (substrate=zeolite)

[303/9762] reaction_id=303: MOR-Al2-RuRu-O-CH3-AgAu-1-mod-CH3 -> MOR-Al2-RuRu-O-CH3OH (substrate=zeolite)

[304/9762] reaction_id=304: MOR-Al2-ScSc-O2-CH3 -> MOR-Al2-ScSc-O2-CH3OH (substrate=zeolite)

[305/9762] reaction_id=305: MOR-Al2-ScScO2H-CH3 -> MOR-Al2-ScScO2H-CH3OH (substrate=zeolite)

[306/9762] reaction_id=306: MOR-Al2-ScSc-O-CH3-AgAu-1-mod-CH3 -> MOR-Al2-ScSc-O-CH3OH (substrate=zeolite)

[307/9762] reaction_id=307: MOR-Al2-V-OH-CH3-ZH -> MOR-Al2-V-CH3OH-ZH (substrate=zeolite)

[308/9762] reaction_id=308: MOR-Al2-VV-O2-CH3 -> MOR-Al2-VV-O2-CH3OH (substrate=zeolite)

[309/9762] reaction_id=309: MOR-Al2-VVO2H-CH3 -> MOR-Al2-VVO2H-CH3OH (substrate=zeolite)

[310/9762] reaction_id=310: MOR-Al2-VV-O-CH3-AgAu-1-mod-CH3 -> MOR-Al2-VV-O-CH3OH (substrate=zeolite)

[311/9762] reaction_id=311: MOR-Al2-YY-O2-CH3 -> MOR-Al2-YY-O2-CH3OH (substrate=zeolite)

[312/9762] reaction_id=312: MOR-Al2-YYO2H-CH3 -> MOR-Al2-YYO2H-CH3OH (substrate=zeolite)

[313/9762] reaction_id=313: MOR-Al2-YY-O-CH3-AgAu-1-mod-CH3 -> MOR-Al2-YY-O-CH3OH (substrate=zeolite)

[314/9762] reaction_id=314: Ag2Y2-111-O2-CH4 -> Ag2Y2-111-O2-CH3 (substrate=alloy)

[315/9762] reaction_id=315: Ag3Bi-111-O1-CH4 -> Ag3Bi-111-O1-CH3 (substrate=alloy)

[316/9762] reaction_id=316: Ag3Pb-111-O2-CH4 -> Ag3Pb-111-O2-CH3 (substrate=alloy)

[317/9762] reaction_id=317: Ag3Tl-111-O1-CH4 -> Ag3Tl-111-O1-CH3 (substrate=alloy)

[318/9762] reaction_id=318: Ag3Y-111-O1-CH4 -> Ag3Y-111-O1-CH3 (substrate=alloy)

[319/9762] reaction_id=319: AgAl3-111-O2-CH4 -> AgAl3-111-O2-CH3 (substrate=alloy)

[320/9762] reaction_id=320: AgCd3-111-O1-CH4 -> AgCd3-111-O1-CH3 (substrate=alloy)

[321/9762] reaction_id=321: AgCo3-111-O2-CH4 -> AgCo3-111-O2-CH3 (substrate=alloy)

[322/9762] reaction_id=322: AgMo3-111-O2-CH4 -> AgMo3-111-O2-CH3 (substrate=alloy)

[323/9762] reaction_id=323: AgNb3-111-O2-CH4 -> AgNb3-111-O2-CH3 (substrate=alloy)

[324/9762] reaction_id=324: AgNi3-111-O2-CH4 -> AgNi3-111-O2-CH3 (substrate=alloy)

[325/9762] reaction_id=325: AgOs3-111-O1-CH4 -> AgOs3-111-O1-CH3 (substrate=alloy)

[326/9762] reaction_id=326: AgPd3-111-O1-CH4 -> AgPd3-111-O1-CH3 (substrate=alloy)

[327/9762] reaction_id=327: AgRe3-111-O2-CH4 -> AgRe3-111-O2-CH3 (substrate=alloy)

[328/9762] reaction_id=328: AgRh3-111-O2-CH4 -> AgRh3-111-O2-CH3 (substrate=alloy)

[329/9762] reaction_id=329: AgRu3-111-O2-CH4 -> AgRu3-111-O2-CH3 (substrate=alloy)

[330/9762] reaction_id=330: AgSn3-111-O1-CH4 -> AgSn3-111-O1-CH3 (substrate=alloy)

[331/9762] reaction_id=331: AgTa3-111-O2-CH4 -> AgTa3-111-O2-CH3 (substrate=alloy)

[332/9762] reaction_id=332: AgTc3-111-O2-CH4 -> AgTc3-111-O2-CH3 (substrate=alloy)

[333/9762] reaction_id=333: AgTi3-111-O2-CH4 -> AgTi3-111-O2-CH3 (substrate=alloy)

[334/9762] reaction_id=334: AgV3-111-O2-CH4 -> AgV3-111-O2-CH3 (substrate=alloy)

[335/9762] reaction_id=335: AgW3-111-O2-CH4 -> AgW3-111-O2-CH3 (substrate=alloy)

[336/9762] reaction_id=336: Al2Cd2-111-O1-CH4 -> Al2Cd2-111-O1-CH3 (substrate=alloy)

[337/9762] reaction_id=337: Al2Co2-111-O2-CH4 -> Al2Co2-111-O2-CH3 (substrate=alloy)

[338/9762] reaction_id=338: Al2Fe2-111-O2-CH4 -> Al2Fe2-111-O2-CH3 (substrate=alloy)

[339/9762] reaction_id=339: Al2Ga2-111-O1-CH4 -> Al2Ga2-111-O1-CH3 (substrate=alloy)

[340/9762] reaction_id=340: Al2Ir2-111-O2-CH4 -> Al2Ir2-111-O2-CH3 (substrate=alloy)

[341/9762] reaction_id=341: Al2Mn2-111-O2-CH4 -> Al2Mn2-111-O2-CH3 (substrate=alloy)

[342/9762] reaction_id=342: Al2Mo2-111-O1-CH4 -> Al2Mo2-111-O1-CH3 (substrate=alloy)

[343/9762] reaction_id=343: Al2Ni2-111-O2-CH4 -> Al2Ni2-111-O2-CH3 (substrate=alloy)

[344/9762] reaction_id=344: Al2Os2-111-O2-CH4 -> Al2Os2-111-O2-CH3 (substrate=alloy)

[345/9762] reaction_id=345: Al2Pd2-111-O2-CH4 -> Al2Pd2-111-O2-CH3 (substrate=alloy)

[346/9762] reaction_id=346: Al2Pt2-111-O2-CH4 -> Al2Pt2-111-O2-CH3 (substrate=alloy)

[347/9762] reaction_id=347: Al2Re2-111-O1-CH4 -> Al2Re2-111-O1-CH3 (substrate=alloy)

[348/9762] reaction_id=348: Al2Rh2-111-O1-CH4 -> Al2Rh2-111-O1-CH3 (substrate=alloy)

[349/9762] reaction_id=349: Al2Ru2-111-O2-CH4 -> Al2Ru2-111-O2-CH3 (substrate=alloy)

[350/9762] reaction_id=350: Al2Ta2-111-O2-CH4 -> Al2Ta2-111-O2-CH3 (substrate=alloy)

[351/9762] reaction_id=351: Al2Tc2-111-O1-CH4 -> Al2Tc2-111-O1-CH3 (substrate=alloy)

[352/9762] reaction_id=352: Al2V2-111-O2-CH4 -> Al2V2-111-O2-CH3 (substrate=alloy)

[353/9762] reaction_id=353: Al2W2-111-O2-CH4 -> Al2W2-111-O2-CH3 (substrate=alloy)

[354/9762] reaction_id=354: Al2Zn2-111-O2-CH4 -> Al2Zn2-111-O2-CH3 (substrate=alloy)

[355/9762] reaction_id=355: Al3Cd-111-O2-CH4 -> Al3Cd-111-O2-CH3 (substrate=alloy)

[356/9762] reaction_id=356: Al3Co-111-O2-CH4 -> Al3Co-111-O2-CH3 (substrate=alloy)

[357/9762] reaction_id=357: Al3Cr-111-O2-CH4 -> Al3Cr-111-O2-CH3 (substrate=alloy)

[358/9762] reaction_id=358: Al3Cu-111-O1-CH4 -> Al3Cu-111-O1-CH3 (substrate=alloy)

[359/9762] reaction_id=359: Al3Fe-111-O2-CH4 -> Al3Fe-111-O2-CH3 (substrate=alloy)

[360/9762] reaction_id=360: Al3Ga-111-O1-CH4 -> Al3Ga-111-O1-CH3 (substrate=alloy)

[361/9762] reaction_id=361: Al3Hf-111-O2-CH4 -> Al3Hf-111-O2-CH3 (substrate=alloy)

[362/9762] reaction_id=362: Al3Ir-111-O2-CH4 -> Al3Ir-111-O2-CH3 (substrate=alloy)

[363/9762] reaction_id=363: Al3Mn-111-O2-CH4 -> Al3Mn-111-O2-CH3 (substrate=alloy)

[364/9762] reaction_id=364: Al3Mo-111-O2-CH4 -> Al3Mo-111-O2-CH3 (substrate=alloy)

[365/9762] reaction_id=365: Al3Nb-111-O2-CH4 -> Al3Nb-111-O2-CH3 (substrate=alloy)

[366/9762] reaction_id=366: Al3Ni-111-O1-CH4 -> Al3Ni-111-O1-CH3 (substrate=alloy)

[367/9762] reaction_id=367: Al3Os-111-O1-CH4 -> Al3Os-111-O1-CH3 (substrate=alloy)

[368/9762] reaction_id=368: Al3Pd-111-O1-CH4 -> Al3Pd-111-O1-CH3 (substrate=alloy)

[369/9762] reaction_id=369: Al3Pt-111-O1-CH4 -> Al3Pt-111-O1-CH3 (substrate=alloy)

[370/9762] reaction_id=370: Al3Re-111-O2-CH4 -> Al3Re-111-O2-CH3 (substrate=alloy)

[371/9762] reaction_id=371: Al3Rh-111-O1-CH4 -> Al3Rh-111-O1-CH3 (substrate=alloy)

[372/9762] reaction_id=372: Al3Ru-111-O1-CH4 -> Al3Ru-111-O1-CH3 (substrate=alloy)

[373/9762] reaction_id=373: Al3Sc-111-O2-CH4 -> Al3Sc-111-O2-CH3 (substrate=alloy)

[374/9762] reaction_id=374: Al3Ta-111-O1-CH4 -> Al3Ta-111-O1-CH3 (substrate=alloy)

[375/9762] reaction_id=375: Al3Tc-111-O2-CH4 -> Al3Tc-111-O2-CH3 (substrate=alloy)

[376/9762] reaction_id=376: Al3Ti-111-O1-CH4 -> Al3Ti-111-O1-CH3 (substrate=alloy)

[377/9762] reaction_id=377: Al3V-111-O2-CH4 -> Al3V-111-O2-CH3 (substrate=alloy)

[378/9762] reaction_id=378: Al3W-111-O2-CH4 -> Al3W-111-O2-CH3 (substrate=alloy)

[379/9762] reaction_id=379: Al3Y-111-O2-CH4 -> Al3Y-111-O2-CH3 (substrate=alloy)

[380/9762] reaction_id=380: Al3Zn-111-O2-CH4 -> Al3Zn-111-O2-CH3 (substrate=alloy)

[381/9762] reaction_id=381: AlCo3-111-O1-CH4 -> AlCo3-111-O1-CH3 (substrate=alloy)

[382/9762] reaction_id=382: AlFe3-111-O1-CH4 -> AlFe3-111-O1-CH3 (substrate=alloy)

[383/9762] reaction_id=383: AlHf3-111-O1-CH4 -> AlHf3-111-O1-CH3 (substrate=alloy)

[384/9762] reaction_id=384: AlMo3-111-O1-CH4 -> AlMo3-111-O1-CH3 (substrate=alloy)

[385/9762] reaction_id=385: AlNb3-111-O1-CH4 -> AlNb3-111-O1-CH3 (substrate=alloy)

[386/9762] reaction_id=386: AlNi3-111-O1-CH4 -> AlNi3-111-O1-CH3 (substrate=alloy)

[387/9762] reaction_id=387: AlOs3-111-O1-CH4 -> AlOs3-111-O1-CH3 (substrate=alloy)

[388/9762] reaction_id=388: AlPd3-111-O1-CH4 -> AlPd3-111-O1-CH3 (substrate=alloy)

[389/9762] reaction_id=389: AlRe3-111-O1-CH4 -> AlRe3-111-O1-CH3 (substrate=alloy)

[390/9762] reaction_id=390: AlRh3-111-O1-CH4 -> AlRh3-111-O1-CH3 (substrate=alloy)

[391/9762] reaction_id=391: AlTa3-111-O2-CH4 -> AlTa3-111-O2-CH3 (substrate=alloy)

[392/9762] reaction_id=392: AlTc3-111-O1-CH4 -> AlTc3-111-O1-CH3 (substrate=alloy)

[393/9762] reaction_id=393: AlV3-111-O1-CH4 -> AlV3-111-O1-CH3 (substrate=alloy)

[394/9762] reaction_id=394: AlW3-111-O1-CH4 -> AlW3-111-O1-CH3 (substrate=alloy)

[395/9762] reaction_id=395: AlY3-111-O2-CH4 -> AlY3-111-O2-CH3 (substrate=alloy)

[396/9762] reaction_id=396: AlZn3-111-O1-CH4 -> AlZn3-111-O1-CH3 (substrate=alloy)

[397/9762] reaction_id=397: AlZr3-111-O1-CH4 -> AlZr3-111-O1-CH3 (substrate=alloy)

[398/9762] reaction_id=398: Au2Hf2-111-O2-CH4 -> Au2Hf2-111-O2-CH3 (substrate=alloy)

[399/9762] reaction_id=399: Au2In2-111-O2-CH4 -> Au2In2-111-O2-CH3 (substrate=alloy)

[400/9762] reaction_id=400: Au2Ir2-111-O2-CH4 -> Au2Ir2-111-O2-CH3 (substrate=alloy)

[401/9762] reaction_id=401: Au2Mo2-111-O2-CH4 -> Au2Mo2-111-O2-CH3 (substrate=alloy)

[402/9762] reaction_id=402: Au2Nb2-111-O2-CH4 -> Au2Nb2-111-O2-CH3 (substrate=alloy)

[403/9762] reaction_id=403: Au2Pd2-111-O2-CH4 -> Au2Pd2-111-O2-CH3 (substrate=alloy)

[404/9762] reaction_id=404: Au2Pt2-111-O1-CH4 -> Au2Pt2-111-O1-CH3 (substrate=alloy)

[405/9762] reaction_id=405: Au2Re2-111-O2-CH4 -> Au2Re2-111-O2-CH3 (substrate=alloy)

[406/9762] reaction_id=406: Au2Rh2-111-O2-CH4 -> Au2Rh2-111-O2-CH3 (substrate=alloy)

[407/9762] reaction_id=407: Au2Ru2-111-O2-CH4 -> Au2Ru2-111-O2-CH3 (substrate=alloy)

[408/9762] reaction_id=408: Au2Sc2-111-O1-CH4 -> Au2Sc2-111-O1-CH3 (substrate=alloy)

[409/9762] reaction_id=409: Au2Ta2-111-O2-CH4 -> Au2Ta2-111-O2-CH3 (substrate=alloy)

[410/9762] reaction_id=410: Au2Tc2-111-O2-CH4 -> Au2Tc2-111-O2-CH3 (substrate=alloy)

[411/9762] reaction_id=411: Au2Ti2-111-O2-CH4 -> Au2Ti2-111-O2-CH3 (substrate=alloy)

[412/9762] reaction_id=412: Au2V2-111-O2-CH4 -> Au2V2-111-O2-CH3 (substrate=alloy)

[413/9762] reaction_id=413: Au2W2-111-O2-CH4 -> Au2W2-111-O2-CH3 (substrate=alloy)

[414/9762] reaction_id=414: Au2Zn2-111-O1-CH4 -> Au2Zn2-111-O1-CH3 (substrate=alloy)

[415/9762] reaction_id=415: Au2Zr2-111-O2-CH4 -> Au2Zr2-111-O2-CH3 (substrate=alloy)

[416/9762] reaction_id=416: Au3Pb-111-O1-CH4 -> Au3Pb-111-O1-CH3 (substrate=alloy)

[417/9762] reaction_id=417: Au3Tl-111-O2-CH4 -> Au3Tl-111-O2-CH3 (substrate=alloy)

[418/9762] reaction_id=418: Au3Y-111-O1-CH4 -> Au3Y-111-O1-CH3 (substrate=alloy)

[419/9762] reaction_id=419: AuPd3-111-O1-CH4 -> AuPd3-111-O1-CH3 (substrate=alloy)

[420/9762] reaction_id=420: AuY3-111-O2-CH4 -> AuY3-111-O2-CH3 (substrate=alloy)

[421/9762] reaction_id=421: Bi2Cu2-111-O1-CH4 -> Bi2Cu2-111-O1-CH3 (substrate=alloy)

[422/9762] reaction_id=422: Bi2Ga2-111-O1-CH4 -> Bi2Ga2-111-O1-CH3 (substrate=alloy)

[423/9762] reaction_id=423: Bi2Hf2-111-O2-CH4 -> Bi2Hf2-111-O2-CH3 (substrate=alloy)

[424/9762] reaction_id=424: Bi2In2-111-O2-CH4 -> Bi2In2-111-O2-CH3 (substrate=alloy)

[425/9762] reaction_id=425: Bi2Mn2-111-O2-CH4 -> Bi2Mn2-111-O2-CH3 (substrate=alloy)

[426/9762] reaction_id=426: Bi2Nb2-111-O2-CH4 -> Bi2Nb2-111-O2-CH3 (substrate=alloy)

[427/9762] reaction_id=427: Bi2Pd2-111-O1-CH4 -> Bi2Pd2-111-O1-CH3 (substrate=alloy)

[428/9762] reaction_id=428: Bi2Ru2-111-O1-CH4 -> Bi2Ru2-111-O1-CH3 (substrate=alloy)

[429/9762] reaction_id=429: Bi2Ti2-111-O2-CH4 -> Bi2Ti2-111-O2-CH3 (substrate=alloy)

[430/9762] reaction_id=430: Bi2Tl2-111-O1-CH4 -> Bi2Tl2-111-O1-CH3 (substrate=alloy)

[431/9762] reaction_id=431: Bi2Y2-111-O2-CH4 -> Bi2Y2-111-O2-CH3 (substrate=alloy)

[432/9762] reaction_id=432: Bi3Cd-111-O1-CH4 -> Bi3Cd-111-O1-CH3 (substrate=alloy)

[433/9762] reaction_id=433: Bi3Ga-111-O1-CH4 -> Bi3Ga-111-O1-CH3 (substrate=alloy)

[434/9762] reaction_id=434: Bi3Pt-111-O1-CH4 -> Bi3Pt-111-O1-CH3 (substrate=alloy)

[435/9762] reaction_id=435: Bi3Zn-111-O2-CH4 -> Bi3Zn-111-O2-CH3 (substrate=alloy)

[436/9762] reaction_id=436: BiGa3-111-O2-CH4 -> BiGa3-111-O2-CH3 (substrate=alloy)

[437/9762] reaction_id=437: BiIr3-111-O2-CH4 -> BiIr3-111-O2-CH3 (substrate=alloy)

[438/9762] reaction_id=438: BiPd3-111-O2-CH4 -> BiPd3-111-O2-CH3 (substrate=alloy)

[439/9762] reaction_id=439: BiPt3-111-O2-CH4 -> BiPt3-111-O2-CH3 (substrate=alloy)

[440/9762] reaction_id=440: BiSn3-111-O2-CH4 -> BiSn3-111-O2-CH3 (substrate=alloy)

[441/9762] reaction_id=441: Cd2Tl2-111-O2-CH4 -> Cd2Tl2-111-O2-CH3 (substrate=alloy)

[442/9762] reaction_id=442: Cd2Y2-111-O2-CH4 -> Cd2Y2-111-O2-CH3 (substrate=alloy)

[443/9762] reaction_id=443: Cd3Pb-111-O2-CH4 -> Cd3Pb-111-O2-CH3 (substrate=alloy)

[444/9762] reaction_id=444: Cd3Tl-111-O1-CH4 -> Cd3Tl-111-O1-CH3 (substrate=alloy)

[445/9762] reaction_id=445: CdCu3-111-O1-CH4 -> CdCu3-111-O1-CH3 (substrate=alloy)

[446/9762] reaction_id=446: CdFe3-111-O2-CH4 -> CdFe3-111-O2-CH3 (substrate=alloy)

[447/9762] reaction_id=447: CdIr3-111-O1-CH4 -> CdIr3-111-O1-CH3 (substrate=alloy)

[448/9762] reaction_id=448: CdMo3-111-O2-CH4 -> CdMo3-111-O2-CH3 (substrate=alloy)

[449/9762] reaction_id=449: CdNb3-111-O1-CH4 -> CdNb3-111-O1-CH3 (substrate=alloy)

[450/9762] reaction_id=450: CdOs3-111-O1-CH4 -> CdOs3-111-O1-CH3 (substrate=alloy)

[451/9762] reaction_id=451: CdPb3-111-O1-CH4 -> CdPb3-111-O1-CH3 (substrate=alloy)

[452/9762] reaction_id=452: CdPt3-111-O1-CH4 -> CdPt3-111-O1-CH3 (substrate=alloy)

[453/9762] reaction_id=453: CdRh3-111-O2-CH4 -> CdRh3-111-O2-CH3 (substrate=alloy)

[454/9762] reaction_id=454: CdRu3-111-O2-CH4 -> CdRu3-111-O2-CH3 (substrate=alloy)

[455/9762] reaction_id=455: CdTa3-111-O2-CH4 -> CdTa3-111-O2-CH3 (substrate=alloy)

[456/9762] reaction_id=456: CdTc3-111-O2-CH4 -> CdTc3-111-O2-CH3 (substrate=alloy)

[457/9762] reaction_id=457: CdTi3-111-O2-CH4 -> CdTi3-111-O2-CH3 (substrate=alloy)

[458/9762] reaction_id=458: CdV3-111-O2-CH4 -> CdV3-111-O2-CH3 (substrate=alloy)

[459/9762] reaction_id=459: CdW3-111-O2-CH4 -> CdW3-111-O2-CH3 (substrate=alloy)

[460/9762] reaction_id=460: CdZn3-111-O2-CH4 -> CdZn3-111-O2-CH3 (substrate=alloy)

[461/9762] reaction_id=461: CdZr3-111-O2-CH4 -> CdZr3-111-O2-CH3 (substrate=alloy)

[462/9762] reaction_id=462: Co2Y2-111-O2-CH4 -> Co2Y2-111-O2-CH3 (substrate=alloy)

[463/9762] reaction_id=463: Co3Y-111-O2-CH4 -> Co3Y-111-O2-CH3 (substrate=alloy)

[464/9762] reaction_id=464: Cr2Fe2-111-O1-CH4 -> Cr2Fe2-111-O1-CH3 (substrate=alloy)

[465/9762] reaction_id=465: Cr2Ga2-111-O2-CH4 -> Cr2Ga2-111-O2-CH3 (substrate=alloy)

[466/9762] reaction_id=466: Cr2Hf2-111-O1-CH4 -> Cr2Hf2-111-O1-CH3 (substrate=alloy)

[467/9762] reaction_id=467: Cr2Nb2-111-O1-CH4 -> Cr2Nb2-111-O1-CH3 (substrate=alloy)

[468/9762] reaction_id=468: Cr2Ni2-111-O1-CH4 -> Cr2Ni2-111-O1-CH3 (substrate=alloy)

[469/9762] reaction_id=469: Cr2Pt2-111-O1-CH4 -> Cr2Pt2-111-O1-CH3 (substrate=alloy)

[470/9762] reaction_id=470: Cr2Rh2-111-O1-CH4 -> Cr2Rh2-111-O1-CH3 (substrate=alloy)

[471/9762] reaction_id=471: Cr2Ru2-111-O1-CH4 -> Cr2Ru2-111-O1-CH3 (substrate=alloy)

[472/9762] reaction_id=472: Cr2Sn2-111-O1-CH4 -> Cr2Sn2-111-O1-CH3 (substrate=alloy)

[473/9762] reaction_id=473: Cr2Ta2-111-O1-CH4 -> Cr2Ta2-111-O1-CH3 (substrate=alloy)

[474/9762] reaction_id=474: Cr2Tc2-111-O1-CH4 -> Cr2Tc2-111-O1-CH3 (substrate=alloy)

[475/9762] reaction_id=475: Cr2Ti2-111-O1-CH4 -> Cr2Ti2-111-O1-CH3 (substrate=alloy)

[476/9762] reaction_id=476: Cr2Tl2-111-O1-CH4 -> Cr2Tl2-111-O1-CH3 (substrate=alloy)

[477/9762] reaction_id=477: Cr2V2-111-O2-CH4 -> Cr2V2-111-O2-CH3 (substrate=alloy)

[478/9762] reaction_id=478: Cr2W2-111-O2-CH4 -> Cr2W2-111-O2-CH3 (substrate=alloy)

[479/9762] reaction_id=479: Cr2Zr2-111-O1-CH4 -> Cr2Zr2-111-O1-CH3 (substrate=alloy)

[480/9762] reaction_id=480: Cu2Y2-111-O2-CH4 -> Cu2Y2-111-O2-CH3 (substrate=alloy)

[481/9762] reaction_id=481: Cu3Fe-111-O2-CH4 -> Cu3Fe-111-O2-CH3 (substrate=alloy)

[482/9762] reaction_id=482: Cu3Mn-111-O1-CH4 -> Cu3Mn-111-O1-CH3 (substrate=alloy)

[483/9762] reaction_id=483: Cu3Rh-111-O2-CH4 -> Cu3Rh-111-O2-CH3 (substrate=alloy)

[484/9762] reaction_id=484: Cu3Sn-111-O2-CH4 -> Cu3Sn-111-O2-CH3 (substrate=alloy)

[485/9762] reaction_id=485: Cu3Tc-111-O2-CH4 -> Cu3Tc-111-O2-CH3 (substrate=alloy)

[486/9762] reaction_id=486: Cu3V-111-O2-CH4 -> Cu3V-111-O2-CH3 (substrate=alloy)

[487/9762] reaction_id=487: CuPb3-111-O2-CH4 -> CuPb3-111-O2-CH3 (substrate=alloy)

[488/9762] reaction_id=488: Ga2Pb2-111-O2-CH4 -> Ga2Pb2-111-O2-CH3 (substrate=alloy)

[489/9762] reaction_id=489: Ga2Y2-111-O2-CH4 -> Ga2Y2-111-O2-CH3 (substrate=alloy)

[490/9762] reaction_id=490: Ga3Y-111-O2-CH4 -> Ga3Y-111-O2-CH3 (substrate=alloy)

[491/9762] reaction_id=491: GaTl3-111-O1-CH4 -> GaTl3-111-O1-CH3 (substrate=alloy)

[492/9762] reaction_id=492: GaY3-111-O2-CH4 -> GaY3-111-O2-CH3 (substrate=alloy)

[493/9762] reaction_id=493: Hf2Pb2-111-O1-CH4 -> Hf2Pb2-111-O1-CH3 (substrate=alloy)

[494/9762] reaction_id=494: Hf2Tl2-111-O1-CH4 -> Hf2Tl2-111-O1-CH3 (substrate=alloy)

[495/9762] reaction_id=495: Hf2Y2-111-O2-CH4 -> Hf2Y2-111-O2-CH3 (substrate=alloy)

[496/9762] reaction_id=496: Hf3Tl-111-O1-CH4 -> Hf3Tl-111-O1-CH3 (substrate=alloy)

[497/9762] reaction_id=497: Hf3Y-111-O2-CH4 -> Hf3Y-111-O2-CH3 (substrate=alloy)

[498/9762] reaction_id=498: HfY3-111-O2-CH4 -> HfY3-111-O2-CH3 (substrate=alloy)

[499/9762] reaction_id=499: In2Pb2-111-O2-CH4 -> In2Pb2-111-O2-CH3 (substrate=alloy)

[500/9762] reaction_id=500: In2Tl2-111-O1-CH4 -> In2Tl2-111-O1-CH3 (substrate=alloy)

[501/9762] reaction_id=501: In2Y2-111-O2-CH4 -> In2Y2-111-O2-CH3 (substrate=alloy)

[502/9762] reaction_id=502: In3Pb-111-O1-CH4 -> In3Pb-111-O1-CH3 (substrate=alloy)

[503/9762] reaction_id=503: In3Tl-111-O1-CH4 -> In3Tl-111-O1-CH3 (substrate=alloy)

[504/9762] reaction_id=504: In3Y-111-O1-CH4 -> In3Y-111-O1-CH3 (substrate=alloy)

[505/9762] reaction_id=505: InPb3-111-O2-CH4 -> InPb3-111-O2-CH3 (substrate=alloy)

[506/9762] reaction_id=506: InTl3-111-O1-CH4 -> InTl3-111-O1-CH3 (substrate=alloy)

[507/9762] reaction_id=507: Ir3Pb-111-O1-CH4 -> Ir3Pb-111-O1-CH3 (substrate=alloy)

[508/9762] reaction_id=508: Ir3Tl-111-O1-CH4 -> Ir3Tl-111-O1-CH3 (substrate=alloy)

[509/9762] reaction_id=509: Ir3Y-111-O2-CH4 -> Ir3Y-111-O2-CH3 (substrate=alloy)

[510/9762] reaction_id=510: MnTl3-111-O1-CH4 -> MnTl3-111-O1-CH3 (substrate=alloy)

[511/9762] reaction_id=511: Mo3Pb-111-O1-CH4 -> Mo3Pb-111-O1-CH3 (substrate=alloy)

[512/9762] reaction_id=512: Mo3Tl-111-O1-CH4 -> Mo3Tl-111-O1-CH3 (substrate=alloy)

[513/9762] reaction_id=513: Nb2Tl2-111-O1-CH4 -> Nb2Tl2-111-O1-CH3 (substrate=alloy)

[514/9762] reaction_id=514: Nb3Pb-111-O1-CH4 -> Nb3Pb-111-O1-CH3 (substrate=alloy)

[515/9762] reaction_id=515: Nb3Tl-111-O1-CH4 -> Nb3Tl-111-O1-CH3 (substrate=alloy)

[516/9762] reaction_id=516: NbY3-111-O2-CH4 -> NbY3-111-O2-CH3 (substrate=alloy)

[517/9762] reaction_id=517: Ni2Tl2-111-O2-CH4 -> Ni2Tl2-111-O2-CH3 (substrate=alloy)

[518/9762] reaction_id=518: Ni2Y2-111-O2-CH4 -> Ni2Y2-111-O2-CH3 (substrate=alloy)

[519/9762] reaction_id=519: Os3Pb-111-O1-CH4 -> Os3Pb-111-O1-CH3 (substrate=alloy)

[520/9762] reaction_id=520: Os3Tl-111-O1-CH4 -> Os3Tl-111-O1-CH3 (substrate=alloy)

[521/9762] reaction_id=521: Os3Y-111-O2-CH4 -> Os3Y-111-O2-CH3 (substrate=alloy)

[522/9762] reaction_id=522: Pb2Sn2-111-O2-CH4 -> Pb2Sn2-111-O2-CH3 (substrate=alloy)

[523/9762] reaction_id=523: Pb2Ti2-111-O2-CH4 -> Pb2Ti2-111-O2-CH3 (substrate=alloy)

[524/9762] reaction_id=524: Pb2Tl2-111-O1-CH4 -> Pb2Tl2-111-O1-CH3 (substrate=alloy)

[525/9762] reaction_id=525: Pb2Zr2-111-O2-CH4 -> Pb2Zr2-111-O2-CH3 (substrate=alloy)

[526/9762] reaction_id=526: Pb3Sn-111-O1-CH4 -> Pb3Sn-111-O1-CH3 (substrate=alloy)

[527/9762] reaction_id=527: Pb3Tl-111-O1-CH4 -> Pb3Tl-111-O1-CH3 (substrate=alloy)

[528/9762] reaction_id=528: Pb3Zn-111-O1-CH4 -> Pb3Zn-111-O1-CH3 (substrate=alloy)

[529/9762] reaction_id=529: PbPd3-111-O2-CH4 -> PbPd3-111-O2-CH3 (substrate=alloy)

[530/9762] reaction_id=530: PbRh3-111-O2-CH4 -> PbRh3-111-O2-CH3 (substrate=alloy)

[531/9762] reaction_id=531: PbRu3-111-O2-CH4 -> PbRu3-111-O2-CH3 (substrate=alloy)

[532/9762] reaction_id=532: PbSn3-111-O1-CH4 -> PbSn3-111-O1-CH3 (substrate=alloy)

[533/9762] reaction_id=533: PbTa3-111-O2-CH4 -> PbTa3-111-O2-CH3 (substrate=alloy)

[534/9762] reaction_id=534: PbTi3-111-O2-CH4 -> PbTi3-111-O2-CH3 (substrate=alloy)

[535/9762] reaction_id=535: PbTl3-111-O2-CH4 -> PbTl3-111-O2-CH3 (substrate=alloy)

[536/9762] reaction_id=536: PbV3-111-O2-CH4 -> PbV3-111-O2-CH3 (substrate=alloy)

[537/9762] reaction_id=537: PbW3-111-O2-CH4 -> PbW3-111-O2-CH3 (substrate=alloy)

[538/9762] reaction_id=538: PbZr3-111-O2-CH4 -> PbZr3-111-O2-CH3 (substrate=alloy)

[539/9762] reaction_id=539: Pd2Tl2-111-O2-CH4 -> Pd2Tl2-111-O2-CH3 (substrate=alloy)

[540/9762] reaction_id=540: Pd2Y2-111-O2-CH4 -> Pd2Y2-111-O2-CH3 (substrate=alloy)

[541/9762] reaction_id=541: Pd3Y-111-O2-CH4 -> Pd3Y-111-O2-CH3 (substrate=alloy)

[542/9762] reaction_id=542: PdY3-111-O2-CH4 -> PdY3-111-O2-CH3 (substrate=alloy)

[543/9762] reaction_id=543: Pt3Y-111-O2-CH4 -> Pt3Y-111-O2-CH3 (substrate=alloy)

[544/9762] reaction_id=544: PtY3-111-O2-CH4 -> PtY3-111-O2-CH3 (substrate=alloy)

[545/9762] reaction_id=545: Re3Tl-111-O1-CH4 -> Re3Tl-111-O1-CH3 (substrate=alloy)

[546/9762] reaction_id=546: Rh2Y2-111-O2-CH4 -> Rh2Y2-111-O2-CH3 (substrate=alloy)

[547/9762] reaction_id=547: Rh3Tl-111-O1-CH4 -> Rh3Tl-111-O1-CH3 (substrate=alloy)

[548/9762] reaction_id=548: Rh3Y-111-O2-CH4 -> Rh3Y-111-O2-CH3 (substrate=alloy)

[549/9762] reaction_id=549: Ru2Y2-111-O2-CH4 -> Ru2Y2-111-O2-CH3 (substrate=alloy)

[550/9762] reaction_id=550: Ru3Tl-111-O1-CH4 -> Ru3Tl-111-O1-CH3 (substrate=alloy)

[551/9762] reaction_id=551: Ru3Y-111-O2-CH4 -> Ru3Y-111-O2-CH3 (substrate=alloy)

[552/9762] reaction_id=552: Sc3Tl-111-O1-CH4 -> Sc3Tl-111-O1-CH3 (substrate=alloy)

[553/9762] reaction_id=553: Sc3Y-111-O2-CH4 -> Sc3Y-111-O2-CH3 (substrate=alloy)

[554/9762] reaction_id=554: ScTl3-111-O1-CH4 -> ScTl3-111-O1-CH3 (substrate=alloy)

[555/9762] reaction_id=555: ScY3-111-O2-CH4 -> ScY3-111-O2-CH3 (substrate=alloy)

[556/9762] reaction_id=556: Sn2Y2-111-O2-CH4 -> Sn2Y2-111-O2-CH3 (substrate=alloy)

[557/9762] reaction_id=557: Sn3Tl-111-O1-CH4 -> Sn3Tl-111-O1-CH3 (substrate=alloy)

[558/9762] reaction_id=558: SnTl3-111-O1-CH4 -> SnTl3-111-O1-CH3 (substrate=alloy)

[559/9762] reaction_id=559: SnY3-111-O2-CH4 -> SnY3-111-O2-CH3 (substrate=alloy)

[560/9762] reaction_id=560: Ta2Y2-111-O1-CH4 -> Ta2Y2-111-O1-CH3 (substrate=alloy)

[561/9762] reaction_id=561: Ta3Tl-111-O1-CH4 -> Ta3Tl-111-O1-CH3 (substrate=alloy)

[562/9762] reaction_id=562: Ta3Y-111-O2-CH4 -> Ta3Y-111-O2-CH3 (substrate=alloy)

[563/9762] reaction_id=563: TaTl3-111-O2-CH4 -> TaTl3-111-O2-CH3 (substrate=alloy)

[564/9762] reaction_id=564: TaY3-111-O1-CH4 -> TaY3-111-O1-CH3 (substrate=alloy)

[565/9762] reaction_id=565: Tc2Tl2-111-O2-CH4 -> Tc2Tl2-111-O2-CH3 (substrate=alloy)

[566/9762] reaction_id=566: Tc2Y2-111-O2-CH4 -> Tc2Y2-111-O2-CH3 (substrate=alloy)

[567/9762] reaction_id=567: Tc3Tl-111-O1-CH4 -> Tc3Tl-111-O1-CH3 (substrate=alloy)

[568/9762] reaction_id=568: Ti2Tl2-111-O1-CH4 -> Ti2Tl2-111-O1-CH3 (substrate=alloy)

[569/9762] reaction_id=569: Ti2Y2-111-O2-CH4 -> Ti2Y2-111-O2-CH3 (substrate=alloy)

[570/9762] reaction_id=570: Ti3Tl-111-O1-CH4 -> Ti3Tl-111-O1-CH3 (substrate=alloy)

[571/9762] reaction_id=571: Ti3Y-111-O2-CH4 -> Ti3Y-111-O2-CH3 (substrate=alloy)

[572/9762] reaction_id=572: Tl2Zr2-111-O2-CH4 -> Tl2Zr2-111-O2-CH3 (substrate=alloy)

[573/9762] reaction_id=573: Tl3Y-111-O2-CH4 -> Tl3Y-111-O2-CH3 (substrate=alloy)

[574/9762] reaction_id=574: TlV3-111-O2-CH4 -> TlV3-111-O2-CH3 (substrate=alloy)

[575/9762] reaction_id=575: TlW3-111-O2-CH4 -> TlW3-111-O2-CH3 (substrate=alloy)

[576/9762] reaction_id=576: TlZr3-111-O2-CH4 -> TlZr3-111-O2-CH3 (substrate=alloy)

[577/9762] reaction_id=577: VY3-111-O1-CH4 -> VY3-111-O1-CH3 (substrate=alloy)

[578/9762] reaction_id=578: Y2Zn2-111-O1-CH4 -> Y2Zn2-111-O1-CH3 (substrate=alloy)

[579/9762] reaction_id=579: Y2Zr2-111-O2-CH4 -> Y2Zr2-111-O2-CH3 (substrate=alloy)

[580/9762] reaction_id=580: Y3Zn-111-O1-CH4 -> Y3Zn-111-O1-CH3 (substrate=alloy)

[581/9762] reaction_id=581: Y3Zr-111-O2-CH4 -> Y3Zr-111-O2-CH3 (substrate=alloy)

[582/9762] reaction_id=582: YZn3-111-O1-CH4 -> YZn3-111-O1-CH3 (substrate=alloy)

[583/9762] reaction_id=583: YZr3-111-O1-CH4 -> YZr3-111-O1-CH3 (substrate=alloy)

[584/9762] reaction_id=584: Ag2Y2-111-O2-CH3 -> Ag2Y2-111-O2-CH3OH (substrate=alloy)

[585/9762] reaction_id=585: Ag3Bi-111-O1-CH3 -> Ag3Bi-111-O1-CH3OH (substrate=alloy)

[586/9762] reaction_id=586: Ag3Pb-111-O2-CH3 -> Ag3Pb-111-O2-CH3OH (substrate=alloy)

[587/9762] reaction_id=587: Ag3Tl-111-O1-CH3 -> Ag3Tl-111-O1-CH3OH (substrate=alloy)

[588/9762] reaction_id=588: Ag3Y-111-O1-CH3 -> Ag3Y-111-O1-CH3OH (substrate=alloy)

[589/9762] reaction_id=589: AgCd3-111-O1-CH3 -> AgCd3-111-O1-CH3OH (substrate=alloy)

[590/9762] reaction_id=590: AgCo3-111-O2-CH3 -> AgCo3-111-O2-CH3OH (substrate=alloy)

[591/9762] reaction_id=591: AgMo3-111-O2-CH3 -> AgMo3-111-O2-CH3OH (substrate=alloy)

[592/9762] reaction_id=592: AgNi3-111-O2-CH3 -> AgNi3-111-O2-CH3OH (substrate=alloy)

[593/9762] reaction_id=593: AgOs3-111-O1-CH3 -> AgOs3-111-O1-CH3OH (substrate=alloy)

[594/9762] reaction_id=594: AgPd3-111-O1-CH3 -> AgPd3-111-O1-CH3OH (substrate=alloy)

[595/9762] reaction_id=595: AgRe3-111-O2-CH3 -> AgRe3-111-O2-CH3OH (substrate=alloy)

[596/9762] reaction_id=596: AgRu3-111-O2-CH3 -> AgRu3-111-O2-CH3OH (substrate=alloy)

[597/9762] reaction_id=597: AgTa3-111-O2-CH3 -> AgTa3-111-O2-CH3OH (substrate=alloy)

[598/9762] reaction_id=598: AgTc3-111-O2-CH3 -> AgTc3-111-O2-CH3OH (substrate=alloy)

[599/9762] reaction_id=599: AgW3-111-O2-CH3 -> AgW3-111-O2-CH3OH (substrate=alloy)

[600/9762] reaction_id=600: Al2Co2-111-O2-CH3 -> Al2Co2-111-O2-CH3OH (substrate=alloy)

[601/9762] reaction_id=601: Al2Ga2-111-O1-CH3 -> Al2Ga2-111-O1-CH3OH (substrate=alloy)

[602/9762] reaction_id=602: Al2Ir2-111-O2-CH3 -> Al2Ir2-111-O2-CH3OH (substrate=alloy)

[603/9762] reaction_id=603: Al2Mn2-111-O2-CH3 -> Al2Mn2-111-O2-CH3OH (substrate=alloy)

[604/9762] reaction_id=604: Al2Pd2-111-O2-CH3 -> Al2Pd2-111-O2-CH3OH (substrate=alloy)

[605/9762] reaction_id=605: Al2Pt2-111-O2-CH3 -> Al2Pt2-111-O2-CH3OH (substrate=alloy)

[606/9762] reaction_id=606: Al2Re2-111-O1-CH3 -> Al2Re2-111-O1-CH3OH (substrate=alloy)

[607/9762] reaction_id=607: Al2Rh2-111-O1-CH3 -> Al2Rh2-111-O1-CH3OH (substrate=alloy)

[608/9762] reaction_id=608: Al2Ru2-111-O2-CH3 -> Al2Ru2-111-O2-CH3OH (substrate=alloy)

[609/9762] reaction_id=609: Al2Tc2-111-O1-CH3 -> Al2Tc2-111-O1-CH3OH (substrate=alloy)

[610/9762] reaction_id=610: Al2V2-111-O2-CH3 -> Al2V2-111-O2-CH3OH (substrate=alloy)

[611/9762] reaction_id=611: Al2Zn2-111-O2-CH3 -> Al2Zn2-111-O2-CH3OH (substrate=alloy)

[612/9762] reaction_id=612: Al3Co-111-O2-CH3 -> Al3Co-111-O2-CH3OH (substrate=alloy)

[613/9762] reaction_id=613: Al3Cr-111-O2-CH3 -> Al3Cr-111-O2-CH3OH (substrate=alloy)

[614/9762] reaction_id=614: Al3Fe-111-O2-CH3 -> Al3Fe-111-O2-CH3OH (substrate=alloy)

[615/9762] reaction_id=615: Al3Hf-111-O2-CH3 -> Al3Hf-111-O2-CH3OH (substrate=alloy)

[616/9762] reaction_id=616: Al3Ir-111-O2-CH3 -> Al3Ir-111-O2-CH3OH (substrate=alloy)

[617/9762] reaction_id=617: Al3Mn-111-O2-CH3 -> Al3Mn-111-O2-CH3OH (substrate=alloy)

[618/9762] reaction_id=618: Al3Nb-111-O2-CH3 -> Al3Nb-111-O2-CH3OH (substrate=alloy)

[619/9762] reaction_id=619: Al3Os-111-O1-CH3 -> Al3Os-111-O1-CH3OH (substrate=alloy)

[620/9762] reaction_id=620: Al3Pd-111-O1-CH3 -> Al3Pd-111-O1-CH3OH (substrate=alloy)

[621/9762] reaction_id=621: Al3Re-111-O2-CH3 -> Al3Re-111-O2-CH3OH (substrate=alloy)

[622/9762] reaction_id=622: Al3Rh-111-O1-CH3 -> Al3Rh-111-O1-CH3OH (substrate=alloy)

[623/9762] reaction_id=623: Al3Ru-111-O1-CH3 -> Al3Ru-111-O1-CH3OH (substrate=alloy)

[624/9762] reaction_id=624: Al3Tc-111-O2-CH3 -> Al3Tc-111-O2-CH3OH (substrate=alloy)

[625/9762] reaction_id=625: Al3Ti-111-O1-CH3 -> Al3Ti-111-O1-CH3OH (substrate=alloy)

[626/9762] reaction_id=626: Al3V-111-O2-CH3 -> Al3V-111-O2-CH3OH (substrate=alloy)

[627/9762] reaction_id=627: Al3W-111-O2-CH3 -> Al3W-111-O2-CH3OH (substrate=alloy)

[628/9762] reaction_id=628: Al3Y-111-O2-CH3 -> Al3Y-111-O2-CH3OH (substrate=alloy)

[629/9762] reaction_id=629: Al3Zn-111-O2-CH3 -> Al3Zn-111-O2-CH3OH (substrate=alloy)

[630/9762] reaction_id=630: AlCo3-111-O1-CH3 -> AlCo3-111-O1-CH3OH (substrate=alloy)

[631/9762] reaction_id=631: AlNi3-111-O1-CH3 -> AlNi3-111-O1-CH3OH (substrate=alloy)

[632/9762] reaction_id=632: AlPd3-111-O1-CH3 -> AlPd3-111-O1-CH3OH (substrate=alloy)

[633/9762] reaction_id=633: AlRe3-111-O1-CH3 -> AlRe3-111-O1-CH3OH (substrate=alloy)

[634/9762] reaction_id=634: AlRh3-111-O1-CH3 -> AlRh3-111-O1-CH3OH (substrate=alloy)

[635/9762] reaction_id=635: AlTa3-111-O2-CH3 -> AlTa3-111-O2-CH3OH (substrate=alloy)

[636/9762] reaction_id=636: AlTc3-111-O1-CH3 -> AlTc3-111-O1-CH3OH (substrate=alloy)

[637/9762] reaction_id=637: AlV3-111-O1-CH3 -> AlV3-111-O1-CH3OH (substrate=alloy)

[638/9762] reaction_id=638: AlZr3-111-O1-CH3 -> AlZr3-111-O1-CH3OH (substrate=alloy)

[639/9762] reaction_id=639: Au2Ir2-111-O2-CH3 -> Au2Ir2-111-O2-CH3OH (substrate=alloy)

[640/9762] reaction_id=640: Au2Pd2-111-O2-CH3 -> Au2Pd2-111-O2-CH3OH (substrate=alloy)

[641/9762] reaction_id=641: Au2Pt2-111-O1-CH3 -> Au2Pt2-111-O1-CH3OH (substrate=alloy)

[642/9762] reaction_id=642: Au2Re2-111-O2-CH3 -> Au2Re2-111-O2-CH3OH (substrate=alloy)

[643/9762] reaction_id=643: Au2Rh2-111-O2-CH3 -> Au2Rh2-111-O2-CH3OH (substrate=alloy)

[644/9762] reaction_id=644: Au2Ru2-111-O2-CH3 -> Au2Ru2-111-O2-CH3OH (substrate=alloy)

[645/9762] reaction_id=645: Au2Zn2-111-O1-CH3 -> Au2Zn2-111-O1-CH3OH (substrate=alloy)

[646/9762] reaction_id=646: Au3Pb-111-O1-CH3 -> Au3Pb-111-O1-CH3OH (substrate=alloy)

[647/9762] reaction_id=647: Au3Tl-111-O2-CH3 -> Au3Tl-111-O2-CH3OH (substrate=alloy)

[648/9762] reaction_id=648: AuPd3-111-O1-CH3 -> AuPd3-111-O1-CH3OH (substrate=alloy)

[649/9762] reaction_id=649: AuY3-111-O2-CH3 -> AuY3-111-O2-CH3OH (substrate=alloy)

[650/9762] reaction_id=650: Bi2Cu2-111-O1-CH3 -> Bi2Cu2-111-O1-CH3OH (substrate=alloy)

[651/9762] reaction_id=651: Bi2Mn2-111-O2-CH3 -> Bi2Mn2-111-O2-CH3OH (substrate=alloy)

[652/9762] reaction_id=652: Bi2Nb2-111-O2-CH3 -> Bi2Nb2-111-O2-CH3OH (substrate=alloy)

[653/9762] reaction_id=653: Bi2Pd2-111-O1-CH3 -> Bi2Pd2-111-O1-CH3OH (substrate=alloy)

[654/9762] reaction_id=654: Bi2Ru2-111-O1-CH3 -> Bi2Ru2-111-O1-CH3OH (substrate=alloy)

[655/9762] reaction_id=655: Bi2Ti2-111-O2-CH3 -> Bi2Ti2-111-O2-CH3OH (substrate=alloy)

[656/9762] reaction_id=656: Bi2Tl2-111-O1-CH3 -> Bi2Tl2-111-O1-CH3OH (substrate=alloy)

[657/9762] reaction_id=657: Bi3Cd-111-O1-CH3 -> Bi3Cd-111-O1-CH3OH (substrate=alloy)

[658/9762] reaction_id=658: Bi3Ga-111-O1-CH3 -> Bi3Ga-111-O1-CH3OH (substrate=alloy)

[659/9762] reaction_id=659: Bi3Pt-111-O1-CH3 -> Bi3Pt-111-O1-CH3OH (substrate=alloy)

[660/9762] reaction_id=660: BiGa3-111-O2-CH3 -> BiGa3-111-O2-CH3OH (substrate=alloy)

[661/9762] reaction_id=661: BiIr3-111-O2-CH3 -> BiIr3-111-O2-CH3OH (substrate=alloy)

[662/9762] reaction_id=662: BiPt3-111-O2-CH3 -> BiPt3-111-O2-CH3OH (substrate=alloy)

[663/9762] reaction_id=663: BiSn3-111-O2-CH3 -> BiSn3-111-O2-CH3OH (substrate=alloy)

[664/9762] reaction_id=664: Cd2Tl2-111-O2-CH3 -> Cd2Tl2-111-O2-CH3OH (substrate=alloy)

[665/9762] reaction_id=665: Cd2Y2-111-O2-CH3 -> Cd2Y2-111-O2-CH3OH (substrate=alloy)

[666/9762] reaction_id=666: Cd3Pb-111-O2-CH3 -> Cd3Pb-111-O2-CH3OH (substrate=alloy)

[667/9762] reaction_id=667: Cd3Tl-111-O1-CH3 -> Cd3Tl-111-O1-CH3OH (substrate=alloy)

[668/9762] reaction_id=668: CdCu3-111-O1-CH3 -> CdCu3-111-O1-CH3OH (substrate=alloy)

[669/9762] reaction_id=669: CdFe3-111-O2-CH3 -> CdFe3-111-O2-CH3OH (substrate=alloy)

[670/9762] reaction_id=670: CdIr3-111-O1-CH3 -> CdIr3-111-O1-CH3OH (substrate=alloy)

[671/9762] reaction_id=671: CdMo3-111-O2-CH3 -> CdMo3-111-O2-CH3OH (substrate=alloy)

[672/9762] reaction_id=672: CdNb3-111-O1-CH3 -> CdNb3-111-O1-CH3OH (substrate=alloy)

[673/9762] reaction_id=673: CdPt3-111-O1-CH3 -> CdPt3-111-O1-CH3OH (substrate=alloy)

[674/9762] reaction_id=674: CdRh3-111-O2-CH3 -> CdRh3-111-O2-CH3OH (substrate=alloy)

[675/9762] reaction_id=675: CdRu3-111-O2-CH3 -> CdRu3-111-O2-CH3OH (substrate=alloy)

[676/9762] reaction_id=676: CdTa3-111-O2-CH3 -> CdTa3-111-O2-CH3OH (substrate=alloy)

[677/9762] reaction_id=677: CdW3-111-O2-CH3 -> CdW3-111-O2-CH3OH (substrate=alloy)

[678/9762] reaction_id=678: Co2Y2-111-O2-CH3 -> Co2Y2-111-O2-CH3OH (substrate=alloy)

[679/9762] reaction_id=679: Cr2Nb2-111-O1-CH3 -> Cr2Nb2-111-O1-CH3OH (substrate=alloy)

[680/9762] reaction_id=680: Cr2Rh2-111-O1-CH3 -> Cr2Rh2-111-O1-CH3OH (substrate=alloy)

[681/9762] reaction_id=681: Cr2Ru2-111-O1-CH3 -> Cr2Ru2-111-O1-CH3OH (substrate=alloy)

[682/9762] reaction_id=682: Cr2Sn2-111-O1-CH3 -> Cr2Sn2-111-O1-CH3OH (substrate=alloy)

[683/9762] reaction_id=683: Cr2Ta2-111-O1-CH3 -> Cr2Ta2-111-O1-CH3OH (substrate=alloy)

[684/9762] reaction_id=684: Cr2Tc2-111-O1-CH3 -> Cr2Tc2-111-O1-CH3OH (substrate=alloy)

[685/9762] reaction_id=685: Cr2Ti2-111-O1-CH3 -> Cr2Ti2-111-O1-CH3OH (substrate=alloy)

[686/9762] reaction_id=686: Cr2V2-111-O2-CH3 -> Cr2V2-111-O2-CH3OH (substrate=alloy)

[687/9762] reaction_id=687: Cr2W2-111-O2-CH3 -> Cr2W2-111-O2-CH3OH (substrate=alloy)

[688/9762] reaction_id=688: Cr2Zr2-111-O1-CH3 -> Cr2Zr2-111-O1-CH3OH (substrate=alloy)

[689/9762] reaction_id=689: Cu3Rh-111-O2-CH3 -> Cu3Rh-111-O2-CH3OH (substrate=alloy)

[690/9762] reaction_id=690: Cu3Sn-111-O2-CH3 -> Cu3Sn-111-O2-CH3OH (substrate=alloy)

[691/9762] reaction_id=691: CuPb3-111-O2-CH3 -> CuPb3-111-O2-CH3OH (substrate=alloy)

[692/9762] reaction_id=692: Ga2Pb2-111-O2-CH3 -> Ga2Pb2-111-O2-CH3OH (substrate=alloy)

[693/9762] reaction_id=693: Ga2Y2-111-O2-CH3 -> Ga2Y2-111-O2-CH3OH (substrate=alloy)

[694/9762] reaction_id=694: GaTl3-111-O1-CH3 -> GaTl3-111-O1-CH3OH (substrate=alloy)

[695/9762] reaction_id=695: GaY3-111-O2-CH3 -> GaY3-111-O2-CH3OH (substrate=alloy)

[696/9762] reaction_id=696: Hf2Pb2-111-O1-CH3 -> Hf2Pb2-111-O1-CH3OH (substrate=alloy)

[697/9762] reaction_id=697: Hf2Tl2-111-O1-CH3 -> Hf2Tl2-111-O1-CH3OH (substrate=alloy)

[698/9762] reaction_id=698: Hf2Y2-111-O2-CH3 -> Hf2Y2-111-O2-CH3OH (substrate=alloy)

[699/9762] reaction_id=699: Hf3Tl-111-O1-CH3 -> Hf3Tl-111-O1-CH3OH (substrate=alloy)

[700/9762] reaction_id=700: Hf3Y-111-O2-CH3 -> Hf3Y-111-O2-CH3OH (substrate=alloy)

[701/9762] reaction_id=701: HfY3-111-O2-CH3 -> HfY3-111-O2-CH3OH (substrate=alloy)

[702/9762] reaction_id=702: In2Pb2-111-O2-CH3 -> In2Pb2-111-O2-CH3OH (substrate=alloy)

[703/9762] reaction_id=703: In2Tl2-111-O1-CH3 -> In2Tl2-111-O1-CH3OH (substrate=alloy)

[704/9762] reaction_id=704: In2Y2-111-O2-CH3 -> In2Y2-111-O2-CH3OH (substrate=alloy)

[705/9762] reaction_id=705: In3Pb-111-O1-CH3 -> In3Pb-111-O1-CH3OH (substrate=alloy)

[706/9762] reaction_id=706: In3Tl-111-O1-CH3 -> In3Tl-111-O1-CH3OH (substrate=alloy)

[707/9762] reaction_id=707: In3Y-111-O1-CH3 -> In3Y-111-O1-CH3OH (substrate=alloy)

[708/9762] reaction_id=708: InPb3-111-O2-CH3 -> InPb3-111-O2-CH3OH (substrate=alloy)

[709/9762] reaction_id=709: InTl3-111-O1-CH3 -> InTl3-111-O1-CH3OH (substrate=alloy)

[710/9762] reaction_id=710: Ir3Pb-111-O1-CH3 -> Ir3Pb-111-O1-CH3OH (substrate=alloy)

[711/9762] reaction_id=711: Ir3Tl-111-O1-CH3 -> Ir3Tl-111-O1-CH3OH (substrate=alloy)

[712/9762] reaction_id=712: Ir3Y-111-O2-CH3 -> Ir3Y-111-O2-CH3OH (substrate=alloy)

[713/9762] reaction_id=713: MnTl3-111-O1-CH3 -> MnTl3-111-O1-CH3OH (substrate=alloy)

[714/9762] reaction_id=714: Mo3Pb-111-O1-CH3 -> Mo3Pb-111-O1-CH3OH (substrate=alloy)

[715/9762] reaction_id=715: Nb2Tl2-111-O1-CH3 -> Nb2Tl2-111-O1-CH3OH (substrate=alloy)

[716/9762] reaction_id=716: Nb3Pb-111-O1-CH3 -> Nb3Pb-111-O1-CH3OH (substrate=alloy)

[717/9762] reaction_id=717: Nb3Tl-111-O1-CH3 -> Nb3Tl-111-O1-CH3OH (substrate=alloy)

[718/9762] reaction_id=718: Ni2Tl2-111-O2-CH3 -> Ni2Tl2-111-O2-CH3OH (substrate=alloy)

[719/9762] reaction_id=719: Ni2Y2-111-O2-CH3 -> Ni2Y2-111-O2-CH3OH (substrate=alloy)

[720/9762] reaction_id=720: Os3Tl-111-O1-CH3 -> Os3Tl-111-O1-CH3OH (substrate=alloy)

[721/9762] reaction_id=721: Os3Y-111-O2-CH3 -> Os3Y-111-O2-CH3OH (substrate=alloy)

[722/9762] reaction_id=722: Pb2Sn2-111-O2-CH3 -> Pb2Sn2-111-O2-CH3OH (substrate=alloy)

[723/9762] reaction_id=723: Pb2Ti2-111-O2-CH3 -> Pb2Ti2-111-O2-CH3OH (substrate=alloy)

[724/9762] reaction_id=724: Pb2Tl2-111-O1-CH3 -> Pb2Tl2-111-O1-CH3OH (substrate=alloy)

[725/9762] reaction_id=725: Pb2Zr2-111-O2-CH3 -> Pb2Zr2-111-O2-CH3OH (substrate=alloy)

[726/9762] reaction_id=726: Pb3Sn-111-O1-CH3 -> Pb3Sn-111-O1-CH3OH (substrate=alloy)

[727/9762] reaction_id=727: Pb3Tl-111-O1-CH3 -> Pb3Tl-111-O1-CH3OH (substrate=alloy)

[728/9762] reaction_id=728: Pb3Zn-111-O1-CH3 -> Pb3Zn-111-O1-CH3OH (substrate=alloy)

[729/9762] reaction_id=729: PbPd3-111-O2-CH3 -> PbPd3-111-O2-CH3OH (substrate=alloy)

[730/9762] reaction_id=730: PbRh3-111-O2-CH3 -> PbRh3-111-O2-CH3OH (substrate=alloy)

[731/9762] reaction_id=731: PbRu3-111-O2-CH3 -> PbRu3-111-O2-CH3OH (substrate=alloy)

[732/9762] reaction_id=732: PbSn3-111-O1-CH3 -> PbSn3-111-O1-CH3OH (substrate=alloy)

[733/9762] reaction_id=733: PbTa3-111-O2-CH3 -> PbTa3-111-O2-CH3OH (substrate=alloy)

[734/9762] reaction_id=734: PbTl3-111-O2-CH3 -> PbTl3-111-O2-CH3OH (substrate=alloy)

[735/9762] reaction_id=735: PbV3-111-O2-CH3 -> PbV3-111-O2-CH3OH (substrate=alloy)

[736/9762] reaction_id=736: PbW3-111-O2-CH3 -> PbW3-111-O2-CH3OH (substrate=alloy)

[737/9762] reaction_id=737: Pd2Tl2-111-O2-CH3 -> Pd2Tl2-111-O2-CH3OH (substrate=alloy)

[738/9762] reaction_id=738: Pd2Y2-111-O2-CH3 -> Pd2Y2-111-O2-CH3OH (substrate=alloy)

[739/9762] reaction_id=739: Pd3Y-111-O2-CH3 -> Pd3Y-111-O2-CH3OH (substrate=alloy)

[740/9762] reaction_id=740: Pt3Y-111-O2-CH3 -> Pt3Y-111-O2-CH3OH (substrate=alloy)

[741/9762] reaction_id=741: PtY3-111-O2-CH3 -> PtY3-111-O2-CH3OH (substrate=alloy)

[742/9762] reaction_id=742: Rh2Y2-111-O2-CH3 -> Rh2Y2-111-O2-CH3OH (substrate=alloy)

[743/9762] reaction_id=743: Rh3Y-111-O2-CH3 -> Rh3Y-111-O2-CH3OH (substrate=alloy)

[744/9762] reaction_id=744: Ru2Y2-111-O2-CH3 -> Ru2Y2-111-O2-CH3OH (substrate=alloy)

[745/9762] reaction_id=745: Ru3Tl-111-O1-CH3 -> Ru3Tl-111-O1-CH3OH (substrate=alloy)

[746/9762] reaction_id=746: Ru3Y-111-O2-CH3 -> Ru3Y-111-O2-CH3OH (substrate=alloy)

[747/9762] reaction_id=747: Sc3Tl-111-O1-CH3 -> Sc3Tl-111-O1-CH3OH (substrate=alloy)

[748/9762] reaction_id=748: Sc3Y-111-O2-CH3 -> Sc3Y-111-O2-CH3OH (substrate=alloy)

[749/9762] reaction_id=749: ScTl3-111-O1-CH3 -> ScTl3-111-O1-CH3OH (substrate=alloy)

[750/9762] reaction_id=750: ScY3-111-O2-CH3 -> ScY3-111-O2-CH3OH (substrate=alloy)

[751/9762] reaction_id=751: Sn2Y2-111-O2-CH3 -> Sn2Y2-111-O2-CH3OH (substrate=alloy)

[752/9762] reaction_id=752: Sn3Tl-111-O1-CH3 -> Sn3Tl-111-O1-CH3OH (substrate=alloy)

[753/9762] reaction_id=753: SnTl3-111-O1-CH3 -> SnTl3-111-O1-CH3OH (substrate=alloy)

[754/9762] reaction_id=754: Ta3Tl-111-O1-CH3 -> Ta3Tl-111-O1-CH3OH (substrate=alloy)

[755/9762] reaction_id=755: Ta3Y-111-O2-CH3 -> Ta3Y-111-O2-CH3OH (substrate=alloy)

[756/9762] reaction_id=756: TaTl3-111-O2-CH3 -> TaTl3-111-O2-CH3OH (substrate=alloy)

[757/9762] reaction_id=757: Tc2Tl2-111-O2-CH3 -> Tc2Tl2-111-O2-CH3OH (substrate=alloy)

[758/9762] reaction_id=758: Tc2Y2-111-O2-CH3 -> Tc2Y2-111-O2-CH3OH (substrate=alloy)

[759/9762] reaction_id=759: Tc3Tl-111-O1-CH3 -> Tc3Tl-111-O1-CH3OH (substrate=alloy)

[760/9762] reaction_id=760: Ti2Tl2-111-O1-CH3 -> Ti2Tl2-111-O1-CH3OH (substrate=alloy)

[761/9762] reaction_id=761: Ti2Y2-111-O2-CH3 -> Ti2Y2-111-O2-CH3OH (substrate=alloy)

[762/9762] reaction_id=762: Ti3Tl-111-O1-CH3 -> Ti3Tl-111-O1-CH3OH (substrate=alloy)

[763/9762] reaction_id=763: Ti3Y-111-O2-CH3 -> Ti3Y-111-O2-CH3OH (substrate=alloy)

[764/9762] reaction_id=764: Tl2Zr2-111-O2-CH3 -> Tl2Zr2-111-O2-CH3OH (substrate=alloy)

[765/9762] reaction_id=765: Tl3Y-111-O2-CH3 -> Tl3Y-111-O2-CH3OH (substrate=alloy)

[766/9762] reaction_id=766: TlV3-111-O2-CH3 -> TlV3-111-O2-CH3OH (substrate=alloy)

[767/9762] reaction_id=767: TlW3-111-O2-CH3 -> TlW3-111-O2-CH3OH (substrate=alloy)

[768/9762] reaction_id=768: TlZr3-111-O2-CH3 -> TlZr3-111-O2-CH3OH (substrate=alloy)

[769/9762] reaction_id=769: VY3-111-O1-CH3 -> VY3-111-O1-CH3OH (substrate=alloy)

[770/9762] reaction_id=770: Y2Zr2-111-O2-CH3 -> Y2Zr2-111-O2-CH3OH (substrate=alloy)

[771/9762] reaction_id=771: Y3Zn-111-O1-CH3 -> Y3Zn-111-O1-CH3OH (substrate=alloy)

[772/9762] reaction_id=772: Y3Zr-111-O2-CH3 -> Y3Zr-111-O2-CH3OH (substrate=alloy)

[773/9762] reaction_id=773: YZn3-111-O1-CH3 -> YZn3-111-O1-CH3OH (substrate=alloy)

[774/9762] reaction_id=774: Cd-BTT-CH4 -> Cd-BTT-CH3 (substrate=MOF)

[775/9762] reaction_id=775: Co2Cl2-BBTA-CH4 -> Co2Cl2-BBTA-CH3 (substrate=MOF)

[776/9762] reaction_id=776: Co2Cl2-BTDD-CH4 -> Co2Cl2-BTDD-CH3 (substrate=MOF)

[777/9762] reaction_id=777: Co-BTC-CH4 -> Co-BTC-CH3 (substrate=MOF)

[778/9762] reaction_id=778: Co-BTT-CH4 -> Co-BTT-CH3 (substrate=MOF)

[779/9762] reaction_id=779: Co-dopbdc-CH4 -> Co-dopbdc-CH3 (substrate=MOF)

[780/9762] reaction_id=780: Co-m-dobdc-CH4 -> Co-m-dobdc-CH3 (substrate=MOF)

[781/9762] reaction_id=781: Co-MOF-5-CH4 -> Co-MOF-5-CH3 (substrate=MOF)

[782/9762] reaction_id=782: Co-MOF-74-CH4 -> Co-MOF-74-CH3 (substrate=MOF)

[783/9762] reaction_id=783: Cr-BTC-CH4 -> Cr-BTC-CH3 (substrate=MOF)

[784/9762] reaction_id=784: Cr-BTT-CH4 -> Cr-BTT-CH3 (substrate=MOF)

[785/9762] reaction_id=785: Cr-MOF-5-CH4 -> Cr-MOF-5-CH3 (substrate=MOF)

[786/9762] reaction_id=786: Cu-BTC-CH4 -> Cu-BTC-CH3 (substrate=MOF)

[787/9762] reaction_id=787: Cu-BTP-CH4 -> Cu-BTP-CH3 (substrate=MOF)

[788/9762] reaction_id=788: Cu-BTT-CH4 -> Cu-BTT-CH3 (substrate=MOF)

[789/9762] reaction_id=789: Fe2Cl2-BBTA-CH4 -> Fe2Cl2-BBTA-CH3 (substrate=MOF)

[790/9762] reaction_id=790: Fe2Cl2-BTDD-CH4 -> Fe2Cl2-BTDD-CH3 (substrate=MOF)

[791/9762] reaction_id=791: Fe-BTT-CH4 -> Fe-BTT-CH3 (substrate=MOF)

[792/9762] reaction_id=792: Fe-dopbdc-CH4 -> Fe-dopbdc-CH3 (substrate=MOF)

[793/9762] reaction_id=793: Fe-m-dobdc-CH4 -> Fe-m-dobdc-CH3 (substrate=MOF)

[794/9762] reaction_id=794: Fe-MOF-5-CH4 -> Fe-MOF-5-CH3 (substrate=MOF)

[795/9762] reaction_id=795: Fe-MOF-74-CH4 -> Fe-MOF-74-CH3 (substrate=MOF)

[796/9762] reaction_id=796: Mn2Cl2-BBTA-CH4 -> Mn2Cl2-BBTA-CH3 (substrate=MOF)

[797/9762] reaction_id=797: Mn2Cl2-BTDD-CH4 -> Mn2Cl2-BTDD-CH3 (substrate=MOF)

[798/9762] reaction_id=798: Mn-BTT-CH4 -> Mn-BTT-CH3 (substrate=MOF)

[799/9762] reaction_id=799: Mn-dopbdc-CH4 -> Mn-dopbdc-CH3 (substrate=MOF)

[800/9762] reaction_id=800: Mn-m-dobdc-CH4 -> Mn-m-dobdc-CH3 (substrate=MOF)

[801/9762] reaction_id=801: Mn-MOF-5-CH4 -> Mn-MOF-5-CH3 (substrate=MOF)

[802/9762] reaction_id=802: Mn-MOF-74-CH4 -> Mn-MOF-74-CH3 (substrate=MOF)

[803/9762] reaction_id=803: Mo-BTC-CH4 -> Mo-BTC-CH3 (substrate=MOF)

[804/9762] reaction_id=804: Ni2Cl2-BBTA-CH4 -> Ni2Cl2-BBTA-CH3 (substrate=MOF)

[805/9762] reaction_id=805: Ni2Cl2-BTDD-CH4 -> Ni2Cl2-BTDD-CH3 (substrate=MOF)

[806/9762] reaction_id=806: Ni-BTC-CH4 -> Ni-BTC-CH3 (substrate=MOF)

[807/9762] reaction_id=807: Ni-BTP-CH4 -> Ni-BTP-CH3 (substrate=MOF)

[808/9762] reaction_id=808: Ni-BTT-CH4 -> Ni-BTT-CH3 (substrate=MOF)

[809/9762] reaction_id=809: Ni-dopbdc-CH4 -> Ni-dopbdc-CH3 (substrate=MOF)

[810/9762] reaction_id=810: Ni-m-dobdc-CH4 -> Ni-m-dobdc-CH3 (substrate=MOF)

[811/9762] reaction_id=811: Ni-MOF-5-CH4 -> Ni-MOF-5-CH3 (substrate=MOF)

[812/9762] reaction_id=812: Ni-MOF-74-CH4 -> Ni-MOF-74-CH3 (substrate=MOF)

[813/9762] reaction_id=813: Pd-BTC-CH4 -> Pd-BTC-CH3 (substrate=MOF)

[814/9762] reaction_id=814: Ru-BTC-CH4 -> Ru-BTC-CH3 (substrate=MOF)

[815/9762] reaction_id=815: V-MOF-5-CH4 -> V-MOF-5-CH3 (substrate=MOF)

[816/9762] reaction_id=816: Zn-BTC-CH4 -> Zn-BTC-CH3 (substrate=MOF)

[817/9762] reaction_id=817: Zn-m-dobdc-CH4 -> Zn-m-dobdc-CH3 (substrate=MOF)

[818/9762] reaction_id=818: CoN4-C-O-CH4 -> CoN4-C-O-CH3 (substrate=MN4-graphene)

[819/9762] reaction_id=819: CrN4-C-O-CH4 -> CrN4-C-O-CH3 (substrate=MN4-graphene)

[820/9762] reaction_id=820: CuN4-C-O-CH4 -> CuN4-C-O-CH3 (substrate=MN4-graphene)

[821/9762] reaction_id=821: FeN4-C-O-CH4 -> FeN4-C-O-CH3 (substrate=MN4-graphene)

[822/9762] reaction_id=822: IrN4-C-O-CH4 -> IrN4-C-O-CH3 (substrate=MN4-graphene)

[823/9762] reaction_id=823: MnN4-C-O-CH4 -> MnN4-C-O-CH3 (substrate=MN4-graphene)

[824/9762] reaction_id=824: NiN4-C-O-CH4 -> NiN4-C-O-CH3 (substrate=MN4-graphene)

[825/9762] reaction_id=825: PdN4-C-O-CH4 -> PdN4-C-O-CH3 (substrate=MN4-graphene)

[826/9762] reaction_id=826: PtN4-C-O-CH4 -> PtN4-C-O-CH3 (substrate=MN4-graphene)

[827/9762] reaction_id=827: RhN4-C-O-CH4 -> RhN4-C-O-CH3 (substrate=MN4-graphene)

[828/9762] reaction_id=828: RuN4-C-O-CH4 -> RuN4-C-O-CH3 (substrate=MN4-graphene)

[829/9762] reaction_id=829: Cr-CrO2-4l-110-CH4 -> Cr-CrO2-4l-110-CH3 (substrate=oxide)

[830/9762] reaction_id=830: Cr-IrO2-4l-110-CH4 -> Cr-IrO2-4l-110-CH3 (substrate=oxide)

[831/9762] reaction_id=831: Cr-OsO2-4l-110-CH4 -> Cr-OsO2-4l-110-CH3 (substrate=oxide)

[832/9762] reaction_id=832: Cr-RhO2-4l-110-CH4 -> Cr-RhO2-4l-110-CH3 (substrate=oxide)

[833/9762] reaction_id=833: Cr-RuO2-4l-110-CH4 -> Cr-RuO2-4l-110-CH3 (substrate=oxide)

[834/9762] reaction_id=834: Cr-TiO2-4l-110-CH4 -> Cr-TiO2-4l-110-CH3 (substrate=oxide)

[835/9762] reaction_id=835: Cr-VO2-4l-110-CH4 -> Cr-VO2-4l-110-CH3 (substrate=oxide)

[836/9762] reaction_id=836: Ge-CrO2-4l-110-CH4 -> Ge-CrO2-4l-110-CH3 (substrate=oxide)

[837/9762] reaction_id=837: Ge-RhO2-4l-110-CH4 -> Ge-RhO2-4l-110-CH3 (substrate=oxide)

[838/9762] reaction_id=838: Ge-TiO2-4l-110-CH4 -> Ge-TiO2-4l-110-CH3 (substrate=oxide)

[839/9762] reaction_id=839: Mn-CrO2-4l-110-CH4 -> Mn-CrO2-4l-110-CH3 (substrate=oxide)

[840/9762] reaction_id=840: Mn-IrO2-4l-110-CH4 -> Mn-IrO2-4l-110-CH3 (substrate=oxide)

[841/9762] reaction_id=841: Mn-OsO2-4l-110-CH4 -> Mn-OsO2-4l-110-CH3 (substrate=oxide)

[842/9762] reaction_id=842: Mn-RhO2-4l-110-CH4 -> Mn-RhO2-4l-110-CH3 (substrate=oxide)

[843/9762] reaction_id=843: Mn-RuO2-4l-110-CH4 -> Mn-RuO2-4l-110-CH3 (substrate=oxide)

[844/9762] reaction_id=844: Mn-TiO2-4l-110-CH4 -> Mn-TiO2-4l-110-CH3 (substrate=oxide)

[845/9762] reaction_id=845: Mn-VO2-4l-110-CH4 -> Mn-VO2-4l-110-CH3 (substrate=oxide)

[846/9762] reaction_id=846: Mo-MnO2-4l-110-CH4 -> Mo-MnO2-4l-110-CH3 (substrate=oxide)

[847/9762] reaction_id=847: Mo-MoO2-4l-110-CH4 -> Mo-MoO2-4l-110-CH3 (substrate=oxide)

[848/9762] reaction_id=848: Mo-OsO2-4l-110-CH4 -> Mo-OsO2-4l-110-CH3 (substrate=oxide)

[849/9762] reaction_id=849: Mo-RhO2-4l-110-CH4 -> Mo-RhO2-4l-110-CH3 (substrate=oxide)

[850/9762] reaction_id=850: Mo-RuO2-4l-110-CH4 -> Mo-RuO2-4l-110-CH3 (substrate=oxide)

[851/9762] reaction_id=851: Mo-TiO2-4l-110-CH4 -> Mo-TiO2-4l-110-CH3 (substrate=oxide)

[852/9762] reaction_id=852: Mo-VO2-4l-110-CH4 -> Mo-VO2-4l-110-CH3 (substrate=oxide)

[853/9762] reaction_id=853: Os-CrO2-4l-110-CH4 -> Os-CrO2-4l-110-CH3 (substrate=oxide)

[854/9762] reaction_id=854: Os-VO2-4l-110-CH4 -> Os-VO2-4l-110-CH3 (substrate=oxide)

[855/9762] reaction_id=855: Rh-MoO2-4l-110-CH4 -> Rh-MoO2-4l-110-CH3 (substrate=oxide)

[856/9762] reaction_id=856: Rh-RuO2-4l-110-CH4 -> Rh-RuO2-4l-110-CH3 (substrate=oxide)

[857/9762] reaction_id=857: Ru-MoO2-4l-110-CH4 -> Ru-MoO2-4l-110-CH3 (substrate=oxide)

[858/9762] reaction_id=858: Ru-OsO2-4l-110-CH4 -> Ru-OsO2-4l-110-CH3 (substrate=oxide)

[859/9762] reaction_id=859: Ru-RuO2-4l-110-CH4 -> Ru-RuO2-4l-110-CH3 (substrate=oxide)

[860/9762] reaction_id=860: Ru-TiO2-4l-110-CH4 -> Ru-TiO2-4l-110-CH3 (substrate=oxide)

[861/9762] reaction_id=861: Ru-VO2-4l-110-CH4 -> Ru-VO2-4l-110-CH3 (substrate=oxide)

[862/9762] reaction_id=862: Ti-CrO2-4l-110-CH4 -> Ti-CrO2-4l-110-CH3 (substrate=oxide)

[863/9762] reaction_id=863: Ti-GeO2-4l-110-CH4 -> Ti-GeO2-4l-110-CH3 (substrate=oxide)

[864/9762] reaction_id=864: Ti-IrO2-4l-110-CH4 -> Ti-IrO2-4l-110-CH3 (substrate=oxide)

[865/9762] reaction_id=865: Ti-MoO2-4l-110-CH4 -> Ti-MoO2-4l-110-CH3 (substrate=oxide)

[866/9762] reaction_id=866: Ti-OsO2-4l-110-CH4 -> Ti-OsO2-4l-110-CH3 (substrate=oxide)

[867/9762] reaction_id=867: Ti-RhO2-4l-110-CH4 -> Ti-RhO2-4l-110-CH3 (substrate=oxide)

[868/9762] reaction_id=868: Ti-RuO2-4l-110-CH4 -> Ti-RuO2-4l-110-CH3 (substrate=oxide)

[869/9762] reaction_id=869: Ti-TiO2-4l-110-CH4 -> Ti-TiO2-4l-110-CH3 (substrate=oxide)

[870/9762] reaction_id=870: Ti-VO2-4l-110-CH4 -> Ti-VO2-4l-110-CH3 (substrate=oxide)

[871/9762] reaction_id=871: V-CrO2-4l-110-CH4 -> V-CrO2-4l-110-CH3 (substrate=oxide)

[872/9762] reaction_id=872: V-GeO2-4l-110-CH4 -> V-GeO2-4l-110-CH3 (substrate=oxide)

[873/9762] reaction_id=873: V-IrO2-4l-110-CH4 -> V-IrO2-4l-110-CH3 (substrate=oxide)

[874/9762] reaction_id=874: V-MoO2-4l-110-CH4 -> V-MoO2-4l-110-CH3 (substrate=oxide)

[875/9762] reaction_id=875: V-OsO2-4l-110-CH4 -> V-OsO2-4l-110-CH3 (substrate=oxide)

[876/9762] reaction_id=876: V-RhO2-4l-110-CH4 -> V-RhO2-4l-110-CH3 (substrate=oxide)

[877/9762] reaction_id=877: V-RuO2-4l-110-CH4 -> V-RuO2-4l-110-CH3 (substrate=oxide)

[878/9762] reaction_id=878: V-TiO2-4l-110-CH4 -> V-TiO2-4l-110-CH3 (substrate=oxide)

[879/9762] reaction_id=879: V-VO2-4l-110-CH4 -> V-VO2-4l-110-CH3 (substrate=oxide)

[880/9762] reaction_id=880: MOR-Al1-Ag-OO-3-CH4 -> MOR-Al1-Ag-OOH-CH3-04-opt-2-quxupin-02-opt (substrate=zeolite)

[881/9762] reaction_id=881: MOR-Al1-Co-OO-3-CH4 -> MOR-Al1-Co-OOH-CH3-04-opt (substrate=zeolite)

[882/9762] reaction_id=882: MOR-Al1-Nb-OO-CH4-2 -> MOR-Al1-Nb-OOH-CH3-04-opt (substrate=zeolite)

[883/9762] reaction_id=883: MOR-Al1-Ni-OO-1-mod-CH4 -> MOR-Al1-Ni-OOH-CH3-2 (substrate=zeolite)

[884/9762] reaction_id=884: MOR-Al1-Sc-OO-3-CH4 -> MOR-Al1-Sc-OOH-CH3-4 (substrate=zeolite)

[885/9762] reaction_id=885: MOR-Al1-V-OO-CH4 -> MOR-Al1-V-OOH-CH3-04-opt (substrate=zeolite)

[886/9762] reaction_id=886: MOR-Al1-Y-OO-3-CH4-1 -> MOR-Al1-Y-OOH-CH3-2 (substrate=zeolite)

[887/9762] reaction_id=887: MOR-Al2-AgAgO2H-CH4 -> MOR-Al2-AgAgO2H-CH3 (substrate=zeolite)

[888/9762] reaction_id=888: MOR-Al2-AgCoO2H-CH4 -> MOR-Al2-AgCoO2H-CH3 (substrate=zeolite)

[889/9762] reaction_id=889: MOR-Al2-AgCr-O2-CH4-1 -> MOR-Al2-AgCr-O2-CH3 (substrate=zeolite)

[890/9762] reaction_id=890: MOR-Al2-AgCrO2H-CH4 -> MOR-Al2-AgCrO2H-CH3 (substrate=zeolite)

[891/9762] reaction_id=891: MOR-Al2-AgCr-O-CH4-1 -> MOR-Al2-AgCr-O-CH3-AgAu-1-mod-CH3 (substrate=zeolite)

[892/9762] reaction_id=892: MOR-Al2-AgCu-O2-CH4-1 -> MOR-Al2-AgCu-O2-CH3 (substrate=zeolite)

[893/9762] reaction_id=893: MOR-Al2-AgCuO2H-CH4 -> MOR-Al2-AgCuO2H-CH3 (substrate=zeolite)

[894/9762] reaction_id=894: MOR-Al2-AgCu-O-CH4-1 -> MOR-Al2-AgCu-O-CH3-AgAu-1-mod-CH3 (substrate=zeolite)

[895/9762] reaction_id=895: MOR-Al2-AgFeO2H-CH4 -> MOR-Al2-AgFeO2H-CH3 (substrate=zeolite)

[896/9762] reaction_id=896: MOR-Al2-AgMo-O2-CH4-1 -> MOR-Al2-AgMo-O2-CH3 (substrate=zeolite)

[897/9762] reaction_id=897: MOR-Al2-AgMoO2H-CH4 -> MOR-Al2-AgMoO2H-CH3 (substrate=zeolite)

[898/9762] reaction_id=898: MOR-Al2-AgMo-O-CH4-1 -> MOR-Al2-AgMo-O-CH3-AgAu-1-mod-CH3 (substrate=zeolite)

[899/9762] reaction_id=899: MOR-Al2-AgNb-O2-CH4-1 -> MOR-Al2-AgNb-O2-CH3 (substrate=zeolite)

[900/9762] reaction_id=900: MOR-Al2-AgNbO2H-CH4 -> MOR-Al2-AgNbO2H-CH3 (substrate=zeolite)

[901/9762] reaction_id=901: MOR-Al2-AgNb-O-CH4-1 -> MOR-Al2-AgNb-O-CH3-AgAu-1-mod-CH3 (substrate=zeolite)

[902/9762] reaction_id=902: MOR-Al2-AgOs-O2-CH4-1 -> MOR-Al2-AgOs-O2-CH3 (substrate=zeolite)

[903/9762] reaction_id=903: MOR-Al2-AgOsO2H-CH4 -> MOR-Al2-AgOsO2H-CH3 (substrate=zeolite)

[904/9762] reaction_id=904: MOR-Al2-AgOs-O-CH4-1 -> MOR-Al2-AgOs-O-CH3-AgAu-1-mod-CH3 (substrate=zeolite)

[905/9762] reaction_id=905: MOR-Al2-AgPd-O2-CH4-1 -> MOR-Al2-AgPd-O2-CH3 (substrate=zeolite)

[906/9762] reaction_id=906: MOR-Al2-AgPdO2H-CH4 -> MOR-Al2-AgPdO2H-CH3 (substrate=zeolite)

[907/9762] reaction_id=907: MOR-Al2-AgPd-O-CH4-1 -> MOR-Al2-AgPd-O-CH3-AgAu-1-mod-CH3 (substrate=zeolite)

[908/9762] reaction_id=908: MOR-Al2-AgPt-O2-CH4-1 -> MOR-Al2-AgPt-O2-CH3 (substrate=zeolite)

[909/9762] reaction_id=909: MOR-Al2-AgRu-O2-CH4-1 -> MOR-Al2-AgRu-O2-CH3 (substrate=zeolite)

[910/9762] reaction_id=910: MOR-Al2-AgRuO2H-CH4 -> MOR-Al2-AgRuO2H-CH3 (substrate=zeolite)

[911/9762] reaction_id=911: MOR-Al2-AgRu-O-CH4-1 -> MOR-Al2-AgRu-O-CH3-AgAu-1-mod-CH3 (substrate=zeolite)

[912/9762] reaction_id=912: MOR-Al2-AgSc-O2-CH4-1 -> MOR-Al2-AgSc-O2-CH3 (substrate=zeolite)

[913/9762] reaction_id=913: MOR-Al2-AgScO2H-CH4 -> MOR-Al2-AgScO2H-CH3 (substrate=zeolite)

[914/9762] reaction_id=914: MOR-Al2-AgSc-O-CH4-1 -> MOR-Al2-AgSc-O-CH3-AgAu-1-mod-CH3 (substrate=zeolite)

[915/9762] reaction_id=915: MOR-Al2-AgV-O2-CH4-1 -> MOR-Al2-AgV-O2-CH3 (substrate=zeolite)

[916/9762] reaction_id=916: MOR-Al2-AgVO2H-CH4 -> MOR-Al2-AgVO2H-CH3 (substrate=zeolite)

[917/9762] reaction_id=917: MOR-Al2-AgV-O-CH4-1 -> MOR-Al2-AgV-O-CH3-AgAu-1-mod-CH3 (substrate=zeolite)

[918/9762] reaction_id=918: MOR-Al2-AgY-O2-CH4-1 -> MOR-Al2-AgY-O2-CH3 (substrate=zeolite)

[919/9762] reaction_id=919: MOR-Al2-AgYO2H-CH4 -> MOR-Al2-AgYO2H-CH3 (substrate=zeolite)

[920/9762] reaction_id=920: MOR-Al2-AgY-O-CH4-1 -> MOR-Al2-AgY-O-CH3-AgAu-1-mod-CH3 (substrate=zeolite)

[921/9762] reaction_id=921: MOR-Al2-AuAg-O-CH4-1 -> MOR-Al2-AuAg-O-CH3-AgAu-1-mod-CH3 (substrate=zeolite)

[922/9762] reaction_id=922: MOR-Al2-AuCo-O2-CH4-1 -> MOR-Al2-AuCo-O2-CH3 (substrate=zeolite)

[923/9762] reaction_id=923: MOR-Al2-AuCoO2H-CH4 -> MOR-Al2-AuCoO2H-CH3 (substrate=zeolite)

[924/9762] reaction_id=924: MOR-Al2-AuCr-O2-CH4-1 -> MOR-Al2-AuCr-O2-CH3 (substrate=zeolite)

[925/9762] reaction_id=925: MOR-Al2-AuCrO2H-CH4 -> MOR-Al2-AuCrO2H-CH3 (substrate=zeolite)

[926/9762] reaction_id=926: MOR-Al2-AuCr-O-CH4-1 -> MOR-Al2-AuCr-O-CH3-AgAu-1-mod-CH3 (substrate=zeolite)

[927/9762] reaction_id=927: MOR-Al2-AuCu-O2-CH4-1 -> MOR-Al2-AuCu-O2-CH3 (substrate=zeolite)

[928/9762] reaction_id=928: MOR-Al2-AuFe-O2-CH4-1 -> MOR-Al2-AuFe-O2-CH3 (substrate=zeolite)

[929/9762] reaction_id=929: MOR-Al2-AuFeO2H-CH4 -> MOR-Al2-AuFeO2H-CH3 (substrate=zeolite)

[930/9762] reaction_id=930: MOR-Al2-AuIr-O2-CH4-1 -> MOR-Al2-AuIr-O2-CH3 (substrate=zeolite)

[931/9762] reaction_id=931: MOR-Al2-AuIrO2H-CH4 -> MOR-Al2-AuIrO2H-CH3 (substrate=zeolite)

[932/9762] reaction_id=932: MOR-Al2-AuMo-O2-CH4-1 -> MOR-Al2-AuMo-O2-CH3 (substrate=zeolite)

[933/9762] reaction_id=933: MOR-Al2-AuMoO2H-CH4 -> MOR-Al2-AuMoO2H-CH3 (substrate=zeolite)

[934/9762] reaction_id=934: MOR-Al2-AuMo-O-CH4-1 -> MOR-Al2-AuMo-O-CH3-AgAu-1-mod-CH3 (substrate=zeolite)

[935/9762] reaction_id=935: MOR-Al2-AuNb-O2-CH4-1 -> MOR-Al2-AuNb-O2-CH3 (substrate=zeolite)

[936/9762] reaction_id=936: MOR-Al2-AuNbO2H-CH4 -> MOR-Al2-AuNbO2H-CH3 (substrate=zeolite)

[937/9762] reaction_id=937: MOR-Al2-AuNb-O-CH4-1 -> MOR-Al2-AuNb-O-CH3-AgAu-1-mod-CH3 (substrate=zeolite)

[938/9762] reaction_id=938: MOR-Al2-AuNi-O-CH4-1 -> MOR-Al2-AuNi-O-CH3-AgAu-1-mod-CH3 (substrate=zeolite)

[939/9762] reaction_id=939: MOR-Al2-Au-OH-CH4-ZH-5 -> MOR-Al2-Au-OH-CH3-ZH (substrate=zeolite)

[940/9762] reaction_id=940: MOR-Al2-AuOs-O2-CH4-1 -> MOR-Al2-AuOs-O2-CH3 (substrate=zeolite)

[941/9762] reaction_id=941: MOR-Al2-AuOsO2H-CH4 -> MOR-Al2-AuOsO2H-CH3 (substrate=zeolite)

[942/9762] reaction_id=942: MOR-Al2-AuOs-O-CH4-1 -> MOR-Al2-AuOs-O-CH3-AgAu-1-mod-CH3 (substrate=zeolite)

[943/9762] reaction_id=943: MOR-Al2-AuPt-O2-CH4-1 -> MOR-Al2-AuPt-O2-CH3 (substrate=zeolite)

[944/9762] reaction_id=944: MOR-Al2-AuPtO2H-CH4 -> MOR-Al2-AuPtO2H-CH3 (substrate=zeolite)

[945/9762] reaction_id=945: MOR-Al2-AuRh-O-CH4-1 -> MOR-Al2-AuRh-O-CH3-AgAu-1-mod-CH3 (substrate=zeolite)

[946/9762] reaction_id=946: MOR-Al2-AuRu-O2-CH4-1 -> MOR-Al2-AuRu-O2-CH3 (substrate=zeolite)

[947/9762] reaction_id=947: MOR-Al2-AuRuO2H-CH4 -> MOR-Al2-AuRuO2H-CH3 (substrate=zeolite)

[948/9762] reaction_id=948: MOR-Al2-AuRu-O-CH4-1 -> MOR-Al2-AuRu-O-CH3-AgAu-1-mod-CH3 (substrate=zeolite)

[949/9762] reaction_id=949: MOR-Al2-AuSc-O2-CH4-1 -> MOR-Al2-AuSc-O2-CH3 (substrate=zeolite)

[950/9762] reaction_id=950: MOR-Al2-AuScO2H-CH4 -> MOR-Al2-AuScO2H-CH3 (substrate=zeolite)

[951/9762] reaction_id=951: MOR-Al2-AuSc-O-CH4-1 -> MOR-Al2-AuSc-O-CH3-AgAu-1-mod-CH3 (substrate=zeolite)

[952/9762] reaction_id=952: MOR-Al2-AuV-O2-CH4-1 -> MOR-Al2-AuV-O2-CH3 (substrate=zeolite)

[953/9762] reaction_id=953: MOR-Al2-AuVO2H-CH4 -> MOR-Al2-AuVO2H-CH3 (substrate=zeolite)

[954/9762] reaction_id=954: MOR-Al2-AuV-O-CH4-1 -> MOR-Al2-AuV-O-CH3-AgAu-1-mod-CH3 (substrate=zeolite)

[955/9762] reaction_id=955: MOR-Al2-AuY-O2-CH4-1 -> MOR-Al2-AuY-O2-CH3 (substrate=zeolite)

[956/9762] reaction_id=956: MOR-Al2-AuYO2H-CH4 -> MOR-Al2-AuYO2H-CH3 (substrate=zeolite)

[957/9762] reaction_id=957: MOR-Al2-AuY-O-CH4-1 -> MOR-Al2-AuY-O-CH3-AgAu-1-mod-CH3 (substrate=zeolite)

[958/9762] reaction_id=958: MOR-Al2-CoCr-O2-CH4-1 -> MOR-Al2-CoCr-O2-CH3 (substrate=zeolite)

[959/9762] reaction_id=959: MOR-Al2-CoCrO2H-CH4 -> MOR-Al2-CoCrO2H-CH3 (substrate=zeolite)

[960/9762] reaction_id=960: MOR-Al2-CoCr-O-CH4-1 -> MOR-Al2-CoCr-O-CH3-AgAu-1-mod-CH3 (substrate=zeolite)

[961/9762] reaction_id=961: MOR-Al2-CoFeO2H-CH4 -> MOR-Al2-CoFeO2H-CH3 (substrate=zeolite)

[962/9762] reaction_id=962: MOR-Al2-CoIr-O-CH4-1 -> MOR-Al2-CoIr-O-CH3-AgAu-1-mod-CH3 (substrate=zeolite)

[963/9762] reaction_id=963: MOR-Al2-CoMo-O2-CH4-1 -> MOR-Al2-CoMo-O2-CH3 (substrate=zeolite)

[964/9762] reaction_id=964: MOR-Al2-CoMoO2H-CH4 -> MOR-Al2-CoMoO2H-CH3 (substrate=zeolite)

[965/9762] reaction_id=965: MOR-Al2-CoMo-O-CH4-1 -> MOR-Al2-CoMo-O-CH3-AgAu-1-mod-CH3 (substrate=zeolite)

[966/9762] reaction_id=966: MOR-Al2-CoNb-O2-CH4-1 -> MOR-Al2-CoNb-O2-CH3 (substrate=zeolite)

[967/9762] reaction_id=967: MOR-Al2-CoNbO2H-CH4 -> MOR-Al2-CoNbO2H-CH3 (substrate=zeolite)

[968/9762] reaction_id=968: MOR-Al2-CoNb-O-CH4-1 -> MOR-Al2-CoNb-O-CH3-AgAu-1-mod-CH3 (substrate=zeolite)

[969/9762] reaction_id=969: MOR-Al2-CoNi-O2-CH4-1 -> MOR-Al2-CoNi-O2-CH3 (substrate=zeolite)

[970/9762] reaction_id=970: MOR-Al2-CoNi-O-CH4-1 -> MOR-Al2-CoNi-O-CH3-AgAu-1-mod-CH3 (substrate=zeolite)

[971/9762] reaction_id=971: MOR-Al2-CoOs-O2-CH4-1 -> MOR-Al2-CoOs-O2-CH3 (substrate=zeolite)

[972/9762] reaction_id=972: MOR-Al2-CoOsO2H-CH4 -> MOR-Al2-CoOsO2H-CH3 (substrate=zeolite)

[973/9762] reaction_id=973: MOR-Al2-CoPt-O2-CH4-1 -> MOR-Al2-CoPt-O2-CH3 (substrate=zeolite)

[974/9762] reaction_id=974: MOR-Al2-CoPt-O-CH4-1 -> MOR-Al2-CoPt-O-CH3-AgAu-1-mod-CH3 (substrate=zeolite)

[975/9762] reaction_id=975: MOR-Al2-CoRhO2H-CH4 -> MOR-Al2-CoRhO2H-CH3 (substrate=zeolite)

[976/9762] reaction_id=976: MOR-Al2-CoRh-O-CH4-1 -> MOR-Al2-CoRh-O-CH3-AgAu-1-mod-CH3 (substrate=zeolite)

[977/9762] reaction_id=977: MOR-Al2-CoRu-O-CH4-1 -> MOR-Al2-CoRu-O-CH3-AgAu-1-mod-CH3 (substrate=zeolite)

[978/9762] reaction_id=978: MOR-Al2-CoSc-O2-CH4-1 -> MOR-Al2-CoSc-O2-CH3 (substrate=zeolite)

[979/9762] reaction_id=979: MOR-Al2-CoScO2H-CH4 -> MOR-Al2-CoScO2H-CH3 (substrate=zeolite)

[980/9762] reaction_id=980: MOR-Al2-CoSc-O-CH4-1 -> MOR-Al2-CoSc-O-CH3-AgAu-1-mod-CH3 (substrate=zeolite)

[981/9762] reaction_id=981: MOR-Al2-CoV-O2-CH4-1 -> MOR-Al2-CoV-O2-CH3 (substrate=zeolite)

[982/9762] reaction_id=982: MOR-Al2-CoVO2H-CH4 -> MOR-Al2-CoVO2H-CH3 (substrate=zeolite)

[983/9762] reaction_id=983: MOR-Al2-CoV-O-CH4-1 -> MOR-Al2-CoV-O-CH3-AgAu-1-mod-CH3 (substrate=zeolite)

[984/9762] reaction_id=984: MOR-Al2-CoY-O2-CH4-1 -> MOR-Al2-CoY-O2-CH3 (substrate=zeolite)

[985/9762] reaction_id=985: MOR-Al2-CoYO2H-CH4 -> MOR-Al2-CoYO2H-CH3 (substrate=zeolite)

[986/9762] reaction_id=986: MOR-Al2-CoY-O-CH4-1 -> MOR-Al2-CoY-O-CH3-AgAu-1-mod-CH3 (substrate=zeolite)

[987/9762] reaction_id=987: MOR-Al2-CrAg-O2-CH4-1 -> MOR-Al2-CrAg-O2-CH3 (substrate=zeolite)

[988/9762] reaction_id=988: MOR-Al2-CrAgO2H-CH4 -> MOR-Al2-CrAgO2H-CH3 (substrate=zeolite)

[989/9762] reaction_id=989: MOR-Al2-CrAg-O-CH4-1 -> MOR-Al2-CrAg-O-CH3-AgAu-1-mod-CH3 (substrate=zeolite)

[990/9762] reaction_id=990: MOR-Al2-CrAu-O2-CH4-1 -> MOR-Al2-CrAu-O2-CH3 (substrate=zeolite)

[991/9762] reaction_id=991: MOR-Al2-CrAuO2H-CH4 -> MOR-Al2-CrAuO2H-CH3 (substrate=zeolite)

[992/9762] reaction_id=992: MOR-Al2-CrAu-O-CH4-1 -> MOR-Al2-CrAu-O-CH3-AgAu-1-mod-CH3 (substrate=zeolite)

[993/9762] reaction_id=993: MOR-Al2-CrCo-O2-CH4-1 -> MOR-Al2-CrCo-O2-CH3 (substrate=zeolite)

[994/9762] reaction_id=994: MOR-Al2-CrCoO2H-CH4 -> MOR-Al2-CrCoO2H-CH3 (substrate=zeolite)

[995/9762] reaction_id=995: MOR-Al2-CrCo-O-CH4-1 -> MOR-Al2-CrCo-O-CH3-AgAu-1-mod-CH3 (substrate=zeolite)

[996/9762] reaction_id=996: MOR-Al2-CrCu-O2-CH4-1 -> MOR-Al2-CrCu-O2-CH3 (substrate=zeolite)

[997/9762] reaction_id=997: MOR-Al2-CrCuO2H-CH4 -> MOR-Al2-CrCuO2H-CH3 (substrate=zeolite)

[998/9762] reaction_id=998: MOR-Al2-CrCu-O-CH4-1 -> MOR-Al2-CrCu-O-CH3-AgAu-1-mod-CH3 (substrate=zeolite)

[999/9762] reaction_id=999: MOR-Al2-CrFe-O2-CH4-1 -> MOR-Al2-CrFe-O2-CH3 (substrate=zeolite)

[1000/9762] reaction_id=1000: MOR-Al2-CrFeO2H-CH4 -> MOR-Al2-CrFeO2H-CH3 (substrate=zeolite)

[1001/9762] reaction_id=1001: MOR-Al2-CrFe-O-CH4-1 -> MOR-Al2-CrFe-O-CH3-AgAu-1-mod-CH3 (substrate=zeolite)

[1002/9762] reaction_id=1002: MOR-Al2-CrIr-O2-CH4-1 -> MOR-Al2-CrIr-O2-CH3 (substrate=zeolite)

[1003/9762] reaction_id=1003: MOR-Al2-CrIrO2H-CH4 -> MOR-Al2-CrIrO2H-CH3 (substrate=zeolite)

[1004/9762] reaction_id=1004: MOR-Al2-CrIr-O-CH4-1 -> MOR-Al2-CrIr-O-CH3-AgAu-1-mod-CH3 (substrate=zeolite)

[1005/9762] reaction_id=1005: MOR-Al2-CrMo-O2-CH4-1 -> MOR-Al2-CrMo-O2-CH3 (substrate=zeolite)

[1006/9762] reaction_id=1006: MOR-Al2-CrMoO2H-CH4 -> MOR-Al2-CrMoO2H-CH3 (substrate=zeolite)

[1007/9762] reaction_id=1007: MOR-Al2-CrMo-O-CH4-1 -> MOR-Al2-CrMo-O-CH3-AgAu-1-mod-CH3 (substrate=zeolite)

[1008/9762] reaction_id=1008: MOR-Al2-CrNbO2H-CH4 -> MOR-Al2-CrNbO2H-CH3 (substrate=zeolite)

[1009/9762] reaction_id=1009: MOR-Al2-CrNb-O-CH4-1 -> MOR-Al2-CrNb-O-CH3-AgAu-1-mod-CH3 (substrate=zeolite)

[1010/9762] reaction_id=1010: MOR-Al2-CrNi-O2-CH4-1 -> MOR-Al2-CrNi-O2-CH3 (substrate=zeolite)

[1011/9762] reaction_id=1011: MOR-Al2-CrNiO2H-CH4 -> MOR-Al2-CrNiO2H-CH3 (substrate=zeolite)

[1012/9762] reaction_id=1012: MOR-Al2-CrNi-O-CH4-1 -> MOR-Al2-CrNi-O-CH3-AgAu-1-mod-CH3 (substrate=zeolite)

[1013/9762] reaction_id=1013: MOR-Al2-CrOs-O2-CH4-1 -> MOR-Al2-CrOs-O2-CH3 (substrate=zeolite)

[1014/9762] reaction_id=1014: MOR-Al2-CrOsO2H-CH4 -> MOR-Al2-CrOsO2H-CH3 (substrate=zeolite)

[1015/9762] reaction_id=1015: MOR-Al2-CrOs-O-CH4-1 -> MOR-Al2-CrOs-O-CH3-AgAu-1-mod-CH3 (substrate=zeolite)

[1016/9762] reaction_id=1016: MOR-Al2-CrPd-O2-CH4-1 -> MOR-Al2-CrPd-O2-CH3 (substrate=zeolite)

[1017/9762] reaction_id=1017: MOR-Al2-CrPdO2H-CH4 -> MOR-Al2-CrPdO2H-CH3 (substrate=zeolite)

[1018/9762] reaction_id=1018: MOR-Al2-CrPd-O-CH4-1 -> MOR-Al2-CrPd-O-CH3-AgAu-1-mod-CH3 (substrate=zeolite)

[1019/9762] reaction_id=1019: MOR-Al2-CrPt-O2-CH4-1 -> MOR-Al2-CrPt-O2-CH3 (substrate=zeolite)

[1020/9762] reaction_id=1020: MOR-Al2-CrPtO2H-CH4 -> MOR-Al2-CrPtO2H-CH3 (substrate=zeolite)

[1021/9762] reaction_id=1021: MOR-Al2-CrPt-O-CH4-1 -> MOR-Al2-CrPt-O-CH3-AgAu-1-mod-CH3 (substrate=zeolite)

[1022/9762] reaction_id=1022: MOR-Al2-CrRh-O2-CH4-1 -> MOR-Al2-CrRh-O2-CH3 (substrate=zeolite)

[1023/9762] reaction_id=1023: MOR-Al2-CrRhO2H-CH4 -> MOR-Al2-CrRhO2H-CH3 (substrate=zeolite)

[1024/9762] reaction_id=1024: MOR-Al2-CrRh-O-CH4-1 -> MOR-Al2-CrRh-O-CH3-AgAu-1-mod-CH3 (substrate=zeolite)

[1025/9762] reaction_id=1025: MOR-Al2-CrRu-O2-CH4-1 -> MOR-Al2-CrRu-O2-CH3 (substrate=zeolite)

[1026/9762] reaction_id=1026: MOR-Al2-CrRuO2H-CH4 -> MOR-Al2-CrRuO2H-CH3 (substrate=zeolite)

[1027/9762] reaction_id=1027: MOR-Al2-CrRu-O-CH4-1 -> MOR-Al2-CrRu-O-CH3-AgAu-1-mod-CH3 (substrate=zeolite)

[1028/9762] reaction_id=1028: MOR-Al2-CrSc-O2-CH4-1 -> MOR-Al2-CrSc-O2-CH3 (substrate=zeolite)

[1029/9762] reaction_id=1029: MOR-Al2-CrScO2H-CH4 -> MOR-Al2-CrScO2H-CH3 (substrate=zeolite)

[1030/9762] reaction_id=1030: MOR-Al2-CrSc-O-CH4-1 -> MOR-Al2-CrSc-O-CH3-AgAu-1-mod-CH3 (substrate=zeolite)

[1031/9762] reaction_id=1031: MOR-Al2-CrV-O2-CH4-1 -> MOR-Al2-CrV-O2-CH3 (substrate=zeolite)

[1032/9762] reaction_id=1032: MOR-Al2-CrVO2H-CH4 -> MOR-Al2-CrVO2H-CH3 (substrate=zeolite)

[1033/9762] reaction_id=1033: MOR-Al2-CrV-O-CH4-1 -> MOR-Al2-CrV-O-CH3-AgAu-1-mod-CH3 (substrate=zeolite)

[1034/9762] reaction_id=1034: MOR-Al2-CrY-O2-CH4-1 -> MOR-Al2-CrY-O2-CH3 (substrate=zeolite)

[1035/9762] reaction_id=1035: MOR-Al2-CrYO2H-CH4 -> MOR-Al2-CrYO2H-CH3 (substrate=zeolite)

[1036/9762] reaction_id=1036: MOR-Al2-CrY-O-CH4-1 -> MOR-Al2-CrY-O-CH3-AgAu-1-mod-CH3 (substrate=zeolite)

[1037/9762] reaction_id=1037: MOR-Al2-CuAg-O2-CH4-1 -> MOR-Al2-CuAg-O2-CH3 (substrate=zeolite)

[1038/9762] reaction_id=1038: MOR-Al2-CuAgO2H-CH4 -> MOR-Al2-CuAgO2H-CH3 (substrate=zeolite)

[1039/9762] reaction_id=1039: MOR-Al2-CuAg-O-CH4-1 -> MOR-Al2-CuAg-O-CH3-AgAu-1-mod-CH3 (substrate=zeolite)

[1040/9762] reaction_id=1040: MOR-Al2-CuAu-O2-CH4-1 -> MOR-Al2-CuAu-O2-CH3 (substrate=zeolite)

[1041/9762] reaction_id=1041: MOR-Al2-CuAuO2H-CH4 -> MOR-Al2-CuAuO2H-CH3 (substrate=zeolite)

[1042/9762] reaction_id=1042: MOR-Al2-CuAu-O-CH4-1 -> MOR-Al2-CuAu-O-CH3-AgAu-1-mod-CH3 (substrate=zeolite)

[1043/9762] reaction_id=1043: MOR-Al2-CuCo-O2-CH4-1 -> MOR-Al2-CuCo-O2-CH3 (substrate=zeolite)

[1044/9762] reaction_id=1044: MOR-Al2-CuCoO2H-CH4 -> MOR-Al2-CuCoO2H-CH3 (substrate=zeolite)

[1045/9762] reaction_id=1045: MOR-Al2-CuCo-O-CH4-1 -> MOR-Al2-CuCo-O-CH3-AgAu-1-mod-CH3 (substrate=zeolite)

[1046/9762] reaction_id=1046: MOR-Al2-CuCr-O2-CH4-1 -> MOR-Al2-CuCr-O2-CH3 (substrate=zeolite)

[1047/9762] reaction_id=1047: MOR-Al2-CuCrO2H-CH4 -> MOR-Al2-CuCrO2H-CH3 (substrate=zeolite)

[1048/9762] reaction_id=1048: MOR-Al2-CuCr-O-CH4-1 -> MOR-Al2-CuCr-O-CH3-AgAu-1-mod-CH3 (substrate=zeolite)

[1049/9762] reaction_id=1049: MOR-Al2-CuFe-O2-CH4-1 -> MOR-Al2-CuFe-O2-CH3 (substrate=zeolite)

[1050/9762] reaction_id=1050: MOR-Al2-CuFeO2H-CH4 -> MOR-Al2-CuFeO2H-CH3 (substrate=zeolite)

[1051/9762] reaction_id=1051: MOR-Al2-CuFe-O-CH4-1 -> MOR-Al2-CuFe-O-CH3-AgAu-1-mod-CH3 (substrate=zeolite)

[1052/9762] reaction_id=1052: MOR-Al2-CuIr-O2-CH4-1 -> MOR-Al2-CuIr-O2-CH3 (substrate=zeolite)

[1053/9762] reaction_id=1053: MOR-Al2-CuIrO2H-CH4 -> MOR-Al2-CuIrO2H-CH3 (substrate=zeolite)

[1054/9762] reaction_id=1054: MOR-Al2-CuIr-O-CH4-1 -> MOR-Al2-CuIr-O-CH3-AgAu-1-mod-CH3 (substrate=zeolite)

[1055/9762] reaction_id=1055: MOR-Al2-CuMo-O2-CH4-1 -> MOR-Al2-CuMo-O2-CH3 (substrate=zeolite)

[1056/9762] reaction_id=1056: MOR-Al2-CuMoO2H-CH4 -> MOR-Al2-CuMoO2H-CH3 (substrate=zeolite)

[1057/9762] reaction_id=1057: MOR-Al2-CuMo-O-CH4-1 -> MOR-Al2-CuMo-O-CH3-AgAu-1-mod-CH3 (substrate=zeolite)

[1058/9762] reaction_id=1058: MOR-Al2-CuNb-O2-CH4-1 -> MOR-Al2-CuNb-O2-CH3 (substrate=zeolite)

[1059/9762] reaction_id=1059: MOR-Al2-CuNbO2H-CH4 -> MOR-Al2-CuNbO2H-CH3 (substrate=zeolite)

[1060/9762] reaction_id=1060: MOR-Al2-CuNb-O-CH4-1 -> MOR-Al2-CuNb-O-CH3-AgAu-1-mod-CH3 (substrate=zeolite)

[1061/9762] reaction_id=1061: MOR-Al2-CuNi-O2-CH4-1 -> MOR-Al2-CuNi-O2-CH3 (substrate=zeolite)

[1062/9762] reaction_id=1062: MOR-Al2-CuNiO2H-CH4 -> MOR-Al2-CuNiO2H-CH3 (substrate=zeolite)

[1063/9762] reaction_id=1063: MOR-Al2-CuNi-O-CH4-1 -> MOR-Al2-CuNi-O-CH3-AgAu-1-mod-CH3 (substrate=zeolite)

[1064/9762] reaction_id=1064: MOR-Al2-CuOs-O2-CH4-1 -> MOR-Al2-CuOs-O2-CH3 (substrate=zeolite)

[1065/9762] reaction_id=1065: MOR-Al2-CuOsO2H-CH4 -> MOR-Al2-CuOsO2H-CH3 (substrate=zeolite)

[1066/9762] reaction_id=1066: MOR-Al2-CuOs-O-CH4-1 -> MOR-Al2-CuOs-O-CH3-AgAu-1-mod-CH3 (substrate=zeolite)

[1067/9762] reaction_id=1067: MOR-Al2-CuPd-O2-CH4-1 -> MOR-Al2-CuPd-O2-CH3 (substrate=zeolite)

[1068/9762] reaction_id=1068: MOR-Al2-CuPdO2H-CH4 -> MOR-Al2-CuPdO2H-CH3 (substrate=zeolite)

[1069/9762] reaction_id=1069: MOR-Al2-CuPd-O-CH4-1 -> MOR-Al2-CuPd-O-CH3-AgAu-1-mod-CH3 (substrate=zeolite)

[1070/9762] reaction_id=1070: MOR-Al2-CuPt-O2-CH4-1 -> MOR-Al2-CuPt-O2-CH3 (substrate=zeolite)

[1071/9762] reaction_id=1071: MOR-Al2-CuPtO2H-CH4 -> MOR-Al2-CuPtO2H-CH3 (substrate=zeolite)

[1072/9762] reaction_id=1072: MOR-Al2-CuPt-O-CH4-1 -> MOR-Al2-CuPt-O-CH3-AgAu-1-mod-CH3 (substrate=zeolite)

[1073/9762] reaction_id=1073: MOR-Al2-CuRh-O2-CH4-1 -> MOR-Al2-CuRh-O2-CH3 (substrate=zeolite)

[1074/9762] reaction_id=1074: MOR-Al2-CuRhO2H-CH4 -> MOR-Al2-CuRhO2H-CH3 (substrate=zeolite)

[1075/9762] reaction_id=1075: MOR-Al2-CuRh-O-CH4-1 -> MOR-Al2-CuRh-O-CH3-AgAu-1-mod-CH3 (substrate=zeolite)

[1076/9762] reaction_id=1076: MOR-Al2-CuRu-O2-CH4-1 -> MOR-Al2-CuRu-O2-CH3 (substrate=zeolite)

[1077/9762] reaction_id=1077: MOR-Al2-CuRuO2H-CH4 -> MOR-Al2-CuRuO2H-CH3 (substrate=zeolite)

[1078/9762] reaction_id=1078: MOR-Al2-CuRu-O-CH4-1 -> MOR-Al2-CuRu-O-CH3-AgAu-1-mod-CH3 (substrate=zeolite)

[1079/9762] reaction_id=1079: MOR-Al2-CuSc-O2-CH4-1 -> MOR-Al2-CuSc-O2-CH3 (substrate=zeolite)

[1080/9762] reaction_id=1080: MOR-Al2-CuScO2H-CH4 -> MOR-Al2-CuScO2H-CH3 (substrate=zeolite)

[1081/9762] reaction_id=1081: MOR-Al2-CuSc-O-CH4-1 -> MOR-Al2-CuSc-O-CH3-AgAu-1-mod-CH3 (substrate=zeolite)

[1082/9762] reaction_id=1082: MOR-Al2-CuV-O2-CH4-1 -> MOR-Al2-CuV-O2-CH3 (substrate=zeolite)

[1083/9762] reaction_id=1083: MOR-Al2-CuVO2H-CH4 -> MOR-Al2-CuVO2H-CH3 (substrate=zeolite)

[1084/9762] reaction_id=1084: MOR-Al2-CuV-O-CH4-1 -> MOR-Al2-CuV-O-CH3-AgAu-1-mod-CH3 (substrate=zeolite)

[1085/9762] reaction_id=1085: MOR-Al2-CuY-O2-CH4-1 -> MOR-Al2-CuY-O2-CH3 (substrate=zeolite)

[1086/9762] reaction_id=1086: MOR-Al2-CuYO2H-CH4 -> MOR-Al2-CuYO2H-CH3 (substrate=zeolite)

[1087/9762] reaction_id=1087: MOR-Al2-CuY-O-CH4-1 -> MOR-Al2-CuY-O-CH3-AgAu-1-mod-CH3 (substrate=zeolite)

[1088/9762] reaction_id=1088: MOR-Al2-FeAg-O2-CH4-1 -> MOR-Al2-FeAg-O2-CH3 (substrate=zeolite)

[1089/9762] reaction_id=1089: MOR-Al2-FeAgO2H-CH4 -> MOR-Al2-FeAgO2H-CH3 (substrate=zeolite)

[1090/9762] reaction_id=1090: MOR-Al2-FeAg-O-CH4-1 -> MOR-Al2-FeAg-O-CH3-AgAu-1-mod-CH3 (substrate=zeolite)

[1091/9762] reaction_id=1091: MOR-Al2-FeAu-O2-CH4-1 -> MOR-Al2-FeAu-O2-CH3 (substrate=zeolite)

[1092/9762] reaction_id=1092: MOR-Al2-FeAuO2H-CH4 -> MOR-Al2-FeAuO2H-CH3 (substrate=zeolite)

[1093/9762] reaction_id=1093: MOR-Al2-FeAu-O-CH4-1 -> MOR-Al2-FeAu-O-CH3-AgAu-1-mod-CH3 (substrate=zeolite)

[1094/9762] reaction_id=1094: MOR-Al2-FeCo-O2-CH4-1 -> MOR-Al2-FeCo-O2-CH3 (substrate=zeolite)

[1095/9762] reaction_id=1095: MOR-Al2-FeCoO2H-CH4 -> MOR-Al2-FeCoO2H-CH3 (substrate=zeolite)

[1096/9762] reaction_id=1096: MOR-Al2-FeCo-O-CH4-1 -> MOR-Al2-FeCo-O-CH3-AgAu-1-mod-CH3 (substrate=zeolite)

[1097/9762] reaction_id=1097: MOR-Al2-FeCr-O2-CH4-1 -> MOR-Al2-FeCr-O2-CH3 (substrate=zeolite)

[1098/9762] reaction_id=1098: MOR-Al2-FeCrO2H-CH4 -> MOR-Al2-FeCrO2H-CH3 (substrate=zeolite)

[1099/9762] reaction_id=1099: MOR-Al2-FeCr-O-CH4-1 -> MOR-Al2-FeCr-O-CH3-AgAu-1-mod-CH3 (substrate=zeolite)

[1100/9762] reaction_id=1100: MOR-Al2-FeCu-O2-CH4-1 -> MOR-Al2-FeCu-O2-CH3 (substrate=zeolite)

[1101/9762] reaction_id=1101: MOR-Al2-FeCuO2H-CH4 -> MOR-Al2-FeCuO2H-CH3 (substrate=zeolite)

[1102/9762] reaction_id=1102: MOR-Al2-FeCu-O-CH4-1 -> MOR-Al2-FeCu-O-CH3-AgAu-1-mod-CH3 (substrate=zeolite)

[1103/9762] reaction_id=1103: MOR-Al2-FeIr-O2-CH4-1 -> MOR-Al2-FeIr-O2-CH3 (substrate=zeolite)

[1104/9762] reaction_id=1104: MOR-Al2-FeIrO2H-CH4 -> MOR-Al2-FeIrO2H-CH3 (substrate=zeolite)

[1105/9762] reaction_id=1105: MOR-Al2-FeIr-O-CH4-1 -> MOR-Al2-FeIr-O-CH3-AgAu-1-mod-CH3 (substrate=zeolite)

[1106/9762] reaction_id=1106: MOR-Al2-FeMo-O2-CH4-1 -> MOR-Al2-FeMo-O2-CH3 (substrate=zeolite)

[1107/9762] reaction_id=1107: MOR-Al2-FeMoO2H-CH4 -> MOR-Al2-FeMoO2H-CH3 (substrate=zeolite)

[1108/9762] reaction_id=1108: MOR-Al2-FeMo-O-CH4-1 -> MOR-Al2-FeMo-O-CH3-AgAu-1-mod-CH3 (substrate=zeolite)

[1109/9762] reaction_id=1109: MOR-Al2-FeNb-O2-CH4-1 -> MOR-Al2-FeNb-O2-CH3 (substrate=zeolite)

[1110/9762] reaction_id=1110: MOR-Al2-FeNbO2H-CH4 -> MOR-Al2-FeNbO2H-CH3 (substrate=zeolite)

[1111/9762] reaction_id=1111: MOR-Al2-FeNb-O-CH4-1 -> MOR-Al2-FeNb-O-CH3-AgAu-1-mod-CH3 (substrate=zeolite)

[1112/9762] reaction_id=1112: MOR-Al2-FeNi-O2-CH4-1 -> MOR-Al2-FeNi-O2-CH3 (substrate=zeolite)

[1113/9762] reaction_id=1113: MOR-Al2-FeNiO2H-CH4 -> MOR-Al2-FeNiO2H-CH3 (substrate=zeolite)

[1114/9762] reaction_id=1114: MOR-Al2-FeNi-O-CH4-1 -> MOR-Al2-FeNi-O-CH3-AgAu-1-mod-CH3 (substrate=zeolite)

[1115/9762] reaction_id=1115: MOR-Al2-FeOs-O2-CH4-1 -> MOR-Al2-FeOs-O2-CH3 (substrate=zeolite)

[1116/9762] reaction_id=1116: MOR-Al2-FeOsO2H-CH4 -> MOR-Al2-FeOsO2H-CH3 (substrate=zeolite)

[1117/9762] reaction_id=1117: MOR-Al2-FeOs-O-CH4-1 -> MOR-Al2-FeOs-O-CH3-AgAu-1-mod-CH3 (substrate=zeolite)

[1118/9762] reaction_id=1118: MOR-Al2-FePd-O2-CH4-1 -> MOR-Al2-FePd-O2-CH3 (substrate=zeolite)

[1119/9762] reaction_id=1119: MOR-Al2-FePdO2H-CH4 -> MOR-Al2-FePdO2H-CH3 (substrate=zeolite)

[1120/9762] reaction_id=1120: MOR-Al2-FePd-O-CH4-1 -> MOR-Al2-FePd-O-CH3-AgAu-1-mod-CH3 (substrate=zeolite)

[1121/9762] reaction_id=1121: MOR-Al2-FePt-O2-CH4-1 -> MOR-Al2-FePt-O2-CH3 (substrate=zeolite)

[1122/9762] reaction_id=1122: MOR-Al2-FePtO2H-CH4 -> MOR-Al2-FePtO2H-CH3 (substrate=zeolite)

[1123/9762] reaction_id=1123: MOR-Al2-FePt-O-CH4-1 -> MOR-Al2-FePt-O-CH3-AgAu-1-mod-CH3 (substrate=zeolite)

[1124/9762] reaction_id=1124: MOR-Al2-FeRh-O2-CH4-1 -> MOR-Al2-FeRh-O2-CH3 (substrate=zeolite)

[1125/9762] reaction_id=1125: MOR-Al2-FeRhO2H-CH4 -> MOR-Al2-FeRhO2H-CH3 (substrate=zeolite)

[1126/9762] reaction_id=1126: MOR-Al2-FeRh-O-CH4-1 -> MOR-Al2-FeRh-O-CH3-AgAu-1-mod-CH3 (substrate=zeolite)

[1127/9762] reaction_id=1127: MOR-Al2-FeRu-O2-CH4-1 -> MOR-Al2-FeRu-O2-CH3 (substrate=zeolite)

[1128/9762] reaction_id=1128: MOR-Al2-FeRuO2H-CH4 -> MOR-Al2-FeRuO2H-CH3 (substrate=zeolite)

[1129/9762] reaction_id=1129: MOR-Al2-FeRu-O-CH4-1 -> MOR-Al2-FeRu-O-CH3-AgAu-1-mod-CH3 (substrate=zeolite)

[1130/9762] reaction_id=1130: MOR-Al2-FeSc-O2-CH4-1 -> MOR-Al2-FeSc-O2-CH3 (substrate=zeolite)

[1131/9762] reaction_id=1131: MOR-Al2-FeScO2H-CH4 -> MOR-Al2-FeScO2H-CH3 (substrate=zeolite)

[1132/9762] reaction_id=1132: MOR-Al2-FeSc-O-CH4-1 -> MOR-Al2-FeSc-O-CH3-AgAu-1-mod-CH3 (substrate=zeolite)

[1133/9762] reaction_id=1133: MOR-Al2-FeV-O2-CH4-1 -> MOR-Al2-FeV-O2-CH3 (substrate=zeolite)

[1134/9762] reaction_id=1134: MOR-Al2-FeVO2H-CH4 -> MOR-Al2-FeVO2H-CH3 (substrate=zeolite)

[1135/9762] reaction_id=1135: MOR-Al2-FeV-O-CH4-1 -> MOR-Al2-FeV-O-CH3-AgAu-1-mod-CH3 (substrate=zeolite)

[1136/9762] reaction_id=1136: MOR-Al2-FeY-O2-CH4-1 -> MOR-Al2-FeY-O2-CH3 (substrate=zeolite)

[1137/9762] reaction_id=1137: MOR-Al2-FeYO2H-CH4 -> MOR-Al2-FeYO2H-CH3 (substrate=zeolite)

[1138/9762] reaction_id=1138: MOR-Al2-FeY-O-CH4-1 -> MOR-Al2-FeY-O-CH3-AgAu-1-mod-CH3 (substrate=zeolite)

[1139/9762] reaction_id=1139: MOR-Al2-IrAg-O2-CH4-1 -> MOR-Al2-IrAg-O2-CH3 (substrate=zeolite)

[1140/9762] reaction_id=1140: MOR-Al2-IrAgO2H-CH4 -> MOR-Al2-IrAgO2H-CH3 (substrate=zeolite)

[1141/9762] reaction_id=1141: MOR-Al2-IrAg-O-CH4-1 -> MOR-Al2-IrAg-O-CH3-AgAu-1-mod-CH3 (substrate=zeolite)

[1142/9762] reaction_id=1142: MOR-Al2-IrAu-O2-CH4-1 -> MOR-Al2-IrAu-O2-CH3 (substrate=zeolite)

[1143/9762] reaction_id=1143: MOR-Al2-IrAuO2H-CH4 -> MOR-Al2-IrAuO2H-CH3 (substrate=zeolite)

[1144/9762] reaction_id=1144: MOR-Al2-IrAu-O-CH4-1 -> MOR-Al2-IrAu-O-CH3-AgAu-1-mod-CH3 (substrate=zeolite)

[1145/9762] reaction_id=1145: MOR-Al2-IrCo-O2-CH4-1 -> MOR-Al2-IrCo-O2-CH3 (substrate=zeolite)

[1146/9762] reaction_id=1146: MOR-Al2-IrCoO2H-CH4 -> MOR-Al2-IrCoO2H-CH3 (substrate=zeolite)

[1147/9762] reaction_id=1147: MOR-Al2-IrCo-O-CH4-1 -> MOR-Al2-IrCo-O-CH3-AgAu-1-mod-CH3 (substrate=zeolite)

[1148/9762] reaction_id=1148: MOR-Al2-IrCr-O2-CH4-1 -> MOR-Al2-IrCr-O2-CH3 (substrate=zeolite)

[1149/9762] reaction_id=1149: MOR-Al2-IrCrO2H-CH4 -> MOR-Al2-IrCrO2H-CH3 (substrate=zeolite)

[1150/9762] reaction_id=1150: MOR-Al2-IrCr-O-CH4-1 -> MOR-Al2-IrCr-O-CH3-AgAu-1-mod-CH3 (substrate=zeolite)

[1151/9762] reaction_id=1151: MOR-Al2-IrCu-O2-CH4-1 -> MOR-Al2-IrCu-O2-CH3 (substrate=zeolite)

[1152/9762] reaction_id=1152: MOR-Al2-IrCuO2H-CH4 -> MOR-Al2-IrCuO2H-CH3 (substrate=zeolite)

[1153/9762] reaction_id=1153: MOR-Al2-IrCu-O-CH4-1 -> MOR-Al2-IrCu-O-CH3-AgAu-1-mod-CH3 (substrate=zeolite)

[1154/9762] reaction_id=1154: MOR-Al2-IrFe-O2-CH4-1 -> MOR-Al2-IrFe-O2-CH3 (substrate=zeolite)

[1155/9762] reaction_id=1155: MOR-Al2-IrFeO2H-CH4 -> MOR-Al2-IrFeO2H-CH3 (substrate=zeolite)

[1156/9762] reaction_id=1156: MOR-Al2-IrFe-O-CH4-1 -> MOR-Al2-IrFe-O-CH3-AgAu-1-mod-CH3 (substrate=zeolite)

[1157/9762] reaction_id=1157: MOR-Al2-IrMo-O2-CH4-1 -> MOR-Al2-IrMo-O2-CH3 (substrate=zeolite)

[1158/9762] reaction_id=1158: MOR-Al2-IrMoO2H-CH4 -> MOR-Al2-IrMoO2H-CH3 (substrate=zeolite)

[1159/9762] reaction_id=1159: MOR-Al2-IrMo-O-CH4-1 -> MOR-Al2-IrMo-O-CH3-AgAu-1-mod-CH3 (substrate=zeolite)

[1160/9762] reaction_id=1160: MOR-Al2-IrNb-O2-CH4-1 -> MOR-Al2-IrNb-O2-CH3 (substrate=zeolite)

[1161/9762] reaction_id=1161: MOR-Al2-IrNbO2H-CH4 -> MOR-Al2-IrNbO2H-CH3 (substrate=zeolite)

[1162/9762] reaction_id=1162: MOR-Al2-IrNb-O-CH4-1 -> MOR-Al2-IrNb-O-CH3-AgAu-1-mod-CH3 (substrate=zeolite)

[1163/9762] reaction_id=1163: MOR-Al2-IrNi-O2-CH4-1 -> MOR-Al2-IrNi-O2-CH3 (substrate=zeolite)

[1164/9762] reaction_id=1164: MOR-Al2-IrNiO2H-CH4 -> MOR-Al2-IrNiO2H-CH3 (substrate=zeolite)

[1165/9762] reaction_id=1165: MOR-Al2-IrNi-O-CH4-1 -> MOR-Al2-IrNi-O-CH3-AgAu-1-mod-CH3 (substrate=zeolite)

[1166/9762] reaction_id=1166: MOR-Al2-IrOs-O2-CH4-1 -> MOR-Al2-IrOs-O2-CH3 (substrate=zeolite)

[1167/9762] reaction_id=1167: MOR-Al2-IrOsO2H-CH4 -> MOR-Al2-IrOsO2H-CH3 (substrate=zeolite)

[1168/9762] reaction_id=1168: MOR-Al2-IrOs-O-CH4-1 -> MOR-Al2-IrOs-O-CH3-AgAu-1-mod-CH3 (substrate=zeolite)

[1169/9762] reaction_id=1169: MOR-Al2-IrPd-O2-CH4-1 -> MOR-Al2-IrPd-O2-CH3 (substrate=zeolite)

[1170/9762] reaction_id=1170: MOR-Al2-IrPdO2H-CH4 -> MOR-Al2-IrPdO2H-CH3 (substrate=zeolite)

[1171/9762] reaction_id=1171: MOR-Al2-IrPd-O-CH4-1 -> MOR-Al2-IrPd-O-CH3-AgAu-1-mod-CH3 (substrate=zeolite)

[1172/9762] reaction_id=1172: MOR-Al2-IrPt-O2-CH4-1 -> MOR-Al2-IrPt-O2-CH3 (substrate=zeolite)

[1173/9762] reaction_id=1173: MOR-Al2-IrPtO2H-CH4 -> MOR-Al2-IrPtO2H-CH3 (substrate=zeolite)

[1174/9762] reaction_id=1174: MOR-Al2-IrPt-O-CH4-1 -> MOR-Al2-IrPt-O-CH3-AgAu-1-mod-CH3 (substrate=zeolite)

[1175/9762] reaction_id=1175: MOR-Al2-IrRh-O2-CH4-1 -> MOR-Al2-IrRh-O2-CH3 (substrate=zeolite)

[1176/9762] reaction_id=1176: MOR-Al2-IrRhO2H-CH4 -> MOR-Al2-IrRhO2H-CH3 (substrate=zeolite)

[1177/9762] reaction_id=1177: MOR-Al2-IrRh-O-CH4-1 -> MOR-Al2-IrRh-O-CH3-AgAu-1-mod-CH3 (substrate=zeolite)

[1178/9762] reaction_id=1178: MOR-Al2-IrRu-O2-CH4-1 -> MOR-Al2-IrRu-O2-CH3 (substrate=zeolite)

[1179/9762] reaction_id=1179: MOR-Al2-IrRuO2H-CH4 -> MOR-Al2-IrRuO2H-CH3 (substrate=zeolite)

[1180/9762] reaction_id=1180: MOR-Al2-IrRu-O-CH4-1 -> MOR-Al2-IrRu-O-CH3-AgAu-1-mod-CH3 (substrate=zeolite)

[1181/9762] reaction_id=1181: MOR-Al2-IrSc-O2-CH4-1 -> MOR-Al2-IrSc-O2-CH3 (substrate=zeolite)

[1182/9762] reaction_id=1182: MOR-Al2-IrScO2H-CH4 -> MOR-Al2-IrScO2H-CH3 (substrate=zeolite)

[1183/9762] reaction_id=1183: MOR-Al2-IrSc-O-CH4-1 -> MOR-Al2-IrSc-O-CH3-AgAu-1-mod-CH3 (substrate=zeolite)

[1184/9762] reaction_id=1184: MOR-Al2-IrV-O2-CH4-1 -> MOR-Al2-IrV-O2-CH3 (substrate=zeolite)

[1185/9762] reaction_id=1185: MOR-Al2-IrVO2H-CH4 -> MOR-Al2-IrVO2H-CH3 (substrate=zeolite)

[1186/9762] reaction_id=1186: MOR-Al2-IrV-O-CH4-1 -> MOR-Al2-IrV-O-CH3-AgAu-1-mod-CH3 (substrate=zeolite)

[1187/9762] reaction_id=1187: MOR-Al2-IrY-O2-CH4-1 -> MOR-Al2-IrY-O2-CH3 (substrate=zeolite)

[1188/9762] reaction_id=1188: MOR-Al2-IrYO2H-CH4 -> MOR-Al2-IrYO2H-CH3 (substrate=zeolite)

[1189/9762] reaction_id=1189: MOR-Al2-IrY-O-CH4-1 -> MOR-Al2-IrY-O-CH3-AgAu-1-mod-CH3 (substrate=zeolite)

[1190/9762] reaction_id=1190: MOR-Al2-MoAg-O2-CH4-1 -> MOR-Al2-MoAg-O2-CH3 (substrate=zeolite)

[1191/9762] reaction_id=1191: MOR-Al2-MoAgO2H-CH4 -> MOR-Al2-MoAgO2H-CH3 (substrate=zeolite)

[1192/9762] reaction_id=1192: MOR-Al2-MoAg-O-CH4-1 -> MOR-Al2-MoAg-O-CH3-AgAu-1-mod-CH3 (substrate=zeolite)

[1193/9762] reaction_id=1193: MOR-Al2-MoAu-O2-CH4-1 -> MOR-Al2-MoAu-O2-CH3 (substrate=zeolite)

[1194/9762] reaction_id=1194: MOR-Al2-MoAuO2H-CH4 -> MOR-Al2-MoAuO2H-CH3 (substrate=zeolite)

[1195/9762] reaction_id=1195: MOR-Al2-MoAu-O-CH4-1 -> MOR-Al2-MoAu-O-CH3-AgAu-1-mod-CH3 (substrate=zeolite)

[1196/9762] reaction_id=1196: MOR-Al2-MoCo-O2-CH4-1 -> MOR-Al2-MoCo-O2-CH3 (substrate=zeolite)

[1197/9762] reaction_id=1197: MOR-Al2-MoCoO2H-CH4 -> MOR-Al2-MoCoO2H-CH3 (substrate=zeolite)

[1198/9762] reaction_id=1198: MOR-Al2-MoCo-O-CH4-1 -> MOR-Al2-MoCo-O-CH3-AgAu-1-mod-CH3 (substrate=zeolite)

[1199/9762] reaction_id=1199: MOR-Al2-MoCr-O2-CH4-1 -> MOR-Al2-MoCr-O2-CH3 (substrate=zeolite)

[1200/9762] reaction_id=1200: MOR-Al2-MoCrO2H-CH4 -> MOR-Al2-MoCrO2H-CH3 (substrate=zeolite)

[1201/9762] reaction_id=1201: MOR-Al2-MoCr-O-CH4-1 -> MOR-Al2-MoCr-O-CH3-AgAu-1-mod-CH3 (substrate=zeolite)

[1202/9762] reaction_id=1202: MOR-Al2-MoCu-O2-CH4-1 -> MOR-Al2-MoCu-O2-CH3 (substrate=zeolite)

[1203/9762] reaction_id=1203: MOR-Al2-MoCuO2H-CH4 -> MOR-Al2-MoCuO2H-CH3 (substrate=zeolite)

[1204/9762] reaction_id=1204: MOR-Al2-MoCu-O-CH4-1 -> MOR-Al2-MoCu-O-CH3-AgAu-1-mod-CH3 (substrate=zeolite)

[1205/9762] reaction_id=1205: MOR-Al2-MoFe-O2-CH4-1 -> MOR-Al2-MoFe-O2-CH3 (substrate=zeolite)

[1206/9762] reaction_id=1206: MOR-Al2-MoFeO2H-CH4 -> MOR-Al2-MoFeO2H-CH3 (substrate=zeolite)

[1207/9762] reaction_id=1207: MOR-Al2-MoFe-O-CH4-1 -> MOR-Al2-MoFe-O-CH3-AgAu-1-mod-CH3 (substrate=zeolite)

[1208/9762] reaction_id=1208: MOR-Al2-MoIr-O2-CH4-1 -> MOR-Al2-MoIr-O2-CH3 (substrate=zeolite)

[1209/9762] reaction_id=1209: MOR-Al2-MoIrO2H-CH4 -> MOR-Al2-MoIrO2H-CH3 (substrate=zeolite)

[1210/9762] reaction_id=1210: MOR-Al2-MoIr-O-CH4-1 -> MOR-Al2-MoIr-O-CH3-AgAu-1-mod-CH3 (substrate=zeolite)

[1211/9762] reaction_id=1211: MOR-Al2-MoMoO2H-CH4 -> MOR-Al2-MoMoO2H-CH3 (substrate=zeolite)

[1212/9762] reaction_id=1212: MOR-Al2-MoNb-O2-CH4-1 -> MOR-Al2-MoNb-O2-CH3 (substrate=zeolite)

[1213/9762] reaction_id=1213: MOR-Al2-MoNbO2H-CH4 -> MOR-Al2-MoNbO2H-CH3 (substrate=zeolite)

[1214/9762] reaction_id=1214: MOR-Al2-MoNb-O-CH4-1 -> MOR-Al2-MoNb-O-CH3-AgAu-1-mod-CH3 (substrate=zeolite)

[1215/9762] reaction_id=1215: MOR-Al2-MoNi-O2-CH4-1 -> MOR-Al2-MoNi-O2-CH3 (substrate=zeolite)

[1216/9762] reaction_id=1216: MOR-Al2-MoNiO2H-CH4 -> MOR-Al2-MoNiO2H-CH3 (substrate=zeolite)

[1217/9762] reaction_id=1217: MOR-Al2-MoNi-O-CH4-1 -> MOR-Al2-MoNi-O-CH3-AgAu-1-mod-CH3 (substrate=zeolite)

[1218/9762] reaction_id=1218: MOR-Al2-Mo-OH-CH4-ZH-3 -> MOR-Al2-Mo-OH-CH3-ZH (substrate=zeolite)

[1219/9762] reaction_id=1219: MOR-Al2-MoOs-O2-CH4-1 -> MOR-Al2-MoOs-O2-CH3 (substrate=zeolite)

[1220/9762] reaction_id=1220: MOR-Al2-MoOsO2H-CH4 -> MOR-Al2-MoOsO2H-CH3 (substrate=zeolite)

[1221/9762] reaction_id=1221: MOR-Al2-MoOs-O-CH4-1 -> MOR-Al2-MoOs-O-CH3-AgAu-1-mod-CH3 (substrate=zeolite)

[1222/9762] reaction_id=1222: MOR-Al2-MoPd-O2-CH4-1 -> MOR-Al2-MoPd-O2-CH3 (substrate=zeolite)

[1223/9762] reaction_id=1223: MOR-Al2-MoPdO2H-CH4 -> MOR-Al2-MoPdO2H-CH3 (substrate=zeolite)

[1224/9762] reaction_id=1224: MOR-Al2-MoPd-O-CH4-1 -> MOR-Al2-MoPd-O-CH3-AgAu-1-mod-CH3 (substrate=zeolite)

[1225/9762] reaction_id=1225: MOR-Al2-MoPt-O2-CH4-1 -> MOR-Al2-MoPt-O2-CH3 (substrate=zeolite)

[1226/9762] reaction_id=1226: MOR-Al2-MoPtO2H-CH4 -> MOR-Al2-MoPtO2H-CH3 (substrate=zeolite)

[1227/9762] reaction_id=1227: MOR-Al2-MoPt-O-CH4-1 -> MOR-Al2-MoPt-O-CH3-AgAu-1-mod-CH3 (substrate=zeolite)

[1228/9762] reaction_id=1228: MOR-Al2-MoRh-O2-CH4-1 -> MOR-Al2-MoRh-O2-CH3 (substrate=zeolite)

[1229/9762] reaction_id=1229: MOR-Al2-MoRhO2H-CH4 -> MOR-Al2-MoRhO2H-CH3 (substrate=zeolite)

[1230/9762] reaction_id=1230: MOR-Al2-MoRh-O-CH4-1 -> MOR-Al2-MoRh-O-CH3-AgAu-1-mod-CH3 (substrate=zeolite)

[1231/9762] reaction_id=1231: MOR-Al2-MoRu-O2-CH4-1 -> MOR-Al2-MoRu-O2-CH3 (substrate=zeolite)

[1232/9762] reaction_id=1232: MOR-Al2-MoRuO2H-CH4 -> MOR-Al2-MoRuO2H-CH3 (substrate=zeolite)

[1233/9762] reaction_id=1233: MOR-Al2-MoRu-O-CH4-1 -> MOR-Al2-MoRu-O-CH3-AgAu-1-mod-CH3 (substrate=zeolite)

[1234/9762] reaction_id=1234: MOR-Al2-MoSc-O2-CH4-1 -> MOR-Al2-MoSc-O2-CH3 (substrate=zeolite)

[1235/9762] reaction_id=1235: MOR-Al2-MoScO2H-CH4 -> MOR-Al2-MoScO2H-CH3 (substrate=zeolite)

[1236/9762] reaction_id=1236: MOR-Al2-MoSc-O-CH4-1 -> MOR-Al2-MoSc-O-CH3-AgAu-1-mod-CH3 (substrate=zeolite)

[1237/9762] reaction_id=1237: MOR-Al2-MoV-O2-CH4-1 -> MOR-Al2-MoV-O2-CH3 (substrate=zeolite)

[1238/9762] reaction_id=1238: MOR-Al2-MoVO2H-CH4 -> MOR-Al2-MoVO2H-CH3 (substrate=zeolite)

[1239/9762] reaction_id=1239: MOR-Al2-MoV-O-CH4-1 -> MOR-Al2-MoV-O-CH3-AgAu-1-mod-CH3 (substrate=zeolite)

[1240/9762] reaction_id=1240: MOR-Al2-MoY-O2-CH4-1 -> MOR-Al2-MoY-O2-CH3 (substrate=zeolite)

[1241/9762] reaction_id=1241: MOR-Al2-MoYO2H-CH4 -> MOR-Al2-MoYO2H-CH3 (substrate=zeolite)

[1242/9762] reaction_id=1242: MOR-Al2-MoY-O-CH4-1 -> MOR-Al2-MoY-O-CH3-AgAu-1-mod-CH3 (substrate=zeolite)

[1243/9762] reaction_id=1243: MOR-Al2-NbAg-O2-CH4-1 -> MOR-Al2-NbAg-O2-CH3 (substrate=zeolite)

[1244/9762] reaction_id=1244: MOR-Al2-NbAgO2H-CH4 -> MOR-Al2-NbAgO2H-CH3 (substrate=zeolite)

[1245/9762] reaction_id=1245: MOR-Al2-NbAg-O-CH4-1 -> MOR-Al2-NbAg-O-CH3-AgAu-1-mod-CH3 (substrate=zeolite)

[1246/9762] reaction_id=1246: MOR-Al2-NbAu-O2-CH4-1 -> MOR-Al2-NbAu-O2-CH3 (substrate=zeolite)

[1247/9762] reaction_id=1247: MOR-Al2-NbAuO2H-CH4 -> MOR-Al2-NbAuO2H-CH3 (substrate=zeolite)

[1248/9762] reaction_id=1248: MOR-Al2-NbAu-O-CH4-1 -> MOR-Al2-NbAu-O-CH3-AgAu-1-mod-CH3 (substrate=zeolite)

[1249/9762] reaction_id=1249: MOR-Al2-NbCo-O2-CH4-1 -> MOR-Al2-NbCo-O2-CH3 (substrate=zeolite)

[1250/9762] reaction_id=1250: MOR-Al2-NbCoO2H-CH4 -> MOR-Al2-NbCoO2H-CH3 (substrate=zeolite)

[1251/9762] reaction_id=1251: MOR-Al2-NbCo-O-CH4-1 -> MOR-Al2-NbCo-O-CH3-AgAu-1-mod-CH3 (substrate=zeolite)

[1252/9762] reaction_id=1252: MOR-Al2-NbCrO2H-CH4 -> MOR-Al2-NbCrO2H-CH3 (substrate=zeolite)

[1253/9762] reaction_id=1253: MOR-Al2-NbCr-O-CH4-1 -> MOR-Al2-NbCr-O-CH3-AgAu-1-mod-CH3 (substrate=zeolite)

[1254/9762] reaction_id=1254: MOR-Al2-NbCu-O2-CH4-1 -> MOR-Al2-NbCu-O2-CH3 (substrate=zeolite)

[1255/9762] reaction_id=1255: MOR-Al2-NbCuO2H-CH4 -> MOR-Al2-NbCuO2H-CH3 (substrate=zeolite)

[1256/9762] reaction_id=1256: MOR-Al2-NbCu-O-CH4-1 -> MOR-Al2-NbCu-O-CH3-AgAu-1-mod-CH3 (substrate=zeolite)

[1257/9762] reaction_id=1257: MOR-Al2-NbFe-O2-CH4-1 -> MOR-Al2-NbFe-O2-CH3 (substrate=zeolite)

[1258/9762] reaction_id=1258: MOR-Al2-NbFeO2H-CH4 -> MOR-Al2-NbFeO2H-CH3 (substrate=zeolite)

[1259/9762] reaction_id=1259: MOR-Al2-NbFe-O-CH4-1 -> MOR-Al2-NbFe-O-CH3-AgAu-1-mod-CH3 (substrate=zeolite)

[1260/9762] reaction_id=1260: MOR-Al2-NbIr-O2-CH4-1 -> MOR-Al2-NbIr-O2-CH3 (substrate=zeolite)

[1261/9762] reaction_id=1261: MOR-Al2-NbIrO2H-CH4 -> MOR-Al2-NbIrO2H-CH3 (substrate=zeolite)

[1262/9762] reaction_id=1262: MOR-Al2-NbIr-O-CH4-1 -> MOR-Al2-NbIr-O-CH3-AgAu-1-mod-CH3 (substrate=zeolite)

[1263/9762] reaction_id=1263: MOR-Al2-NbMo-O2-CH4-1 -> MOR-Al2-NbMo-O2-CH3 (substrate=zeolite)

[1264/9762] reaction_id=1264: MOR-Al2-NbMoO2H-CH4 -> MOR-Al2-NbMoO2H-CH3 (substrate=zeolite)

[1265/9762] reaction_id=1265: MOR-Al2-NbMo-O-CH4-1 -> MOR-Al2-NbMo-O-CH3-AgAu-1-mod-CH3 (substrate=zeolite)

[1266/9762] reaction_id=1266: MOR-Al2-NbNb-O2-CH4-1 -> MOR-Al2-NbNb-O2-CH3 (substrate=zeolite)

[1267/9762] reaction_id=1267: MOR-Al2-NbNbO2H-CH4 -> MOR-Al2-NbNbO2H-CH3 (substrate=zeolite)

[1268/9762] reaction_id=1268: MOR-Al2-NbNb-O-CH4-1 -> MOR-Al2-NbNb-O-CH3-AgAu-1-mod-CH3 (substrate=zeolite)

[1269/9762] reaction_id=1269: MOR-Al2-NbNi-O2-CH4-1 -> MOR-Al2-NbNi-O2-CH3 (substrate=zeolite)

[1270/9762] reaction_id=1270: MOR-Al2-NbNiO2H-CH4 -> MOR-Al2-NbNiO2H-CH3 (substrate=zeolite)

[1271/9762] reaction_id=1271: MOR-Al2-NbNi-O-CH4-1 -> MOR-Al2-NbNi-O-CH3-AgAu-1-mod-CH3 (substrate=zeolite)

[1272/9762] reaction_id=1272: MOR-Al2-NbOs-O2-CH4-1 -> MOR-Al2-NbOs-O2-CH3 (substrate=zeolite)

[1273/9762] reaction_id=1273: MOR-Al2-NbOsO2H-CH4 -> MOR-Al2-NbOsO2H-CH3 (substrate=zeolite)

[1274/9762] reaction_id=1274: MOR-Al2-NbOs-O-CH4-1 -> MOR-Al2-NbOs-O-CH3-AgAu-1-mod-CH3 (substrate=zeolite)

[1275/9762] reaction_id=1275: MOR-Al2-NbPd-O2-CH4-1 -> MOR-Al2-NbPd-O2-CH3 (substrate=zeolite)

[1276/9762] reaction_id=1276: MOR-Al2-NbPdO2H-CH4 -> MOR-Al2-NbPdO2H-CH3 (substrate=zeolite)

[1277/9762] reaction_id=1277: MOR-Al2-NbPd-O-CH4-1 -> MOR-Al2-NbPd-O-CH3-AgAu-1-mod-CH3 (substrate=zeolite)

[1278/9762] reaction_id=1278: MOR-Al2-NbPt-O2-CH4-1 -> MOR-Al2-NbPt-O2-CH3 (substrate=zeolite)

[1279/9762] reaction_id=1279: MOR-Al2-NbPtO2H-CH4 -> MOR-Al2-NbPtO2H-CH3 (substrate=zeolite)

[1280/9762] reaction_id=1280: MOR-Al2-NbPt-O-CH4-1 -> MOR-Al2-NbPt-O-CH3-AgAu-1-mod-CH3 (substrate=zeolite)

[1281/9762] reaction_id=1281: MOR-Al2-NbRh-O2-CH4-1 -> MOR-Al2-NbRh-O2-CH3 (substrate=zeolite)

[1282/9762] reaction_id=1282: MOR-Al2-NbRhO2H-CH4 -> MOR-Al2-NbRhO2H-CH3 (substrate=zeolite)

[1283/9762] reaction_id=1283: MOR-Al2-NbRh-O-CH4-1 -> MOR-Al2-NbRh-O-CH3-AgAu-1-mod-CH3 (substrate=zeolite)

[1284/9762] reaction_id=1284: MOR-Al2-NbRu-O2-CH4-1 -> MOR-Al2-NbRu-O2-CH3 (substrate=zeolite)

[1285/9762] reaction_id=1285: MOR-Al2-NbRuO2H-CH4 -> MOR-Al2-NbRuO2H-CH3 (substrate=zeolite)

[1286/9762] reaction_id=1286: MOR-Al2-NbRu-O-CH4-1 -> MOR-Al2-NbRu-O-CH3-AgAu-1-mod-CH3 (substrate=zeolite)

[1287/9762] reaction_id=1287: MOR-Al2-NbSc-O2-CH4-1 -> MOR-Al2-NbSc-O2-CH3 (substrate=zeolite)

[1288/9762] reaction_id=1288: MOR-Al2-NbScO2H-CH4 -> MOR-Al2-NbScO2H-CH3 (substrate=zeolite)

[1289/9762] reaction_id=1289: MOR-Al2-NbSc-O-CH4-1 -> MOR-Al2-NbSc-O-CH3-AgAu-1-mod-CH3 (substrate=zeolite)

[1290/9762] reaction_id=1290: MOR-Al2-NbV-O2-CH4-1 -> MOR-Al2-NbV-O2-CH3 (substrate=zeolite)

[1291/9762] reaction_id=1291: MOR-Al2-NbVO2H-CH4 -> MOR-Al2-NbVO2H-CH3 (substrate=zeolite)

[1292/9762] reaction_id=1292: MOR-Al2-NbV-O-CH4-1 -> MOR-Al2-NbV-O-CH3-AgAu-1-mod-CH3 (substrate=zeolite)

[1293/9762] reaction_id=1293: MOR-Al2-NbY-O2-CH4-1 -> MOR-Al2-NbY-O2-CH3 (substrate=zeolite)

[1294/9762] reaction_id=1294: MOR-Al2-NbYO2H-CH4 -> MOR-Al2-NbYO2H-CH3 (substrate=zeolite)

[1295/9762] reaction_id=1295: MOR-Al2-NbY-O-CH4-1 -> MOR-Al2-NbY-O-CH3-AgAu-1-mod-CH3 (substrate=zeolite)

[1296/9762] reaction_id=1296: MOR-Al2-NiAg-O2-CH4-1 -> MOR-Al2-NiAg-O2-CH3 (substrate=zeolite)

[1297/9762] reaction_id=1297: MOR-Al2-NiAgO2H-CH4 -> MOR-Al2-NiAgO2H-CH3 (substrate=zeolite)

[1298/9762] reaction_id=1298: MOR-Al2-NiAg-O-CH4-1 -> MOR-Al2-NiAg-O-CH3-AgAu-1-mod-CH3 (substrate=zeolite)

[1299/9762] reaction_id=1299: MOR-Al2-NiAu-O2-CH4-1 -> MOR-Al2-NiAu-O2-CH3 (substrate=zeolite)

[1300/9762] reaction_id=1300: MOR-Al2-NiAuO2H-CH4 -> MOR-Al2-NiAuO2H-CH3 (substrate=zeolite)

[1301/9762] reaction_id=1301: MOR-Al2-NiAu-O-CH4-1 -> MOR-Al2-NiAu-O-CH3-AgAu-1-mod-CH3 (substrate=zeolite)

[1302/9762] reaction_id=1302: MOR-Al2-NiCo-O2-CH4-1 -> MOR-Al2-NiCo-O2-CH3 (substrate=zeolite)

[1303/9762] reaction_id=1303: MOR-Al2-NiCoO2H-CH4 -> MOR-Al2-NiCoO2H-CH3 (substrate=zeolite)

[1304/9762] reaction_id=1304: MOR-Al2-NiCo-O-CH4-1 -> MOR-Al2-NiCo-O-CH3-AgAu-1-mod-CH3 (substrate=zeolite)

[1305/9762] reaction_id=1305: MOR-Al2-NiCr-O2-CH4-1 -> MOR-Al2-NiCr-O2-CH3 (substrate=zeolite)

[1306/9762] reaction_id=1306: MOR-Al2-NiCrO2H-CH4 -> MOR-Al2-NiCrO2H-CH3 (substrate=zeolite)

[1307/9762] reaction_id=1307: MOR-Al2-NiCr-O-CH4-1 -> MOR-Al2-NiCr-O-CH3-AgAu-1-mod-CH3 (substrate=zeolite)

[1308/9762] reaction_id=1308: MOR-Al2-NiCu-O2-CH4-1 -> MOR-Al2-NiCu-O2-CH3 (substrate=zeolite)

[1309/9762] reaction_id=1309: MOR-Al2-NiCuO2H-CH4 -> MOR-Al2-NiCuO2H-CH3 (substrate=zeolite)

[1310/9762] reaction_id=1310: MOR-Al2-NiCu-O-CH4-1 -> MOR-Al2-NiCu-O-CH3-AgAu-1-mod-CH3 (substrate=zeolite)

[1311/9762] reaction_id=1311: MOR-Al2-NiFe-O2-CH4-1 -> MOR-Al2-NiFe-O2-CH3 (substrate=zeolite)

[1312/9762] reaction_id=1312: MOR-Al2-NiFeO2H-CH4 -> MOR-Al2-NiFeO2H-CH3 (substrate=zeolite)

[1313/9762] reaction_id=1313: MOR-Al2-NiFe-O-CH4-1 -> MOR-Al2-NiFe-O-CH3-AgAu-1-mod-CH3 (substrate=zeolite)

[1314/9762] reaction_id=1314: MOR-Al2-NiIr-O2-CH4-1 -> MOR-Al2-NiIr-O2-CH3 (substrate=zeolite)

[1315/9762] reaction_id=1315: MOR-Al2-NiIrO2H-CH4 -> MOR-Al2-NiIrO2H-CH3 (substrate=zeolite)

[1316/9762] reaction_id=1316: MOR-Al2-NiIr-O-CH4-1 -> MOR-Al2-NiIr-O-CH3-AgAu-1-mod-CH3 (substrate=zeolite)

[1317/9762] reaction_id=1317: MOR-Al2-NiMo-O2-CH4-1 -> MOR-Al2-NiMo-O2-CH3 (substrate=zeolite)

[1318/9762] reaction_id=1318: MOR-Al2-NiMoO2H-CH4 -> MOR-Al2-NiMoO2H-CH3 (substrate=zeolite)

[1319/9762] reaction_id=1319: MOR-Al2-NiMo-O-CH4-1 -> MOR-Al2-NiMo-O-CH3-AgAu-1-mod-CH3 (substrate=zeolite)

[1320/9762] reaction_id=1320: MOR-Al2-NiNb-O2-CH4-1 -> MOR-Al2-NiNb-O2-CH3 (substrate=zeolite)

[1321/9762] reaction_id=1321: MOR-Al2-NiNbO2H-CH4 -> MOR-Al2-NiNbO2H-CH3 (substrate=zeolite)

[1322/9762] reaction_id=1322: MOR-Al2-NiNb-O-CH4-1 -> MOR-Al2-NiNb-O-CH3-AgAu-1-mod-CH3 (substrate=zeolite)

[1323/9762] reaction_id=1323: MOR-Al2-NiOs-O2-CH4-1 -> MOR-Al2-NiOs-O2-CH3 (substrate=zeolite)

[1324/9762] reaction_id=1324: MOR-Al2-NiOsO2H-CH4 -> MOR-Al2-NiOsO2H-CH3 (substrate=zeolite)

[1325/9762] reaction_id=1325: MOR-Al2-NiOs-O-CH4-1 -> MOR-Al2-NiOs-O-CH3-AgAu-1-mod-CH3 (substrate=zeolite)

[1326/9762] reaction_id=1326: MOR-Al2-NiPd-O2-CH4-1 -> MOR-Al2-NiPd-O2-CH3 (substrate=zeolite)

[1327/9762] reaction_id=1327: MOR-Al2-NiPdO2H-CH4 -> MOR-Al2-NiPdO2H-CH3 (substrate=zeolite)

[1328/9762] reaction_id=1328: MOR-Al2-NiPd-O-CH4-1 -> MOR-Al2-NiPd-O-CH3-AgAu-1-mod-CH3 (substrate=zeolite)

[1329/9762] reaction_id=1329: MOR-Al2-NiPt-O2-CH4-1 -> MOR-Al2-NiPt-O2-CH3 (substrate=zeolite)

[1330/9762] reaction_id=1330: MOR-Al2-NiPtO2H-CH4 -> MOR-Al2-NiPtO2H-CH3 (substrate=zeolite)

[1331/9762] reaction_id=1331: MOR-Al2-NiPt-O-CH4-1 -> MOR-Al2-NiPt-O-CH3-AgAu-1-mod-CH3 (substrate=zeolite)

[1332/9762] reaction_id=1332: MOR-Al2-NiRh-O2-CH4-1 -> MOR-Al2-NiRh-O2-CH3 (substrate=zeolite)

[1333/9762] reaction_id=1333: MOR-Al2-NiRhO2H-CH4 -> MOR-Al2-NiRhO2H-CH3 (substrate=zeolite)

[1334/9762] reaction_id=1334: MOR-Al2-NiRh-O-CH4-1 -> MOR-Al2-NiRh-O-CH3-AgAu-1-mod-CH3 (substrate=zeolite)

[1335/9762] reaction_id=1335: MOR-Al2-NiRu-O2-CH4-1 -> MOR-Al2-NiRu-O2-CH3 (substrate=zeolite)

[1336/9762] reaction_id=1336: MOR-Al2-NiRuO2H-CH4 -> MOR-Al2-NiRuO2H-CH3 (substrate=zeolite)

[1337/9762] reaction_id=1337: MOR-Al2-NiRu-O-CH4-1 -> MOR-Al2-NiRu-O-CH3-AgAu-1-mod-CH3 (substrate=zeolite)

[1338/9762] reaction_id=1338: MOR-Al2-NiSc-O2-CH4-1 -> MOR-Al2-NiSc-O2-CH3 (substrate=zeolite)

[1339/9762] reaction_id=1339: MOR-Al2-NiScO2H-CH4 -> MOR-Al2-NiScO2H-CH3 (substrate=zeolite)

[1340/9762] reaction_id=1340: MOR-Al2-NiSc-O-CH4-1 -> MOR-Al2-NiSc-O-CH3-AgAu-1-mod-CH3 (substrate=zeolite)

[1341/9762] reaction_id=1341: MOR-Al2-NiV-O2-CH4-1 -> MOR-Al2-NiV-O2-CH3 (substrate=zeolite)

[1342/9762] reaction_id=1342: MOR-Al2-NiVO2H-CH4 -> MOR-Al2-NiVO2H-CH3 (substrate=zeolite)

[1343/9762] reaction_id=1343: MOR-Al2-NiV-O-CH4-1 -> MOR-Al2-NiV-O-CH3-AgAu-1-mod-CH3 (substrate=zeolite)

[1344/9762] reaction_id=1344: MOR-Al2-NiY-O2-CH4-1 -> MOR-Al2-NiY-O2-CH3 (substrate=zeolite)

[1345/9762] reaction_id=1345: MOR-Al2-NiYO2H-CH4 -> MOR-Al2-NiYO2H-CH3 (substrate=zeolite)

[1346/9762] reaction_id=1346: MOR-Al2-NiY-O-CH4-1 -> MOR-Al2-NiY-O-CH3-AgAu-1-mod-CH3 (substrate=zeolite)

[1347/9762] reaction_id=1347: MOR-Al2-OsAg-O2-CH4-1 -> MOR-Al2-OsAg-O2-CH3 (substrate=zeolite)

[1348/9762] reaction_id=1348: MOR-Al2-OsAgO2H-CH4 -> MOR-Al2-OsAgO2H-CH3 (substrate=zeolite)

[1349/9762] reaction_id=1349: MOR-Al2-OsAg-O-CH4-1 -> MOR-Al2-OsAg-O-CH3-AgAu-1-mod-CH3 (substrate=zeolite)

[1350/9762] reaction_id=1350: MOR-Al2-OsAu-O2-CH4-1 -> MOR-Al2-OsAu-O2-CH3 (substrate=zeolite)

[1351/9762] reaction_id=1351: MOR-Al2-OsAuO2H-CH4 -> MOR-Al2-OsAuO2H-CH3 (substrate=zeolite)

[1352/9762] reaction_id=1352: MOR-Al2-OsAu-O-CH4-1 -> MOR-Al2-OsAu-O-CH3-AgAu-1-mod-CH3 (substrate=zeolite)

[1353/9762] reaction_id=1353: MOR-Al2-OsCo-O2-CH4-1 -> MOR-Al2-OsCo-O2-CH3 (substrate=zeolite)

[1354/9762] reaction_id=1354: MOR-Al2-OsCoO2H-CH4 -> MOR-Al2-OsCoO2H-CH3 (substrate=zeolite)

[1355/9762] reaction_id=1355: MOR-Al2-OsCo-O-CH4-1 -> MOR-Al2-OsCo-O-CH3-AgAu-1-mod-CH3 (substrate=zeolite)

[1356/9762] reaction_id=1356: MOR-Al2-OsCr-O2-CH4-1 -> MOR-Al2-OsCr-O2-CH3 (substrate=zeolite)

[1357/9762] reaction_id=1357: MOR-Al2-OsCrO2H-CH4 -> MOR-Al2-OsCrO2H-CH3 (substrate=zeolite)

[1358/9762] reaction_id=1358: MOR-Al2-OsCr-O-CH4-1 -> MOR-Al2-OsCr-O-CH3-AgAu-1-mod-CH3 (substrate=zeolite)

[1359/9762] reaction_id=1359: MOR-Al2-OsCu-O2-CH4-1 -> MOR-Al2-OsCu-O2-CH3 (substrate=zeolite)

[1360/9762] reaction_id=1360: MOR-Al2-OsCuO2H-CH4 -> MOR-Al2-OsCuO2H-CH3 (substrate=zeolite)

[1361/9762] reaction_id=1361: MOR-Al2-OsCu-O-CH4-1 -> MOR-Al2-OsCu-O-CH3-AgAu-1-mod-CH3 (substrate=zeolite)

[1362/9762] reaction_id=1362: MOR-Al2-OsFe-O2-CH4-1 -> MOR-Al2-OsFe-O2-CH3 (substrate=zeolite)

[1363/9762] reaction_id=1363: MOR-Al2-OsFeO2H-CH4 -> MOR-Al2-OsFeO2H-CH3 (substrate=zeolite)

[1364/9762] reaction_id=1364: MOR-Al2-OsFe-O-CH4-1 -> MOR-Al2-OsFe-O-CH3-AgAu-1-mod-CH3 (substrate=zeolite)

[1365/9762] reaction_id=1365: MOR-Al2-OsIr-O2-CH4-1 -> MOR-Al2-OsIr-O2-CH3 (substrate=zeolite)

[1366/9762] reaction_id=1366: MOR-Al2-OsIrO2H-CH4 -> MOR-Al2-OsIrO2H-CH3 (substrate=zeolite)

[1367/9762] reaction_id=1367: MOR-Al2-OsIr-O-CH4-1 -> MOR-Al2-OsIr-O-CH3-AgAu-1-mod-CH3 (substrate=zeolite)

[1368/9762] reaction_id=1368: MOR-Al2-OsMo-O2-CH4-1 -> MOR-Al2-OsMo-O2-CH3 (substrate=zeolite)

[1369/9762] reaction_id=1369: MOR-Al2-OsMoO2H-CH4 -> MOR-Al2-OsMoO2H-CH3 (substrate=zeolite)

[1370/9762] reaction_id=1370: MOR-Al2-OsMo-O-CH4-1 -> MOR-Al2-OsMo-O-CH3-AgAu-1-mod-CH3 (substrate=zeolite)

[1371/9762] reaction_id=1371: MOR-Al2-OsNb-O2-CH4-1 -> MOR-Al2-OsNb-O2-CH3 (substrate=zeolite)

[1372/9762] reaction_id=1372: MOR-Al2-OsNbO2H-CH4 -> MOR-Al2-OsNbO2H-CH3 (substrate=zeolite)

[1373/9762] reaction_id=1373: MOR-Al2-OsNb-O-CH4-1 -> MOR-Al2-OsNb-O-CH3-AgAu-1-mod-CH3 (substrate=zeolite)

[1374/9762] reaction_id=1374: MOR-Al2-OsNi-O2-CH4-1 -> MOR-Al2-OsNi-O2-CH3 (substrate=zeolite)

[1375/9762] reaction_id=1375: MOR-Al2-OsNiO2H-CH4 -> MOR-Al2-OsNiO2H-CH3 (substrate=zeolite)

[1376/9762] reaction_id=1376: MOR-Al2-OsNi-O-CH4-1 -> MOR-Al2-OsNi-O-CH3-AgAu-1-mod-CH3 (substrate=zeolite)

[1377/9762] reaction_id=1377: MOR-Al2-OsPd-O2-CH4-1 -> MOR-Al2-OsPd-O2-CH3 (substrate=zeolite)

[1378/9762] reaction_id=1378: MOR-Al2-OsPdO2H-CH4 -> MOR-Al2-OsPdO2H-CH3 (substrate=zeolite)

[1379/9762] reaction_id=1379: MOR-Al2-OsPd-O-CH4-1 -> MOR-Al2-OsPd-O-CH3-AgAu-1-mod-CH3 (substrate=zeolite)

[1380/9762] reaction_id=1380: MOR-Al2-OsPt-O2-CH4-1 -> MOR-Al2-OsPt-O2-CH3 (substrate=zeolite)

[1381/9762] reaction_id=1381: MOR-Al2-OsPtO2H-CH4 -> MOR-Al2-OsPtO2H-CH3 (substrate=zeolite)

[1382/9762] reaction_id=1382: MOR-Al2-OsPt-O-CH4-1 -> MOR-Al2-OsPt-O-CH3-AgAu-1-mod-CH3 (substrate=zeolite)

[1383/9762] reaction_id=1383: MOR-Al2-OsRh-O2-CH4-1 -> MOR-Al2-OsRh-O2-CH3 (substrate=zeolite)

[1384/9762] reaction_id=1384: MOR-Al2-OsRhO2H-CH4 -> MOR-Al2-OsRhO2H-CH3 (substrate=zeolite)

[1385/9762] reaction_id=1385: MOR-Al2-OsRh-O-CH4-1 -> MOR-Al2-OsRh-O-CH3-AgAu-1-mod-CH3 (substrate=zeolite)

[1386/9762] reaction_id=1386: MOR-Al2-OsRu-O2-CH4-1 -> MOR-Al2-OsRu-O2-CH3 (substrate=zeolite)

[1387/9762] reaction_id=1387: MOR-Al2-OsRuO2H-CH4 -> MOR-Al2-OsRuO2H-CH3 (substrate=zeolite)

[1388/9762] reaction_id=1388: MOR-Al2-OsRu-O-CH4-1 -> MOR-Al2-OsRu-O-CH3-AgAu-1-mod-CH3 (substrate=zeolite)

[1389/9762] reaction_id=1389: MOR-Al2-OsSc-O2-CH4-1 -> MOR-Al2-OsSc-O2-CH3 (substrate=zeolite)

[1390/9762] reaction_id=1390: MOR-Al2-OsScO2H-CH4 -> MOR-Al2-OsScO2H-CH3 (substrate=zeolite)

[1391/9762] reaction_id=1391: MOR-Al2-OsSc-O-CH4-1 -> MOR-Al2-OsSc-O-CH3-AgAu-1-mod-CH3 (substrate=zeolite)

[1392/9762] reaction_id=1392: MOR-Al2-OsV-O2-CH4-1 -> MOR-Al2-OsV-O2-CH3 (substrate=zeolite)

[1393/9762] reaction_id=1393: MOR-Al2-OsVO2H-CH4 -> MOR-Al2-OsVO2H-CH3 (substrate=zeolite)

[1394/9762] reaction_id=1394: MOR-Al2-OsV-O-CH4-1 -> MOR-Al2-OsV-O-CH3-AgAu-1-mod-CH3 (substrate=zeolite)

[1395/9762] reaction_id=1395: MOR-Al2-OsY-O2-CH4-1 -> MOR-Al2-OsY-O2-CH3 (substrate=zeolite)

[1396/9762] reaction_id=1396: MOR-Al2-OsYO2H-CH4 -> MOR-Al2-OsYO2H-CH3 (substrate=zeolite)

[1397/9762] reaction_id=1397: MOR-Al2-OsY-O-CH4-1 -> MOR-Al2-OsY-O-CH3-AgAu-1-mod-CH3 (substrate=zeolite)

[1398/9762] reaction_id=1398: MOR-Al2-PdAg-O2-CH4-1 -> MOR-Al2-PdAg-O2-CH3 (substrate=zeolite)

[1399/9762] reaction_id=1399: MOR-Al2-PdAgO2H-CH4 -> MOR-Al2-PdAgO2H-CH3 (substrate=zeolite)

[1400/9762] reaction_id=1400: MOR-Al2-PdAg-O-CH4-1 -> MOR-Al2-PdAg-O-CH3-AgAu-1-mod-CH3 (substrate=zeolite)

[1401/9762] reaction_id=1401: MOR-Al2-PdAu-O2-CH4-1 -> MOR-Al2-PdAu-O2-CH3 (substrate=zeolite)

[1402/9762] reaction_id=1402: MOR-Al2-PdAuO2H-CH4 -> MOR-Al2-PdAuO2H-CH3 (substrate=zeolite)

[1403/9762] reaction_id=1403: MOR-Al2-PdAu-O-CH4-1 -> MOR-Al2-PdAu-O-CH3-AgAu-1-mod-CH3 (substrate=zeolite)

[1404/9762] reaction_id=1404: MOR-Al2-PdCo-O2-CH4-1 -> MOR-Al2-PdCo-O2-CH3 (substrate=zeolite)

[1405/9762] reaction_id=1405: MOR-Al2-PdCoO2H-CH4 -> MOR-Al2-PdCoO2H-CH3 (substrate=zeolite)

[1406/9762] reaction_id=1406: MOR-Al2-PdCo-O-CH4-1 -> MOR-Al2-PdCo-O-CH3-AgAu-1-mod-CH3 (substrate=zeolite)

[1407/9762] reaction_id=1407: MOR-Al2-PdCr-O2-CH4-1 -> MOR-Al2-PdCr-O2-CH3 (substrate=zeolite)

[1408/9762] reaction_id=1408: MOR-Al2-PdCrO2H-CH4 -> MOR-Al2-PdCrO2H-CH3 (substrate=zeolite)

[1409/9762] reaction_id=1409: MOR-Al2-PdCr-O-CH4-1 -> MOR-Al2-PdCr-O-CH3-AgAu-1-mod-CH3 (substrate=zeolite)

[1410/9762] reaction_id=1410: MOR-Al2-PdCu-O2-CH4-1 -> MOR-Al2-PdCu-O2-CH3 (substrate=zeolite)

[1411/9762] reaction_id=1411: MOR-Al2-PdCuO2H-CH4 -> MOR-Al2-PdCuO2H-CH3 (substrate=zeolite)

[1412/9762] reaction_id=1412: MOR-Al2-PdCu-O-CH4-1 -> MOR-Al2-PdCu-O-CH3-AgAu-1-mod-CH3 (substrate=zeolite)

[1413/9762] reaction_id=1413: MOR-Al2-PdFe-O2-CH4-1 -> MOR-Al2-PdFe-O2-CH3 (substrate=zeolite)

[1414/9762] reaction_id=1414: MOR-Al2-PdFeO2H-CH4 -> MOR-Al2-PdFeO2H-CH3 (substrate=zeolite)

[1415/9762] reaction_id=1415: MOR-Al2-PdFe-O-CH4-1 -> MOR-Al2-PdFe-O-CH3-AgAu-1-mod-CH3 (substrate=zeolite)

[1416/9762] reaction_id=1416: MOR-Al2-PdIr-O2-CH4-1 -> MOR-Al2-PdIr-O2-CH3 (substrate=zeolite)

[1417/9762] reaction_id=1417: MOR-Al2-PdIrO2H-CH4 -> MOR-Al2-PdIrO2H-CH3 (substrate=zeolite)

[1418/9762] reaction_id=1418: MOR-Al2-PdIr-O-CH4-1 -> MOR-Al2-PdIr-O-CH3-AgAu-1-mod-CH3 (substrate=zeolite)

[1419/9762] reaction_id=1419: MOR-Al2-PdMo-O2-CH4-1 -> MOR-Al2-PdMo-O2-CH3 (substrate=zeolite)

[1420/9762] reaction_id=1420: MOR-Al2-PdMoO2H-CH4 -> MOR-Al2-PdMoO2H-CH3 (substrate=zeolite)

[1421/9762] reaction_id=1421: MOR-Al2-PdMo-O-CH4-1 -> MOR-Al2-PdMo-O-CH3-AgAu-1-mod-CH3 (substrate=zeolite)

[1422/9762] reaction_id=1422: MOR-Al2-PdNb-O2-CH4-1 -> MOR-Al2-PdNb-O2-CH3 (substrate=zeolite)

[1423/9762] reaction_id=1423: MOR-Al2-PdNbO2H-CH4 -> MOR-Al2-PdNbO2H-CH3 (substrate=zeolite)

[1424/9762] reaction_id=1424: MOR-Al2-PdNb-O-CH4-1 -> MOR-Al2-PdNb-O-CH3-AgAu-1-mod-CH3 (substrate=zeolite)

[1425/9762] reaction_id=1425: MOR-Al2-PdNi-O2-CH4-1 -> MOR-Al2-PdNi-O2-CH3 (substrate=zeolite)

[1426/9762] reaction_id=1426: MOR-Al2-PdNiO2H-CH4 -> MOR-Al2-PdNiO2H-CH3 (substrate=zeolite)

[1427/9762] reaction_id=1427: MOR-Al2-PdNi-O-CH4-1 -> MOR-Al2-PdNi-O-CH3-AgAu-1-mod-CH3 (substrate=zeolite)

[1428/9762] reaction_id=1428: MOR-Al2-PdOs-O2-CH4-1 -> MOR-Al2-PdOs-O2-CH3 (substrate=zeolite)

[1429/9762] reaction_id=1429: MOR-Al2-PdOsO2H-CH4 -> MOR-Al2-PdOsO2H-CH3 (substrate=zeolite)

[1430/9762] reaction_id=1430: MOR-Al2-PdOs-O-CH4-1 -> MOR-Al2-PdOs-O-CH3-AgAu-1-mod-CH3 (substrate=zeolite)

[1431/9762] reaction_id=1431: MOR-Al2-PdPt-O2-CH4-1 -> MOR-Al2-PdPt-O2-CH3 (substrate=zeolite)

[1432/9762] reaction_id=1432: MOR-Al2-PdPtO2H-CH4 -> MOR-Al2-PdPtO2H-CH3 (substrate=zeolite)

[1433/9762] reaction_id=1433: MOR-Al2-PdPt-O-CH4-1 -> MOR-Al2-PdPt-O-CH3-AgAu-1-mod-CH3 (substrate=zeolite)

[1434/9762] reaction_id=1434: MOR-Al2-PdRh-O2-CH4-1 -> MOR-Al2-PdRh-O2-CH3 (substrate=zeolite)

[1435/9762] reaction_id=1435: MOR-Al2-PdRhO2H-CH4 -> MOR-Al2-PdRhO2H-CH3 (substrate=zeolite)

[1436/9762] reaction_id=1436: MOR-Al2-PdRh-O-CH4-1 -> MOR-Al2-PdRh-O-CH3-AgAu-1-mod-CH3 (substrate=zeolite)

[1437/9762] reaction_id=1437: MOR-Al2-PdRu-O2-CH4-1 -> MOR-Al2-PdRu-O2-CH3 (substrate=zeolite)

[1438/9762] reaction_id=1438: MOR-Al2-PdRuO2H-CH4 -> MOR-Al2-PdRuO2H-CH3 (substrate=zeolite)

[1439/9762] reaction_id=1439: MOR-Al2-PdRu-O-CH4-1 -> MOR-Al2-PdRu-O-CH3-AgAu-1-mod-CH3 (substrate=zeolite)

[1440/9762] reaction_id=1440: MOR-Al2-PdSc-O2-CH4-1 -> MOR-Al2-PdSc-O2-CH3 (substrate=zeolite)

[1441/9762] reaction_id=1441: MOR-Al2-PdScO2H-CH4 -> MOR-Al2-PdScO2H-CH3 (substrate=zeolite)

[1442/9762] reaction_id=1442: MOR-Al2-PdSc-O-CH4-1 -> MOR-Al2-PdSc-O-CH3-AgAu-1-mod-CH3 (substrate=zeolite)

[1443/9762] reaction_id=1443: MOR-Al2-PdV-O2-CH4-1 -> MOR-Al2-PdV-O2-CH3 (substrate=zeolite)

[1444/9762] reaction_id=1444: MOR-Al2-PdVO2H-CH4 -> MOR-Al2-PdVO2H-CH3 (substrate=zeolite)

[1445/9762] reaction_id=1445: MOR-Al2-PdV-O-CH4-1 -> MOR-Al2-PdV-O-CH3-AgAu-1-mod-CH3 (substrate=zeolite)

[1446/9762] reaction_id=1446: MOR-Al2-PdY-O2-CH4-1 -> MOR-Al2-PdY-O2-CH3 (substrate=zeolite)

[1447/9762] reaction_id=1447: MOR-Al2-PdYO2H-CH4 -> MOR-Al2-PdYO2H-CH3 (substrate=zeolite)

[1448/9762] reaction_id=1448: MOR-Al2-PdY-O-CH4-1 -> MOR-Al2-PdY-O-CH3-AgAu-1-mod-CH3 (substrate=zeolite)

[1449/9762] reaction_id=1449: MOR-Al2-PtAg-O2-CH4-1 -> MOR-Al2-PtAg-O2-CH3 (substrate=zeolite)

[1450/9762] reaction_id=1450: MOR-Al2-PtAgO2H-CH4 -> MOR-Al2-PtAgO2H-CH3 (substrate=zeolite)

[1451/9762] reaction_id=1451: MOR-Al2-PtAg-O-CH4-1 -> MOR-Al2-PtAg-O-CH3-AgAu-1-mod-CH3 (substrate=zeolite)

[1452/9762] reaction_id=1452: MOR-Al2-PtAu-O2-CH4-1 -> MOR-Al2-PtAu-O2-CH3 (substrate=zeolite)

[1453/9762] reaction_id=1453: MOR-Al2-PtAuO2H-CH4 -> MOR-Al2-PtAuO2H-CH3 (substrate=zeolite)

[1454/9762] reaction_id=1454: MOR-Al2-PtAu-O-CH4-1 -> MOR-Al2-PtAu-O-CH3-AgAu-1-mod-CH3 (substrate=zeolite)

[1455/9762] reaction_id=1455: MOR-Al2-PtCo-O2-CH4-1 -> MOR-Al2-PtCo-O2-CH3 (substrate=zeolite)

[1456/9762] reaction_id=1456: MOR-Al2-PtCoO2H-CH4 -> MOR-Al2-PtCoO2H-CH3 (substrate=zeolite)

[1457/9762] reaction_id=1457: MOR-Al2-PtCo-O-CH4-1 -> MOR-Al2-PtCo-O-CH3-AgAu-1-mod-CH3 (substrate=zeolite)

[1458/9762] reaction_id=1458: MOR-Al2-PtCr-O2-CH4-1 -> MOR-Al2-PtCr-O2-CH3 (substrate=zeolite)

[1459/9762] reaction_id=1459: MOR-Al2-PtCrO2H-CH4 -> MOR-Al2-PtCrO2H-CH3 (substrate=zeolite)

[1460/9762] reaction_id=1460: MOR-Al2-PtCr-O-CH4-1 -> MOR-Al2-PtCr-O-CH3-AgAu-1-mod-CH3 (substrate=zeolite)

[1461/9762] reaction_id=1461: MOR-Al2-PtCu-O2-CH4-1 -> MOR-Al2-PtCu-O2-CH3 (substrate=zeolite)

[1462/9762] reaction_id=1462: MOR-Al2-PtCuO2H-CH4 -> MOR-Al2-PtCuO2H-CH3 (substrate=zeolite)

[1463/9762] reaction_id=1463: MOR-Al2-PtCu-O-CH4-1 -> MOR-Al2-PtCu-O-CH3-AgAu-1-mod-CH3 (substrate=zeolite)

[1464/9762] reaction_id=1464: MOR-Al2-PtFe-O2-CH4-1 -> MOR-Al2-PtFe-O2-CH3 (substrate=zeolite)

[1465/9762] reaction_id=1465: MOR-Al2-PtFeO2H-CH4 -> MOR-Al2-PtFeO2H-CH3 (substrate=zeolite)

[1466/9762] reaction_id=1466: MOR-Al2-PtFe-O-CH4-1 -> MOR-Al2-PtFe-O-CH3-AgAu-1-mod-CH3 (substrate=zeolite)

[1467/9762] reaction_id=1467: MOR-Al2-PtIr-O2-CH4-1 -> MOR-Al2-PtIr-O2-CH3 (substrate=zeolite)

[1468/9762] reaction_id=1468: MOR-Al2-PtIrO2H-CH4 -> MOR-Al2-PtIrO2H-CH3 (substrate=zeolite)

[1469/9762] reaction_id=1469: MOR-Al2-PtIr-O-CH4-1 -> MOR-Al2-PtIr-O-CH3-AgAu-1-mod-CH3 (substrate=zeolite)

[1470/9762] reaction_id=1470: MOR-Al2-PtMo-O2-CH4-1 -> MOR-Al2-PtMo-O2-CH3 (substrate=zeolite)

[1471/9762] reaction_id=1471: MOR-Al2-PtMoO2H-CH4 -> MOR-Al2-PtMoO2H-CH3 (substrate=zeolite)

[1472/9762] reaction_id=1472: MOR-Al2-PtMo-O-CH4-1 -> MOR-Al2-PtMo-O-CH3-AgAu-1-mod-CH3 (substrate=zeolite)

[1473/9762] reaction_id=1473: MOR-Al2-PtNb-O2-CH4-1 -> MOR-Al2-PtNb-O2-CH3 (substrate=zeolite)

[1474/9762] reaction_id=1474: MOR-Al2-PtNbO2H-CH4 -> MOR-Al2-PtNbO2H-CH3 (substrate=zeolite)

[1475/9762] reaction_id=1475: MOR-Al2-PtNb-O-CH4-1 -> MOR-Al2-PtNb-O-CH3-AgAu-1-mod-CH3 (substrate=zeolite)

[1476/9762] reaction_id=1476: MOR-Al2-PtNi-O2-CH4-1 -> MOR-Al2-PtNi-O2-CH3 (substrate=zeolite)

[1477/9762] reaction_id=1477: MOR-Al2-PtNiO2H-CH4 -> MOR-Al2-PtNiO2H-CH3 (substrate=zeolite)

[1478/9762] reaction_id=1478: MOR-Al2-PtNi-O-CH4-1 -> MOR-Al2-PtNi-O-CH3-AgAu-1-mod-CH3 (substrate=zeolite)

[1479/9762] reaction_id=1479: MOR-Al2-PtOs-O2-CH4-1 -> MOR-Al2-PtOs-O2-CH3 (substrate=zeolite)

[1480/9762] reaction_id=1480: MOR-Al2-PtOsO2H-CH4 -> MOR-Al2-PtOsO2H-CH3 (substrate=zeolite)

[1481/9762] reaction_id=1481: MOR-Al2-PtOs-O-CH4-1 -> MOR-Al2-PtOs-O-CH3-AgAu-1-mod-CH3 (substrate=zeolite)

[1482/9762] reaction_id=1482: MOR-Al2-PtPd-O2-CH4-1 -> MOR-Al2-PtPd-O2-CH3 (substrate=zeolite)

[1483/9762] reaction_id=1483: MOR-Al2-PtPdO2H-CH4 -> MOR-Al2-PtPdO2H-CH3 (substrate=zeolite)

[1484/9762] reaction_id=1484: MOR-Al2-PtPd-O-CH4-1 -> MOR-Al2-PtPd-O-CH3-AgAu-1-mod-CH3 (substrate=zeolite)

[1485/9762] reaction_id=1485: MOR-Al2-PtRh-O2-CH4-1 -> MOR-Al2-PtRh-O2-CH3 (substrate=zeolite)

[1486/9762] reaction_id=1486: MOR-Al2-PtRhO2H-CH4 -> MOR-Al2-PtRhO2H-CH3 (substrate=zeolite)

[1487/9762] reaction_id=1487: MOR-Al2-PtRh-O-CH4-1 -> MOR-Al2-PtRh-O-CH3-AgAu-1-mod-CH3 (substrate=zeolite)

[1488/9762] reaction_id=1488: MOR-Al2-PtRu-O2-CH4-1 -> MOR-Al2-PtRu-O2-CH3 (substrate=zeolite)

[1489/9762] reaction_id=1489: MOR-Al2-PtRuO2H-CH4 -> MOR-Al2-PtRuO2H-CH3 (substrate=zeolite)

[1490/9762] reaction_id=1490: MOR-Al2-PtRu-O-CH4-1 -> MOR-Al2-PtRu-O-CH3-AgAu-1-mod-CH3 (substrate=zeolite)

[1491/9762] reaction_id=1491: MOR-Al2-PtSc-O2-CH4-1 -> MOR-Al2-PtSc-O2-CH3 (substrate=zeolite)

[1492/9762] reaction_id=1492: MOR-Al2-PtScO2H-CH4 -> MOR-Al2-PtScO2H-CH3 (substrate=zeolite)

[1493/9762] reaction_id=1493: MOR-Al2-PtSc-O-CH4-1 -> MOR-Al2-PtSc-O-CH3-AgAu-1-mod-CH3 (substrate=zeolite)

[1494/9762] reaction_id=1494: MOR-Al2-PtV-O2-CH4-1 -> MOR-Al2-PtV-O2-CH3 (substrate=zeolite)

[1495/9762] reaction_id=1495: MOR-Al2-PtVO2H-CH4 -> MOR-Al2-PtVO2H-CH3 (substrate=zeolite)

[1496/9762] reaction_id=1496: MOR-Al2-PtV-O-CH4-1 -> MOR-Al2-PtV-O-CH3-AgAu-1-mod-CH3 (substrate=zeolite)

[1497/9762] reaction_id=1497: MOR-Al2-PtY-O2-CH4-1 -> MOR-Al2-PtY-O2-CH3 (substrate=zeolite)

[1498/9762] reaction_id=1498: MOR-Al2-PtYO2H-CH4 -> MOR-Al2-PtYO2H-CH3 (substrate=zeolite)

[1499/9762] reaction_id=1499: MOR-Al2-PtY-O-CH4-1 -> MOR-Al2-PtY-O-CH3-AgAu-1-mod-CH3 (substrate=zeolite)

[1500/9762] reaction_id=1500: MOR-Al2-RhAg-O2-CH4-1 -> MOR-Al2-RhAg-O2-CH3 (substrate=zeolite)

[1501/9762] reaction_id=1501: MOR-Al2-RhAgO2H-CH4 -> MOR-Al2-RhAgO2H-CH3 (substrate=zeolite)

[1502/9762] reaction_id=1502: MOR-Al2-RhAg-O-CH4-1 -> MOR-Al2-RhAg-O-CH3-AgAu-1-mod-CH3 (substrate=zeolite)

[1503/9762] reaction_id=1503: MOR-Al2-RhAu-O2-CH4-1 -> MOR-Al2-RhAu-O2-CH3 (substrate=zeolite)

[1504/9762] reaction_id=1504: MOR-Al2-RhAuO2H-CH4 -> MOR-Al2-RhAuO2H-CH3 (substrate=zeolite)

[1505/9762] reaction_id=1505: MOR-Al2-RhAu-O-CH4-1 -> MOR-Al2-RhAu-O-CH3-AgAu-1-mod-CH3 (substrate=zeolite)

[1506/9762] reaction_id=1506: MOR-Al2-RhCo-O2-CH4-1 -> MOR-Al2-RhCo-O2-CH3 (substrate=zeolite)

[1507/9762] reaction_id=1507: MOR-Al2-RhCoO2H-CH4 -> MOR-Al2-RhCoO2H-CH3 (substrate=zeolite)

[1508/9762] reaction_id=1508: MOR-Al2-RhCo-O-CH4-1 -> MOR-Al2-RhCo-O-CH3-AgAu-1-mod-CH3 (substrate=zeolite)

[1509/9762] reaction_id=1509: MOR-Al2-RhCr-O2-CH4-1 -> MOR-Al2-RhCr-O2-CH3 (substrate=zeolite)

[1510/9762] reaction_id=1510: MOR-Al2-RhCrO2H-CH4 -> MOR-Al2-RhCrO2H-CH3 (substrate=zeolite)

[1511/9762] reaction_id=1511: MOR-Al2-RhCr-O-CH4-1 -> MOR-Al2-RhCr-O-CH3-AgAu-1-mod-CH3 (substrate=zeolite)

[1512/9762] reaction_id=1512: MOR-Al2-RhCu-O2-CH4-1 -> MOR-Al2-RhCu-O2-CH3 (substrate=zeolite)

[1513/9762] reaction_id=1513: MOR-Al2-RhCuO2H-CH4 -> MOR-Al2-RhCuO2H-CH3 (substrate=zeolite)

[1514/9762] reaction_id=1514: MOR-Al2-RhCu-O-CH4-1 -> MOR-Al2-RhCu-O-CH3-AgAu-1-mod-CH3 (substrate=zeolite)

[1515/9762] reaction_id=1515: MOR-Al2-RhFe-O2-CH4-1 -> MOR-Al2-RhFe-O2-CH3 (substrate=zeolite)

[1516/9762] reaction_id=1516: MOR-Al2-RhFeO2H-CH4 -> MOR-Al2-RhFeO2H-CH3 (substrate=zeolite)

[1517/9762] reaction_id=1517: MOR-Al2-RhFe-O-CH4-1 -> MOR-Al2-RhFe-O-CH3-AgAu-1-mod-CH3 (substrate=zeolite)

[1518/9762] reaction_id=1518: MOR-Al2-RhIr-O2-CH4-1 -> MOR-Al2-RhIr-O2-CH3 (substrate=zeolite)

[1519/9762] reaction_id=1519: MOR-Al2-RhIrO2H-CH4 -> MOR-Al2-RhIrO2H-CH3 (substrate=zeolite)

[1520/9762] reaction_id=1520: MOR-Al2-RhIr-O-CH4-1 -> MOR-Al2-RhIr-O-CH3-AgAu-1-mod-CH3 (substrate=zeolite)

[1521/9762] reaction_id=1521: MOR-Al2-RhMo-O2-CH4-1 -> MOR-Al2-RhMo-O2-CH3 (substrate=zeolite)

[1522/9762] reaction_id=1522: MOR-Al2-RhMoO2H-CH4 -> MOR-Al2-RhMoO2H-CH3 (substrate=zeolite)

[1523/9762] reaction_id=1523: MOR-Al2-RhMo-O-CH4-1 -> MOR-Al2-RhMo-O-CH3-AgAu-1-mod-CH3 (substrate=zeolite)

[1524/9762] reaction_id=1524: MOR-Al2-RhNb-O2-CH4-1 -> MOR-Al2-RhNb-O2-CH3 (substrate=zeolite)

[1525/9762] reaction_id=1525: MOR-Al2-RhNbO2H-CH4 -> MOR-Al2-RhNbO2H-CH3 (substrate=zeolite)

[1526/9762] reaction_id=1526: MOR-Al2-RhNb-O-CH4-1 -> MOR-Al2-RhNb-O-CH3-AgAu-1-mod-CH3 (substrate=zeolite)

[1527/9762] reaction_id=1527: MOR-Al2-RhNi-O2-CH4-1 -> MOR-Al2-RhNi-O2-CH3 (substrate=zeolite)

[1528/9762] reaction_id=1528: MOR-Al2-RhNiO2H-CH4 -> MOR-Al2-RhNiO2H-CH3 (substrate=zeolite)

[1529/9762] reaction_id=1529: MOR-Al2-RhNi-O-CH4-1 -> MOR-Al2-RhNi-O-CH3-AgAu-1-mod-CH3 (substrate=zeolite)

[1530/9762] reaction_id=1530: MOR-Al2-RhOs-O2-CH4-1 -> MOR-Al2-RhOs-O2-CH3 (substrate=zeolite)

[1531/9762] reaction_id=1531: MOR-Al2-RhOsO2H-CH4 -> MOR-Al2-RhOsO2H-CH3 (substrate=zeolite)

[1532/9762] reaction_id=1532: MOR-Al2-RhOs-O-CH4-1 -> MOR-Al2-RhOs-O-CH3-AgAu-1-mod-CH3 (substrate=zeolite)

[1533/9762] reaction_id=1533: MOR-Al2-RhPd-O2-CH4-1 -> MOR-Al2-RhPd-O2-CH3 (substrate=zeolite)

[1534/9762] reaction_id=1534: MOR-Al2-RhPdO2H-CH4 -> MOR-Al2-RhPdO2H-CH3 (substrate=zeolite)

[1535/9762] reaction_id=1535: MOR-Al2-RhPd-O-CH4-1 -> MOR-Al2-RhPd-O-CH3-AgAu-1-mod-CH3 (substrate=zeolite)

[1536/9762] reaction_id=1536: MOR-Al2-RhPt-O2-CH4-1 -> MOR-Al2-RhPt-O2-CH3 (substrate=zeolite)

[1537/9762] reaction_id=1537: MOR-Al2-RhPtO2H-CH4 -> MOR-Al2-RhPtO2H-CH3 (substrate=zeolite)

[1538/9762] reaction_id=1538: MOR-Al2-RhPt-O-CH4-1 -> MOR-Al2-RhPt-O-CH3-AgAu-1-mod-CH3 (substrate=zeolite)

[1539/9762] reaction_id=1539: MOR-Al2-RhRu-O2-CH4-1 -> MOR-Al2-RhRu-O2-CH3 (substrate=zeolite)

[1540/9762] reaction_id=1540: MOR-Al2-RhRuO2H-CH4 -> MOR-Al2-RhRuO2H-CH3 (substrate=zeolite)

[1541/9762] reaction_id=1541: MOR-Al2-RhRu-O-CH4-1 -> MOR-Al2-RhRu-O-CH3-AgAu-1-mod-CH3 (substrate=zeolite)

[1542/9762] reaction_id=1542: MOR-Al2-RhSc-O2-CH4-1 -> MOR-Al2-RhSc-O2-CH3 (substrate=zeolite)

[1543/9762] reaction_id=1543: MOR-Al2-RhScO2H-CH4 -> MOR-Al2-RhScO2H-CH3 (substrate=zeolite)

[1544/9762] reaction_id=1544: MOR-Al2-RhSc-O-CH4-1 -> MOR-Al2-RhSc-O-CH3-AgAu-1-mod-CH3 (substrate=zeolite)

[1545/9762] reaction_id=1545: MOR-Al2-RhV-O2-CH4-1 -> MOR-Al2-RhV-O2-CH3 (substrate=zeolite)

[1546/9762] reaction_id=1546: MOR-Al2-RhVO2H-CH4 -> MOR-Al2-RhVO2H-CH3 (substrate=zeolite)

[1547/9762] reaction_id=1547: MOR-Al2-RhV-O-CH4-1 -> MOR-Al2-RhV-O-CH3-AgAu-1-mod-CH3 (substrate=zeolite)

[1548/9762] reaction_id=1548: MOR-Al2-RhY-O2-CH4-1 -> MOR-Al2-RhY-O2-CH3 (substrate=zeolite)

[1549/9762] reaction_id=1549: MOR-Al2-RhYO2H-CH4 -> MOR-Al2-RhYO2H-CH3 (substrate=zeolite)

[1550/9762] reaction_id=1550: MOR-Al2-RhY-O-CH4-1 -> MOR-Al2-RhY-O-CH3-AgAu-1-mod-CH3 (substrate=zeolite)

[1551/9762] reaction_id=1551: MOR-Al2-RuAg-O2-CH4-1 -> MOR-Al2-RuAg-O2-CH3 (substrate=zeolite)

[1552/9762] reaction_id=1552: MOR-Al2-RuAgO2H-CH4 -> MOR-Al2-RuAgO2H-CH3 (substrate=zeolite)

[1553/9762] reaction_id=1553: MOR-Al2-RuAg-O-CH4-1 -> MOR-Al2-RuAg-O-CH3-AgAu-1-mod-CH3 (substrate=zeolite)

[1554/9762] reaction_id=1554: MOR-Al2-RuAu-O2-CH4-1 -> MOR-Al2-RuAu-O2-CH3 (substrate=zeolite)

[1555/9762] reaction_id=1555: MOR-Al2-RuAuO2H-CH4 -> MOR-Al2-RuAuO2H-CH3 (substrate=zeolite)

[1556/9762] reaction_id=1556: MOR-Al2-RuAu-O-CH4-1 -> MOR-Al2-RuAu-O-CH3-AgAu-1-mod-CH3 (substrate=zeolite)

[1557/9762] reaction_id=1557: MOR-Al2-RuCo-O2-CH4-1 -> MOR-Al2-RuCo-O2-CH3 (substrate=zeolite)

[1558/9762] reaction_id=1558: MOR-Al2-RuCoO2H-CH4 -> MOR-Al2-RuCoO2H-CH3 (substrate=zeolite)

[1559/9762] reaction_id=1559: MOR-Al2-RuCo-O-CH4-1 -> MOR-Al2-RuCo-O-CH3-AgAu-1-mod-CH3 (substrate=zeolite)

[1560/9762] reaction_id=1560: MOR-Al2-RuCr-O2-CH4-1 -> MOR-Al2-RuCr-O2-CH3 (substrate=zeolite)

[1561/9762] reaction_id=1561: MOR-Al2-RuCrO2H-CH4 -> MOR-Al2-RuCrO2H-CH3 (substrate=zeolite)

[1562/9762] reaction_id=1562: MOR-Al2-RuCr-O-CH4-1 -> MOR-Al2-RuCr-O-CH3-AgAu-1-mod-CH3 (substrate=zeolite)

[1563/9762] reaction_id=1563: MOR-Al2-RuCu-O2-CH4-1 -> MOR-Al2-RuCu-O2-CH3 (substrate=zeolite)

[1564/9762] reaction_id=1564: MOR-Al2-RuCuO2H-CH4 -> MOR-Al2-RuCuO2H-CH3 (substrate=zeolite)

[1565/9762] reaction_id=1565: MOR-Al2-RuCu-O-CH4-1 -> MOR-Al2-RuCu-O-CH3-AgAu-1-mod-CH3 (substrate=zeolite)

[1566/9762] reaction_id=1566: MOR-Al2-RuFe-O2-CH4-1 -> MOR-Al2-RuFe-O2-CH3 (substrate=zeolite)

[1567/9762] reaction_id=1567: MOR-Al2-RuFeO2H-CH4 -> MOR-Al2-RuFeO2H-CH3 (substrate=zeolite)

[1568/9762] reaction_id=1568: MOR-Al2-RuFe-O-CH4-1 -> MOR-Al2-RuFe-O-CH3-AgAu-1-mod-CH3 (substrate=zeolite)

[1569/9762] reaction_id=1569: MOR-Al2-RuIr-O2-CH4-1 -> MOR-Al2-RuIr-O2-CH3 (substrate=zeolite)

[1570/9762] reaction_id=1570: MOR-Al2-RuIrO2H-CH4 -> MOR-Al2-RuIrO2H-CH3 (substrate=zeolite)

[1571/9762] reaction_id=1571: MOR-Al2-RuIr-O-CH4-1 -> MOR-Al2-RuIr-O-CH3-AgAu-1-mod-CH3 (substrate=zeolite)

[1572/9762] reaction_id=1572: MOR-Al2-RuMo-O2-CH4-1 -> MOR-Al2-RuMo-O2-CH3 (substrate=zeolite)

[1573/9762] reaction_id=1573: MOR-Al2-RuMoO2H-CH4 -> MOR-Al2-RuMoO2H-CH3 (substrate=zeolite)

[1574/9762] reaction_id=1574: MOR-Al2-RuMo-O-CH4-1 -> MOR-Al2-RuMo-O-CH3-AgAu-1-mod-CH3 (substrate=zeolite)

[1575/9762] reaction_id=1575: MOR-Al2-RuNb-O2-CH4-1 -> MOR-Al2-RuNb-O2-CH3 (substrate=zeolite)

[1576/9762] reaction_id=1576: MOR-Al2-RuNbO2H-CH4 -> MOR-Al2-RuNbO2H-CH3 (substrate=zeolite)

[1577/9762] reaction_id=1577: MOR-Al2-RuNb-O-CH4-1 -> MOR-Al2-RuNb-O-CH3-AgAu-1-mod-CH3 (substrate=zeolite)

[1578/9762] reaction_id=1578: MOR-Al2-RuNi-O2-CH4-1 -> MOR-Al2-RuNi-O2-CH3 (substrate=zeolite)

[1579/9762] reaction_id=1579: MOR-Al2-RuNiO2H-CH4 -> MOR-Al2-RuNiO2H-CH3 (substrate=zeolite)

[1580/9762] reaction_id=1580: MOR-Al2-RuNi-O-CH4-1 -> MOR-Al2-RuNi-O-CH3-AgAu-1-mod-CH3 (substrate=zeolite)

[1581/9762] reaction_id=1581: MOR-Al2-RuOs-O2-CH4-1 -> MOR-Al2-RuOs-O2-CH3 (substrate=zeolite)

[1582/9762] reaction_id=1582: MOR-Al2-RuOsO2H-CH4 -> MOR-Al2-RuOsO2H-CH3 (substrate=zeolite)

[1583/9762] reaction_id=1583: MOR-Al2-RuOs-O-CH4-1 -> MOR-Al2-RuOs-O-CH3-AgAu-1-mod-CH3 (substrate=zeolite)

[1584/9762] reaction_id=1584: MOR-Al2-RuPd-O2-CH4-1 -> MOR-Al2-RuPd-O2-CH3 (substrate=zeolite)

[1585/9762] reaction_id=1585: MOR-Al2-RuPdO2H-CH4 -> MOR-Al2-RuPdO2H-CH3 (substrate=zeolite)

[1586/9762] reaction_id=1586: MOR-Al2-RuPd-O-CH4-1 -> MOR-Al2-RuPd-O-CH3-AgAu-1-mod-CH3 (substrate=zeolite)

[1587/9762] reaction_id=1587: MOR-Al2-RuPt-O2-CH4-1 -> MOR-Al2-RuPt-O2-CH3 (substrate=zeolite)

[1588/9762] reaction_id=1588: MOR-Al2-RuPtO2H-CH4 -> MOR-Al2-RuPtO2H-CH3 (substrate=zeolite)

[1589/9762] reaction_id=1589: MOR-Al2-RuPt-O-CH4-1 -> MOR-Al2-RuPt-O-CH3-AgAu-1-mod-CH3 (substrate=zeolite)

[1590/9762] reaction_id=1590: MOR-Al2-RuRh-O2-CH4-1 -> MOR-Al2-RuRh-O2-CH3 (substrate=zeolite)

[1591/9762] reaction_id=1591: MOR-Al2-RuRhO2H-CH4 -> MOR-Al2-RuRhO2H-CH3 (substrate=zeolite)

[1592/9762] reaction_id=1592: MOR-Al2-RuRh-O-CH4-1 -> MOR-Al2-RuRh-O-CH3-AgAu-1-mod-CH3 (substrate=zeolite)

[1593/9762] reaction_id=1593: MOR-Al2-RuSc-O2-CH4-1 -> MOR-Al2-RuSc-O2-CH3 (substrate=zeolite)

[1594/9762] reaction_id=1594: MOR-Al2-RuScO2H-CH4 -> MOR-Al2-RuScO2H-CH3 (substrate=zeolite)

[1595/9762] reaction_id=1595: MOR-Al2-RuSc-O-CH4-1 -> MOR-Al2-RuSc-O-CH3-AgAu-1-mod-CH3 (substrate=zeolite)

[1596/9762] reaction_id=1596: MOR-Al2-RuV-O2-CH4-1 -> MOR-Al2-RuV-O2-CH3 (substrate=zeolite)

[1597/9762] reaction_id=1597: MOR-Al2-RuVO2H-CH4 -> MOR-Al2-RuVO2H-CH3 (substrate=zeolite)

[1598/9762] reaction_id=1598: MOR-Al2-RuV-O-CH4-1 -> MOR-Al2-RuV-O-CH3-AgAu-1-mod-CH3 (substrate=zeolite)

[1599/9762] reaction_id=1599: MOR-Al2-RuY-O2-CH4-1 -> MOR-Al2-RuY-O2-CH3 (substrate=zeolite)

[1600/9762] reaction_id=1600: MOR-Al2-RuYO2H-CH4 -> MOR-Al2-RuYO2H-CH3 (substrate=zeolite)

[1601/9762] reaction_id=1601: MOR-Al2-RuY-O-CH4-1 -> MOR-Al2-RuY-O-CH3-AgAu-1-mod-CH3 (substrate=zeolite)

[1602/9762] reaction_id=1602: MOR-Al2-ScAg-O2-CH4-1 -> MOR-Al2-ScAg-O2-CH3 (substrate=zeolite)

[1603/9762] reaction_id=1603: MOR-Al2-ScAgO2H-CH4 -> MOR-Al2-ScAgO2H-CH3 (substrate=zeolite)

[1604/9762] reaction_id=1604: MOR-Al2-ScAg-O-CH4-1 -> MOR-Al2-ScAg-O-CH3-AgAu-1-mod-CH3 (substrate=zeolite)

[1605/9762] reaction_id=1605: MOR-Al2-ScAu-O2-CH4-1 -> MOR-Al2-ScAu-O2-CH3 (substrate=zeolite)

[1606/9762] reaction_id=1606: MOR-Al2-ScAuO2H-CH4 -> MOR-Al2-ScAuO2H-CH3 (substrate=zeolite)

[1607/9762] reaction_id=1607: MOR-Al2-ScAu-O-CH4-1 -> MOR-Al2-ScAu-O-CH3-AgAu-1-mod-CH3 (substrate=zeolite)

[1608/9762] reaction_id=1608: MOR-Al2-ScCo-O2-CH4-1 -> MOR-Al2-ScCo-O2-CH3 (substrate=zeolite)

[1609/9762] reaction_id=1609: MOR-Al2-ScCoO2H-CH4 -> MOR-Al2-ScCoO2H-CH3 (substrate=zeolite)

[1610/9762] reaction_id=1610: MOR-Al2-ScCo-O-CH4-1 -> MOR-Al2-ScCo-O-CH3-AgAu-1-mod-CH3 (substrate=zeolite)

[1611/9762] reaction_id=1611: MOR-Al2-ScCr-O2-CH4-1 -> MOR-Al2-ScCr-O2-CH3 (substrate=zeolite)

[1612/9762] reaction_id=1612: MOR-Al2-ScCrO2H-CH4 -> MOR-Al2-ScCrO2H-CH3 (substrate=zeolite)

[1613/9762] reaction_id=1613: MOR-Al2-ScCr-O-CH4-1 -> MOR-Al2-ScCr-O-CH3-AgAu-1-mod-CH3 (substrate=zeolite)

[1614/9762] reaction_id=1614: MOR-Al2-ScCu-O2-CH4-1 -> MOR-Al2-ScCu-O2-CH3 (substrate=zeolite)

[1615/9762] reaction_id=1615: MOR-Al2-ScCuO2H-CH4 -> MOR-Al2-ScCuO2H-CH3 (substrate=zeolite)

[1616/9762] reaction_id=1616: MOR-Al2-ScCu-O-CH4-1 -> MOR-Al2-ScCu-O-CH3-AgAu-1-mod-CH3 (substrate=zeolite)

[1617/9762] reaction_id=1617: MOR-Al2-ScFe-O2-CH4-1 -> MOR-Al2-ScFe-O2-CH3 (substrate=zeolite)

[1618/9762] reaction_id=1618: MOR-Al2-ScFeO2H-CH4 -> MOR-Al2-ScFeO2H-CH3 (substrate=zeolite)

[1619/9762] reaction_id=1619: MOR-Al2-ScFe-O-CH4-1 -> MOR-Al2-ScFe-O-CH3-AgAu-1-mod-CH3 (substrate=zeolite)

[1620/9762] reaction_id=1620: MOR-Al2-ScIr-O2-CH4-1 -> MOR-Al2-ScIr-O2-CH3 (substrate=zeolite)

[1621/9762] reaction_id=1621: MOR-Al2-ScIrO2H-CH4 -> MOR-Al2-ScIrO2H-CH3 (substrate=zeolite)

[1622/9762] reaction_id=1622: MOR-Al2-ScIr-O-CH4-1 -> MOR-Al2-ScIr-O-CH3-AgAu-1-mod-CH3 (substrate=zeolite)

[1623/9762] reaction_id=1623: MOR-Al2-ScMo-O2-CH4-1 -> MOR-Al2-ScMo-O2-CH3 (substrate=zeolite)

[1624/9762] reaction_id=1624: MOR-Al2-ScMoO2H-CH4 -> MOR-Al2-ScMoO2H-CH3 (substrate=zeolite)

[1625/9762] reaction_id=1625: MOR-Al2-ScMo-O-CH4-1 -> MOR-Al2-ScMo-O-CH3-AgAu-1-mod-CH3 (substrate=zeolite)

[1626/9762] reaction_id=1626: MOR-Al2-ScNb-O2-CH4-1 -> MOR-Al2-ScNb-O2-CH3 (substrate=zeolite)

[1627/9762] reaction_id=1627: MOR-Al2-ScNbO2H-CH4 -> MOR-Al2-ScNbO2H-CH3 (substrate=zeolite)

[1628/9762] reaction_id=1628: MOR-Al2-ScNb-O-CH4-1 -> MOR-Al2-ScNb-O-CH3-AgAu-1-mod-CH3 (substrate=zeolite)

[1629/9762] reaction_id=1629: MOR-Al2-ScNi-O2-CH4-1 -> MOR-Al2-ScNi-O2-CH3 (substrate=zeolite)

[1630/9762] reaction_id=1630: MOR-Al2-ScNiO2H-CH4 -> MOR-Al2-ScNiO2H-CH3 (substrate=zeolite)

[1631/9762] reaction_id=1631: MOR-Al2-ScNi-O-CH4-1 -> MOR-Al2-ScNi-O-CH3-AgAu-1-mod-CH3 (substrate=zeolite)

[1632/9762] reaction_id=1632: MOR-Al2-ScOs-O2-CH4-1 -> MOR-Al2-ScOs-O2-CH3 (substrate=zeolite)

[1633/9762] reaction_id=1633: MOR-Al2-ScOsO2H-CH4 -> MOR-Al2-ScOsO2H-CH3 (substrate=zeolite)

[1634/9762] reaction_id=1634: MOR-Al2-ScOs-O-CH4-1 -> MOR-Al2-ScOs-O-CH3-AgAu-1-mod-CH3 (substrate=zeolite)

[1635/9762] reaction_id=1635: MOR-Al2-ScPd-O2-CH4-1 -> MOR-Al2-ScPd-O2-CH3 (substrate=zeolite)

[1636/9762] reaction_id=1636: MOR-Al2-ScPdO2H-CH4 -> MOR-Al2-ScPdO2H-CH3 (substrate=zeolite)

[1637/9762] reaction_id=1637: MOR-Al2-ScPd-O-CH4-1 -> MOR-Al2-ScPd-O-CH3-AgAu-1-mod-CH3 (substrate=zeolite)

[1638/9762] reaction_id=1638: MOR-Al2-ScPt-O2-CH4-1 -> MOR-Al2-ScPt-O2-CH3 (substrate=zeolite)

[1639/9762] reaction_id=1639: MOR-Al2-ScPtO2H-CH4 -> MOR-Al2-ScPtO2H-CH3 (substrate=zeolite)

[1640/9762] reaction_id=1640: MOR-Al2-ScPt-O-CH4-1 -> MOR-Al2-ScPt-O-CH3-AgAu-1-mod-CH3 (substrate=zeolite)

[1641/9762] reaction_id=1641: MOR-Al2-ScRh-O2-CH4-1 -> MOR-Al2-ScRh-O2-CH3 (substrate=zeolite)

[1642/9762] reaction_id=1642: MOR-Al2-ScRhO2H-CH4 -> MOR-Al2-ScRhO2H-CH3 (substrate=zeolite)

[1643/9762] reaction_id=1643: MOR-Al2-ScRh-O-CH4-1 -> MOR-Al2-ScRh-O-CH3-AgAu-1-mod-CH3 (substrate=zeolite)

[1644/9762] reaction_id=1644: MOR-Al2-ScRu-O2-CH4-1 -> MOR-Al2-ScRu-O2-CH3 (substrate=zeolite)

[1645/9762] reaction_id=1645: MOR-Al2-ScRuO2H-CH4 -> MOR-Al2-ScRuO2H-CH3 (substrate=zeolite)

[1646/9762] reaction_id=1646: MOR-Al2-ScRu-O-CH4-1 -> MOR-Al2-ScRu-O-CH3-AgAu-1-mod-CH3 (substrate=zeolite)

[1647/9762] reaction_id=1647: MOR-Al2-ScSc-O2-CH4-1 -> MOR-Al2-ScSc-O2-CH3 (substrate=zeolite)

[1648/9762] reaction_id=1648: MOR-Al2-ScScO2H-CH4 -> MOR-Al2-ScScO2H-CH3 (substrate=zeolite)

[1649/9762] reaction_id=1649: MOR-Al2-ScSc-O-CH4-1 -> MOR-Al2-ScSc-O-CH3-AgAu-1-mod-CH3 (substrate=zeolite)

[1650/9762] reaction_id=1650: MOR-Al2-ScV-O2-CH4-1 -> MOR-Al2-ScV-O2-CH3 (substrate=zeolite)

[1651/9762] reaction_id=1651: MOR-Al2-ScVO2H-CH4 -> MOR-Al2-ScVO2H-CH3 (substrate=zeolite)

[1652/9762] reaction_id=1652: MOR-Al2-ScV-O-CH4-1 -> MOR-Al2-ScV-O-CH3-AgAu-1-mod-CH3 (substrate=zeolite)

[1653/9762] reaction_id=1653: MOR-Al2-ScY-O2-CH4-1 -> MOR-Al2-ScY-O2-CH3 (substrate=zeolite)

[1654/9762] reaction_id=1654: MOR-Al2-ScYO2H-CH4 -> MOR-Al2-ScYO2H-CH3 (substrate=zeolite)

[1655/9762] reaction_id=1655: MOR-Al2-ScY-O-CH4-1 -> MOR-Al2-ScY-O-CH3-AgAu-1-mod-CH3 (substrate=zeolite)

[1656/9762] reaction_id=1656: MOR-Al2-VAg-O2-CH4-1 -> MOR-Al2-VAg-O2-CH3 (substrate=zeolite)

[1657/9762] reaction_id=1657: MOR-Al2-VAgO2H-CH4 -> MOR-Al2-VAgO2H-CH3 (substrate=zeolite)

[1658/9762] reaction_id=1658: MOR-Al2-VAg-O-CH4-1 -> MOR-Al2-VAg-O-CH3-AgAu-1-mod-CH3 (substrate=zeolite)

[1659/9762] reaction_id=1659: MOR-Al2-VAu-O2-CH4-1 -> MOR-Al2-VAu-O2-CH3 (substrate=zeolite)

[1660/9762] reaction_id=1660: MOR-Al2-VAuO2H-CH4 -> MOR-Al2-VAuO2H-CH3 (substrate=zeolite)

[1661/9762] reaction_id=1661: MOR-Al2-VAu-O-CH4-1 -> MOR-Al2-VAu-O-CH3-AgAu-1-mod-CH3 (substrate=zeolite)

[1662/9762] reaction_id=1662: MOR-Al2-VCo-O2-CH4-1 -> MOR-Al2-VCo-O2-CH3 (substrate=zeolite)

[1663/9762] reaction_id=1663: MOR-Al2-VCoO2H-CH4 -> MOR-Al2-VCoO2H-CH3 (substrate=zeolite)

[1664/9762] reaction_id=1664: MOR-Al2-VCo-O-CH4-1 -> MOR-Al2-VCo-O-CH3-AgAu-1-mod-CH3 (substrate=zeolite)

[1665/9762] reaction_id=1665: MOR-Al2-VCr-O2-CH4-1 -> MOR-Al2-VCr-O2-CH3 (substrate=zeolite)

[1666/9762] reaction_id=1666: MOR-Al2-VCrO2H-CH4 -> MOR-Al2-VCrO2H-CH3 (substrate=zeolite)

[1667/9762] reaction_id=1667: MOR-Al2-VCr-O-CH4-1 -> MOR-Al2-VCr-O-CH3-AgAu-1-mod-CH3 (substrate=zeolite)

[1668/9762] reaction_id=1668: MOR-Al2-VCu-O2-CH4-1 -> MOR-Al2-VCu-O2-CH3 (substrate=zeolite)

[1669/9762] reaction_id=1669: MOR-Al2-VCuO2H-CH4 -> MOR-Al2-VCuO2H-CH3 (substrate=zeolite)

[1670/9762] reaction_id=1670: MOR-Al2-VCu-O-CH4-1 -> MOR-Al2-VCu-O-CH3-AgAu-1-mod-CH3 (substrate=zeolite)

[1671/9762] reaction_id=1671: MOR-Al2-VFe-O2-CH4-1 -> MOR-Al2-VFe-O2-CH3 (substrate=zeolite)

[1672/9762] reaction_id=1672: MOR-Al2-VFeO2H-CH4 -> MOR-Al2-VFeO2H-CH3 (substrate=zeolite)

[1673/9762] reaction_id=1673: MOR-Al2-VFe-O-CH4-1 -> MOR-Al2-VFe-O-CH3-AgAu-1-mod-CH3 (substrate=zeolite)

[1674/9762] reaction_id=1674: MOR-Al2-VIr-O2-CH4-1 -> MOR-Al2-VIr-O2-CH3 (substrate=zeolite)

[1675/9762] reaction_id=1675: MOR-Al2-VIrO2H-CH4 -> MOR-Al2-VIrO2H-CH3 (substrate=zeolite)

[1676/9762] reaction_id=1676: MOR-Al2-VIr-O-CH4-1 -> MOR-Al2-VIr-O-CH3-AgAu-1-mod-CH3 (substrate=zeolite)

[1677/9762] reaction_id=1677: MOR-Al2-VMo-O2-CH4-1 -> MOR-Al2-VMo-O2-CH3 (substrate=zeolite)

[1678/9762] reaction_id=1678: MOR-Al2-VMoO2H-CH4 -> MOR-Al2-VMoO2H-CH3 (substrate=zeolite)

[1679/9762] reaction_id=1679: MOR-Al2-VMo-O-CH4-1 -> MOR-Al2-VMo-O-CH3-AgAu-1-mod-CH3 (substrate=zeolite)

[1680/9762] reaction_id=1680: MOR-Al2-VNb-O2-CH4-1 -> MOR-Al2-VNb-O2-CH3 (substrate=zeolite)

[1681/9762] reaction_id=1681: MOR-Al2-VNbO2H-CH4 -> MOR-Al2-VNbO2H-CH3 (substrate=zeolite)

[1682/9762] reaction_id=1682: MOR-Al2-VNb-O-CH4-1 -> MOR-Al2-VNb-O-CH3-AgAu-1-mod-CH3 (substrate=zeolite)

[1683/9762] reaction_id=1683: MOR-Al2-VNi-O2-CH4-1 -> MOR-Al2-VNi-O2-CH3 (substrate=zeolite)

[1684/9762] reaction_id=1684: MOR-Al2-VNiO2H-CH4 -> MOR-Al2-VNiO2H-CH3 (substrate=zeolite)

[1685/9762] reaction_id=1685: MOR-Al2-VNi-O-CH4-1 -> MOR-Al2-VNi-O-CH3-AgAu-1-mod-CH3 (substrate=zeolite)

[1686/9762] reaction_id=1686: MOR-Al2-VOs-O2-CH4-1 -> MOR-Al2-VOs-O2-CH3 (substrate=zeolite)

[1687/9762] reaction_id=1687: MOR-Al2-VOsO2H-CH4 -> MOR-Al2-VOsO2H-CH3 (substrate=zeolite)

[1688/9762] reaction_id=1688: MOR-Al2-VOs-O-CH4-1 -> MOR-Al2-VOs-O-CH3-AgAu-1-mod-CH3 (substrate=zeolite)

[1689/9762] reaction_id=1689: MOR-Al2-VPd-O2-CH4-1 -> MOR-Al2-VPd-O2-CH3 (substrate=zeolite)

[1690/9762] reaction_id=1690: MOR-Al2-VPdO2H-CH4 -> MOR-Al2-VPdO2H-CH3 (substrate=zeolite)

[1691/9762] reaction_id=1691: MOR-Al2-VPd-O-CH4-1 -> MOR-Al2-VPd-O-CH3-AgAu-1-mod-CH3 (substrate=zeolite)

[1692/9762] reaction_id=1692: MOR-Al2-VPt-O2-CH4-1 -> MOR-Al2-VPt-O2-CH3 (substrate=zeolite)

[1693/9762] reaction_id=1693: MOR-Al2-VPtO2H-CH4 -> MOR-Al2-VPtO2H-CH3 (substrate=zeolite)

[1694/9762] reaction_id=1694: MOR-Al2-VPt-O-CH4-1 -> MOR-Al2-VPt-O-CH3-AgAu-1-mod-CH3 (substrate=zeolite)

[1695/9762] reaction_id=1695: MOR-Al2-VRh-O2-CH4-1 -> MOR-Al2-VRh-O2-CH3 (substrate=zeolite)

[1696/9762] reaction_id=1696: MOR-Al2-VRhO2H-CH4 -> MOR-Al2-VRhO2H-CH3 (substrate=zeolite)

[1697/9762] reaction_id=1697: MOR-Al2-VRh-O-CH4-1 -> MOR-Al2-VRh-O-CH3-AgAu-1-mod-CH3 (substrate=zeolite)

[1698/9762] reaction_id=1698: MOR-Al2-VRu-O2-CH4-1 -> MOR-Al2-VRu-O2-CH3 (substrate=zeolite)

[1699/9762] reaction_id=1699: MOR-Al2-VRuO2H-CH4 -> MOR-Al2-VRuO2H-CH3 (substrate=zeolite)

[1700/9762] reaction_id=1700: MOR-Al2-VRu-O-CH4-1 -> MOR-Al2-VRu-O-CH3-AgAu-1-mod-CH3 (substrate=zeolite)

[1701/9762] reaction_id=1701: MOR-Al2-VSc-O2-CH4-1 -> MOR-Al2-VSc-O2-CH3 (substrate=zeolite)

[1702/9762] reaction_id=1702: MOR-Al2-VScO2H-CH4 -> MOR-Al2-VScO2H-CH3 (substrate=zeolite)

[1703/9762] reaction_id=1703: MOR-Al2-VSc-O-CH4-1 -> MOR-Al2-VSc-O-CH3-AgAu-1-mod-CH3 (substrate=zeolite)

[1704/9762] reaction_id=1704: MOR-Al2-VY-O2-CH4-1 -> MOR-Al2-VY-O2-CH3 (substrate=zeolite)

[1705/9762] reaction_id=1705: MOR-Al2-VYO2H-CH4 -> MOR-Al2-VYO2H-CH3 (substrate=zeolite)

[1706/9762] reaction_id=1706: MOR-Al2-VY-O-CH4-1 -> MOR-Al2-VY-O-CH3-AgAu-1-mod-CH3 (substrate=zeolite)

[1707/9762] reaction_id=1707: MOR-Al2-YAg-O2-CH4-1 -> MOR-Al2-YAg-O2-CH3 (substrate=zeolite)

[1708/9762] reaction_id=1708: MOR-Al2-YAgO2H-CH4 -> MOR-Al2-YAgO2H-CH3 (substrate=zeolite)

[1709/9762] reaction_id=1709: MOR-Al2-YAg-O-CH4-1 -> MOR-Al2-YAg-O-CH3-AgAu-1-mod-CH3 (substrate=zeolite)

[1710/9762] reaction_id=1710: MOR-Al2-YAu-O2-CH4-1 -> MOR-Al2-YAu-O2-CH3 (substrate=zeolite)

[1711/9762] reaction_id=1711: MOR-Al2-YAuO2H-CH4 -> MOR-Al2-YAuO2H-CH3 (substrate=zeolite)

[1712/9762] reaction_id=1712: MOR-Al2-YAu-O-CH4-1 -> MOR-Al2-YAu-O-CH3-AgAu-1-mod-CH3 (substrate=zeolite)

[1713/9762] reaction_id=1713: MOR-Al2-YCo-O2-CH4-1 -> MOR-Al2-YCo-O2-CH3 (substrate=zeolite)

[1714/9762] reaction_id=1714: MOR-Al2-YCoO2H-CH4 -> MOR-Al2-YCoO2H-CH3 (substrate=zeolite)

[1715/9762] reaction_id=1715: MOR-Al2-YCo-O-CH4-1 -> MOR-Al2-YCo-O-CH3-AgAu-1-mod-CH3 (substrate=zeolite)

[1716/9762] reaction_id=1716: MOR-Al2-YCr-O2-CH4-1 -> MOR-Al2-YCr-O2-CH3 (substrate=zeolite)

[1717/9762] reaction_id=1717: MOR-Al2-YCrO2H-CH4 -> MOR-Al2-YCrO2H-CH3 (substrate=zeolite)

[1718/9762] reaction_id=1718: MOR-Al2-YCr-O-CH4-1 -> MOR-Al2-YCr-O-CH3-AgAu-1-mod-CH3 (substrate=zeolite)

[1719/9762] reaction_id=1719: MOR-Al2-YCu-O2-CH4-1 -> MOR-Al2-YCu-O2-CH3 (substrate=zeolite)

[1720/9762] reaction_id=1720: MOR-Al2-YCuO2H-CH4 -> MOR-Al2-YCuO2H-CH3 (substrate=zeolite)

[1721/9762] reaction_id=1721: MOR-Al2-YCu-O-CH4-1 -> MOR-Al2-YCu-O-CH3-AgAu-1-mod-CH3 (substrate=zeolite)

[1722/9762] reaction_id=1722: MOR-Al2-YFe-O2-CH4-1 -> MOR-Al2-YFe-O2-CH3 (substrate=zeolite)

[1723/9762] reaction_id=1723: MOR-Al2-YFeO2H-CH4 -> MOR-Al2-YFeO2H-CH3 (substrate=zeolite)

[1724/9762] reaction_id=1724: MOR-Al2-YFe-O-CH4-1 -> MOR-Al2-YFe-O-CH3-AgAu-1-mod-CH3 (substrate=zeolite)

[1725/9762] reaction_id=1725: MOR-Al2-YIr-O2-CH4-1 -> MOR-Al2-YIr-O2-CH3 (substrate=zeolite)

[1726/9762] reaction_id=1726: MOR-Al2-YIrO2H-CH4 -> MOR-Al2-YIrO2H-CH3 (substrate=zeolite)

[1727/9762] reaction_id=1727: MOR-Al2-YIr-O-CH4-1 -> MOR-Al2-YIr-O-CH3-AgAu-1-mod-CH3 (substrate=zeolite)

[1728/9762] reaction_id=1728: MOR-Al2-YMo-O2-CH4-1 -> MOR-Al2-YMo-O2-CH3 (substrate=zeolite)

[1729/9762] reaction_id=1729: MOR-Al2-YMoO2H-CH4 -> MOR-Al2-YMoO2H-CH3 (substrate=zeolite)

[1730/9762] reaction_id=1730: MOR-Al2-YMo-O-CH4-1 -> MOR-Al2-YMo-O-CH3-AgAu-1-mod-CH3 (substrate=zeolite)

[1731/9762] reaction_id=1731: MOR-Al2-YNb-O2-CH4-1 -> MOR-Al2-YNb-O2-CH3 (substrate=zeolite)

[1732/9762] reaction_id=1732: MOR-Al2-YNbO2H-CH4 -> MOR-Al2-YNbO2H-CH3 (substrate=zeolite)

[1733/9762] reaction_id=1733: MOR-Al2-YNb-O-CH4-1 -> MOR-Al2-YNb-O-CH3-AgAu-1-mod-CH3 (substrate=zeolite)

[1734/9762] reaction_id=1734: MOR-Al2-YNi-O2-CH4-1 -> MOR-Al2-YNi-O2-CH3 (substrate=zeolite)

[1735/9762] reaction_id=1735: MOR-Al2-YNiO2H-CH4 -> MOR-Al2-YNiO2H-CH3 (substrate=zeolite)

[1736/9762] reaction_id=1736: MOR-Al2-YNi-O-CH4-1 -> MOR-Al2-YNi-O-CH3-AgAu-1-mod-CH3 (substrate=zeolite)

[1737/9762] reaction_id=1737: MOR-Al2-YOs-O2-CH4-1 -> MOR-Al2-YOs-O2-CH3 (substrate=zeolite)

[1738/9762] reaction_id=1738: MOR-Al2-YOsO2H-CH4 -> MOR-Al2-YOsO2H-CH3 (substrate=zeolite)

[1739/9762] reaction_id=1739: MOR-Al2-YOs-O-CH4-1 -> MOR-Al2-YOs-O-CH3-AgAu-1-mod-CH3 (substrate=zeolite)

[1740/9762] reaction_id=1740: MOR-Al2-YPd-O2-CH4-1 -> MOR-Al2-YPd-O2-CH3 (substrate=zeolite)

[1741/9762] reaction_id=1741: MOR-Al2-YPdO2H-CH4 -> MOR-Al2-YPdO2H-CH3 (substrate=zeolite)

[1742/9762] reaction_id=1742: MOR-Al2-YPd-O-CH4-1 -> MOR-Al2-YPd-O-CH3-AgAu-1-mod-CH3 (substrate=zeolite)

[1743/9762] reaction_id=1743: MOR-Al2-YPt-O2-CH4-1 -> MOR-Al2-YPt-O2-CH3 (substrate=zeolite)

[1744/9762] reaction_id=1744: MOR-Al2-YPtO2H-CH4 -> MOR-Al2-YPtO2H-CH3 (substrate=zeolite)

[1745/9762] reaction_id=1745: MOR-Al2-YPt-O-CH4-1 -> MOR-Al2-YPt-O-CH3-AgAu-1-mod-CH3 (substrate=zeolite)

[1746/9762] reaction_id=1746: MOR-Al2-YRh-O2-CH4-1 -> MOR-Al2-YRh-O2-CH3 (substrate=zeolite)

[1747/9762] reaction_id=1747: MOR-Al2-YRhO2H-CH4 -> MOR-Al2-YRhO2H-CH3 (substrate=zeolite)

[1748/9762] reaction_id=1748: MOR-Al2-YRh-O-CH4-1 -> MOR-Al2-YRh-O-CH3-AgAu-1-mod-CH3 (substrate=zeolite)

[1749/9762] reaction_id=1749: MOR-Al2-YRu-O2-CH4-1 -> MOR-Al2-YRu-O2-CH3 (substrate=zeolite)

[1750/9762] reaction_id=1750: MOR-Al2-YRuO2H-CH4 -> MOR-Al2-YRuO2H-CH3 (substrate=zeolite)

[1751/9762] reaction_id=1751: MOR-Al2-YRu-O-CH4-1 -> MOR-Al2-YRu-O-CH3-AgAu-1-mod-CH3 (substrate=zeolite)

[1752/9762] reaction_id=1752: MOR-Al2-YSc-O2-CH4-1 -> MOR-Al2-YSc-O2-CH3 (substrate=zeolite)

[1753/9762] reaction_id=1753: MOR-Al2-YScO2H-CH4 -> MOR-Al2-YScO2H-CH3 (substrate=zeolite)

[1754/9762] reaction_id=1754: MOR-Al2-YSc-O-CH4-1 -> MOR-Al2-YSc-O-CH3-AgAu-1-mod-CH3 (substrate=zeolite)

[1755/9762] reaction_id=1755: MOR-Al2-YV-O2-CH4-1 -> MOR-Al2-YV-O2-CH3 (substrate=zeolite)

[1756/9762] reaction_id=1756: MOR-Al2-YVO2H-CH4 -> MOR-Al2-YVO2H-CH3 (substrate=zeolite)

[1757/9762] reaction_id=1757: MOR-Al2-YV-O-CH4-1 -> MOR-Al2-YV-O-CH3-AgAu-1-mod-CH3 (substrate=zeolite)

[1758/9762] reaction_id=1758: MOR-Al2-YY-O2-CH4-1 -> MOR-Al2-YY-O2-CH3 (substrate=zeolite)

[1759/9762] reaction_id=1759: MOR-Al2-YYO2H-CH4 -> MOR-Al2-YYO2H-CH3 (substrate=zeolite)

[1760/9762] reaction_id=1760: MOR-Al2-YY-O-CH4-1 -> MOR-Al2-YY-O-CH3-AgAu-1-mod-CH3 (substrate=zeolite)

[1761/9762] reaction_id=1761: MOR-Al1-Au-OOH-CH3-04-opt -> MOR-Al1-Au-O-CH3OH (substrate=zeolite)

[1762/9762] reaction_id=1762: MOR-Al1-Sc-OOH-CH3-4 -> MOR-Al1-Sc-O-CH3OH-7 (substrate=zeolite)

[1763/9762] reaction_id=1763: MOR-Al1-Y-OOH-CH3-2 -> MOR-Al1-Y-O-CH3OH-2 (substrate=zeolite)

[1764/9762] reaction_id=1764: MOR-Al2-AgCr-O2-CH3 -> MOR-Al2-AgCr-O2-CH3OH (substrate=zeolite)

[1765/9762] reaction_id=1765: MOR-Al2-AgCrO2H-CH3 -> MOR-Al2-AgCrO2H-CH3OH (substrate=zeolite)

[1766/9762] reaction_id=1766: MOR-Al2-AgCr-O-CH3-AgAu-1-mod-CH3 -> MOR-Al2-AgCr-O-CH3OH (substrate=zeolite)

[1767/9762] reaction_id=1767: MOR-Al2-AgCu-O2-CH3 -> MOR-Al2-AgCu-O2-CH3OH (substrate=zeolite)

[1768/9762] reaction_id=1768: MOR-Al2-AgCuO2H-CH3 -> MOR-Al2-AgCuO2H-CH3OH (substrate=zeolite)

[1769/9762] reaction_id=1769: MOR-Al2-AgCu-O-CH3-AgAu-1-mod-CH3 -> MOR-Al2-AgCu-O-CH3OH (substrate=zeolite)

[1770/9762] reaction_id=1770: MOR-Al2-AgMo-O2-CH3 -> MOR-Al2-AgMo-O2-CH3OH (substrate=zeolite)

[1771/9762] reaction_id=1771: MOR-Al2-AgMoO2H-CH3 -> MOR-Al2-AgMoO2H-CH3OH (substrate=zeolite)

[1772/9762] reaction_id=1772: MOR-Al2-AgMo-O-CH3-AgAu-1-mod-CH3 -> MOR-Al2-AgMo-O-CH3OH (substrate=zeolite)

[1773/9762] reaction_id=1773: MOR-Al2-AgNb-O2-CH3 -> MOR-Al2-AgNb-O2-CH3OH (substrate=zeolite)

[1774/9762] reaction_id=1774: MOR-Al2-AgNbO2H-CH3 -> MOR-Al2-AgNbO2H-CH3OH (substrate=zeolite)

[1775/9762] reaction_id=1775: MOR-Al2-AgNb-O-CH3-AgAu-1-mod-CH3 -> MOR-Al2-AgNb-O-CH3OH (substrate=zeolite)

[1776/9762] reaction_id=1776: MOR-Al2-AgOsO2H-CH3 -> MOR-Al2-AgOsO2H-CH3OH (substrate=zeolite)

[1777/9762] reaction_id=1777: MOR-Al2-AgPd-O2-CH3 -> MOR-Al2-AgPd-O2-CH3OH (substrate=zeolite)

[1778/9762] reaction_id=1778: MOR-Al2-AgPdO2H-CH3 -> MOR-Al2-AgPdO2H-CH3OH (substrate=zeolite)

[1779/9762] reaction_id=1779: MOR-Al2-AgPd-O-CH3-AgAu-1-mod-CH3 -> MOR-Al2-AgPd-O-CH3OH (substrate=zeolite)

[1780/9762] reaction_id=1780: MOR-Al2-AgPt-O-CH3-AgAu-1-mod-CH3 -> MOR-Al2-AgPt-O-CH3OH (substrate=zeolite)

[1781/9762] reaction_id=1781: MOR-Al2-AgRhO2H-CH3 -> MOR-Al2-AgRhO2H-CH3OH (substrate=zeolite)

[1782/9762] reaction_id=1782: MOR-Al2-AgRu-O2-CH3 -> MOR-Al2-AgRu-O2-CH3OH (substrate=zeolite)

[1783/9762] reaction_id=1783: MOR-Al2-AgRuO2H-CH3 -> MOR-Al2-AgRuO2H-CH3OH (substrate=zeolite)

[1784/9762] reaction_id=1784: MOR-Al2-AgSc-O2-CH3 -> MOR-Al2-AgSc-O2-CH3OH (substrate=zeolite)

[1785/9762] reaction_id=1785: MOR-Al2-AgScO2H-CH3 -> MOR-Al2-AgScO2H-CH3OH (substrate=zeolite)

[1786/9762] reaction_id=1786: MOR-Al2-AgSc-O-CH3-AgAu-1-mod-CH3 -> MOR-Al2-AgSc-O-CH3OH (substrate=zeolite)

[1787/9762] reaction_id=1787: MOR-Al2-AgV-O2-CH3 -> MOR-Al2-AgV-O2-CH3OH (substrate=zeolite)

[1788/9762] reaction_id=1788: MOR-Al2-AgVO2H-CH3 -> MOR-Al2-AgVO2H-CH3OH (substrate=zeolite)

[1789/9762] reaction_id=1789: MOR-Al2-AgV-O-CH3-AgAu-1-mod-CH3 -> MOR-Al2-AgV-O-CH3OH (substrate=zeolite)

[1790/9762] reaction_id=1790: MOR-Al2-AgY-O2-CH3 -> MOR-Al2-AgY-O2-CH3OH (substrate=zeolite)

[1791/9762] reaction_id=1791: MOR-Al2-AgYO2H-CH3 -> MOR-Al2-AgYO2H-CH3OH (substrate=zeolite)

[1792/9762] reaction_id=1792: MOR-Al2-AgY-O-CH3-AgAu-1-mod-CH3 -> MOR-Al2-AgY-O-CH3OH (substrate=zeolite)

[1793/9762] reaction_id=1793: MOR-Al2-AuAu-O2-CH3 -> MOR-Al2-AuAu-O2-CH3OH (substrate=zeolite)

[1794/9762] reaction_id=1794: MOR-Al2-AuCo-O-CH3-AgAu-1-mod-CH3 -> MOR-Al2-AuCo-O-CH3OH (substrate=zeolite)

[1795/9762] reaction_id=1795: MOR-Al2-AuCr-O2-CH3 -> MOR-Al2-AuCr-O2-CH3OH (substrate=zeolite)

[1796/9762] reaction_id=1796: MOR-Al2-AuCrO2H-CH3 -> MOR-Al2-AuCrO2H-CH3OH (substrate=zeolite)

[1797/9762] reaction_id=1797: MOR-Al2-AuCr-O-CH3-AgAu-1-mod-CH3 -> MOR-Al2-AuCr-O-CH3OH (substrate=zeolite)

[1798/9762] reaction_id=1798: MOR-Al2-AuFe-O2-CH3 -> MOR-Al2-AuFe-O2-CH3OH (substrate=zeolite)

[1799/9762] reaction_id=1799: MOR-Al2-AuFe-O-CH3-AgAu-1-mod-CH3 -> MOR-Al2-AuFe-O-CH3OH (substrate=zeolite)

[1800/9762] reaction_id=1800: MOR-Al2-AuIr-O-CH3-AgAu-1-mod-CH3 -> MOR-Al2-AuIr-O-CH3OH (substrate=zeolite)

[1801/9762] reaction_id=1801: MOR-Al2-AuMo-O2-CH3 -> MOR-Al2-AuMo-O2-CH3OH (substrate=zeolite)

[1802/9762] reaction_id=1802: MOR-Al2-AuMoO2H-CH3 -> MOR-Al2-AuMoO2H-CH3OH (substrate=zeolite)

[1803/9762] reaction_id=1803: MOR-Al2-AuMo-O-CH3-AgAu-1-mod-CH3 -> MOR-Al2-AuMo-O-CH3OH (substrate=zeolite)

[1804/9762] reaction_id=1804: MOR-Al2-AuNb-O2-CH3 -> MOR-Al2-AuNb-O2-CH3OH (substrate=zeolite)

[1805/9762] reaction_id=1805: MOR-Al2-AuNbO2H-CH3 -> MOR-Al2-AuNbO2H-CH3OH (substrate=zeolite)

[1806/9762] reaction_id=1806: MOR-Al2-AuNb-O-CH3-AgAu-1-mod-CH3 -> MOR-Al2-AuNb-O-CH3OH (substrate=zeolite)

[1807/9762] reaction_id=1807: MOR-Al2-AuNiO2H-CH3 -> MOR-Al2-AuNiO2H-CH3OH (substrate=zeolite)

[1808/9762] reaction_id=1808: MOR-Al2-AuOs-O2-CH3 -> MOR-Al2-AuOs-O2-CH3OH (substrate=zeolite)

[1809/9762] reaction_id=1809: MOR-Al2-AuOsO2H-CH3 -> MOR-Al2-AuOsO2H-CH3OH (substrate=zeolite)

[1810/9762] reaction_id=1810: MOR-Al2-AuOs-O-CH3-AgAu-1-mod-CH3 -> MOR-Al2-AuOs-O-CH3OH (substrate=zeolite)

[1811/9762] reaction_id=1811: MOR-Al2-AuPdO2H-CH3 -> MOR-Al2-AuPdO2H-CH3OH (substrate=zeolite)

[1812/9762] reaction_id=1812: MOR-Al2-AuPtO2H-CH3 -> MOR-Al2-AuPtO2H-CH3OH (substrate=zeolite)

[1813/9762] reaction_id=1813: MOR-Al2-AuRu-O2-CH3 -> MOR-Al2-AuRu-O2-CH3OH (substrate=zeolite)

[1814/9762] reaction_id=1814: MOR-Al2-AuSc-O2-CH3 -> MOR-Al2-AuSc-O2-CH3OH (substrate=zeolite)

[1815/9762] reaction_id=1815: MOR-Al2-AuScO2H-CH3 -> MOR-Al2-AuScO2H-CH3OH (substrate=zeolite)

[1816/9762] reaction_id=1816: MOR-Al2-AuSc-O-CH3-AgAu-1-mod-CH3 -> MOR-Al2-AuSc-O-CH3OH (substrate=zeolite)

[1817/9762] reaction_id=1817: MOR-Al2-AuV-O2-CH3 -> MOR-Al2-AuV-O2-CH3OH (substrate=zeolite)

[1818/9762] reaction_id=1818: MOR-Al2-AuVO2H-CH3 -> MOR-Al2-AuVO2H-CH3OH (substrate=zeolite)

[1819/9762] reaction_id=1819: MOR-Al2-AuV-O-CH3-AgAu-1-mod-CH3 -> MOR-Al2-AuV-O-CH3OH (substrate=zeolite)

[1820/9762] reaction_id=1820: MOR-Al2-AuY-O2-CH3 -> MOR-Al2-AuY-O2-CH3OH (substrate=zeolite)

[1821/9762] reaction_id=1821: MOR-Al2-AuYO2H-CH3 -> MOR-Al2-AuYO2H-CH3OH (substrate=zeolite)

[1822/9762] reaction_id=1822: MOR-Al2-AuY-O-CH3-AgAu-1-mod-CH3 -> MOR-Al2-AuY-O-CH3OH (substrate=zeolite)

[1823/9762] reaction_id=1823: MOR-Al2-CoAg-O-CH3-AgAu-1-mod-CH3 -> MOR-Al2-CoAg-O-CH3OH (substrate=zeolite)

[1824/9762] reaction_id=1824: MOR-Al2-CoAu-O-CH3-AgAu-1-mod-CH3 -> MOR-Al2-CoAu-O-CH3OH (substrate=zeolite)

[1825/9762] reaction_id=1825: MOR-Al2-CoCr-O2-CH3 -> MOR-Al2-CoCr-O2-CH3OH (substrate=zeolite)

[1826/9762] reaction_id=1826: MOR-Al2-CoCrO2H-CH3 -> MOR-Al2-CoCrO2H-CH3OH (substrate=zeolite)

[1827/9762] reaction_id=1827: MOR-Al2-CoCr-O-CH3-AgAu-1-mod-CH3 -> MOR-Al2-CoCr-O-CH3OH (substrate=zeolite)

[1828/9762] reaction_id=1828: MOR-Al2-CoCu-O-CH3-AgAu-1-mod-CH3 -> MOR-Al2-CoCu-O-CH3OH (substrate=zeolite)

[1829/9762] reaction_id=1829: MOR-Al2-CoFe-O-CH3-AgAu-1-mod-CH3 -> MOR-Al2-CoFe-O-CH3OH (substrate=zeolite)

[1830/9762] reaction_id=1830: MOR-Al2-CoIr-O2-CH3 -> MOR-Al2-CoIr-O2-CH3OH (substrate=zeolite)

[1831/9762] reaction_id=1831: MOR-Al2-CoIr-O-CH3-AgAu-1-mod-CH3 -> MOR-Al2-CoIr-O-CH3OH (substrate=zeolite)

[1832/9762] reaction_id=1832: MOR-Al2-CoMo-O2-CH3 -> MOR-Al2-CoMo-O2-CH3OH (substrate=zeolite)

[1833/9762] reaction_id=1833: MOR-Al2-CoMoO2H-CH3 -> MOR-Al2-CoMoO2H-CH3OH (substrate=zeolite)

[1834/9762] reaction_id=1834: MOR-Al2-CoMo-O-CH3-AgAu-1-mod-CH3 -> MOR-Al2-CoMo-O-CH3OH (substrate=zeolite)

[1835/9762] reaction_id=1835: MOR-Al2-CoNb-O2-CH3 -> MOR-Al2-CoNb-O2-CH3OH (substrate=zeolite)

[1836/9762] reaction_id=1836: MOR-Al2-CoNbO2H-CH3 -> MOR-Al2-CoNbO2H-CH3OH (substrate=zeolite)

[1837/9762] reaction_id=1837: MOR-Al2-CoNb-O-CH3-AgAu-1-mod-CH3 -> MOR-Al2-CoNb-O-CH3OH (substrate=zeolite)

[1838/9762] reaction_id=1838: MOR-Al2-CoOs-O2-CH3 -> MOR-Al2-CoOs-O2-CH3OH (substrate=zeolite)

[1839/9762] reaction_id=1839: MOR-Al2-CoPd-O-CH3-AgAu-1-mod-CH3 -> MOR-Al2-CoPd-O-CH3OH (substrate=zeolite)

[1840/9762] reaction_id=1840: MOR-Al2-CoPt-O-CH3-AgAu-1-mod-CH3 -> MOR-Al2-CoPt-O-CH3OH (substrate=zeolite)

[1841/9762] reaction_id=1841: MOR-Al2-CoRu-O-CH3-AgAu-1-mod-CH3 -> MOR-Al2-CoRu-O-CH3OH (substrate=zeolite)

[1842/9762] reaction_id=1842: MOR-Al2-CoSc-O2-CH3 -> MOR-Al2-CoSc-O2-CH3OH (substrate=zeolite)

[1843/9762] reaction_id=1843: MOR-Al2-CoScO2H-CH3 -> MOR-Al2-CoScO2H-CH3OH (substrate=zeolite)

[1844/9762] reaction_id=1844: MOR-Al2-CoSc-O-CH3-AgAu-1-mod-CH3 -> MOR-Al2-CoSc-O-CH3OH (substrate=zeolite)

[1845/9762] reaction_id=1845: MOR-Al2-CoV-O2-CH3 -> MOR-Al2-CoV-O2-CH3OH (substrate=zeolite)

[1846/9762] reaction_id=1846: MOR-Al2-CoVO2H-CH3 -> MOR-Al2-CoVO2H-CH3OH (substrate=zeolite)

[1847/9762] reaction_id=1847: MOR-Al2-CoV-O-CH3-AgAu-1-mod-CH3 -> MOR-Al2-CoV-O-CH3OH (substrate=zeolite)

[1848/9762] reaction_id=1848: MOR-Al2-CoY-O2-CH3 -> MOR-Al2-CoY-O2-CH3OH (substrate=zeolite)

[1849/9762] reaction_id=1849: MOR-Al2-CoYO2H-CH3 -> MOR-Al2-CoYO2H-CH3OH (substrate=zeolite)

[1850/9762] reaction_id=1850: MOR-Al2-CoY-O-CH3-AgAu-1-mod-CH3 -> MOR-Al2-CoY-O-CH3OH (substrate=zeolite)

[1851/9762] reaction_id=1851: MOR-Al2-CrAg-O2-CH3 -> MOR-Al2-CrAg-O2-CH3OH (substrate=zeolite)

[1852/9762] reaction_id=1852: MOR-Al2-CrAgO2H-CH3 -> MOR-Al2-CrAgO2H-CH3OH (substrate=zeolite)

[1853/9762] reaction_id=1853: MOR-Al2-CrAg-O-CH3-AgAu-1-mod-CH3 -> MOR-Al2-CrAg-O-CH3OH (substrate=zeolite)

[1854/9762] reaction_id=1854: MOR-Al2-CrAu-O2-CH3 -> MOR-Al2-CrAu-O2-CH3OH (substrate=zeolite)

[1855/9762] reaction_id=1855: MOR-Al2-CrAuO2H-CH3 -> MOR-Al2-CrAuO2H-CH3OH (substrate=zeolite)

[1856/9762] reaction_id=1856: MOR-Al2-CrAu-O-CH3-AgAu-1-mod-CH3 -> MOR-Al2-CrAu-O-CH3OH (substrate=zeolite)

[1857/9762] reaction_id=1857: MOR-Al2-CrCo-O2-CH3 -> MOR-Al2-CrCo-O2-CH3OH (substrate=zeolite)

[1858/9762] reaction_id=1858: MOR-Al2-CrCoO2H-CH3 -> MOR-Al2-CrCoO2H-CH3OH (substrate=zeolite)

[1859/9762] reaction_id=1859: MOR-Al2-CrCo-O-CH3-AgAu-1-mod-CH3 -> MOR-Al2-CrCo-O-CH3OH (substrate=zeolite)

[1860/9762] reaction_id=1860: MOR-Al2-CrCrO2H-CH3 -> MOR-Al2-CrCrO2H-CH3OH (substrate=zeolite)

[1861/9762] reaction_id=1861: MOR-Al2-CrCu-O2-CH3 -> MOR-Al2-CrCu-O2-CH3OH (substrate=zeolite)

[1862/9762] reaction_id=1862: MOR-Al2-CrCuO2H-CH3 -> MOR-Al2-CrCuO2H-CH3OH (substrate=zeolite)

[1863/9762] reaction_id=1863: MOR-Al2-CrCu-O-CH3-AgAu-1-mod-CH3 -> MOR-Al2-CrCu-O-CH3OH (substrate=zeolite)

[1864/9762] reaction_id=1864: MOR-Al2-CrFe-O2-CH3 -> MOR-Al2-CrFe-O2-CH3OH (substrate=zeolite)

[1865/9762] reaction_id=1865: MOR-Al2-CrFeO2H-CH3 -> MOR-Al2-CrFeO2H-CH3OH (substrate=zeolite)

[1866/9762] reaction_id=1866: MOR-Al2-CrFe-O-CH3-AgAu-1-mod-CH3 -> MOR-Al2-CrFe-O-CH3OH (substrate=zeolite)

[1867/9762] reaction_id=1867: MOR-Al2-CrIr-O2-CH3 -> MOR-Al2-CrIr-O2-CH3OH (substrate=zeolite)

[1868/9762] reaction_id=1868: MOR-Al2-CrIrO2H-CH3 -> MOR-Al2-CrIrO2H-CH3OH (substrate=zeolite)

[1869/9762] reaction_id=1869: MOR-Al2-CrIr-O-CH3-AgAu-1-mod-CH3 -> MOR-Al2-CrIr-O-CH3OH (substrate=zeolite)

[1870/9762] reaction_id=1870: MOR-Al2-CrMo-O2-CH3 -> MOR-Al2-CrMo-O2-CH3OH (substrate=zeolite)

[1871/9762] reaction_id=1871: MOR-Al2-CrMoO2H-CH3 -> MOR-Al2-CrMoO2H-CH3OH (substrate=zeolite)

[1872/9762] reaction_id=1872: MOR-Al2-CrMo-O-CH3-AgAu-1-mod-CH3 -> MOR-Al2-CrMo-O-CH3OH (substrate=zeolite)

[1873/9762] reaction_id=1873: MOR-Al2-CrNbO2H-CH3 -> MOR-Al2-CrNbO2H-CH3OH (substrate=zeolite)

[1874/9762] reaction_id=1874: MOR-Al2-CrNb-O-CH3-AgAu-1-mod-CH3 -> MOR-Al2-CrNb-O-CH3OH (substrate=zeolite)

[1875/9762] reaction_id=1875: MOR-Al2-CrNi-O2-CH3 -> MOR-Al2-CrNi-O2-CH3OH (substrate=zeolite)

[1876/9762] reaction_id=1876: MOR-Al2-CrNiO2H-CH3 -> MOR-Al2-CrNiO2H-CH3OH (substrate=zeolite)

[1877/9762] reaction_id=1877: MOR-Al2-CrNi-O-CH3-AgAu-1-mod-CH3 -> MOR-Al2-CrNi-O-CH3OH (substrate=zeolite)

[1878/9762] reaction_id=1878: MOR-Al2-CrOs-O2-CH3 -> MOR-Al2-CrOs-O2-CH3OH (substrate=zeolite)

[1879/9762] reaction_id=1879: MOR-Al2-CrOsO2H-CH3 -> MOR-Al2-CrOsO2H-CH3OH (substrate=zeolite)

[1880/9762] reaction_id=1880: MOR-Al2-CrOs-O-CH3-AgAu-1-mod-CH3 -> MOR-Al2-CrOs-O-CH3OH (substrate=zeolite)

[1881/9762] reaction_id=1881: MOR-Al2-CrPd-O2-CH3 -> MOR-Al2-CrPd-O2-CH3OH (substrate=zeolite)

[1882/9762] reaction_id=1882: MOR-Al2-CrPdO2H-CH3 -> MOR-Al2-CrPdO2H-CH3OH (substrate=zeolite)

[1883/9762] reaction_id=1883: MOR-Al2-CrPd-O-CH3-AgAu-1-mod-CH3 -> MOR-Al2-CrPd-O-CH3OH (substrate=zeolite)

[1884/9762] reaction_id=1884: MOR-Al2-CrPt-O2-CH3 -> MOR-Al2-CrPt-O2-CH3OH (substrate=zeolite)

[1885/9762] reaction_id=1885: MOR-Al2-CrPtO2H-CH3 -> MOR-Al2-CrPtO2H-CH3OH (substrate=zeolite)

[1886/9762] reaction_id=1886: MOR-Al2-CrPt-O-CH3-AgAu-1-mod-CH3 -> MOR-Al2-CrPt-O-CH3OH (substrate=zeolite)

[1887/9762] reaction_id=1887: MOR-Al2-CrRh-O2-CH3 -> MOR-Al2-CrRh-O2-CH3OH (substrate=zeolite)

[1888/9762] reaction_id=1888: MOR-Al2-CrRhO2H-CH3 -> MOR-Al2-CrRhO2H-CH3OH (substrate=zeolite)

[1889/9762] reaction_id=1889: MOR-Al2-CrRh-O-CH3-AgAu-1-mod-CH3 -> MOR-Al2-CrRh-O-CH3OH (substrate=zeolite)

[1890/9762] reaction_id=1890: MOR-Al2-CrRu-O2-CH3 -> MOR-Al2-CrRu-O2-CH3OH (substrate=zeolite)

[1891/9762] reaction_id=1891: MOR-Al2-CrRuO2H-CH3 -> MOR-Al2-CrRuO2H-CH3OH (substrate=zeolite)

[1892/9762] reaction_id=1892: MOR-Al2-CrRu-O-CH3-AgAu-1-mod-CH3 -> MOR-Al2-CrRu-O-CH3OH (substrate=zeolite)

[1893/9762] reaction_id=1893: MOR-Al2-CrSc-O2-CH3 -> MOR-Al2-CrSc-O2-CH3OH (substrate=zeolite)

[1894/9762] reaction_id=1894: MOR-Al2-CrScO2H-CH3 -> MOR-Al2-CrScO2H-CH3OH (substrate=zeolite)

[1895/9762] reaction_id=1895: MOR-Al2-CrSc-O-CH3-AgAu-1-mod-CH3 -> MOR-Al2-CrSc-O-CH3OH (substrate=zeolite)

[1896/9762] reaction_id=1896: MOR-Al2-CrV-O2-CH3 -> MOR-Al2-CrV-O2-CH3OH (substrate=zeolite)

[1897/9762] reaction_id=1897: MOR-Al2-CrVO2H-CH3 -> MOR-Al2-CrVO2H-CH3OH (substrate=zeolite)

[1898/9762] reaction_id=1898: MOR-Al2-CrV-O-CH3-AgAu-1-mod-CH3 -> MOR-Al2-CrV-O-CH3OH (substrate=zeolite)

[1899/9762] reaction_id=1899: MOR-Al2-CrY-O2-CH3 -> MOR-Al2-CrY-O2-CH3OH (substrate=zeolite)

[1900/9762] reaction_id=1900: MOR-Al2-CrYO2H-CH3 -> MOR-Al2-CrYO2H-CH3OH (substrate=zeolite)

[1901/9762] reaction_id=1901: MOR-Al2-CrY-O-CH3-AgAu-1-mod-CH3 -> MOR-Al2-CrY-O-CH3OH (substrate=zeolite)

[1902/9762] reaction_id=1902: MOR-Al2-CuAg-O2-CH3 -> MOR-Al2-CuAg-O2-CH3OH (substrate=zeolite)

[1903/9762] reaction_id=1903: MOR-Al2-CuAgO2H-CH3 -> MOR-Al2-CuAgO2H-CH3OH (substrate=zeolite)

[1904/9762] reaction_id=1904: MOR-Al2-CuAg-O-CH3-AgAu-1-mod-CH3 -> MOR-Al2-CuAg-O-CH3OH (substrate=zeolite)

[1905/9762] reaction_id=1905: MOR-Al2-CuAu-O2-CH3 -> MOR-Al2-CuAu-O2-CH3OH (substrate=zeolite)

[1906/9762] reaction_id=1906: MOR-Al2-CuAuO2H-CH3 -> MOR-Al2-CuAuO2H-CH3OH (substrate=zeolite)

[1907/9762] reaction_id=1907: MOR-Al2-CuAu-O-CH3-AgAu-1-mod-CH3 -> MOR-Al2-CuAu-O-CH3OH (substrate=zeolite)

[1908/9762] reaction_id=1908: MOR-Al2-CuCo-O2-CH3 -> MOR-Al2-CuCo-O2-CH3OH (substrate=zeolite)

[1909/9762] reaction_id=1909: MOR-Al2-CuCoO2H-CH3 -> MOR-Al2-CuCoO2H-CH3OH (substrate=zeolite)

[1910/9762] reaction_id=1910: MOR-Al2-CuCo-O-CH3-AgAu-1-mod-CH3 -> MOR-Al2-CuCo-O-CH3OH (substrate=zeolite)

[1911/9762] reaction_id=1911: MOR-Al2-CuCr-O2-CH3 -> MOR-Al2-CuCr-O2-CH3OH (substrate=zeolite)

[1912/9762] reaction_id=1912: MOR-Al2-CuCrO2H-CH3 -> MOR-Al2-CuCrO2H-CH3OH (substrate=zeolite)

[1913/9762] reaction_id=1913: MOR-Al2-CuCr-O-CH3-AgAu-1-mod-CH3 -> MOR-Al2-CuCr-O-CH3OH (substrate=zeolite)

[1914/9762] reaction_id=1914: MOR-Al2-CuFe-O2-CH3 -> MOR-Al2-CuFe-O2-CH3OH (substrate=zeolite)

[1915/9762] reaction_id=1915: MOR-Al2-CuFeO2H-CH3 -> MOR-Al2-CuFeO2H-CH3OH (substrate=zeolite)

[1916/9762] reaction_id=1916: MOR-Al2-CuFe-O-CH3-AgAu-1-mod-CH3 -> MOR-Al2-CuFe-O-CH3OH (substrate=zeolite)

[1917/9762] reaction_id=1917: MOR-Al2-CuIr-O2-CH3 -> MOR-Al2-CuIr-O2-CH3OH (substrate=zeolite)

[1918/9762] reaction_id=1918: MOR-Al2-CuIrO2H-CH3 -> MOR-Al2-CuIrO2H-CH3OH (substrate=zeolite)

[1919/9762] reaction_id=1919: MOR-Al2-CuIr-O-CH3-AgAu-1-mod-CH3 -> MOR-Al2-CuIr-O-CH3OH (substrate=zeolite)

[1920/9762] reaction_id=1920: MOR-Al2-CuMo-O2-CH3 -> MOR-Al2-CuMo-O2-CH3OH (substrate=zeolite)

[1921/9762] reaction_id=1921: MOR-Al2-CuMoO2H-CH3 -> MOR-Al2-CuMoO2H-CH3OH (substrate=zeolite)

[1922/9762] reaction_id=1922: MOR-Al2-CuMo-O-CH3-AgAu-1-mod-CH3 -> MOR-Al2-CuMo-O-CH3OH (substrate=zeolite)

[1923/9762] reaction_id=1923: MOR-Al2-CuNb-O2-CH3 -> MOR-Al2-CuNb-O2-CH3OH (substrate=zeolite)

[1924/9762] reaction_id=1924: MOR-Al2-CuNbO2H-CH3 -> MOR-Al2-CuNbO2H-CH3OH (substrate=zeolite)

[1925/9762] reaction_id=1925: MOR-Al2-CuNb-O-CH3-AgAu-1-mod-CH3 -> MOR-Al2-CuNb-O-CH3OH (substrate=zeolite)

[1926/9762] reaction_id=1926: MOR-Al2-CuNi-O2-CH3 -> MOR-Al2-CuNi-O2-CH3OH (substrate=zeolite)

[1927/9762] reaction_id=1927: MOR-Al2-CuNiO2H-CH3 -> MOR-Al2-CuNiO2H-CH3OH (substrate=zeolite)

[1928/9762] reaction_id=1928: MOR-Al2-CuNi-O-CH3-AgAu-1-mod-CH3 -> MOR-Al2-CuNi-O-CH3OH (substrate=zeolite)

[1929/9762] reaction_id=1929: MOR-Al2-CuOs-O2-CH3 -> MOR-Al2-CuOs-O2-CH3OH (substrate=zeolite)

[1930/9762] reaction_id=1930: MOR-Al2-CuOsO2H-CH3 -> MOR-Al2-CuOsO2H-CH3OH (substrate=zeolite)

[1931/9762] reaction_id=1931: MOR-Al2-CuOs-O-CH3-AgAu-1-mod-CH3 -> MOR-Al2-CuOs-O-CH3OH (substrate=zeolite)

[1932/9762] reaction_id=1932: MOR-Al2-CuPd-O2-CH3 -> MOR-Al2-CuPd-O2-CH3OH (substrate=zeolite)

[1933/9762] reaction_id=1933: MOR-Al2-CuPdO2H-CH3 -> MOR-Al2-CuPdO2H-CH3OH (substrate=zeolite)

[1934/9762] reaction_id=1934: MOR-Al2-CuPd-O-CH3-AgAu-1-mod-CH3 -> MOR-Al2-CuPd-O-CH3OH (substrate=zeolite)

[1935/9762] reaction_id=1935: MOR-Al2-CuPt-O2-CH3 -> MOR-Al2-CuPt-O2-CH3OH (substrate=zeolite)

[1936/9762] reaction_id=1936: MOR-Al2-CuPtO2H-CH3 -> MOR-Al2-CuPtO2H-CH3OH (substrate=zeolite)

[1937/9762] reaction_id=1937: MOR-Al2-CuPt-O-CH3-AgAu-1-mod-CH3 -> MOR-Al2-CuPt-O-CH3OH (substrate=zeolite)

[1938/9762] reaction_id=1938: MOR-Al2-CuRh-O2-CH3 -> MOR-Al2-CuRh-O2-CH3OH (substrate=zeolite)

[1939/9762] reaction_id=1939: MOR-Al2-CuRhO2H-CH3 -> MOR-Al2-CuRhO2H-CH3OH (substrate=zeolite)

[1940/9762] reaction_id=1940: MOR-Al2-CuRh-O-CH3-AgAu-1-mod-CH3 -> MOR-Al2-CuRh-O-CH3OH (substrate=zeolite)

[1941/9762] reaction_id=1941: MOR-Al2-CuRu-O2-CH3 -> MOR-Al2-CuRu-O2-CH3OH (substrate=zeolite)

[1942/9762] reaction_id=1942: MOR-Al2-CuRuO2H-CH3 -> MOR-Al2-CuRuO2H-CH3OH (substrate=zeolite)

[1943/9762] reaction_id=1943: MOR-Al2-CuRu-O-CH3-AgAu-1-mod-CH3 -> MOR-Al2-CuRu-O-CH3OH (substrate=zeolite)

[1944/9762] reaction_id=1944: MOR-Al2-CuSc-O2-CH3 -> MOR-Al2-CuSc-O2-CH3OH (substrate=zeolite)

[1945/9762] reaction_id=1945: MOR-Al2-CuScO2H-CH3 -> MOR-Al2-CuScO2H-CH3OH (substrate=zeolite)

[1946/9762] reaction_id=1946: MOR-Al2-CuSc-O-CH3-AgAu-1-mod-CH3 -> MOR-Al2-CuSc-O-CH3OH (substrate=zeolite)

[1947/9762] reaction_id=1947: MOR-Al2-CuV-O2-CH3 -> MOR-Al2-CuV-O2-CH3OH (substrate=zeolite)

[1948/9762] reaction_id=1948: MOR-Al2-CuVO2H-CH3 -> MOR-Al2-CuVO2H-CH3OH (substrate=zeolite)

[1949/9762] reaction_id=1949: MOR-Al2-CuV-O-CH3-AgAu-1-mod-CH3 -> MOR-Al2-CuV-O-CH3OH (substrate=zeolite)

[1950/9762] reaction_id=1950: MOR-Al2-CuY-O2-CH3 -> MOR-Al2-CuY-O2-CH3OH (substrate=zeolite)

[1951/9762] reaction_id=1951: MOR-Al2-CuYO2H-CH3 -> MOR-Al2-CuYO2H-CH3OH (substrate=zeolite)

[1952/9762] reaction_id=1952: MOR-Al2-CuY-O-CH3-AgAu-1-mod-CH3 -> MOR-Al2-CuY-O-CH3OH (substrate=zeolite)

[1953/9762] reaction_id=1953: MOR-Al2-FeAg-O2-CH3 -> MOR-Al2-FeAg-O2-CH3OH (substrate=zeolite)

[1954/9762] reaction_id=1954: MOR-Al2-FeAgO2H-CH3 -> MOR-Al2-FeAgO2H-CH3OH (substrate=zeolite)

[1955/9762] reaction_id=1955: MOR-Al2-FeAg-O-CH3-AgAu-1-mod-CH3 -> MOR-Al2-FeAg-O-CH3OH (substrate=zeolite)

[1956/9762] reaction_id=1956: MOR-Al2-FeAu-O2-CH3 -> MOR-Al2-FeAu-O2-CH3OH (substrate=zeolite)

[1957/9762] reaction_id=1957: MOR-Al2-FeAuO2H-CH3 -> MOR-Al2-FeAuO2H-CH3OH (substrate=zeolite)

[1958/9762] reaction_id=1958: MOR-Al2-FeAu-O-CH3-AgAu-1-mod-CH3 -> MOR-Al2-FeAu-O-CH3OH (substrate=zeolite)

[1959/9762] reaction_id=1959: MOR-Al2-FeCo-O2-CH3 -> MOR-Al2-FeCo-O2-CH3OH (substrate=zeolite)

[1960/9762] reaction_id=1960: MOR-Al2-FeCoO2H-CH3 -> MOR-Al2-FeCoO2H-CH3OH (substrate=zeolite)

[1961/9762] reaction_id=1961: MOR-Al2-FeCo-O-CH3-AgAu-1-mod-CH3 -> MOR-Al2-FeCo-O-CH3OH (substrate=zeolite)

[1962/9762] reaction_id=1962: MOR-Al2-FeCr-O2-CH3 -> MOR-Al2-FeCr-O2-CH3OH (substrate=zeolite)

[1963/9762] reaction_id=1963: MOR-Al2-FeCrO2H-CH3 -> MOR-Al2-FeCrO2H-CH3OH (substrate=zeolite)

[1964/9762] reaction_id=1964: MOR-Al2-FeCr-O-CH3-AgAu-1-mod-CH3 -> MOR-Al2-FeCr-O-CH3OH (substrate=zeolite)

[1965/9762] reaction_id=1965: MOR-Al2-FeCu-O2-CH3 -> MOR-Al2-FeCu-O2-CH3OH (substrate=zeolite)

[1966/9762] reaction_id=1966: MOR-Al2-FeCuO2H-CH3 -> MOR-Al2-FeCuO2H-CH3OH (substrate=zeolite)

[1967/9762] reaction_id=1967: MOR-Al2-FeCu-O-CH3-AgAu-1-mod-CH3 -> MOR-Al2-FeCu-O-CH3OH (substrate=zeolite)

[1968/9762] reaction_id=1968: MOR-Al2-FeIr-O2-CH3 -> MOR-Al2-FeIr-O2-CH3OH (substrate=zeolite)

[1969/9762] reaction_id=1969: MOR-Al2-FeIrO2H-CH3 -> MOR-Al2-FeIrO2H-CH3OH (substrate=zeolite)

[1970/9762] reaction_id=1970: MOR-Al2-FeIr-O-CH3-AgAu-1-mod-CH3 -> MOR-Al2-FeIr-O-CH3OH (substrate=zeolite)

[1971/9762] reaction_id=1971: MOR-Al2-FeMo-O2-CH3 -> MOR-Al2-FeMo-O2-CH3OH (substrate=zeolite)

[1972/9762] reaction_id=1972: MOR-Al2-FeMoO2H-CH3 -> MOR-Al2-FeMoO2H-CH3OH (substrate=zeolite)

[1973/9762] reaction_id=1973: MOR-Al2-FeMo-O-CH3-AgAu-1-mod-CH3 -> MOR-Al2-FeMo-O-CH3OH (substrate=zeolite)

[1974/9762] reaction_id=1974: MOR-Al2-FeNb-O2-CH3 -> MOR-Al2-FeNb-O2-CH3OH (substrate=zeolite)

[1975/9762] reaction_id=1975: MOR-Al2-FeNbO2H-CH3 -> MOR-Al2-FeNbO2H-CH3OH (substrate=zeolite)

[1976/9762] reaction_id=1976: MOR-Al2-FeNb-O-CH3-AgAu-1-mod-CH3 -> MOR-Al2-FeNb-O-CH3OH (substrate=zeolite)

[1977/9762] reaction_id=1977: MOR-Al2-FeNi-O2-CH3 -> MOR-Al2-FeNi-O2-CH3OH (substrate=zeolite)

[1978/9762] reaction_id=1978: MOR-Al2-FeNiO2H-CH3 -> MOR-Al2-FeNiO2H-CH3OH (substrate=zeolite)

[1979/9762] reaction_id=1979: MOR-Al2-FeNi-O-CH3-AgAu-1-mod-CH3 -> MOR-Al2-FeNi-O-CH3OH (substrate=zeolite)

[1980/9762] reaction_id=1980: MOR-Al2-FeOs-O2-CH3 -> MOR-Al2-FeOs-O2-CH3OH (substrate=zeolite)

[1981/9762] reaction_id=1981: MOR-Al2-FeOsO2H-CH3 -> MOR-Al2-FeOsO2H-CH3OH (substrate=zeolite)

[1982/9762] reaction_id=1982: MOR-Al2-FeOs-O-CH3-AgAu-1-mod-CH3 -> MOR-Al2-FeOs-O-CH3OH (substrate=zeolite)

[1983/9762] reaction_id=1983: MOR-Al2-FePd-O2-CH3 -> MOR-Al2-FePd-O2-CH3OH (substrate=zeolite)

[1984/9762] reaction_id=1984: MOR-Al2-FePdO2H-CH3 -> MOR-Al2-FePdO2H-CH3OH (substrate=zeolite)

[1985/9762] reaction_id=1985: MOR-Al2-FePd-O-CH3-AgAu-1-mod-CH3 -> MOR-Al2-FePd-O-CH3OH (substrate=zeolite)

[1986/9762] reaction_id=1986: MOR-Al2-FePt-O2-CH3 -> MOR-Al2-FePt-O2-CH3OH (substrate=zeolite)

[1987/9762] reaction_id=1987: MOR-Al2-FePtO2H-CH3 -> MOR-Al2-FePtO2H-CH3OH (substrate=zeolite)

[1988/9762] reaction_id=1988: MOR-Al2-FePt-O-CH3-AgAu-1-mod-CH3 -> MOR-Al2-FePt-O-CH3OH (substrate=zeolite)

[1989/9762] reaction_id=1989: MOR-Al2-FeRh-O2-CH3 -> MOR-Al2-FeRh-O2-CH3OH (substrate=zeolite)

[1990/9762] reaction_id=1990: MOR-Al2-FeRhO2H-CH3 -> MOR-Al2-FeRhO2H-CH3OH (substrate=zeolite)

[1991/9762] reaction_id=1991: MOR-Al2-FeRh-O-CH3-AgAu-1-mod-CH3 -> MOR-Al2-FeRh-O-CH3OH (substrate=zeolite)

[1992/9762] reaction_id=1992: MOR-Al2-FeRu-O2-CH3 -> MOR-Al2-FeRu-O2-CH3OH (substrate=zeolite)

[1993/9762] reaction_id=1993: MOR-Al2-FeRuO2H-CH3 -> MOR-Al2-FeRuO2H-CH3OH (substrate=zeolite)

[1994/9762] reaction_id=1994: MOR-Al2-FeRu-O-CH3-AgAu-1-mod-CH3 -> MOR-Al2-FeRu-O-CH3OH (substrate=zeolite)

[1995/9762] reaction_id=1995: MOR-Al2-FeSc-O2-CH3 -> MOR-Al2-FeSc-O2-CH3OH (substrate=zeolite)

[1996/9762] reaction_id=1996: MOR-Al2-FeScO2H-CH3 -> MOR-Al2-FeScO2H-CH3OH (substrate=zeolite)

[1997/9762] reaction_id=1997: MOR-Al2-FeSc-O-CH3-AgAu-1-mod-CH3 -> MOR-Al2-FeSc-O-CH3OH (substrate=zeolite)

[1998/9762] reaction_id=1998: MOR-Al2-FeV-O2-CH3 -> MOR-Al2-FeV-O2-CH3OH (substrate=zeolite)

[1999/9762] reaction_id=1999: MOR-Al2-FeVO2H-CH3 -> MOR-Al2-FeVO2H-CH3OH (substrate=zeolite)

[2000/9762] reaction_id=2000: MOR-Al2-FeV-O-CH3-AgAu-1-mod-CH3 -> MOR-Al2-FeV-O-CH3OH (substrate=zeolite)

[2001/9762] reaction_id=2001: MOR-Al2-FeY-O2-CH3 -> MOR-Al2-FeY-O2-CH3OH (substrate=zeolite)

[2002/9762] reaction_id=2002: MOR-Al2-FeYO2H-CH3 -> MOR-Al2-FeYO2H-CH3OH (substrate=zeolite)

[2003/9762] reaction_id=2003: MOR-Al2-FeY-O-CH3-AgAu-1-mod-CH3 -> MOR-Al2-FeY-O-CH3OH (substrate=zeolite)

[2004/9762] reaction_id=2004: MOR-Al2-IrAg-O2-CH3 -> MOR-Al2-IrAg-O2-CH3OH (substrate=zeolite)

[2005/9762] reaction_id=2005: MOR-Al2-IrAgO2H-CH3 -> MOR-Al2-IrAgO2H-CH3OH (substrate=zeolite)

[2006/9762] reaction_id=2006: MOR-Al2-IrAg-O-CH3-AgAu-1-mod-CH3 -> MOR-Al2-IrAg-O-CH3OH (substrate=zeolite)

[2007/9762] reaction_id=2007: MOR-Al2-IrAu-O2-CH3 -> MOR-Al2-IrAu-O2-CH3OH (substrate=zeolite)

[2008/9762] reaction_id=2008: MOR-Al2-IrAuO2H-CH3 -> MOR-Al2-IrAuO2H-CH3OH (substrate=zeolite)

[2009/9762] reaction_id=2009: MOR-Al2-IrAu-O-CH3-AgAu-1-mod-CH3 -> MOR-Al2-IrAu-O-CH3OH (substrate=zeolite)

[2010/9762] reaction_id=2010: MOR-Al2-IrCo-O2-CH3 -> MOR-Al2-IrCo-O2-CH3OH (substrate=zeolite)

[2011/9762] reaction_id=2011: MOR-Al2-IrCoO2H-CH3 -> MOR-Al2-IrCoO2H-CH3OH (substrate=zeolite)

[2012/9762] reaction_id=2012: MOR-Al2-IrCo-O-CH3-AgAu-1-mod-CH3 -> MOR-Al2-IrCo-O-CH3OH (substrate=zeolite)

[2013/9762] reaction_id=2013: MOR-Al2-IrCr-O2-CH3 -> MOR-Al2-IrCr-O2-CH3OH (substrate=zeolite)

[2014/9762] reaction_id=2014: MOR-Al2-IrCrO2H-CH3 -> MOR-Al2-IrCrO2H-CH3OH (substrate=zeolite)

[2015/9762] reaction_id=2015: MOR-Al2-IrCr-O-CH3-AgAu-1-mod-CH3 -> MOR-Al2-IrCr-O-CH3OH (substrate=zeolite)

[2016/9762] reaction_id=2016: MOR-Al2-IrCu-O2-CH3 -> MOR-Al2-IrCu-O2-CH3OH (substrate=zeolite)

[2017/9762] reaction_id=2017: MOR-Al2-IrCuO2H-CH3 -> MOR-Al2-IrCuO2H-CH3OH (substrate=zeolite)

[2018/9762] reaction_id=2018: MOR-Al2-IrCu-O-CH3-AgAu-1-mod-CH3 -> MOR-Al2-IrCu-O-CH3OH (substrate=zeolite)

[2019/9762] reaction_id=2019: MOR-Al2-IrFe-O2-CH3 -> MOR-Al2-IrFe-O2-CH3OH (substrate=zeolite)

[2020/9762] reaction_id=2020: MOR-Al2-IrFeO2H-CH3 -> MOR-Al2-IrFeO2H-CH3OH (substrate=zeolite)

[2021/9762] reaction_id=2021: MOR-Al2-IrFe-O-CH3-AgAu-1-mod-CH3 -> MOR-Al2-IrFe-O-CH3OH (substrate=zeolite)

[2022/9762] reaction_id=2022: MOR-Al2-IrMo-O2-CH3 -> MOR-Al2-IrMo-O2-CH3OH (substrate=zeolite)

[2023/9762] reaction_id=2023: MOR-Al2-IrMoO2H-CH3 -> MOR-Al2-IrMoO2H-CH3OH (substrate=zeolite)

[2024/9762] reaction_id=2024: MOR-Al2-IrMo-O-CH3-AgAu-1-mod-CH3 -> MOR-Al2-IrMo-O-CH3OH (substrate=zeolite)

[2025/9762] reaction_id=2025: MOR-Al2-IrNb-O2-CH3 -> MOR-Al2-IrNb-O2-CH3OH (substrate=zeolite)

[2026/9762] reaction_id=2026: MOR-Al2-IrNbO2H-CH3 -> MOR-Al2-IrNbO2H-CH3OH (substrate=zeolite)

[2027/9762] reaction_id=2027: MOR-Al2-IrNb-O-CH3-AgAu-1-mod-CH3 -> MOR-Al2-IrNb-O-CH3OH (substrate=zeolite)

[2028/9762] reaction_id=2028: MOR-Al2-IrNi-O2-CH3 -> MOR-Al2-IrNi-O2-CH3OH (substrate=zeolite)

[2029/9762] reaction_id=2029: MOR-Al2-IrNiO2H-CH3 -> MOR-Al2-IrNiO2H-CH3OH (substrate=zeolite)

[2030/9762] reaction_id=2030: MOR-Al2-IrNi-O-CH3-AgAu-1-mod-CH3 -> MOR-Al2-IrNi-O-CH3OH (substrate=zeolite)

[2031/9762] reaction_id=2031: MOR-Al2-IrOs-O2-CH3 -> MOR-Al2-IrOs-O2-CH3OH (substrate=zeolite)

[2032/9762] reaction_id=2032: MOR-Al2-IrOsO2H-CH3 -> MOR-Al2-IrOsO2H-CH3OH (substrate=zeolite)

[2033/9762] reaction_id=2033: MOR-Al2-IrOs-O-CH3-AgAu-1-mod-CH3 -> MOR-Al2-IrOs-O-CH3OH (substrate=zeolite)

[2034/9762] reaction_id=2034: MOR-Al2-IrPd-O2-CH3 -> MOR-Al2-IrPd-O2-CH3OH (substrate=zeolite)

[2035/9762] reaction_id=2035: MOR-Al2-IrPdO2H-CH3 -> MOR-Al2-IrPdO2H-CH3OH (substrate=zeolite)

[2036/9762] reaction_id=2036: MOR-Al2-IrPd-O-CH3-AgAu-1-mod-CH3 -> MOR-Al2-IrPd-O-CH3OH (substrate=zeolite)

[2037/9762] reaction_id=2037: MOR-Al2-IrPt-O2-CH3 -> MOR-Al2-IrPt-O2-CH3OH (substrate=zeolite)

[2038/9762] reaction_id=2038: MOR-Al2-IrPtO2H-CH3 -> MOR-Al2-IrPtO2H-CH3OH (substrate=zeolite)

[2039/9762] reaction_id=2039: MOR-Al2-IrPt-O-CH3-AgAu-1-mod-CH3 -> MOR-Al2-IrPt-O-CH3OH (substrate=zeolite)

[2040/9762] reaction_id=2040: MOR-Al2-IrRh-O2-CH3 -> MOR-Al2-IrRh-O2-CH3OH (substrate=zeolite)

[2041/9762] reaction_id=2041: MOR-Al2-IrRhO2H-CH3 -> MOR-Al2-IrRhO2H-CH3OH (substrate=zeolite)

[2042/9762] reaction_id=2042: MOR-Al2-IrRh-O-CH3-AgAu-1-mod-CH3 -> MOR-Al2-IrRh-O-CH3OH (substrate=zeolite)

[2043/9762] reaction_id=2043: MOR-Al2-IrRu-O2-CH3 -> MOR-Al2-IrRu-O2-CH3OH (substrate=zeolite)

[2044/9762] reaction_id=2044: MOR-Al2-IrRuO2H-CH3 -> MOR-Al2-IrRuO2H-CH3OH (substrate=zeolite)

[2045/9762] reaction_id=2045: MOR-Al2-IrRu-O-CH3-AgAu-1-mod-CH3 -> MOR-Al2-IrRu-O-CH3OH (substrate=zeolite)

[2046/9762] reaction_id=2046: MOR-Al2-IrSc-O2-CH3 -> MOR-Al2-IrSc-O2-CH3OH (substrate=zeolite)

[2047/9762] reaction_id=2047: MOR-Al2-IrScO2H-CH3 -> MOR-Al2-IrScO2H-CH3OH (substrate=zeolite)

[2048/9762] reaction_id=2048: MOR-Al2-IrSc-O-CH3-AgAu-1-mod-CH3 -> MOR-Al2-IrSc-O-CH3OH (substrate=zeolite)

[2049/9762] reaction_id=2049: MOR-Al2-IrV-O2-CH3 -> MOR-Al2-IrV-O2-CH3OH (substrate=zeolite)

[2050/9762] reaction_id=2050: MOR-Al2-IrVO2H-CH3 -> MOR-Al2-IrVO2H-CH3OH (substrate=zeolite)

[2051/9762] reaction_id=2051: MOR-Al2-IrV-O-CH3-AgAu-1-mod-CH3 -> MOR-Al2-IrV-O-CH3OH (substrate=zeolite)

[2052/9762] reaction_id=2052: MOR-Al2-IrY-O2-CH3 -> MOR-Al2-IrY-O2-CH3OH (substrate=zeolite)

[2053/9762] reaction_id=2053: MOR-Al2-IrYO2H-CH3 -> MOR-Al2-IrYO2H-CH3OH (substrate=zeolite)

[2054/9762] reaction_id=2054: MOR-Al2-IrY-O-CH3-AgAu-1-mod-CH3 -> MOR-Al2-IrY-O-CH3OH (substrate=zeolite)

[2055/9762] reaction_id=2055: MOR-Al2-MoAg-O2-CH3 -> MOR-Al2-MoAg-O2-CH3OH (substrate=zeolite)

[2056/9762] reaction_id=2056: MOR-Al2-MoAgO2H-CH3 -> MOR-Al2-MoAgO2H-CH3OH (substrate=zeolite)

[2057/9762] reaction_id=2057: MOR-Al2-MoAg-O-CH3-AgAu-1-mod-CH3 -> MOR-Al2-MoAg-O-CH3OH (substrate=zeolite)

[2058/9762] reaction_id=2058: MOR-Al2-MoAu-O2-CH3 -> MOR-Al2-MoAu-O2-CH3OH (substrate=zeolite)

[2059/9762] reaction_id=2059: MOR-Al2-MoAuO2H-CH3 -> MOR-Al2-MoAuO2H-CH3OH (substrate=zeolite)

[2060/9762] reaction_id=2060: MOR-Al2-MoAu-O-CH3-AgAu-1-mod-CH3 -> MOR-Al2-MoAu-O-CH3OH (substrate=zeolite)

[2061/9762] reaction_id=2061: MOR-Al2-MoCo-O2-CH3 -> MOR-Al2-MoCo-O2-CH3OH (substrate=zeolite)

[2062/9762] reaction_id=2062: MOR-Al2-MoCoO2H-CH3 -> MOR-Al2-MoCoO2H-CH3OH (substrate=zeolite)

[2063/9762] reaction_id=2063: MOR-Al2-MoCo-O-CH3-AgAu-1-mod-CH3 -> MOR-Al2-MoCo-O-CH3OH (substrate=zeolite)

[2064/9762] reaction_id=2064: MOR-Al2-MoCr-O2-CH3 -> MOR-Al2-MoCr-O2-CH3OH (substrate=zeolite)

[2065/9762] reaction_id=2065: MOR-Al2-MoCrO2H-CH3 -> MOR-Al2-MoCrO2H-CH3OH (substrate=zeolite)

[2066/9762] reaction_id=2066: MOR-Al2-MoCr-O-CH3-AgAu-1-mod-CH3 -> MOR-Al2-MoCr-O-CH3OH (substrate=zeolite)

[2067/9762] reaction_id=2067: MOR-Al2-MoCu-O2-CH3 -> MOR-Al2-MoCu-O2-CH3OH (substrate=zeolite)

[2068/9762] reaction_id=2068: MOR-Al2-MoCuO2H-CH3 -> MOR-Al2-MoCuO2H-CH3OH (substrate=zeolite)

[2069/9762] reaction_id=2069: MOR-Al2-MoCu-O-CH3-AgAu-1-mod-CH3 -> MOR-Al2-MoCu-O-CH3OH (substrate=zeolite)

[2070/9762] reaction_id=2070: MOR-Al2-MoFe-O2-CH3 -> MOR-Al2-MoFe-O2-CH3OH (substrate=zeolite)

[2071/9762] reaction_id=2071: MOR-Al2-MoFeO2H-CH3 -> MOR-Al2-MoFeO2H-CH3OH (substrate=zeolite)

[2072/9762] reaction_id=2072: MOR-Al2-MoFe-O-CH3-AgAu-1-mod-CH3 -> MOR-Al2-MoFe-O-CH3OH (substrate=zeolite)

[2073/9762] reaction_id=2073: MOR-Al2-MoIr-O2-CH3 -> MOR-Al2-MoIr-O2-CH3OH (substrate=zeolite)

[2074/9762] reaction_id=2074: MOR-Al2-MoIrO2H-CH3 -> MOR-Al2-MoIrO2H-CH3OH (substrate=zeolite)

[2075/9762] reaction_id=2075: MOR-Al2-MoIr-O-CH3-AgAu-1-mod-CH3 -> MOR-Al2-MoIr-O-CH3OH (substrate=zeolite)

[2076/9762] reaction_id=2076: MOR-Al2-MoNb-O2-CH3 -> MOR-Al2-MoNb-O2-CH3OH (substrate=zeolite)

[2077/9762] reaction_id=2077: MOR-Al2-MoNbO2H-CH3 -> MOR-Al2-MoNbO2H-CH3OH (substrate=zeolite)

[2078/9762] reaction_id=2078: MOR-Al2-MoNb-O-CH3-AgAu-1-mod-CH3 -> MOR-Al2-MoNb-O-CH3OH (substrate=zeolite)

[2079/9762] reaction_id=2079: MOR-Al2-MoNi-O2-CH3 -> MOR-Al2-MoNi-O2-CH3OH (substrate=zeolite)

[2080/9762] reaction_id=2080: MOR-Al2-MoNiO2H-CH3 -> MOR-Al2-MoNiO2H-CH3OH (substrate=zeolite)

[2081/9762] reaction_id=2081: MOR-Al2-MoNi-O-CH3-AgAu-1-mod-CH3 -> MOR-Al2-MoNi-O-CH3OH (substrate=zeolite)

[2082/9762] reaction_id=2082: MOR-Al2-MoOs-O2-CH3 -> MOR-Al2-MoOs-O2-CH3OH (substrate=zeolite)

[2083/9762] reaction_id=2083: MOR-Al2-MoOsO2H-CH3 -> MOR-Al2-MoOsO2H-CH3OH (substrate=zeolite)

[2084/9762] reaction_id=2084: MOR-Al2-MoOs-O-CH3-AgAu-1-mod-CH3 -> MOR-Al2-MoOs-O-CH3OH (substrate=zeolite)

[2085/9762] reaction_id=2085: MOR-Al2-MoPd-O2-CH3 -> MOR-Al2-MoPd-O2-CH3OH (substrate=zeolite)

[2086/9762] reaction_id=2086: MOR-Al2-MoPdO2H-CH3 -> MOR-Al2-MoPdO2H-CH3OH (substrate=zeolite)

[2087/9762] reaction_id=2087: MOR-Al2-MoPd-O-CH3-AgAu-1-mod-CH3 -> MOR-Al2-MoPd-O-CH3OH (substrate=zeolite)

[2088/9762] reaction_id=2088: MOR-Al2-MoPt-O2-CH3 -> MOR-Al2-MoPt-O2-CH3OH (substrate=zeolite)

[2089/9762] reaction_id=2089: MOR-Al2-MoPtO2H-CH3 -> MOR-Al2-MoPtO2H-CH3OH (substrate=zeolite)

[2090/9762] reaction_id=2090: MOR-Al2-MoPt-O-CH3-AgAu-1-mod-CH3 -> MOR-Al2-MoPt-O-CH3OH (substrate=zeolite)

[2091/9762] reaction_id=2091: MOR-Al2-MoRh-O2-CH3 -> MOR-Al2-MoRh-O2-CH3OH (substrate=zeolite)

[2092/9762] reaction_id=2092: MOR-Al2-MoRhO2H-CH3 -> MOR-Al2-MoRhO2H-CH3OH (substrate=zeolite)

[2093/9762] reaction_id=2093: MOR-Al2-MoRh-O-CH3-AgAu-1-mod-CH3 -> MOR-Al2-MoRh-O-CH3OH (substrate=zeolite)

[2094/9762] reaction_id=2094: MOR-Al2-MoRu-O2-CH3 -> MOR-Al2-MoRu-O2-CH3OH (substrate=zeolite)

[2095/9762] reaction_id=2095: MOR-Al2-MoRuO2H-CH3 -> MOR-Al2-MoRuO2H-CH3OH (substrate=zeolite)

[2096/9762] reaction_id=2096: MOR-Al2-MoRu-O-CH3-AgAu-1-mod-CH3 -> MOR-Al2-MoRu-O-CH3OH (substrate=zeolite)

[2097/9762] reaction_id=2097: MOR-Al2-MoSc-O2-CH3 -> MOR-Al2-MoSc-O2-CH3OH (substrate=zeolite)

[2098/9762] reaction_id=2098: MOR-Al2-MoScO2H-CH3 -> MOR-Al2-MoScO2H-CH3OH (substrate=zeolite)

[2099/9762] reaction_id=2099: MOR-Al2-MoSc-O-CH3-AgAu-1-mod-CH3 -> MOR-Al2-MoSc-O-CH3OH (substrate=zeolite)

[2100/9762] reaction_id=2100: MOR-Al2-MoV-O2-CH3 -> MOR-Al2-MoV-O2-CH3OH (substrate=zeolite)

[2101/9762] reaction_id=2101: MOR-Al2-MoVO2H-CH3 -> MOR-Al2-MoVO2H-CH3OH (substrate=zeolite)

[2102/9762] reaction_id=2102: MOR-Al2-MoV-O-CH3-AgAu-1-mod-CH3 -> MOR-Al2-MoV-O-CH3OH (substrate=zeolite)

[2103/9762] reaction_id=2103: MOR-Al2-MoY-O2-CH3 -> MOR-Al2-MoY-O2-CH3OH (substrate=zeolite)

[2104/9762] reaction_id=2104: MOR-Al2-MoYO2H-CH3 -> MOR-Al2-MoYO2H-CH3OH (substrate=zeolite)

[2105/9762] reaction_id=2105: MOR-Al2-MoY-O-CH3-AgAu-1-mod-CH3 -> MOR-Al2-MoY-O-CH3OH (substrate=zeolite)

[2106/9762] reaction_id=2106: MOR-Al2-NbAg-O2-CH3 -> MOR-Al2-NbAg-O2-CH3OH (substrate=zeolite)

[2107/9762] reaction_id=2107: MOR-Al2-NbAgO2H-CH3 -> MOR-Al2-NbAgO2H-CH3OH (substrate=zeolite)

[2108/9762] reaction_id=2108: MOR-Al2-NbAg-O-CH3-AgAu-1-mod-CH3 -> MOR-Al2-NbAg-O-CH3OH (substrate=zeolite)

[2109/9762] reaction_id=2109: MOR-Al2-NbAu-O2-CH3 -> MOR-Al2-NbAu-O2-CH3OH (substrate=zeolite)

[2110/9762] reaction_id=2110: MOR-Al2-NbAuO2H-CH3 -> MOR-Al2-NbAuO2H-CH3OH (substrate=zeolite)

[2111/9762] reaction_id=2111: MOR-Al2-NbAu-O-CH3-AgAu-1-mod-CH3 -> MOR-Al2-NbAu-O-CH3OH (substrate=zeolite)

[2112/9762] reaction_id=2112: MOR-Al2-NbCo-O2-CH3 -> MOR-Al2-NbCo-O2-CH3OH (substrate=zeolite)

[2113/9762] reaction_id=2113: MOR-Al2-NbCoO2H-CH3 -> MOR-Al2-NbCoO2H-CH3OH (substrate=zeolite)

[2114/9762] reaction_id=2114: MOR-Al2-NbCo-O-CH3-AgAu-1-mod-CH3 -> MOR-Al2-NbCo-O-CH3OH (substrate=zeolite)

[2115/9762] reaction_id=2115: MOR-Al2-NbCrO2H-CH3 -> MOR-Al2-NbCrO2H-CH3OH (substrate=zeolite)

[2116/9762] reaction_id=2116: MOR-Al2-NbCr-O-CH3-AgAu-1-mod-CH3 -> MOR-Al2-NbCr-O-CH3OH (substrate=zeolite)

[2117/9762] reaction_id=2117: MOR-Al2-NbCu-O2-CH3 -> MOR-Al2-NbCu-O2-CH3OH (substrate=zeolite)

[2118/9762] reaction_id=2118: MOR-Al2-NbCuO2H-CH3 -> MOR-Al2-NbCuO2H-CH3OH (substrate=zeolite)

[2119/9762] reaction_id=2119: MOR-Al2-NbCu-O-CH3-AgAu-1-mod-CH3 -> MOR-Al2-NbCu-O-CH3OH (substrate=zeolite)

[2120/9762] reaction_id=2120: MOR-Al2-NbFe-O2-CH3 -> MOR-Al2-NbFe-O2-CH3OH (substrate=zeolite)

[2121/9762] reaction_id=2121: MOR-Al2-NbFeO2H-CH3 -> MOR-Al2-NbFeO2H-CH3OH (substrate=zeolite)

[2122/9762] reaction_id=2122: MOR-Al2-NbFe-O-CH3-AgAu-1-mod-CH3 -> MOR-Al2-NbFe-O-CH3OH (substrate=zeolite)

[2123/9762] reaction_id=2123: MOR-Al2-NbIr-O2-CH3 -> MOR-Al2-NbIr-O2-CH3OH (substrate=zeolite)

[2124/9762] reaction_id=2124: MOR-Al2-NbIrO2H-CH3 -> MOR-Al2-NbIrO2H-CH3OH (substrate=zeolite)

[2125/9762] reaction_id=2125: MOR-Al2-NbIr-O-CH3-AgAu-1-mod-CH3 -> MOR-Al2-NbIr-O-CH3OH (substrate=zeolite)

[2126/9762] reaction_id=2126: MOR-Al2-NbMo-O2-CH3 -> MOR-Al2-NbMo-O2-CH3OH (substrate=zeolite)

[2127/9762] reaction_id=2127: MOR-Al2-NbMoO2H-CH3 -> MOR-Al2-NbMoO2H-CH3OH (substrate=zeolite)

[2128/9762] reaction_id=2128: MOR-Al2-NbMo-O-CH3-AgAu-1-mod-CH3 -> MOR-Al2-NbMo-O-CH3OH (substrate=zeolite)

[2129/9762] reaction_id=2129: MOR-Al2-NbNi-O2-CH3 -> MOR-Al2-NbNi-O2-CH3OH (substrate=zeolite)

[2130/9762] reaction_id=2130: MOR-Al2-NbNiO2H-CH3 -> MOR-Al2-NbNiO2H-CH3OH (substrate=zeolite)

[2131/9762] reaction_id=2131: MOR-Al2-NbNi-O-CH3-AgAu-1-mod-CH3 -> MOR-Al2-NbNi-O-CH3OH (substrate=zeolite)

[2132/9762] reaction_id=2132: MOR-Al2-NbOs-O2-CH3 -> MOR-Al2-NbOs-O2-CH3OH (substrate=zeolite)

[2133/9762] reaction_id=2133: MOR-Al2-NbOsO2H-CH3 -> MOR-Al2-NbOsO2H-CH3OH (substrate=zeolite)

[2134/9762] reaction_id=2134: MOR-Al2-NbOs-O-CH3-AgAu-1-mod-CH3 -> MOR-Al2-NbOs-O-CH3OH (substrate=zeolite)

[2135/9762] reaction_id=2135: MOR-Al2-NbPd-O2-CH3 -> MOR-Al2-NbPd-O2-CH3OH (substrate=zeolite)

[2136/9762] reaction_id=2136: MOR-Al2-NbPdO2H-CH3 -> MOR-Al2-NbPdO2H-CH3OH (substrate=zeolite)

[2137/9762] reaction_id=2137: MOR-Al2-NbPd-O-CH3-AgAu-1-mod-CH3 -> MOR-Al2-NbPd-O-CH3OH (substrate=zeolite)

[2138/9762] reaction_id=2138: MOR-Al2-NbPt-O2-CH3 -> MOR-Al2-NbPt-O2-CH3OH (substrate=zeolite)

[2139/9762] reaction_id=2139: MOR-Al2-NbPtO2H-CH3 -> MOR-Al2-NbPtO2H-CH3OH (substrate=zeolite)

[2140/9762] reaction_id=2140: MOR-Al2-NbPt-O-CH3-AgAu-1-mod-CH3 -> MOR-Al2-NbPt-O-CH3OH (substrate=zeolite)

[2141/9762] reaction_id=2141: MOR-Al2-NbRh-O2-CH3 -> MOR-Al2-NbRh-O2-CH3OH (substrate=zeolite)

[2142/9762] reaction_id=2142: MOR-Al2-NbRhO2H-CH3 -> MOR-Al2-NbRhO2H-CH3OH (substrate=zeolite)

[2143/9762] reaction_id=2143: MOR-Al2-NbRh-O-CH3-AgAu-1-mod-CH3 -> MOR-Al2-NbRh-O-CH3OH (substrate=zeolite)

[2144/9762] reaction_id=2144: MOR-Al2-NbRu-O2-CH3 -> MOR-Al2-NbRu-O2-CH3OH (substrate=zeolite)

[2145/9762] reaction_id=2145: MOR-Al2-NbRuO2H-CH3 -> MOR-Al2-NbRuO2H-CH3OH (substrate=zeolite)

[2146/9762] reaction_id=2146: MOR-Al2-NbRu-O-CH3-AgAu-1-mod-CH3 -> MOR-Al2-NbRu-O-CH3OH (substrate=zeolite)

[2147/9762] reaction_id=2147: MOR-Al2-NbSc-O2-CH3 -> MOR-Al2-NbSc-O2-CH3OH (substrate=zeolite)

[2148/9762] reaction_id=2148: MOR-Al2-NbScO2H-CH3 -> MOR-Al2-NbScO2H-CH3OH (substrate=zeolite)

[2149/9762] reaction_id=2149: MOR-Al2-NbSc-O-CH3-AgAu-1-mod-CH3 -> MOR-Al2-NbSc-O-CH3OH (substrate=zeolite)

[2150/9762] reaction_id=2150: MOR-Al2-NbV-O2-CH3 -> MOR-Al2-NbV-O2-CH3OH (substrate=zeolite)

[2151/9762] reaction_id=2151: MOR-Al2-NbVO2H-CH3 -> MOR-Al2-NbVO2H-CH3OH (substrate=zeolite)

[2152/9762] reaction_id=2152: MOR-Al2-NbV-O-CH3-AgAu-1-mod-CH3 -> MOR-Al2-NbV-O-CH3OH (substrate=zeolite)

[2153/9762] reaction_id=2153: MOR-Al2-NbY-O2-CH3 -> MOR-Al2-NbY-O2-CH3OH (substrate=zeolite)

[2154/9762] reaction_id=2154: MOR-Al2-NbYO2H-CH3 -> MOR-Al2-NbYO2H-CH3OH (substrate=zeolite)

[2155/9762] reaction_id=2155: MOR-Al2-NbY-O-CH3-AgAu-1-mod-CH3 -> MOR-Al2-NbY-O-CH3OH (substrate=zeolite)

[2156/9762] reaction_id=2156: MOR-Al2-NiAg-O2-CH3 -> MOR-Al2-NiAg-O2-CH3OH (substrate=zeolite)

[2157/9762] reaction_id=2157: MOR-Al2-NiAgO2H-CH3 -> MOR-Al2-NiAgO2H-CH3OH (substrate=zeolite)

[2158/9762] reaction_id=2158: MOR-Al2-NiAg-O-CH3-AgAu-1-mod-CH3 -> MOR-Al2-NiAg-O-CH3OH (substrate=zeolite)

[2159/9762] reaction_id=2159: MOR-Al2-NiAu-O2-CH3 -> MOR-Al2-NiAu-O2-CH3OH (substrate=zeolite)

[2160/9762] reaction_id=2160: MOR-Al2-NiAuO2H-CH3 -> MOR-Al2-NiAuO2H-CH3OH (substrate=zeolite)

[2161/9762] reaction_id=2161: MOR-Al2-NiAu-O-CH3-AgAu-1-mod-CH3 -> MOR-Al2-NiAu-O-CH3OH (substrate=zeolite)

[2162/9762] reaction_id=2162: MOR-Al2-NiCo-O2-CH3 -> MOR-Al2-NiCo-O2-CH3OH (substrate=zeolite)

[2163/9762] reaction_id=2163: MOR-Al2-NiCoO2H-CH3 -> MOR-Al2-NiCoO2H-CH3OH (substrate=zeolite)

[2164/9762] reaction_id=2164: MOR-Al2-NiCo-O-CH3-AgAu-1-mod-CH3 -> MOR-Al2-NiCo-O-CH3OH (substrate=zeolite)

[2165/9762] reaction_id=2165: MOR-Al2-NiCr-O2-CH3 -> MOR-Al2-NiCr-O2-CH3OH (substrate=zeolite)

[2166/9762] reaction_id=2166: MOR-Al2-NiCrO2H-CH3 -> MOR-Al2-NiCrO2H-CH3OH (substrate=zeolite)

[2167/9762] reaction_id=2167: MOR-Al2-NiCr-O-CH3-AgAu-1-mod-CH3 -> MOR-Al2-NiCr-O-CH3OH (substrate=zeolite)

[2168/9762] reaction_id=2168: MOR-Al2-NiCu-O2-CH3 -> MOR-Al2-NiCu-O2-CH3OH (substrate=zeolite)

[2169/9762] reaction_id=2169: MOR-Al2-NiCuO2H-CH3 -> MOR-Al2-NiCuO2H-CH3OH (substrate=zeolite)

[2170/9762] reaction_id=2170: MOR-Al2-NiCu-O-CH3-AgAu-1-mod-CH3 -> MOR-Al2-NiCu-O-CH3OH (substrate=zeolite)

[2171/9762] reaction_id=2171: MOR-Al2-NiFe-O2-CH3 -> MOR-Al2-NiFe-O2-CH3OH (substrate=zeolite)

[2172/9762] reaction_id=2172: MOR-Al2-NiFeO2H-CH3 -> MOR-Al2-NiFeO2H-CH3OH (substrate=zeolite)

[2173/9762] reaction_id=2173: MOR-Al2-NiFe-O-CH3-AgAu-1-mod-CH3 -> MOR-Al2-NiFe-O-CH3OH (substrate=zeolite)

[2174/9762] reaction_id=2174: MOR-Al2-NiIr-O2-CH3 -> MOR-Al2-NiIr-O2-CH3OH (substrate=zeolite)

[2175/9762] reaction_id=2175: MOR-Al2-NiIrO2H-CH3 -> MOR-Al2-NiIrO2H-CH3OH (substrate=zeolite)

[2176/9762] reaction_id=2176: MOR-Al2-NiIr-O-CH3-AgAu-1-mod-CH3 -> MOR-Al2-NiIr-O-CH3OH (substrate=zeolite)

[2177/9762] reaction_id=2177: MOR-Al2-NiMo-O2-CH3 -> MOR-Al2-NiMo-O2-CH3OH (substrate=zeolite)

[2178/9762] reaction_id=2178: MOR-Al2-NiMoO2H-CH3 -> MOR-Al2-NiMoO2H-CH3OH (substrate=zeolite)

[2179/9762] reaction_id=2179: MOR-Al2-NiMo-O-CH3-AgAu-1-mod-CH3 -> MOR-Al2-NiMo-O-CH3OH (substrate=zeolite)

[2180/9762] reaction_id=2180: MOR-Al2-NiNb-O2-CH3 -> MOR-Al2-NiNb-O2-CH3OH (substrate=zeolite)

[2181/9762] reaction_id=2181: MOR-Al2-NiNbO2H-CH3 -> MOR-Al2-NiNbO2H-CH3OH (substrate=zeolite)

[2182/9762] reaction_id=2182: MOR-Al2-NiNb-O-CH3-AgAu-1-mod-CH3 -> MOR-Al2-NiNb-O-CH3OH (substrate=zeolite)

[2183/9762] reaction_id=2183: MOR-Al2-NiNi-O2-CH3 -> MOR-Al2-NiNi-O2-CH3OH (substrate=zeolite)

[2184/9762] reaction_id=2184: MOR-Al2-NiOs-O2-CH3 -> MOR-Al2-NiOs-O2-CH3OH (substrate=zeolite)

[2185/9762] reaction_id=2185: MOR-Al2-NiOsO2H-CH3 -> MOR-Al2-NiOsO2H-CH3OH (substrate=zeolite)

[2186/9762] reaction_id=2186: MOR-Al2-NiOs-O-CH3-AgAu-1-mod-CH3 -> MOR-Al2-NiOs-O-CH3OH (substrate=zeolite)

[2187/9762] reaction_id=2187: MOR-Al2-NiPd-O2-CH3 -> MOR-Al2-NiPd-O2-CH3OH (substrate=zeolite)

[2188/9762] reaction_id=2188: MOR-Al2-NiPdO2H-CH3 -> MOR-Al2-NiPdO2H-CH3OH (substrate=zeolite)

[2189/9762] reaction_id=2189: MOR-Al2-NiPd-O-CH3-AgAu-1-mod-CH3 -> MOR-Al2-NiPd-O-CH3OH (substrate=zeolite)

[2190/9762] reaction_id=2190: MOR-Al2-NiPt-O2-CH3 -> MOR-Al2-NiPt-O2-CH3OH (substrate=zeolite)

[2191/9762] reaction_id=2191: MOR-Al2-NiPtO2H-CH3 -> MOR-Al2-NiPtO2H-CH3OH (substrate=zeolite)

[2192/9762] reaction_id=2192: MOR-Al2-NiPt-O-CH3-AgAu-1-mod-CH3 -> MOR-Al2-NiPt-O-CH3OH (substrate=zeolite)

[2193/9762] reaction_id=2193: MOR-Al2-NiRh-O2-CH3 -> MOR-Al2-NiRh-O2-CH3OH (substrate=zeolite)

[2194/9762] reaction_id=2194: MOR-Al2-NiRhO2H-CH3 -> MOR-Al2-NiRhO2H-CH3OH (substrate=zeolite)

[2195/9762] reaction_id=2195: MOR-Al2-NiRh-O-CH3-AgAu-1-mod-CH3 -> MOR-Al2-NiRh-O-CH3OH (substrate=zeolite)

[2196/9762] reaction_id=2196: MOR-Al2-NiRu-O2-CH3 -> MOR-Al2-NiRu-O2-CH3OH (substrate=zeolite)

[2197/9762] reaction_id=2197: MOR-Al2-NiRuO2H-CH3 -> MOR-Al2-NiRuO2H-CH3OH (substrate=zeolite)

[2198/9762] reaction_id=2198: MOR-Al2-NiRu-O-CH3-AgAu-1-mod-CH3 -> MOR-Al2-NiRu-O-CH3OH (substrate=zeolite)

[2199/9762] reaction_id=2199: MOR-Al2-NiSc-O2-CH3 -> MOR-Al2-NiSc-O2-CH3OH (substrate=zeolite)

[2200/9762] reaction_id=2200: MOR-Al2-NiScO2H-CH3 -> MOR-Al2-NiScO2H-CH3OH (substrate=zeolite)

[2201/9762] reaction_id=2201: MOR-Al2-NiSc-O-CH3-AgAu-1-mod-CH3 -> MOR-Al2-NiSc-O-CH3OH (substrate=zeolite)

[2202/9762] reaction_id=2202: MOR-Al2-NiV-O2-CH3 -> MOR-Al2-NiV-O2-CH3OH (substrate=zeolite)

[2203/9762] reaction_id=2203: MOR-Al2-NiVO2H-CH3 -> MOR-Al2-NiVO2H-CH3OH (substrate=zeolite)

[2204/9762] reaction_id=2204: MOR-Al2-NiV-O-CH3-AgAu-1-mod-CH3 -> MOR-Al2-NiV-O-CH3OH (substrate=zeolite)

[2205/9762] reaction_id=2205: MOR-Al2-NiY-O2-CH3 -> MOR-Al2-NiY-O2-CH3OH (substrate=zeolite)

[2206/9762] reaction_id=2206: MOR-Al2-NiYO2H-CH3 -> MOR-Al2-NiYO2H-CH3OH (substrate=zeolite)

[2207/9762] reaction_id=2207: MOR-Al2-NiY-O-CH3-AgAu-1-mod-CH3 -> MOR-Al2-NiY-O-CH3OH (substrate=zeolite)

[2208/9762] reaction_id=2208: MOR-Al2-OsAg-O2-CH3 -> MOR-Al2-OsAg-O2-CH3OH (substrate=zeolite)

[2209/9762] reaction_id=2209: MOR-Al2-OsAgO2H-CH3 -> MOR-Al2-OsAgO2H-CH3OH (substrate=zeolite)

[2210/9762] reaction_id=2210: MOR-Al2-OsAg-O-CH3-AgAu-1-mod-CH3 -> MOR-Al2-OsAg-O-CH3OH (substrate=zeolite)

[2211/9762] reaction_id=2211: MOR-Al2-OsAu-O2-CH3 -> MOR-Al2-OsAu-O2-CH3OH (substrate=zeolite)

[2212/9762] reaction_id=2212: MOR-Al2-OsAuO2H-CH3 -> MOR-Al2-OsAuO2H-CH3OH (substrate=zeolite)

[2213/9762] reaction_id=2213: MOR-Al2-OsAu-O-CH3-AgAu-1-mod-CH3 -> MOR-Al2-OsAu-O-CH3OH (substrate=zeolite)

[2214/9762] reaction_id=2214: MOR-Al2-OsCo-O2-CH3 -> MOR-Al2-OsCo-O2-CH3OH (substrate=zeolite)

[2215/9762] reaction_id=2215: MOR-Al2-OsCoO2H-CH3 -> MOR-Al2-OsCoO2H-CH3OH (substrate=zeolite)

[2216/9762] reaction_id=2216: MOR-Al2-OsCo-O-CH3-AgAu-1-mod-CH3 -> MOR-Al2-OsCo-O-CH3OH (substrate=zeolite)

[2217/9762] reaction_id=2217: MOR-Al2-OsCr-O2-CH3 -> MOR-Al2-OsCr-O2-CH3OH (substrate=zeolite)

[2218/9762] reaction_id=2218: MOR-Al2-OsCrO2H-CH3 -> MOR-Al2-OsCrO2H-CH3OH (substrate=zeolite)

[2219/9762] reaction_id=2219: MOR-Al2-OsCr-O-CH3-AgAu-1-mod-CH3 -> MOR-Al2-OsCr-O-CH3OH (substrate=zeolite)

[2220/9762] reaction_id=2220: MOR-Al2-OsCu-O2-CH3 -> MOR-Al2-OsCu-O2-CH3OH (substrate=zeolite)

[2221/9762] reaction_id=2221: MOR-Al2-OsCuO2H-CH3 -> MOR-Al2-OsCuO2H-CH3OH (substrate=zeolite)

[2222/9762] reaction_id=2222: MOR-Al2-OsCu-O-CH3-AgAu-1-mod-CH3 -> MOR-Al2-OsCu-O-CH3OH (substrate=zeolite)

[2223/9762] reaction_id=2223: MOR-Al2-OsFe-O2-CH3 -> MOR-Al2-OsFe-O2-CH3OH (substrate=zeolite)

[2224/9762] reaction_id=2224: MOR-Al2-OsFeO2H-CH3 -> MOR-Al2-OsFeO2H-CH3OH (substrate=zeolite)

[2225/9762] reaction_id=2225: MOR-Al2-OsFe-O-CH3-AgAu-1-mod-CH3 -> MOR-Al2-OsFe-O-CH3OH (substrate=zeolite)

[2226/9762] reaction_id=2226: MOR-Al2-OsIr-O2-CH3 -> MOR-Al2-OsIr-O2-CH3OH (substrate=zeolite)

[2227/9762] reaction_id=2227: MOR-Al2-OsIrO2H-CH3 -> MOR-Al2-OsIrO2H-CH3OH (substrate=zeolite)

[2228/9762] reaction_id=2228: MOR-Al2-OsIr-O-CH3-AgAu-1-mod-CH3 -> MOR-Al2-OsIr-O-CH3OH (substrate=zeolite)

[2229/9762] reaction_id=2229: MOR-Al2-OsMo-O2-CH3 -> MOR-Al2-OsMo-O2-CH3OH (substrate=zeolite)

[2230/9762] reaction_id=2230: MOR-Al2-OsMoO2H-CH3 -> MOR-Al2-OsMoO2H-CH3OH (substrate=zeolite)

[2231/9762] reaction_id=2231: MOR-Al2-OsMo-O-CH3-AgAu-1-mod-CH3 -> MOR-Al2-OsMo-O-CH3OH (substrate=zeolite)

[2232/9762] reaction_id=2232: MOR-Al2-OsNb-O2-CH3 -> MOR-Al2-OsNb-O2-CH3OH (substrate=zeolite)

[2233/9762] reaction_id=2233: MOR-Al2-OsNbO2H-CH3 -> MOR-Al2-OsNbO2H-CH3OH (substrate=zeolite)

[2234/9762] reaction_id=2234: MOR-Al2-OsNb-O-CH3-AgAu-1-mod-CH3 -> MOR-Al2-OsNb-O-CH3OH (substrate=zeolite)

[2235/9762] reaction_id=2235: MOR-Al2-OsNi-O2-CH3 -> MOR-Al2-OsNi-O2-CH3OH (substrate=zeolite)

[2236/9762] reaction_id=2236: MOR-Al2-OsNiO2H-CH3 -> MOR-Al2-OsNiO2H-CH3OH (substrate=zeolite)

[2237/9762] reaction_id=2237: MOR-Al2-OsNi-O-CH3-AgAu-1-mod-CH3 -> MOR-Al2-OsNi-O-CH3OH (substrate=zeolite)

[2238/9762] reaction_id=2238: MOR-Al2-OsPd-O2-CH3 -> MOR-Al2-OsPd-O2-CH3OH (substrate=zeolite)

[2239/9762] reaction_id=2239: MOR-Al2-OsPdO2H-CH3 -> MOR-Al2-OsPdO2H-CH3OH (substrate=zeolite)

[2240/9762] reaction_id=2240: MOR-Al2-OsPd-O-CH3-AgAu-1-mod-CH3 -> MOR-Al2-OsPd-O-CH3OH (substrate=zeolite)

[2241/9762] reaction_id=2241: MOR-Al2-OsPt-O2-CH3 -> MOR-Al2-OsPt-O2-CH3OH (substrate=zeolite)

[2242/9762] reaction_id=2242: MOR-Al2-OsPtO2H-CH3 -> MOR-Al2-OsPtO2H-CH3OH (substrate=zeolite)

[2243/9762] reaction_id=2243: MOR-Al2-OsPt-O-CH3-AgAu-1-mod-CH3 -> MOR-Al2-OsPt-O-CH3OH (substrate=zeolite)

[2244/9762] reaction_id=2244: MOR-Al2-OsRh-O2-CH3 -> MOR-Al2-OsRh-O2-CH3OH (substrate=zeolite)

[2245/9762] reaction_id=2245: MOR-Al2-OsRhO2H-CH3 -> MOR-Al2-OsRhO2H-CH3OH (substrate=zeolite)

[2246/9762] reaction_id=2246: MOR-Al2-OsRh-O-CH3-AgAu-1-mod-CH3 -> MOR-Al2-OsRh-O-CH3OH (substrate=zeolite)

[2247/9762] reaction_id=2247: MOR-Al2-OsRu-O2-CH3 -> MOR-Al2-OsRu-O2-CH3OH (substrate=zeolite)

[2248/9762] reaction_id=2248: MOR-Al2-OsRuO2H-CH3 -> MOR-Al2-OsRuO2H-CH3OH (substrate=zeolite)

[2249/9762] reaction_id=2249: MOR-Al2-OsRu-O-CH3-AgAu-1-mod-CH3 -> MOR-Al2-OsRu-O-CH3OH (substrate=zeolite)

[2250/9762] reaction_id=2250: MOR-Al2-OsSc-O2-CH3 -> MOR-Al2-OsSc-O2-CH3OH (substrate=zeolite)

[2251/9762] reaction_id=2251: MOR-Al2-OsScO2H-CH3 -> MOR-Al2-OsScO2H-CH3OH (substrate=zeolite)

[2252/9762] reaction_id=2252: MOR-Al2-OsSc-O-CH3-AgAu-1-mod-CH3 -> MOR-Al2-OsSc-O-CH3OH (substrate=zeolite)

[2253/9762] reaction_id=2253: MOR-Al2-OsV-O2-CH3 -> MOR-Al2-OsV-O2-CH3OH (substrate=zeolite)

[2254/9762] reaction_id=2254: MOR-Al2-OsVO2H-CH3 -> MOR-Al2-OsVO2H-CH3OH (substrate=zeolite)

[2255/9762] reaction_id=2255: MOR-Al2-OsV-O-CH3-AgAu-1-mod-CH3 -> MOR-Al2-OsV-O-CH3OH (substrate=zeolite)

[2256/9762] reaction_id=2256: MOR-Al2-OsY-O2-CH3 -> MOR-Al2-OsY-O2-CH3OH (substrate=zeolite)

[2257/9762] reaction_id=2257: MOR-Al2-OsYO2H-CH3 -> MOR-Al2-OsYO2H-CH3OH (substrate=zeolite)

[2258/9762] reaction_id=2258: MOR-Al2-OsY-O-CH3-AgAu-1-mod-CH3 -> MOR-Al2-OsY-O-CH3OH (substrate=zeolite)

[2259/9762] reaction_id=2259: MOR-Al2-PdAg-O2-CH3 -> MOR-Al2-PdAg-O2-CH3OH (substrate=zeolite)

[2260/9762] reaction_id=2260: MOR-Al2-PdAgO2H-CH3 -> MOR-Al2-PdAgO2H-CH3OH (substrate=zeolite)

[2261/9762] reaction_id=2261: MOR-Al2-PdAg-O-CH3-AgAu-1-mod-CH3 -> MOR-Al2-PdAg-O-CH3OH (substrate=zeolite)

[2262/9762] reaction_id=2262: MOR-Al2-PdAu-O2-CH3 -> MOR-Al2-PdAu-O2-CH3OH (substrate=zeolite)

[2263/9762] reaction_id=2263: MOR-Al2-PdAuO2H-CH3 -> MOR-Al2-PdAuO2H-CH3OH (substrate=zeolite)

[2264/9762] reaction_id=2264: MOR-Al2-PdAu-O-CH3-AgAu-1-mod-CH3 -> MOR-Al2-PdAu-O-CH3OH (substrate=zeolite)

[2265/9762] reaction_id=2265: MOR-Al2-PdCo-O2-CH3 -> MOR-Al2-PdCo-O2-CH3OH (substrate=zeolite)

[2266/9762] reaction_id=2266: MOR-Al2-PdCoO2H-CH3 -> MOR-Al2-PdCoO2H-CH3OH (substrate=zeolite)

[2267/9762] reaction_id=2267: MOR-Al2-PdCo-O-CH3-AgAu-1-mod-CH3 -> MOR-Al2-PdCo-O-CH3OH (substrate=zeolite)

[2268/9762] reaction_id=2268: MOR-Al2-PdCr-O2-CH3 -> MOR-Al2-PdCr-O2-CH3OH (substrate=zeolite)

[2269/9762] reaction_id=2269: MOR-Al2-PdCrO2H-CH3 -> MOR-Al2-PdCrO2H-CH3OH (substrate=zeolite)

[2270/9762] reaction_id=2270: MOR-Al2-PdCr-O-CH3-AgAu-1-mod-CH3 -> MOR-Al2-PdCr-O-CH3OH (substrate=zeolite)

[2271/9762] reaction_id=2271: MOR-Al2-PdCu-O2-CH3 -> MOR-Al2-PdCu-O2-CH3OH (substrate=zeolite)

[2272/9762] reaction_id=2272: MOR-Al2-PdCuO2H-CH3 -> MOR-Al2-PdCuO2H-CH3OH (substrate=zeolite)

[2273/9762] reaction_id=2273: MOR-Al2-PdCu-O-CH3-AgAu-1-mod-CH3 -> MOR-Al2-PdCu-O-CH3OH (substrate=zeolite)

[2274/9762] reaction_id=2274: MOR-Al2-PdFe-O2-CH3 -> MOR-Al2-PdFe-O2-CH3OH (substrate=zeolite)

[2275/9762] reaction_id=2275: MOR-Al2-PdFeO2H-CH3 -> MOR-Al2-PdFeO2H-CH3OH (substrate=zeolite)

[2276/9762] reaction_id=2276: MOR-Al2-PdFe-O-CH3-AgAu-1-mod-CH3 -> MOR-Al2-PdFe-O-CH3OH (substrate=zeolite)

[2277/9762] reaction_id=2277: MOR-Al2-PdIr-O2-CH3 -> MOR-Al2-PdIr-O2-CH3OH (substrate=zeolite)

[2278/9762] reaction_id=2278: MOR-Al2-PdIrO2H-CH3 -> MOR-Al2-PdIrO2H-CH3OH (substrate=zeolite)

[2279/9762] reaction_id=2279: MOR-Al2-PdIr-O-CH3-AgAu-1-mod-CH3 -> MOR-Al2-PdIr-O-CH3OH (substrate=zeolite)

[2280/9762] reaction_id=2280: MOR-Al2-PdMo-O2-CH3 -> MOR-Al2-PdMo-O2-CH3OH (substrate=zeolite)

[2281/9762] reaction_id=2281: MOR-Al2-PdMoO2H-CH3 -> MOR-Al2-PdMoO2H-CH3OH (substrate=zeolite)

[2282/9762] reaction_id=2282: MOR-Al2-PdMo-O-CH3-AgAu-1-mod-CH3 -> MOR-Al2-PdMo-O-CH3OH (substrate=zeolite)

[2283/9762] reaction_id=2283: MOR-Al2-PdNb-O2-CH3 -> MOR-Al2-PdNb-O2-CH3OH (substrate=zeolite)

[2284/9762] reaction_id=2284: MOR-Al2-PdNbO2H-CH3 -> MOR-Al2-PdNbO2H-CH3OH (substrate=zeolite)

[2285/9762] reaction_id=2285: MOR-Al2-PdNb-O-CH3-AgAu-1-mod-CH3 -> MOR-Al2-PdNb-O-CH3OH (substrate=zeolite)

[2286/9762] reaction_id=2286: MOR-Al2-PdNi-O2-CH3 -> MOR-Al2-PdNi-O2-CH3OH (substrate=zeolite)

[2287/9762] reaction_id=2287: MOR-Al2-PdNiO2H-CH3 -> MOR-Al2-PdNiO2H-CH3OH (substrate=zeolite)

[2288/9762] reaction_id=2288: MOR-Al2-PdNi-O-CH3-AgAu-1-mod-CH3 -> MOR-Al2-PdNi-O-CH3OH (substrate=zeolite)

[2289/9762] reaction_id=2289: MOR-Al2-PdOs-O2-CH3 -> MOR-Al2-PdOs-O2-CH3OH (substrate=zeolite)

[2290/9762] reaction_id=2290: MOR-Al2-PdOsO2H-CH3 -> MOR-Al2-PdOsO2H-CH3OH (substrate=zeolite)

[2291/9762] reaction_id=2291: MOR-Al2-PdOs-O-CH3-AgAu-1-mod-CH3 -> MOR-Al2-PdOs-O-CH3OH (substrate=zeolite)

[2292/9762] reaction_id=2292: MOR-Al2-PdPt-O2-CH3 -> MOR-Al2-PdPt-O2-CH3OH (substrate=zeolite)

[2293/9762] reaction_id=2293: MOR-Al2-PdPtO2H-CH3 -> MOR-Al2-PdPtO2H-CH3OH (substrate=zeolite)

[2294/9762] reaction_id=2294: MOR-Al2-PdPt-O-CH3-AgAu-1-mod-CH3 -> MOR-Al2-PdPt-O-CH3OH (substrate=zeolite)

[2295/9762] reaction_id=2295: MOR-Al2-PdRh-O2-CH3 -> MOR-Al2-PdRh-O2-CH3OH (substrate=zeolite)

[2296/9762] reaction_id=2296: MOR-Al2-PdRhO2H-CH3 -> MOR-Al2-PdRhO2H-CH3OH (substrate=zeolite)

[2297/9762] reaction_id=2297: MOR-Al2-PdRh-O-CH3-AgAu-1-mod-CH3 -> MOR-Al2-PdRh-O-CH3OH (substrate=zeolite)

[2298/9762] reaction_id=2298: MOR-Al2-PdRu-O2-CH3 -> MOR-Al2-PdRu-O2-CH3OH (substrate=zeolite)

[2299/9762] reaction_id=2299: MOR-Al2-PdRuO2H-CH3 -> MOR-Al2-PdRuO2H-CH3OH (substrate=zeolite)

[2300/9762] reaction_id=2300: MOR-Al2-PdRu-O-CH3-AgAu-1-mod-CH3 -> MOR-Al2-PdRu-O-CH3OH (substrate=zeolite)

[2301/9762] reaction_id=2301: MOR-Al2-PdSc-O2-CH3 -> MOR-Al2-PdSc-O2-CH3OH (substrate=zeolite)

[2302/9762] reaction_id=2302: MOR-Al2-PdScO2H-CH3 -> MOR-Al2-PdScO2H-CH3OH (substrate=zeolite)

[2303/9762] reaction_id=2303: MOR-Al2-PdSc-O-CH3-AgAu-1-mod-CH3 -> MOR-Al2-PdSc-O-CH3OH (substrate=zeolite)

[2304/9762] reaction_id=2304: MOR-Al2-PdV-O2-CH3 -> MOR-Al2-PdV-O2-CH3OH (substrate=zeolite)

[2305/9762] reaction_id=2305: MOR-Al2-PdVO2H-CH3 -> MOR-Al2-PdVO2H-CH3OH (substrate=zeolite)

[2306/9762] reaction_id=2306: MOR-Al2-PdV-O-CH3-AgAu-1-mod-CH3 -> MOR-Al2-PdV-O-CH3OH (substrate=zeolite)

[2307/9762] reaction_id=2307: MOR-Al2-PdY-O2-CH3 -> MOR-Al2-PdY-O2-CH3OH (substrate=zeolite)

[2308/9762] reaction_id=2308: MOR-Al2-PdYO2H-CH3 -> MOR-Al2-PdYO2H-CH3OH (substrate=zeolite)

[2309/9762] reaction_id=2309: MOR-Al2-PdY-O-CH3-AgAu-1-mod-CH3 -> MOR-Al2-PdY-O-CH3OH (substrate=zeolite)

[2310/9762] reaction_id=2310: MOR-Al2-PtAg-O2-CH3 -> MOR-Al2-PtAg-O2-CH3OH (substrate=zeolite)

[2311/9762] reaction_id=2311: MOR-Al2-PtAgO2H-CH3 -> MOR-Al2-PtAgO2H-CH3OH (substrate=zeolite)

[2312/9762] reaction_id=2312: MOR-Al2-PtAg-O-CH3-AgAu-1-mod-CH3 -> MOR-Al2-PtAg-O-CH3OH (substrate=zeolite)

[2313/9762] reaction_id=2313: MOR-Al2-PtAu-O2-CH3 -> MOR-Al2-PtAu-O2-CH3OH (substrate=zeolite)

[2314/9762] reaction_id=2314: MOR-Al2-PtAuO2H-CH3 -> MOR-Al2-PtAuO2H-CH3OH (substrate=zeolite)

[2315/9762] reaction_id=2315: MOR-Al2-PtAu-O-CH3-AgAu-1-mod-CH3 -> MOR-Al2-PtAu-O-CH3OH (substrate=zeolite)

[2316/9762] reaction_id=2316: MOR-Al2-PtCo-O2-CH3 -> MOR-Al2-PtCo-O2-CH3OH (substrate=zeolite)

[2317/9762] reaction_id=2317: MOR-Al2-PtCoO2H-CH3 -> MOR-Al2-PtCoO2H-CH3OH (substrate=zeolite)

[2318/9762] reaction_id=2318: MOR-Al2-PtCo-O-CH3-AgAu-1-mod-CH3 -> MOR-Al2-PtCo-O-CH3OH (substrate=zeolite)

[2319/9762] reaction_id=2319: MOR-Al2-PtCr-O2-CH3 -> MOR-Al2-PtCr-O2-CH3OH (substrate=zeolite)

[2320/9762] reaction_id=2320: MOR-Al2-PtCrO2H-CH3 -> MOR-Al2-PtCrO2H-CH3OH (substrate=zeolite)

[2321/9762] reaction_id=2321: MOR-Al2-PtCr-O-CH3-AgAu-1-mod-CH3 -> MOR-Al2-PtCr-O-CH3OH (substrate=zeolite)

[2322/9762] reaction_id=2322: MOR-Al2-PtCu-O2-CH3 -> MOR-Al2-PtCu-O2-CH3OH (substrate=zeolite)

[2323/9762] reaction_id=2323: MOR-Al2-PtCuO2H-CH3 -> MOR-Al2-PtCuO2H-CH3OH (substrate=zeolite)

[2324/9762] reaction_id=2324: MOR-Al2-PtCu-O-CH3-AgAu-1-mod-CH3 -> MOR-Al2-PtCu-O-CH3OH (substrate=zeolite)

[2325/9762] reaction_id=2325: MOR-Al2-PtFe-O2-CH3 -> MOR-Al2-PtFe-O2-CH3OH (substrate=zeolite)

[2326/9762] reaction_id=2326: MOR-Al2-PtFeO2H-CH3 -> MOR-Al2-PtFeO2H-CH3OH (substrate=zeolite)

[2327/9762] reaction_id=2327: MOR-Al2-PtFe-O-CH3-AgAu-1-mod-CH3 -> MOR-Al2-PtFe-O-CH3OH (substrate=zeolite)

[2328/9762] reaction_id=2328: MOR-Al2-PtIr-O2-CH3 -> MOR-Al2-PtIr-O2-CH3OH (substrate=zeolite)

[2329/9762] reaction_id=2329: MOR-Al2-PtIrO2H-CH3 -> MOR-Al2-PtIrO2H-CH3OH (substrate=zeolite)

[2330/9762] reaction_id=2330: MOR-Al2-PtIr-O-CH3-AgAu-1-mod-CH3 -> MOR-Al2-PtIr-O-CH3OH (substrate=zeolite)

[2331/9762] reaction_id=2331: MOR-Al2-PtMo-O2-CH3 -> MOR-Al2-PtMo-O2-CH3OH (substrate=zeolite)

[2332/9762] reaction_id=2332: MOR-Al2-PtMoO2H-CH3 -> MOR-Al2-PtMoO2H-CH3OH (substrate=zeolite)

[2333/9762] reaction_id=2333: MOR-Al2-PtMo-O-CH3-AgAu-1-mod-CH3 -> MOR-Al2-PtMo-O-CH3OH (substrate=zeolite)

[2334/9762] reaction_id=2334: MOR-Al2-PtNb-O2-CH3 -> MOR-Al2-PtNb-O2-CH3OH (substrate=zeolite)

[2335/9762] reaction_id=2335: MOR-Al2-PtNbO2H-CH3 -> MOR-Al2-PtNbO2H-CH3OH (substrate=zeolite)

[2336/9762] reaction_id=2336: MOR-Al2-PtNb-O-CH3-AgAu-1-mod-CH3 -> MOR-Al2-PtNb-O-CH3OH (substrate=zeolite)

[2337/9762] reaction_id=2337: MOR-Al2-PtNi-O2-CH3 -> MOR-Al2-PtNi-O2-CH3OH (substrate=zeolite)

[2338/9762] reaction_id=2338: MOR-Al2-PtNiO2H-CH3 -> MOR-Al2-PtNiO2H-CH3OH (substrate=zeolite)

[2339/9762] reaction_id=2339: MOR-Al2-PtNi-O-CH3-AgAu-1-mod-CH3 -> MOR-Al2-PtNi-O-CH3OH (substrate=zeolite)

[2340/9762] reaction_id=2340: MOR-Al2-PtOs-O2-CH3 -> MOR-Al2-PtOs-O2-CH3OH (substrate=zeolite)

[2341/9762] reaction_id=2341: MOR-Al2-PtOsO2H-CH3 -> MOR-Al2-PtOsO2H-CH3OH (substrate=zeolite)

[2342/9762] reaction_id=2342: MOR-Al2-PtOs-O-CH3-AgAu-1-mod-CH3 -> MOR-Al2-PtOs-O-CH3OH (substrate=zeolite)

[2343/9762] reaction_id=2343: MOR-Al2-PtPd-O2-CH3 -> MOR-Al2-PtPd-O2-CH3OH (substrate=zeolite)

[2344/9762] reaction_id=2344: MOR-Al2-PtPdO2H-CH3 -> MOR-Al2-PtPdO2H-CH3OH (substrate=zeolite)

[2345/9762] reaction_id=2345: MOR-Al2-PtPd-O-CH3-AgAu-1-mod-CH3 -> MOR-Al2-PtPd-O-CH3OH (substrate=zeolite)

[2346/9762] reaction_id=2346: MOR-Al2-PtPt-O2-CH3 -> MOR-Al2-PtPt-O2-CH3OH (substrate=zeolite)

[2347/9762] reaction_id=2347: MOR-Al2-PtRh-O2-CH3 -> MOR-Al2-PtRh-O2-CH3OH (substrate=zeolite)

[2348/9762] reaction_id=2348: MOR-Al2-PtRhO2H-CH3 -> MOR-Al2-PtRhO2H-CH3OH (substrate=zeolite)

[2349/9762] reaction_id=2349: MOR-Al2-PtRh-O-CH3-AgAu-1-mod-CH3 -> MOR-Al2-PtRh-O-CH3OH (substrate=zeolite)

[2350/9762] reaction_id=2350: MOR-Al2-PtRu-O2-CH3 -> MOR-Al2-PtRu-O2-CH3OH (substrate=zeolite)

[2351/9762] reaction_id=2351: MOR-Al2-PtRuO2H-CH3 -> MOR-Al2-PtRuO2H-CH3OH (substrate=zeolite)

[2352/9762] reaction_id=2352: MOR-Al2-PtRu-O-CH3-AgAu-1-mod-CH3 -> MOR-Al2-PtRu-O-CH3OH (substrate=zeolite)

[2353/9762] reaction_id=2353: MOR-Al2-PtSc-O2-CH3 -> MOR-Al2-PtSc-O2-CH3OH (substrate=zeolite)

[2354/9762] reaction_id=2354: MOR-Al2-PtScO2H-CH3 -> MOR-Al2-PtScO2H-CH3OH (substrate=zeolite)

[2355/9762] reaction_id=2355: MOR-Al2-PtSc-O-CH3-AgAu-1-mod-CH3 -> MOR-Al2-PtSc-O-CH3OH (substrate=zeolite)

[2356/9762] reaction_id=2356: MOR-Al2-PtV-O2-CH3 -> MOR-Al2-PtV-O2-CH3OH (substrate=zeolite)

[2357/9762] reaction_id=2357: MOR-Al2-PtVO2H-CH3 -> MOR-Al2-PtVO2H-CH3OH (substrate=zeolite)

[2358/9762] reaction_id=2358: MOR-Al2-PtV-O-CH3-AgAu-1-mod-CH3 -> MOR-Al2-PtV-O-CH3OH (substrate=zeolite)

[2359/9762] reaction_id=2359: MOR-Al2-PtY-O2-CH3 -> MOR-Al2-PtY-O2-CH3OH (substrate=zeolite)

[2360/9762] reaction_id=2360: MOR-Al2-PtYO2H-CH3 -> MOR-Al2-PtYO2H-CH3OH (substrate=zeolite)

[2361/9762] reaction_id=2361: MOR-Al2-PtY-O-CH3-AgAu-1-mod-CH3 -> MOR-Al2-PtY-O-CH3OH (substrate=zeolite)

[2362/9762] reaction_id=2362: MOR-Al2-RhAg-O2-CH3 -> MOR-Al2-RhAg-O2-CH3OH (substrate=zeolite)

[2363/9762] reaction_id=2363: MOR-Al2-RhAgO2H-CH3 -> MOR-Al2-RhAgO2H-CH3OH (substrate=zeolite)

[2364/9762] reaction_id=2364: MOR-Al2-RhAg-O-CH3-AgAu-1-mod-CH3 -> MOR-Al2-RhAg-O-CH3OH (substrate=zeolite)

[2365/9762] reaction_id=2365: MOR-Al2-RhAu-O2-CH3 -> MOR-Al2-RhAu-O2-CH3OH (substrate=zeolite)

[2366/9762] reaction_id=2366: MOR-Al2-RhAuO2H-CH3 -> MOR-Al2-RhAuO2H-CH3OH (substrate=zeolite)

[2367/9762] reaction_id=2367: MOR-Al2-RhAu-O-CH3-AgAu-1-mod-CH3 -> MOR-Al2-RhAu-O-CH3OH (substrate=zeolite)

[2368/9762] reaction_id=2368: MOR-Al2-RhCo-O2-CH3 -> MOR-Al2-RhCo-O2-CH3OH (substrate=zeolite)

[2369/9762] reaction_id=2369: MOR-Al2-RhCoO2H-CH3 -> MOR-Al2-RhCoO2H-CH3OH (substrate=zeolite)

[2370/9762] reaction_id=2370: MOR-Al2-RhCo-O-CH3-AgAu-1-mod-CH3 -> MOR-Al2-RhCo-O-CH3OH (substrate=zeolite)

[2371/9762] reaction_id=2371: MOR-Al2-RhCr-O2-CH3 -> MOR-Al2-RhCr-O2-CH3OH (substrate=zeolite)

[2372/9762] reaction_id=2372: MOR-Al2-RhCrO2H-CH3 -> MOR-Al2-RhCrO2H-CH3OH (substrate=zeolite)

[2373/9762] reaction_id=2373: MOR-Al2-RhCr-O-CH3-AgAu-1-mod-CH3 -> MOR-Al2-RhCr-O-CH3OH (substrate=zeolite)

[2374/9762] reaction_id=2374: MOR-Al2-RhCu-O2-CH3 -> MOR-Al2-RhCu-O2-CH3OH (substrate=zeolite)

[2375/9762] reaction_id=2375: MOR-Al2-RhCuO2H-CH3 -> MOR-Al2-RhCuO2H-CH3OH (substrate=zeolite)

[2376/9762] reaction_id=2376: MOR-Al2-RhCu-O-CH3-AgAu-1-mod-CH3 -> MOR-Al2-RhCu-O-CH3OH (substrate=zeolite)

[2377/9762] reaction_id=2377: MOR-Al2-RhFe-O2-CH3 -> MOR-Al2-RhFe-O2-CH3OH (substrate=zeolite)

[2378/9762] reaction_id=2378: MOR-Al2-RhFeO2H-CH3 -> MOR-Al2-RhFeO2H-CH3OH (substrate=zeolite)

[2379/9762] reaction_id=2379: MOR-Al2-RhFe-O-CH3-AgAu-1-mod-CH3 -> MOR-Al2-RhFe-O-CH3OH (substrate=zeolite)

[2380/9762] reaction_id=2380: MOR-Al2-RhIr-O2-CH3 -> MOR-Al2-RhIr-O2-CH3OH (substrate=zeolite)

[2381/9762] reaction_id=2381: MOR-Al2-RhIrO2H-CH3 -> MOR-Al2-RhIrO2H-CH3OH (substrate=zeolite)

[2382/9762] reaction_id=2382: MOR-Al2-RhIr-O-CH3-AgAu-1-mod-CH3 -> MOR-Al2-RhIr-O-CH3OH (substrate=zeolite)

[2383/9762] reaction_id=2383: MOR-Al2-RhMo-O2-CH3 -> MOR-Al2-RhMo-O2-CH3OH (substrate=zeolite)

[2384/9762] reaction_id=2384: MOR-Al2-RhMoO2H-CH3 -> MOR-Al2-RhMoO2H-CH3OH (substrate=zeolite)

[2385/9762] reaction_id=2385: MOR-Al2-RhMo-O-CH3-AgAu-1-mod-CH3 -> MOR-Al2-RhMo-O-CH3OH (substrate=zeolite)

[2386/9762] reaction_id=2386: MOR-Al2-RhNb-O2-CH3 -> MOR-Al2-RhNb-O2-CH3OH (substrate=zeolite)

[2387/9762] reaction_id=2387: MOR-Al2-RhNbO2H-CH3 -> MOR-Al2-RhNbO2H-CH3OH (substrate=zeolite)

[2388/9762] reaction_id=2388: MOR-Al2-RhNb-O-CH3-AgAu-1-mod-CH3 -> MOR-Al2-RhNb-O-CH3OH (substrate=zeolite)

[2389/9762] reaction_id=2389: MOR-Al2-RhNi-O2-CH3 -> MOR-Al2-RhNi-O2-CH3OH (substrate=zeolite)

[2390/9762] reaction_id=2390: MOR-Al2-RhNiO2H-CH3 -> MOR-Al2-RhNiO2H-CH3OH (substrate=zeolite)

[2391/9762] reaction_id=2391: MOR-Al2-RhNi-O-CH3-AgAu-1-mod-CH3 -> MOR-Al2-RhNi-O-CH3OH (substrate=zeolite)

[2392/9762] reaction_id=2392: MOR-Al2-RhOs-O2-CH3 -> MOR-Al2-RhOs-O2-CH3OH (substrate=zeolite)

[2393/9762] reaction_id=2393: MOR-Al2-RhOsO2H-CH3 -> MOR-Al2-RhOsO2H-CH3OH (substrate=zeolite)

[2394/9762] reaction_id=2394: MOR-Al2-RhOs-O-CH3-AgAu-1-mod-CH3 -> MOR-Al2-RhOs-O-CH3OH (substrate=zeolite)

[2395/9762] reaction_id=2395: MOR-Al2-RhPd-O2-CH3 -> MOR-Al2-RhPd-O2-CH3OH (substrate=zeolite)

[2396/9762] reaction_id=2396: MOR-Al2-RhPdO2H-CH3 -> MOR-Al2-RhPdO2H-CH3OH (substrate=zeolite)

[2397/9762] reaction_id=2397: MOR-Al2-RhPd-O-CH3-AgAu-1-mod-CH3 -> MOR-Al2-RhPd-O-CH3OH (substrate=zeolite)

[2398/9762] reaction_id=2398: MOR-Al2-RhPt-O2-CH3 -> MOR-Al2-RhPt-O2-CH3OH (substrate=zeolite)

[2399/9762] reaction_id=2399: MOR-Al2-RhPtO2H-CH3 -> MOR-Al2-RhPtO2H-CH3OH (substrate=zeolite)

[2400/9762] reaction_id=2400: MOR-Al2-RhPt-O-CH3-AgAu-1-mod-CH3 -> MOR-Al2-RhPt-O-CH3OH (substrate=zeolite)

[2401/9762] reaction_id=2401: MOR-Al2-RhRu-O2-CH3 -> MOR-Al2-RhRu-O2-CH3OH (substrate=zeolite)

[2402/9762] reaction_id=2402: MOR-Al2-RhRuO2H-CH3 -> MOR-Al2-RhRuO2H-CH3OH (substrate=zeolite)

[2403/9762] reaction_id=2403: MOR-Al2-RhRu-O-CH3-AgAu-1-mod-CH3 -> MOR-Al2-RhRu-O-CH3OH (substrate=zeolite)

[2404/9762] reaction_id=2404: MOR-Al2-RhSc-O2-CH3 -> MOR-Al2-RhSc-O2-CH3OH (substrate=zeolite)

[2405/9762] reaction_id=2405: MOR-Al2-RhScO2H-CH3 -> MOR-Al2-RhScO2H-CH3OH (substrate=zeolite)

[2406/9762] reaction_id=2406: MOR-Al2-RhSc-O-CH3-AgAu-1-mod-CH3 -> MOR-Al2-RhSc-O-CH3OH (substrate=zeolite)

[2407/9762] reaction_id=2407: MOR-Al2-RhV-O2-CH3 -> MOR-Al2-RhV-O2-CH3OH (substrate=zeolite)

[2408/9762] reaction_id=2408: MOR-Al2-RhVO2H-CH3 -> MOR-Al2-RhVO2H-CH3OH (substrate=zeolite)

[2409/9762] reaction_id=2409: MOR-Al2-RhV-O-CH3-AgAu-1-mod-CH3 -> MOR-Al2-RhV-O-CH3OH (substrate=zeolite)

[2410/9762] reaction_id=2410: MOR-Al2-RhY-O2-CH3 -> MOR-Al2-RhY-O2-CH3OH (substrate=zeolite)

[2411/9762] reaction_id=2411: MOR-Al2-RhYO2H-CH3 -> MOR-Al2-RhYO2H-CH3OH (substrate=zeolite)

[2412/9762] reaction_id=2412: MOR-Al2-RhY-O-CH3-AgAu-1-mod-CH3 -> MOR-Al2-RhY-O-CH3OH (substrate=zeolite)

[2413/9762] reaction_id=2413: MOR-Al2-RuAg-O2-CH3 -> MOR-Al2-RuAg-O2-CH3OH (substrate=zeolite)

[2414/9762] reaction_id=2414: MOR-Al2-RuAgO2H-CH3 -> MOR-Al2-RuAgO2H-CH3OH (substrate=zeolite)

[2415/9762] reaction_id=2415: MOR-Al2-RuAg-O-CH3-AgAu-1-mod-CH3 -> MOR-Al2-RuAg-O-CH3OH (substrate=zeolite)

[2416/9762] reaction_id=2416: MOR-Al2-RuAu-O2-CH3 -> MOR-Al2-RuAu-O2-CH3OH (substrate=zeolite)

[2417/9762] reaction_id=2417: MOR-Al2-RuAuO2H-CH3 -> MOR-Al2-RuAuO2H-CH3OH (substrate=zeolite)

[2418/9762] reaction_id=2418: MOR-Al2-RuAu-O-CH3-AgAu-1-mod-CH3 -> MOR-Al2-RuAu-O-CH3OH (substrate=zeolite)

[2419/9762] reaction_id=2419: MOR-Al2-RuCo-O2-CH3 -> MOR-Al2-RuCo-O2-CH3OH (substrate=zeolite)

[2420/9762] reaction_id=2420: MOR-Al2-RuCoO2H-CH3 -> MOR-Al2-RuCoO2H-CH3OH (substrate=zeolite)

[2421/9762] reaction_id=2421: MOR-Al2-RuCo-O-CH3-AgAu-1-mod-CH3 -> MOR-Al2-RuCo-O-CH3OH (substrate=zeolite)

[2422/9762] reaction_id=2422: MOR-Al2-RuCr-O2-CH3 -> MOR-Al2-RuCr-O2-CH3OH (substrate=zeolite)

[2423/9762] reaction_id=2423: MOR-Al2-RuCrO2H-CH3 -> MOR-Al2-RuCrO2H-CH3OH (substrate=zeolite)

[2424/9762] reaction_id=2424: MOR-Al2-RuCr-O-CH3-AgAu-1-mod-CH3 -> MOR-Al2-RuCr-O-CH3OH (substrate=zeolite)

[2425/9762] reaction_id=2425: MOR-Al2-RuCu-O2-CH3 -> MOR-Al2-RuCu-O2-CH3OH (substrate=zeolite)

[2426/9762] reaction_id=2426: MOR-Al2-RuCuO2H-CH3 -> MOR-Al2-RuCuO2H-CH3OH (substrate=zeolite)

[2427/9762] reaction_id=2427: MOR-Al2-RuCu-O-CH3-AgAu-1-mod-CH3 -> MOR-Al2-RuCu-O-CH3OH (substrate=zeolite)

[2428/9762] reaction_id=2428: MOR-Al2-RuFe-O2-CH3 -> MOR-Al2-RuFe-O2-CH3OH (substrate=zeolite)

[2429/9762] reaction_id=2429: MOR-Al2-RuFeO2H-CH3 -> MOR-Al2-RuFeO2H-CH3OH (substrate=zeolite)

[2430/9762] reaction_id=2430: MOR-Al2-RuFe-O-CH3-AgAu-1-mod-CH3 -> MOR-Al2-RuFe-O-CH3OH (substrate=zeolite)

[2431/9762] reaction_id=2431: MOR-Al2-RuIr-O2-CH3 -> MOR-Al2-RuIr-O2-CH3OH (substrate=zeolite)

[2432/9762] reaction_id=2432: MOR-Al2-RuIrO2H-CH3 -> MOR-Al2-RuIrO2H-CH3OH (substrate=zeolite)

[2433/9762] reaction_id=2433: MOR-Al2-RuIr-O-CH3-AgAu-1-mod-CH3 -> MOR-Al2-RuIr-O-CH3OH (substrate=zeolite)

[2434/9762] reaction_id=2434: MOR-Al2-RuMo-O2-CH3 -> MOR-Al2-RuMo-O2-CH3OH (substrate=zeolite)

[2435/9762] reaction_id=2435: MOR-Al2-RuMoO2H-CH3 -> MOR-Al2-RuMoO2H-CH3OH (substrate=zeolite)

[2436/9762] reaction_id=2436: MOR-Al2-RuMo-O-CH3-AgAu-1-mod-CH3 -> MOR-Al2-RuMo-O-CH3OH (substrate=zeolite)

[2437/9762] reaction_id=2437: MOR-Al2-RuNb-O2-CH3 -> MOR-Al2-RuNb-O2-CH3OH (substrate=zeolite)

[2438/9762] reaction_id=2438: MOR-Al2-RuNbO2H-CH3 -> MOR-Al2-RuNbO2H-CH3OH (substrate=zeolite)

[2439/9762] reaction_id=2439: MOR-Al2-RuNb-O-CH3-AgAu-1-mod-CH3 -> MOR-Al2-RuNb-O-CH3OH (substrate=zeolite)

[2440/9762] reaction_id=2440: MOR-Al2-RuNi-O2-CH3 -> MOR-Al2-RuNi-O2-CH3OH (substrate=zeolite)

[2441/9762] reaction_id=2441: MOR-Al2-RuNiO2H-CH3 -> MOR-Al2-RuNiO2H-CH3OH (substrate=zeolite)

[2442/9762] reaction_id=2442: MOR-Al2-RuNi-O-CH3-AgAu-1-mod-CH3 -> MOR-Al2-RuNi-O-CH3OH (substrate=zeolite)

[2443/9762] reaction_id=2443: MOR-Al2-RuOs-O2-CH3 -> MOR-Al2-RuOs-O2-CH3OH (substrate=zeolite)

[2444/9762] reaction_id=2444: MOR-Al2-RuOsO2H-CH3 -> MOR-Al2-RuOsO2H-CH3OH (substrate=zeolite)

[2445/9762] reaction_id=2445: MOR-Al2-RuOs-O-CH3-AgAu-1-mod-CH3 -> MOR-Al2-RuOs-O-CH3OH (substrate=zeolite)

[2446/9762] reaction_id=2446: MOR-Al2-RuPd-O2-CH3 -> MOR-Al2-RuPd-O2-CH3OH (substrate=zeolite)

[2447/9762] reaction_id=2447: MOR-Al2-RuPdO2H-CH3 -> MOR-Al2-RuPdO2H-CH3OH (substrate=zeolite)

[2448/9762] reaction_id=2448: MOR-Al2-RuPd-O-CH3-AgAu-1-mod-CH3 -> MOR-Al2-RuPd-O-CH3OH (substrate=zeolite)

[2449/9762] reaction_id=2449: MOR-Al2-RuPt-O2-CH3 -> MOR-Al2-RuPt-O2-CH3OH (substrate=zeolite)

[2450/9762] reaction_id=2450: MOR-Al2-RuPtO2H-CH3 -> MOR-Al2-RuPtO2H-CH3OH (substrate=zeolite)

[2451/9762] reaction_id=2451: MOR-Al2-RuPt-O-CH3-AgAu-1-mod-CH3 -> MOR-Al2-RuPt-O-CH3OH (substrate=zeolite)

[2452/9762] reaction_id=2452: MOR-Al2-RuRh-O2-CH3 -> MOR-Al2-RuRh-O2-CH3OH (substrate=zeolite)

[2453/9762] reaction_id=2453: MOR-Al2-RuRhO2H-CH3 -> MOR-Al2-RuRhO2H-CH3OH (substrate=zeolite)

[2454/9762] reaction_id=2454: MOR-Al2-RuRh-O-CH3-AgAu-1-mod-CH3 -> MOR-Al2-RuRh-O-CH3OH (substrate=zeolite)

[2455/9762] reaction_id=2455: MOR-Al2-RuSc-O2-CH3 -> MOR-Al2-RuSc-O2-CH3OH (substrate=zeolite)

[2456/9762] reaction_id=2456: MOR-Al2-RuScO2H-CH3 -> MOR-Al2-RuScO2H-CH3OH (substrate=zeolite)

[2457/9762] reaction_id=2457: MOR-Al2-RuSc-O-CH3-AgAu-1-mod-CH3 -> MOR-Al2-RuSc-O-CH3OH (substrate=zeolite)

[2458/9762] reaction_id=2458: MOR-Al2-RuV-O2-CH3 -> MOR-Al2-RuV-O2-CH3OH (substrate=zeolite)

[2459/9762] reaction_id=2459: MOR-Al2-RuVO2H-CH3 -> MOR-Al2-RuVO2H-CH3OH (substrate=zeolite)

[2460/9762] reaction_id=2460: MOR-Al2-RuV-O-CH3-AgAu-1-mod-CH3 -> MOR-Al2-RuV-O-CH3OH (substrate=zeolite)

[2461/9762] reaction_id=2461: MOR-Al2-RuY-O2-CH3 -> MOR-Al2-RuY-O2-CH3OH (substrate=zeolite)

[2462/9762] reaction_id=2462: MOR-Al2-RuYO2H-CH3 -> MOR-Al2-RuYO2H-CH3OH (substrate=zeolite)

[2463/9762] reaction_id=2463: MOR-Al2-RuY-O-CH3-AgAu-1-mod-CH3 -> MOR-Al2-RuY-O-CH3OH (substrate=zeolite)

[2464/9762] reaction_id=2464: MOR-Al2-ScAg-O2-CH3 -> MOR-Al2-ScAg-O2-CH3OH (substrate=zeolite)

[2465/9762] reaction_id=2465: MOR-Al2-ScAgO2H-CH3 -> MOR-Al2-ScAgO2H-CH3OH (substrate=zeolite)

[2466/9762] reaction_id=2466: MOR-Al2-ScAg-O-CH3-AgAu-1-mod-CH3 -> MOR-Al2-ScAg-O-CH3OH (substrate=zeolite)

[2467/9762] reaction_id=2467: MOR-Al2-ScAu-O2-CH3 -> MOR-Al2-ScAu-O2-CH3OH (substrate=zeolite)

[2468/9762] reaction_id=2468: MOR-Al2-ScAuO2H-CH3 -> MOR-Al2-ScAuO2H-CH3OH (substrate=zeolite)

[2469/9762] reaction_id=2469: MOR-Al2-ScAu-O-CH3-AgAu-1-mod-CH3 -> MOR-Al2-ScAu-O-CH3OH (substrate=zeolite)

[2470/9762] reaction_id=2470: MOR-Al2-ScCo-O2-CH3 -> MOR-Al2-ScCo-O2-CH3OH (substrate=zeolite)

[2471/9762] reaction_id=2471: MOR-Al2-ScCoO2H-CH3 -> MOR-Al2-ScCoO2H-CH3OH (substrate=zeolite)

[2472/9762] reaction_id=2472: MOR-Al2-ScCo-O-CH3-AgAu-1-mod-CH3 -> MOR-Al2-ScCo-O-CH3OH (substrate=zeolite)

[2473/9762] reaction_id=2473: MOR-Al2-ScCr-O2-CH3 -> MOR-Al2-ScCr-O2-CH3OH (substrate=zeolite)

[2474/9762] reaction_id=2474: MOR-Al2-ScCrO2H-CH3 -> MOR-Al2-ScCrO2H-CH3OH (substrate=zeolite)

[2475/9762] reaction_id=2475: MOR-Al2-ScCr-O-CH3-AgAu-1-mod-CH3 -> MOR-Al2-ScCr-O-CH3OH (substrate=zeolite)

[2476/9762] reaction_id=2476: MOR-Al2-ScCu-O2-CH3 -> MOR-Al2-ScCu-O2-CH3OH (substrate=zeolite)

[2477/9762] reaction_id=2477: MOR-Al2-ScCuO2H-CH3 -> MOR-Al2-ScCuO2H-CH3OH (substrate=zeolite)

[2478/9762] reaction_id=2478: MOR-Al2-ScCu-O-CH3-AgAu-1-mod-CH3 -> MOR-Al2-ScCu-O-CH3OH (substrate=zeolite)

[2479/9762] reaction_id=2479: MOR-Al2-ScFe-O2-CH3 -> MOR-Al2-ScFe-O2-CH3OH (substrate=zeolite)

[2480/9762] reaction_id=2480: MOR-Al2-ScFeO2H-CH3 -> MOR-Al2-ScFeO2H-CH3OH (substrate=zeolite)

[2481/9762] reaction_id=2481: MOR-Al2-ScFe-O-CH3-AgAu-1-mod-CH3 -> MOR-Al2-ScFe-O-CH3OH (substrate=zeolite)

[2482/9762] reaction_id=2482: MOR-Al2-ScIr-O2-CH3 -> MOR-Al2-ScIr-O2-CH3OH (substrate=zeolite)

[2483/9762] reaction_id=2483: MOR-Al2-ScIrO2H-CH3 -> MOR-Al2-ScIrO2H-CH3OH (substrate=zeolite)

[2484/9762] reaction_id=2484: MOR-Al2-ScIr-O-CH3-AgAu-1-mod-CH3 -> MOR-Al2-ScIr-O-CH3OH (substrate=zeolite)

[2485/9762] reaction_id=2485: MOR-Al2-ScMo-O2-CH3 -> MOR-Al2-ScMo-O2-CH3OH (substrate=zeolite)

[2486/9762] reaction_id=2486: MOR-Al2-ScMoO2H-CH3 -> MOR-Al2-ScMoO2H-CH3OH (substrate=zeolite)

[2487/9762] reaction_id=2487: MOR-Al2-ScMo-O-CH3-AgAu-1-mod-CH3 -> MOR-Al2-ScMo-O-CH3OH (substrate=zeolite)

[2488/9762] reaction_id=2488: MOR-Al2-ScNb-O2-CH3 -> MOR-Al2-ScNb-O2-CH3OH (substrate=zeolite)

[2489/9762] reaction_id=2489: MOR-Al2-ScNbO2H-CH3 -> MOR-Al2-ScNbO2H-CH3OH (substrate=zeolite)

[2490/9762] reaction_id=2490: MOR-Al2-ScNb-O-CH3-AgAu-1-mod-CH3 -> MOR-Al2-ScNb-O-CH3OH (substrate=zeolite)

[2491/9762] reaction_id=2491: MOR-Al2-ScNi-O2-CH3 -> MOR-Al2-ScNi-O2-CH3OH (substrate=zeolite)

[2492/9762] reaction_id=2492: MOR-Al2-ScNiO2H-CH3 -> MOR-Al2-ScNiO2H-CH3OH (substrate=zeolite)

[2493/9762] reaction_id=2493: MOR-Al2-ScNi-O-CH3-AgAu-1-mod-CH3 -> MOR-Al2-ScNi-O-CH3OH (substrate=zeolite)

[2494/9762] reaction_id=2494: MOR-Al2-Sc-OH-CH3-ZH -> MOR-Al2-Sc-CH3OH-ZH (substrate=zeolite)

[2495/9762] reaction_id=2495: MOR-Al2-ScOs-O2-CH3 -> MOR-Al2-ScOs-O2-CH3OH (substrate=zeolite)

[2496/9762] reaction_id=2496: MOR-Al2-ScOsO2H-CH3 -> MOR-Al2-ScOsO2H-CH3OH (substrate=zeolite)

[2497/9762] reaction_id=2497: MOR-Al2-ScOs-O-CH3-AgAu-1-mod-CH3 -> MOR-Al2-ScOs-O-CH3OH (substrate=zeolite)

[2498/9762] reaction_id=2498: MOR-Al2-ScPd-O2-CH3 -> MOR-Al2-ScPd-O2-CH3OH (substrate=zeolite)

[2499/9762] reaction_id=2499: MOR-Al2-ScPdO2H-CH3 -> MOR-Al2-ScPdO2H-CH3OH (substrate=zeolite)

[2500/9762] reaction_id=2500: MOR-Al2-ScPd-O-CH3-AgAu-1-mod-CH3 -> MOR-Al2-ScPd-O-CH3OH (substrate=zeolite)

[2501/9762] reaction_id=2501: MOR-Al2-ScPt-O2-CH3 -> MOR-Al2-ScPt-O2-CH3OH (substrate=zeolite)

[2502/9762] reaction_id=2502: MOR-Al2-ScPtO2H-CH3 -> MOR-Al2-ScPtO2H-CH3OH (substrate=zeolite)

[2503/9762] reaction_id=2503: MOR-Al2-ScPt-O-CH3-AgAu-1-mod-CH3 -> MOR-Al2-ScPt-O-CH3OH (substrate=zeolite)

[2504/9762] reaction_id=2504: MOR-Al2-ScRh-O2-CH3 -> MOR-Al2-ScRh-O2-CH3OH (substrate=zeolite)

[2505/9762] reaction_id=2505: MOR-Al2-ScRhO2H-CH3 -> MOR-Al2-ScRhO2H-CH3OH (substrate=zeolite)

[2506/9762] reaction_id=2506: MOR-Al2-ScRh-O-CH3-AgAu-1-mod-CH3 -> MOR-Al2-ScRh-O-CH3OH (substrate=zeolite)

[2507/9762] reaction_id=2507: MOR-Al2-ScRu-O2-CH3 -> MOR-Al2-ScRu-O2-CH3OH (substrate=zeolite)

[2508/9762] reaction_id=2508: MOR-Al2-ScRuO2H-CH3 -> MOR-Al2-ScRuO2H-CH3OH (substrate=zeolite)

[2509/9762] reaction_id=2509: MOR-Al2-ScRu-O-CH3-AgAu-1-mod-CH3 -> MOR-Al2-ScRu-O-CH3OH (substrate=zeolite)

[2510/9762] reaction_id=2510: MOR-Al2-ScV-O2-CH3 -> MOR-Al2-ScV-O2-CH3OH (substrate=zeolite)

[2511/9762] reaction_id=2511: MOR-Al2-ScVO2H-CH3 -> MOR-Al2-ScVO2H-CH3OH (substrate=zeolite)

[2512/9762] reaction_id=2512: MOR-Al2-ScV-O-CH3-AgAu-1-mod-CH3 -> MOR-Al2-ScV-O-CH3OH (substrate=zeolite)

[2513/9762] reaction_id=2513: MOR-Al2-ScY-O2-CH3 -> MOR-Al2-ScY-O2-CH3OH (substrate=zeolite)

[2514/9762] reaction_id=2514: MOR-Al2-ScYO2H-CH3 -> MOR-Al2-ScYO2H-CH3OH (substrate=zeolite)

[2515/9762] reaction_id=2515: MOR-Al2-ScY-O-CH3-AgAu-1-mod-CH3 -> MOR-Al2-ScY-O-CH3OH (substrate=zeolite)

[2516/9762] reaction_id=2516: MOR-Al2-VAg-O2-CH3 -> MOR-Al2-VAg-O2-CH3OH (substrate=zeolite)

[2517/9762] reaction_id=2517: MOR-Al2-VAgO2H-CH3 -> MOR-Al2-VAgO2H-CH3OH (substrate=zeolite)

[2518/9762] reaction_id=2518: MOR-Al2-VAg-O-CH3-AgAu-1-mod-CH3 -> MOR-Al2-VAg-O-CH3OH (substrate=zeolite)

[2519/9762] reaction_id=2519: MOR-Al2-VAu-O2-CH3 -> MOR-Al2-VAu-O2-CH3OH (substrate=zeolite)

[2520/9762] reaction_id=2520: MOR-Al2-VAuO2H-CH3 -> MOR-Al2-VAuO2H-CH3OH (substrate=zeolite)

[2521/9762] reaction_id=2521: MOR-Al2-VAu-O-CH3-AgAu-1-mod-CH3 -> MOR-Al2-VAu-O-CH3OH (substrate=zeolite)

[2522/9762] reaction_id=2522: MOR-Al2-VCo-O2-CH3 -> MOR-Al2-VCo-O2-CH3OH (substrate=zeolite)

[2523/9762] reaction_id=2523: MOR-Al2-VCoO2H-CH3 -> MOR-Al2-VCoO2H-CH3OH (substrate=zeolite)

[2524/9762] reaction_id=2524: MOR-Al2-VCo-O-CH3-AgAu-1-mod-CH3 -> MOR-Al2-VCo-O-CH3OH (substrate=zeolite)

[2525/9762] reaction_id=2525: MOR-Al2-VCr-O2-CH3 -> MOR-Al2-VCr-O2-CH3OH (substrate=zeolite)

[2526/9762] reaction_id=2526: MOR-Al2-VCrO2H-CH3 -> MOR-Al2-VCrO2H-CH3OH (substrate=zeolite)

[2527/9762] reaction_id=2527: MOR-Al2-VCr-O-CH3-AgAu-1-mod-CH3 -> MOR-Al2-VCr-O-CH3OH (substrate=zeolite)

[2528/9762] reaction_id=2528: MOR-Al2-VCu-O2-CH3 -> MOR-Al2-VCu-O2-CH3OH (substrate=zeolite)

[2529/9762] reaction_id=2529: MOR-Al2-VCuO2H-CH3 -> MOR-Al2-VCuO2H-CH3OH (substrate=zeolite)

[2530/9762] reaction_id=2530: MOR-Al2-VCu-O-CH3-AgAu-1-mod-CH3 -> MOR-Al2-VCu-O-CH3OH (substrate=zeolite)

[2531/9762] reaction_id=2531: MOR-Al2-VFe-O2-CH3 -> MOR-Al2-VFe-O2-CH3OH (substrate=zeolite)

[2532/9762] reaction_id=2532: MOR-Al2-VFeO2H-CH3 -> MOR-Al2-VFeO2H-CH3OH (substrate=zeolite)

[2533/9762] reaction_id=2533: MOR-Al2-VFe-O-CH3-AgAu-1-mod-CH3 -> MOR-Al2-VFe-O-CH3OH (substrate=zeolite)

[2534/9762] reaction_id=2534: MOR-Al2-VIr-O2-CH3 -> MOR-Al2-VIr-O2-CH3OH (substrate=zeolite)

[2535/9762] reaction_id=2535: MOR-Al2-VIrO2H-CH3 -> MOR-Al2-VIrO2H-CH3OH (substrate=zeolite)

[2536/9762] reaction_id=2536: MOR-Al2-VIr-O-CH3-AgAu-1-mod-CH3 -> MOR-Al2-VIr-O-CH3OH (substrate=zeolite)

[2537/9762] reaction_id=2537: MOR-Al2-VMo-O2-CH3 -> MOR-Al2-VMo-O2-CH3OH (substrate=zeolite)

[2538/9762] reaction_id=2538: MOR-Al2-VMoO2H-CH3 -> MOR-Al2-VMoO2H-CH3OH (substrate=zeolite)

[2539/9762] reaction_id=2539: MOR-Al2-VMo-O-CH3-AgAu-1-mod-CH3 -> MOR-Al2-VMo-O-CH3OH (substrate=zeolite)

[2540/9762] reaction_id=2540: MOR-Al2-VNb-O2-CH3 -> MOR-Al2-VNb-O2-CH3OH (substrate=zeolite)

[2541/9762] reaction_id=2541: MOR-Al2-VNbO2H-CH3 -> MOR-Al2-VNbO2H-CH3OH (substrate=zeolite)

[2542/9762] reaction_id=2542: MOR-Al2-VNb-O-CH3-AgAu-1-mod-CH3 -> MOR-Al2-VNb-O-CH3OH (substrate=zeolite)

[2543/9762] reaction_id=2543: MOR-Al2-VNi-O2-CH3 -> MOR-Al2-VNi-O2-CH3OH (substrate=zeolite)

[2544/9762] reaction_id=2544: MOR-Al2-VNiO2H-CH3 -> MOR-Al2-VNiO2H-CH3OH (substrate=zeolite)

[2545/9762] reaction_id=2545: MOR-Al2-VNi-O-CH3-AgAu-1-mod-CH3 -> MOR-Al2-VNi-O-CH3OH (substrate=zeolite)

[2546/9762] reaction_id=2546: MOR-Al2-VOs-O2-CH3 -> MOR-Al2-VOs-O2-CH3OH (substrate=zeolite)

[2547/9762] reaction_id=2547: MOR-Al2-VOsO2H-CH3 -> MOR-Al2-VOsO2H-CH3OH (substrate=zeolite)

[2548/9762] reaction_id=2548: MOR-Al2-VOs-O-CH3-AgAu-1-mod-CH3 -> MOR-Al2-VOs-O-CH3OH (substrate=zeolite)

[2549/9762] reaction_id=2549: MOR-Al2-VPd-O2-CH3 -> MOR-Al2-VPd-O2-CH3OH (substrate=zeolite)

[2550/9762] reaction_id=2550: MOR-Al2-VPdO2H-CH3 -> MOR-Al2-VPdO2H-CH3OH (substrate=zeolite)

[2551/9762] reaction_id=2551: MOR-Al2-VPd-O-CH3-AgAu-1-mod-CH3 -> MOR-Al2-VPd-O-CH3OH (substrate=zeolite)

[2552/9762] reaction_id=2552: MOR-Al2-VPt-O2-CH3 -> MOR-Al2-VPt-O2-CH3OH (substrate=zeolite)

[2553/9762] reaction_id=2553: MOR-Al2-VPtO2H-CH3 -> MOR-Al2-VPtO2H-CH3OH (substrate=zeolite)

[2554/9762] reaction_id=2554: MOR-Al2-VPt-O-CH3-AgAu-1-mod-CH3 -> MOR-Al2-VPt-O-CH3OH (substrate=zeolite)

[2555/9762] reaction_id=2555: MOR-Al2-VRh-O2-CH3 -> MOR-Al2-VRh-O2-CH3OH (substrate=zeolite)

[2556/9762] reaction_id=2556: MOR-Al2-VRhO2H-CH3 -> MOR-Al2-VRhO2H-CH3OH (substrate=zeolite)

[2557/9762] reaction_id=2557: MOR-Al2-VRh-O-CH3-AgAu-1-mod-CH3 -> MOR-Al2-VRh-O-CH3OH (substrate=zeolite)

[2558/9762] reaction_id=2558: MOR-Al2-VRu-O2-CH3 -> MOR-Al2-VRu-O2-CH3OH (substrate=zeolite)

[2559/9762] reaction_id=2559: MOR-Al2-VRuO2H-CH3 -> MOR-Al2-VRuO2H-CH3OH (substrate=zeolite)

[2560/9762] reaction_id=2560: MOR-Al2-VRu-O-CH3-AgAu-1-mod-CH3 -> MOR-Al2-VRu-O-CH3OH (substrate=zeolite)

[2561/9762] reaction_id=2561: MOR-Al2-VSc-O2-CH3 -> MOR-Al2-VSc-O2-CH3OH (substrate=zeolite)

[2562/9762] reaction_id=2562: MOR-Al2-VScO2H-CH3 -> MOR-Al2-VScO2H-CH3OH (substrate=zeolite)

[2563/9762] reaction_id=2563: MOR-Al2-VSc-O-CH3-AgAu-1-mod-CH3 -> MOR-Al2-VSc-O-CH3OH (substrate=zeolite)

[2564/9762] reaction_id=2564: MOR-Al2-VY-O2-CH3 -> MOR-Al2-VY-O2-CH3OH (substrate=zeolite)

[2565/9762] reaction_id=2565: MOR-Al2-VYO2H-CH3 -> MOR-Al2-VYO2H-CH3OH (substrate=zeolite)

[2566/9762] reaction_id=2566: MOR-Al2-VY-O-CH3-AgAu-1-mod-CH3 -> MOR-Al2-VY-O-CH3OH (substrate=zeolite)

[2567/9762] reaction_id=2567: MOR-Al2-YAg-O2-CH3 -> MOR-Al2-YAg-O2-CH3OH (substrate=zeolite)

[2568/9762] reaction_id=2568: MOR-Al2-YAgO2H-CH3 -> MOR-Al2-YAgO2H-CH3OH (substrate=zeolite)

[2569/9762] reaction_id=2569: MOR-Al2-YAg-O-CH3-AgAu-1-mod-CH3 -> MOR-Al2-YAg-O-CH3OH (substrate=zeolite)

[2570/9762] reaction_id=2570: MOR-Al2-YAu-O2-CH3 -> MOR-Al2-YAu-O2-CH3OH (substrate=zeolite)

[2571/9762] reaction_id=2571: MOR-Al2-YAuO2H-CH3 -> MOR-Al2-YAuO2H-CH3OH (substrate=zeolite)

[2572/9762] reaction_id=2572: MOR-Al2-YAu-O-CH3-AgAu-1-mod-CH3 -> MOR-Al2-YAu-O-CH3OH (substrate=zeolite)

[2573/9762] reaction_id=2573: MOR-Al2-YCo-O2-CH3 -> MOR-Al2-YCo-O2-CH3OH (substrate=zeolite)

[2574/9762] reaction_id=2574: MOR-Al2-YCoO2H-CH3 -> MOR-Al2-YCoO2H-CH3OH (substrate=zeolite)

[2575/9762] reaction_id=2575: MOR-Al2-YCo-O-CH3-AgAu-1-mod-CH3 -> MOR-Al2-YCo-O-CH3OH (substrate=zeolite)

[2576/9762] reaction_id=2576: MOR-Al2-YCr-O2-CH3 -> MOR-Al2-YCr-O2-CH3OH (substrate=zeolite)

[2577/9762] reaction_id=2577: MOR-Al2-YCrO2H-CH3 -> MOR-Al2-YCrO2H-CH3OH (substrate=zeolite)

[2578/9762] reaction_id=2578: MOR-Al2-YCr-O-CH3-AgAu-1-mod-CH3 -> MOR-Al2-YCr-O-CH3OH (substrate=zeolite)

[2579/9762] reaction_id=2579: MOR-Al2-YCu-O2-CH3 -> MOR-Al2-YCu-O2-CH3OH (substrate=zeolite)

[2580/9762] reaction_id=2580: MOR-Al2-YCuO2H-CH3 -> MOR-Al2-YCuO2H-CH3OH (substrate=zeolite)

[2581/9762] reaction_id=2581: MOR-Al2-YCu-O-CH3-AgAu-1-mod-CH3 -> MOR-Al2-YCu-O-CH3OH (substrate=zeolite)

[2582/9762] reaction_id=2582: MOR-Al2-YFe-O2-CH3 -> MOR-Al2-YFe-O2-CH3OH (substrate=zeolite)

[2583/9762] reaction_id=2583: MOR-Al2-YFeO2H-CH3 -> MOR-Al2-YFeO2H-CH3OH (substrate=zeolite)

[2584/9762] reaction_id=2584: MOR-Al2-YFe-O-CH3-AgAu-1-mod-CH3 -> MOR-Al2-YFe-O-CH3OH (substrate=zeolite)

[2585/9762] reaction_id=2585: MOR-Al2-YIr-O2-CH3 -> MOR-Al2-YIr-O2-CH3OH (substrate=zeolite)

[2586/9762] reaction_id=2586: MOR-Al2-YIrO2H-CH3 -> MOR-Al2-YIrO2H-CH3OH (substrate=zeolite)

[2587/9762] reaction_id=2587: MOR-Al2-YIr-O-CH3-AgAu-1-mod-CH3 -> MOR-Al2-YIr-O-CH3OH (substrate=zeolite)

[2588/9762] reaction_id=2588: MOR-Al2-YMo-O2-CH3 -> MOR-Al2-YMo-O2-CH3OH (substrate=zeolite)

[2589/9762] reaction_id=2589: MOR-Al2-YMoO2H-CH3 -> MOR-Al2-YMoO2H-CH3OH (substrate=zeolite)

[2590/9762] reaction_id=2590: MOR-Al2-YMo-O-CH3-AgAu-1-mod-CH3 -> MOR-Al2-YMo-O-CH3OH (substrate=zeolite)

[2591/9762] reaction_id=2591: MOR-Al2-YNb-O2-CH3 -> MOR-Al2-YNb-O2-CH3OH (substrate=zeolite)

[2592/9762] reaction_id=2592: MOR-Al2-YNbO2H-CH3 -> MOR-Al2-YNbO2H-CH3OH (substrate=zeolite)

[2593/9762] reaction_id=2593: MOR-Al2-YNb-O-CH3-AgAu-1-mod-CH3 -> MOR-Al2-YNb-O-CH3OH (substrate=zeolite)

[2594/9762] reaction_id=2594: MOR-Al2-YNi-O2-CH3 -> MOR-Al2-YNi-O2-CH3OH (substrate=zeolite)

[2595/9762] reaction_id=2595: MOR-Al2-YNiO2H-CH3 -> MOR-Al2-YNiO2H-CH3OH (substrate=zeolite)

[2596/9762] reaction_id=2596: MOR-Al2-YNi-O-CH3-AgAu-1-mod-CH3 -> MOR-Al2-YNi-O-CH3OH (substrate=zeolite)

[2597/9762] reaction_id=2597: MOR-Al2-Y-OH-CH3-ZH -> MOR-Al2-Y-CH3OH-ZH (substrate=zeolite)

[2598/9762] reaction_id=2598: MOR-Al2-YOs-O2-CH3 -> MOR-Al2-YOs-O2-CH3OH (substrate=zeolite)

[2599/9762] reaction_id=2599: MOR-Al2-YOsO2H-CH3 -> MOR-Al2-YOsO2H-CH3OH (substrate=zeolite)

[2600/9762] reaction_id=2600: MOR-Al2-YOs-O-CH3-AgAu-1-mod-CH3 -> MOR-Al2-YOs-O-CH3OH (substrate=zeolite)

[2601/9762] reaction_id=2601: MOR-Al2-YPd-O2-CH3 -> MOR-Al2-YPd-O2-CH3OH (substrate=zeolite)

[2602/9762] reaction_id=2602: MOR-Al2-YPdO2H-CH3 -> MOR-Al2-YPdO2H-CH3OH (substrate=zeolite)

[2603/9762] reaction_id=2603: MOR-Al2-YPd-O-CH3-AgAu-1-mod-CH3 -> MOR-Al2-YPd-O-CH3OH (substrate=zeolite)

[2604/9762] reaction_id=2604: MOR-Al2-YPt-O2-CH3 -> MOR-Al2-YPt-O2-CH3OH (substrate=zeolite)

[2605/9762] reaction_id=2605: MOR-Al2-YPtO2H-CH3 -> MOR-Al2-YPtO2H-CH3OH (substrate=zeolite)

[2606/9762] reaction_id=2606: MOR-Al2-YPt-O-CH3-AgAu-1-mod-CH3 -> MOR-Al2-YPt-O-CH3OH (substrate=zeolite)

[2607/9762] reaction_id=2607: MOR-Al2-YRh-O2-CH3 -> MOR-Al2-YRh-O2-CH3OH (substrate=zeolite)

[2608/9762] reaction_id=2608: MOR-Al2-YRhO2H-CH3 -> MOR-Al2-YRhO2H-CH3OH (substrate=zeolite)

[2609/9762] reaction_id=2609: MOR-Al2-YRh-O-CH3-AgAu-1-mod-CH3 -> MOR-Al2-YRh-O-CH3OH (substrate=zeolite)

[2610/9762] reaction_id=2610: MOR-Al2-YRu-O2-CH3 -> MOR-Al2-YRu-O2-CH3OH (substrate=zeolite)

[2611/9762] reaction_id=2611: MOR-Al2-YRuO2H-CH3 -> MOR-Al2-YRuO2H-CH3OH (substrate=zeolite)

[2612/9762] reaction_id=2612: MOR-Al2-YRu-O-CH3-AgAu-1-mod-CH3 -> MOR-Al2-YRu-O-CH3OH (substrate=zeolite)

[2613/9762] reaction_id=2613: MOR-Al2-YSc-O2-CH3 -> MOR-Al2-YSc-O2-CH3OH (substrate=zeolite)

[2614/9762] reaction_id=2614: MOR-Al2-YScO2H-CH3 -> MOR-Al2-YScO2H-CH3OH (substrate=zeolite)

[2615/9762] reaction_id=2615: MOR-Al2-YSc-O-CH3-AgAu-1-mod-CH3 -> MOR-Al2-YSc-O-CH3OH (substrate=zeolite)

[2616/9762] reaction_id=2616: MOR-Al2-YV-O2-CH3 -> MOR-Al2-YV-O2-CH3OH (substrate=zeolite)

[2617/9762] reaction_id=2617: MOR-Al2-YVO2H-CH3 -> MOR-Al2-YVO2H-CH3OH (substrate=zeolite)

[2618/9762] reaction_id=2618: MOR-Al2-YV-O-CH3-AgAu-1-mod-CH3 -> MOR-Al2-YV-O-CH3OH (substrate=zeolite)

[2619/9762] reaction_id=2619: Ag2Al2-111-O1-CH4 -> Ag2Al2-111-O1-CH3 (substrate=alloy)

[2620/9762] reaction_id=2620: Ag2Al2-111-O2-CH4 -> Ag2Al2-111-O2-CH3 (substrate=alloy)

[2621/9762] reaction_id=2621: Ag2Au2-111-O1-CH4 -> Ag2Au2-111-O1-CH3 (substrate=alloy)

[2622/9762] reaction_id=2622: Ag2Au2-111-O2-CH4 -> Ag2Au2-111-O2-CH3 (substrate=alloy)

[2623/9762] reaction_id=2623: Ag2Bi2-111-O1-CH4 -> Ag2Bi2-111-O1-CH3 (substrate=alloy)

[2624/9762] reaction_id=2624: Ag2Bi2-111-O2-CH4 -> Ag2Bi2-111-O2-CH3 (substrate=alloy)

[2625/9762] reaction_id=2625: Ag2Cd2-111-O1-CH4 -> Ag2Cd2-111-O1-CH3 (substrate=alloy)

[2626/9762] reaction_id=2626: Ag2Cd2-111-O2-CH4 -> Ag2Cd2-111-O2-CH3 (substrate=alloy)

[2627/9762] reaction_id=2627: Ag2Co2-111-O1-CH4 -> Ag2Co2-111-O1-CH3 (substrate=alloy)

[2628/9762] reaction_id=2628: Ag2Co2-111-O2-CH4 -> Ag2Co2-111-O2-CH3 (substrate=alloy)

[2629/9762] reaction_id=2629: Ag2Cr2-111-O1-CH4 -> Ag2Cr2-111-O1-CH3 (substrate=alloy)

[2630/9762] reaction_id=2630: Ag2Cr2-111-O2-CH4 -> Ag2Cr2-111-O2-CH3 (substrate=alloy)

[2631/9762] reaction_id=2631: Ag2Cu2-111-O1-CH4 -> Ag2Cu2-111-O1-CH3 (substrate=alloy)

[2632/9762] reaction_id=2632: Ag2Cu2-111-O2-CH4 -> Ag2Cu2-111-O2-CH3 (substrate=alloy)

[2633/9762] reaction_id=2633: Ag2Fe2-111-O1-CH4 -> Ag2Fe2-111-O1-CH3 (substrate=alloy)

[2634/9762] reaction_id=2634: Ag2Fe2-111-O2-CH4 -> Ag2Fe2-111-O2-CH3 (substrate=alloy)

[2635/9762] reaction_id=2635: Ag2Ga2-111-O1-CH4 -> Ag2Ga2-111-O1-CH3 (substrate=alloy)

[2636/9762] reaction_id=2636: Ag2Ga2-111-O2-CH4 -> Ag2Ga2-111-O2-CH3 (substrate=alloy)

[2637/9762] reaction_id=2637: Ag2Hf2-111-O1-CH4 -> Ag2Hf2-111-O1-CH3 (substrate=alloy)

[2638/9762] reaction_id=2638: Ag2Hf2-111-O2-CH4 -> Ag2Hf2-111-O2-CH3 (substrate=alloy)

[2639/9762] reaction_id=2639: Ag2In2-111-O1-CH4 -> Ag2In2-111-O1-CH3 (substrate=alloy)

[2640/9762] reaction_id=2640: Ag2In2-111-O2-CH4 -> Ag2In2-111-O2-CH3 (substrate=alloy)

[2641/9762] reaction_id=2641: Ag2Ir2-111-O1-CH4 -> Ag2Ir2-111-O1-CH3 (substrate=alloy)

[2642/9762] reaction_id=2642: Ag2Ir2-111-O2-CH4 -> Ag2Ir2-111-O2-CH3 (substrate=alloy)

[2643/9762] reaction_id=2643: Ag2Mn2-111-O1-CH4 -> Ag2Mn2-111-O1-CH3 (substrate=alloy)

[2644/9762] reaction_id=2644: Ag2Mn2-111-O2-CH4 -> Ag2Mn2-111-O2-CH3 (substrate=alloy)

[2645/9762] reaction_id=2645: Ag2Mo2-111-O1-CH4 -> Ag2Mo2-111-O1-CH3 (substrate=alloy)

[2646/9762] reaction_id=2646: Ag2Mo2-111-O2-CH4 -> Ag2Mo2-111-O2-CH3 (substrate=alloy)

[2647/9762] reaction_id=2647: Ag2Nb2-111-O1-CH4 -> Ag2Nb2-111-O1-CH3 (substrate=alloy)

[2648/9762] reaction_id=2648: Ag2Nb2-111-O2-CH4 -> Ag2Nb2-111-O2-CH3 (substrate=alloy)

[2649/9762] reaction_id=2649: Ag2Ni2-111-O1-CH4 -> Ag2Ni2-111-O1-CH3 (substrate=alloy)

[2650/9762] reaction_id=2650: Ag2Ni2-111-O2-CH4 -> Ag2Ni2-111-O2-CH3 (substrate=alloy)

[2651/9762] reaction_id=2651: Ag2Os2-111-O1-CH4 -> Ag2Os2-111-O1-CH3 (substrate=alloy)

[2652/9762] reaction_id=2652: Ag2Os2-111-O2-CH4 -> Ag2Os2-111-O2-CH3 (substrate=alloy)

[2653/9762] reaction_id=2653: Ag2Pb2-111-O1-CH4 -> Ag2Pb2-111-O1-CH3 (substrate=alloy)

[2654/9762] reaction_id=2654: Ag2Pb2-111-O2-CH4 -> Ag2Pb2-111-O2-CH3 (substrate=alloy)

[2655/9762] reaction_id=2655: Ag2Pd2-111-O1-CH4 -> Ag2Pd2-111-O1-CH3 (substrate=alloy)

[2656/9762] reaction_id=2656: Ag2Pd2-111-O2-CH4 -> Ag2Pd2-111-O2-CH3 (substrate=alloy)

[2657/9762] reaction_id=2657: Ag2Pt2-111-O1-CH4 -> Ag2Pt2-111-O1-CH3 (substrate=alloy)

[2658/9762] reaction_id=2658: Ag2Pt2-111-O2-CH4 -> Ag2Pt2-111-O2-CH3 (substrate=alloy)

[2659/9762] reaction_id=2659: Ag2Re2-111-O1-CH4 -> Ag2Re2-111-O1-CH3 (substrate=alloy)

[2660/9762] reaction_id=2660: Ag2Re2-111-O2-CH4 -> Ag2Re2-111-O2-CH3 (substrate=alloy)

[2661/9762] reaction_id=2661: Ag2Rh2-111-O1-CH4 -> Ag2Rh2-111-O1-CH3 (substrate=alloy)

[2662/9762] reaction_id=2662: Ag2Rh2-111-O2-CH4 -> Ag2Rh2-111-O2-CH3 (substrate=alloy)

[2663/9762] reaction_id=2663: Ag2Ru2-111-O1-CH4 -> Ag2Ru2-111-O1-CH3 (substrate=alloy)

[2664/9762] reaction_id=2664: Ag2Ru2-111-O2-CH4 -> Ag2Ru2-111-O2-CH3 (substrate=alloy)

[2665/9762] reaction_id=2665: Ag2Sc2-111-O1-CH4 -> Ag2Sc2-111-O1-CH3 (substrate=alloy)

[2666/9762] reaction_id=2666: Ag2Sc2-111-O2-CH4 -> Ag2Sc2-111-O2-CH3 (substrate=alloy)

[2667/9762] reaction_id=2667: Ag2Sn2-111-O1-CH4 -> Ag2Sn2-111-O1-CH3 (substrate=alloy)

[2668/9762] reaction_id=2668: Ag2Sn2-111-O2-CH4 -> Ag2Sn2-111-O2-CH3 (substrate=alloy)

[2669/9762] reaction_id=2669: Ag2Ta2-111-O1-CH4 -> Ag2Ta2-111-O1-CH3 (substrate=alloy)

[2670/9762] reaction_id=2670: Ag2Ta2-111-O2-CH4 -> Ag2Ta2-111-O2-CH3 (substrate=alloy)

[2671/9762] reaction_id=2671: Ag2Tc2-111-O1-CH4 -> Ag2Tc2-111-O1-CH3 (substrate=alloy)

[2672/9762] reaction_id=2672: Ag2Tc2-111-O2-CH4 -> Ag2Tc2-111-O2-CH3 (substrate=alloy)

[2673/9762] reaction_id=2673: Ag2Ti2-111-O1-CH4 -> Ag2Ti2-111-O1-CH3 (substrate=alloy)

[2674/9762] reaction_id=2674: Ag2Ti2-111-O2-CH4 -> Ag2Ti2-111-O2-CH3 (substrate=alloy)

[2675/9762] reaction_id=2675: Ag2Tl2-111-O1-CH4 -> Ag2Tl2-111-O1-CH3 (substrate=alloy)

[2676/9762] reaction_id=2676: Ag2Tl2-111-O2-CH4 -> Ag2Tl2-111-O2-CH3 (substrate=alloy)

[2677/9762] reaction_id=2677: Ag2V2-111-O1-CH4 -> Ag2V2-111-O1-CH3 (substrate=alloy)

[2678/9762] reaction_id=2678: Ag2V2-111-O2-CH4 -> Ag2V2-111-O2-CH3 (substrate=alloy)

[2679/9762] reaction_id=2679: Ag2W2-111-O1-CH4 -> Ag2W2-111-O1-CH3 (substrate=alloy)

[2680/9762] reaction_id=2680: Ag2W2-111-O2-CH4 -> Ag2W2-111-O2-CH3 (substrate=alloy)

[2681/9762] reaction_id=2681: Ag2Y2-111-O1-CH4 -> Ag2Y2-111-O1-CH3 (substrate=alloy)

[2682/9762] reaction_id=2682: Ag2Zn2-111-O1-CH4 -> Ag2Zn2-111-O1-CH3 (substrate=alloy)

[2683/9762] reaction_id=2683: Ag2Zn2-111-O2-CH4 -> Ag2Zn2-111-O2-CH3 (substrate=alloy)

[2684/9762] reaction_id=2684: Ag2Zr2-111-O1-CH4 -> Ag2Zr2-111-O1-CH3 (substrate=alloy)

[2685/9762] reaction_id=2685: Ag2Zr2-111-O2-CH4 -> Ag2Zr2-111-O2-CH3 (substrate=alloy)

[2686/9762] reaction_id=2686: Ag3Al-111-O1-CH4 -> Ag3Al-111-O1-CH3 (substrate=alloy)

[2687/9762] reaction_id=2687: Ag3Al-111-O2-CH4 -> Ag3Al-111-O2-CH3 (substrate=alloy)

[2688/9762] reaction_id=2688: Ag3Au-111-O1-CH4 -> Ag3Au-111-O1-CH3 (substrate=alloy)

[2689/9762] reaction_id=2689: Ag3Au-111-O2-CH4 -> Ag3Au-111-O2-CH3 (substrate=alloy)

[2690/9762] reaction_id=2690: Ag3Bi-111-O2-CH4 -> Ag3Bi-111-O2-CH3 (substrate=alloy)

[2691/9762] reaction_id=2691: Ag3Co-111-O1-CH4 -> Ag3Co-111-O1-CH3 (substrate=alloy)

[2692/9762] reaction_id=2692: Ag3Co-111-O2-CH4 -> Ag3Co-111-O2-CH3 (substrate=alloy)

[2693/9762] reaction_id=2693: Ag3Cr-111-O1-CH4 -> Ag3Cr-111-O1-CH3 (substrate=alloy)

[2694/9762] reaction_id=2694: Ag3Cr-111-O2-CH4 -> Ag3Cr-111-O2-CH3 (substrate=alloy)

[2695/9762] reaction_id=2695: Ag3Cu-111-O1-CH4 -> Ag3Cu-111-O1-CH3 (substrate=alloy)

[2696/9762] reaction_id=2696: Ag3Cu-111-O2-CH4 -> Ag3Cu-111-O2-CH3 (substrate=alloy)

[2697/9762] reaction_id=2697: Ag3Fe-111-O1-CH4 -> Ag3Fe-111-O1-CH3 (substrate=alloy)

[2698/9762] reaction_id=2698: Ag3Fe-111-O2-CH4 -> Ag3Fe-111-O2-CH3 (substrate=alloy)

[2699/9762] reaction_id=2699: Ag3Ga-111-O1-CH4 -> Ag3Ga-111-O1-CH3 (substrate=alloy)

[2700/9762] reaction_id=2700: Ag3Ga-111-O2-CH4 -> Ag3Ga-111-O2-CH3 (substrate=alloy)

[2701/9762] reaction_id=2701: Ag3Hf-111-O1-CH4 -> Ag3Hf-111-O1-CH3 (substrate=alloy)

[2702/9762] reaction_id=2702: Ag3Hf-111-O2-CH4 -> Ag3Hf-111-O2-CH3 (substrate=alloy)

[2703/9762] reaction_id=2703: Ag3Ir-111-O1-CH4 -> Ag3Ir-111-O1-CH3 (substrate=alloy)

[2704/9762] reaction_id=2704: Ag3Ir-111-O2-CH4 -> Ag3Ir-111-O2-CH3 (substrate=alloy)

[2705/9762] reaction_id=2705: Ag3Mo-111-O1-CH4 -> Ag3Mo-111-O1-CH3 (substrate=alloy)

[2706/9762] reaction_id=2706: Ag3Mo-111-O2-CH4 -> Ag3Mo-111-O2-CH3 (substrate=alloy)

[2707/9762] reaction_id=2707: Ag3Nb-111-O1-CH4 -> Ag3Nb-111-O1-CH3 (substrate=alloy)

[2708/9762] reaction_id=2708: Ag3Nb-111-O2-CH4 -> Ag3Nb-111-O2-CH3 (substrate=alloy)

[2709/9762] reaction_id=2709: Ag3Ni-111-O1-CH4 -> Ag3Ni-111-O1-CH3 (substrate=alloy)

[2710/9762] reaction_id=2710: Ag3Ni-111-O2-CH4 -> Ag3Ni-111-O2-CH3 (substrate=alloy)

[2711/9762] reaction_id=2711: Ag3Os-111-O1-CH4 -> Ag3Os-111-O1-CH3 (substrate=alloy)

[2712/9762] reaction_id=2712: Ag3Os-111-O2-CH4 -> Ag3Os-111-O2-CH3 (substrate=alloy)

[2713/9762] reaction_id=2713: Ag3Pb-111-O1-CH4 -> Ag3Pb-111-O1-CH3 (substrate=alloy)

[2714/9762] reaction_id=2714: Ag3Pd-111-O1-CH4 -> Ag3Pd-111-O1-CH3 (substrate=alloy)

[2715/9762] reaction_id=2715: Ag3Pd-111-O2-CH4 -> Ag3Pd-111-O2-CH3 (substrate=alloy)

[2716/9762] reaction_id=2716: Ag3Pt-111-O1-CH4 -> Ag3Pt-111-O1-CH3 (substrate=alloy)

[2717/9762] reaction_id=2717: Ag3Pt-111-O2-CH4 -> Ag3Pt-111-O2-CH3 (substrate=alloy)

[2718/9762] reaction_id=2718: Ag3Re-111-O1-CH4 -> Ag3Re-111-O1-CH3 (substrate=alloy)

[2719/9762] reaction_id=2719: Ag3Re-111-O2-CH4 -> Ag3Re-111-O2-CH3 (substrate=alloy)

[2720/9762] reaction_id=2720: Ag3Rh-111-O1-CH4 -> Ag3Rh-111-O1-CH3 (substrate=alloy)

[2721/9762] reaction_id=2721: Ag3Rh-111-O2-CH4 -> Ag3Rh-111-O2-CH3 (substrate=alloy)

[2722/9762] reaction_id=2722: Ag3Ru-111-O1-CH4 -> Ag3Ru-111-O1-CH3 (substrate=alloy)

[2723/9762] reaction_id=2723: Ag3Ru-111-O2-CH4 -> Ag3Ru-111-O2-CH3 (substrate=alloy)

[2724/9762] reaction_id=2724: Ag3Sc-111-O1-CH4 -> Ag3Sc-111-O1-CH3 (substrate=alloy)

[2725/9762] reaction_id=2725: Ag3Sc-111-O2-CH4 -> Ag3Sc-111-O2-CH3 (substrate=alloy)

[2726/9762] reaction_id=2726: Ag3Sn-111-O1-CH4 -> Ag3Sn-111-O1-CH3 (substrate=alloy)

[2727/9762] reaction_id=2727: Ag3Sn-111-O2-CH4 -> Ag3Sn-111-O2-CH3 (substrate=alloy)

[2728/9762] reaction_id=2728: Ag3Ta-111-O1-CH4 -> Ag3Ta-111-O1-CH3 (substrate=alloy)

[2729/9762] reaction_id=2729: Ag3Ta-111-O2-CH4 -> Ag3Ta-111-O2-CH3 (substrate=alloy)

[2730/9762] reaction_id=2730: Ag3Tc-111-O1-CH4 -> Ag3Tc-111-O1-CH3 (substrate=alloy)

[2731/9762] reaction_id=2731: Ag3Tc-111-O2-CH4 -> Ag3Tc-111-O2-CH3 (substrate=alloy)

[2732/9762] reaction_id=2732: Ag3Ti-111-O1-CH4 -> Ag3Ti-111-O1-CH3 (substrate=alloy)

[2733/9762] reaction_id=2733: Ag3Ti-111-O2-CH4 -> Ag3Ti-111-O2-CH3 (substrate=alloy)

[2734/9762] reaction_id=2734: Ag3Tl-111-O2-CH4 -> Ag3Tl-111-O2-CH3 (substrate=alloy)

[2735/9762] reaction_id=2735: Ag3V-111-O1-CH4 -> Ag3V-111-O1-CH3 (substrate=alloy)

[2736/9762] reaction_id=2736: Ag3V-111-O2-CH4 -> Ag3V-111-O2-CH3 (substrate=alloy)

[2737/9762] reaction_id=2737: Ag3W-111-O1-CH4 -> Ag3W-111-O1-CH3 (substrate=alloy)

[2738/9762] reaction_id=2738: Ag3W-111-O2-CH4 -> Ag3W-111-O2-CH3 (substrate=alloy)

[2739/9762] reaction_id=2739: Ag3Y-111-O2-CH4 -> Ag3Y-111-O2-CH3 (substrate=alloy)

[2740/9762] reaction_id=2740: Ag3Zn-111-O1-CH4 -> Ag3Zn-111-O1-CH3 (substrate=alloy)

[2741/9762] reaction_id=2741: Ag3Zn-111-O2-CH4 -> Ag3Zn-111-O2-CH3 (substrate=alloy)

[2742/9762] reaction_id=2742: Ag3Zr-111-O1-CH4 -> Ag3Zr-111-O1-CH3 (substrate=alloy)

[2743/9762] reaction_id=2743: Ag3Zr-111-O2-CH4 -> Ag3Zr-111-O2-CH3 (substrate=alloy)

[2744/9762] reaction_id=2744: AgAl3-111-O1-CH4 -> AgAl3-111-O1-CH3 (substrate=alloy)

[2745/9762] reaction_id=2745: AgAu3-111-O1-CH4 -> AgAu3-111-O1-CH3 (substrate=alloy)

[2746/9762] reaction_id=2746: AgAu3-111-O2-CH4 -> AgAu3-111-O2-CH3 (substrate=alloy)

[2747/9762] reaction_id=2747: AgBi3-111-O1-CH4 -> AgBi3-111-O1-CH3 (substrate=alloy)

[2748/9762] reaction_id=2748: AgBi3-111-O2-CH4 -> AgBi3-111-O2-CH3 (substrate=alloy)

[2749/9762] reaction_id=2749: AgCd3-111-O2-CH4 -> AgCd3-111-O2-CH3 (substrate=alloy)

[2750/9762] reaction_id=2750: AgCo3-111-O1-CH4 -> AgCo3-111-O1-CH3 (substrate=alloy)

[2751/9762] reaction_id=2751: AgCr3-111-O1-CH4 -> AgCr3-111-O1-CH3 (substrate=alloy)

[2752/9762] reaction_id=2752: AgCr3-111-O2-CH4 -> AgCr3-111-O2-CH3 (substrate=alloy)

[2753/9762] reaction_id=2753: AgCu3-111-O1-CH4 -> AgCu3-111-O1-CH3 (substrate=alloy)

[2754/9762] reaction_id=2754: AgCu3-111-O2-CH4 -> AgCu3-111-O2-CH3 (substrate=alloy)

[2755/9762] reaction_id=2755: AgFe3-111-O1-CH4 -> AgFe3-111-O1-CH3 (substrate=alloy)

[2756/9762] reaction_id=2756: AgFe3-111-O2-CH4 -> AgFe3-111-O2-CH3 (substrate=alloy)

[2757/9762] reaction_id=2757: AgGa3-111-O1-CH4 -> AgGa3-111-O1-CH3 (substrate=alloy)

[2758/9762] reaction_id=2758: AgGa3-111-O2-CH4 -> AgGa3-111-O2-CH3 (substrate=alloy)

[2759/9762] reaction_id=2759: AgHf3-111-O1-CH4 -> AgHf3-111-O1-CH3 (substrate=alloy)

[2760/9762] reaction_id=2760: AgHf3-111-O2-CH4 -> AgHf3-111-O2-CH3 (substrate=alloy)

[2761/9762] reaction_id=2761: AgIn3-111-O1-CH4 -> AgIn3-111-O1-CH3 (substrate=alloy)

[2762/9762] reaction_id=2762: AgIn3-111-O2-CH4 -> AgIn3-111-O2-CH3 (substrate=alloy)

[2763/9762] reaction_id=2763: AgIr3-111-O1-CH4 -> AgIr3-111-O1-CH3 (substrate=alloy)

[2764/9762] reaction_id=2764: AgIr3-111-O2-CH4 -> AgIr3-111-O2-CH3 (substrate=alloy)

[2765/9762] reaction_id=2765: AgMo3-111-O1-CH4 -> AgMo3-111-O1-CH3 (substrate=alloy)

[2766/9762] reaction_id=2766: AgNb3-111-O1-CH4 -> AgNb3-111-O1-CH3 (substrate=alloy)

[2767/9762] reaction_id=2767: AgNi3-111-O1-CH4 -> AgNi3-111-O1-CH3 (substrate=alloy)

[2768/9762] reaction_id=2768: AgOs3-111-O2-CH4 -> AgOs3-111-O2-CH3 (substrate=alloy)

[2769/9762] reaction_id=2769: AgPb3-111-O1-CH4 -> AgPb3-111-O1-CH3 (substrate=alloy)

[2770/9762] reaction_id=2770: AgPb3-111-O2-CH4 -> AgPb3-111-O2-CH3 (substrate=alloy)

[2771/9762] reaction_id=2771: AgPd3-111-O2-CH4 -> AgPd3-111-O2-CH3 (substrate=alloy)

[2772/9762] reaction_id=2772: AgPt3-111-O1-CH4 -> AgPt3-111-O1-CH3 (substrate=alloy)

[2773/9762] reaction_id=2773: AgPt3-111-O2-CH4 -> AgPt3-111-O2-CH3 (substrate=alloy)

[2774/9762] reaction_id=2774: AgRe3-111-O1-CH4 -> AgRe3-111-O1-CH3 (substrate=alloy)

[2775/9762] reaction_id=2775: AgRh3-111-O1-CH4 -> AgRh3-111-O1-CH3 (substrate=alloy)

[2776/9762] reaction_id=2776: AgRu3-111-O1-CH4 -> AgRu3-111-O1-CH3 (substrate=alloy)

[2777/9762] reaction_id=2777: AgSc3-111-O1-CH4 -> AgSc3-111-O1-CH3 (substrate=alloy)

[2778/9762] reaction_id=2778: AgSc3-111-O2-CH4 -> AgSc3-111-O2-CH3 (substrate=alloy)

[2779/9762] reaction_id=2779: AgSn3-111-O2-CH4 -> AgSn3-111-O2-CH3 (substrate=alloy)

[2780/9762] reaction_id=2780: AgTa3-111-O1-CH4 -> AgTa3-111-O1-CH3 (substrate=alloy)

[2781/9762] reaction_id=2781: AgTc3-111-O1-CH4 -> AgTc3-111-O1-CH3 (substrate=alloy)

[2782/9762] reaction_id=2782: AgTi3-111-O1-CH4 -> AgTi3-111-O1-CH3 (substrate=alloy)

[2783/9762] reaction_id=2783: AgTl3-111-O1-CH4 -> AgTl3-111-O1-CH3 (substrate=alloy)

[2784/9762] reaction_id=2784: AgTl3-111-O2-CH4 -> AgTl3-111-O2-CH3 (substrate=alloy)

[2785/9762] reaction_id=2785: AgV3-111-O1-CH4 -> AgV3-111-O1-CH3 (substrate=alloy)

[2786/9762] reaction_id=2786: AgW3-111-O1-CH4 -> AgW3-111-O1-CH3 (substrate=alloy)

[2787/9762] reaction_id=2787: AgY3-111-O1-CH4 -> AgY3-111-O1-CH3 (substrate=alloy)

[2788/9762] reaction_id=2788: AgY3-111-O2-CH4 -> AgY3-111-O2-CH3 (substrate=alloy)

[2789/9762] reaction_id=2789: AgZn3-111-O1-CH4 -> AgZn3-111-O1-CH3 (substrate=alloy)

[2790/9762] reaction_id=2790: AgZn3-111-O2-CH4 -> AgZn3-111-O2-CH3 (substrate=alloy)

[2791/9762] reaction_id=2791: AgZr3-111-O1-CH4 -> AgZr3-111-O1-CH3 (substrate=alloy)

[2792/9762] reaction_id=2792: AgZr3-111-O2-CH4 -> AgZr3-111-O2-CH3 (substrate=alloy)

[2793/9762] reaction_id=2793: Al2Au2-111-O1-CH4 -> Al2Au2-111-O1-CH3 (substrate=alloy)

[2794/9762] reaction_id=2794: Al2Au2-111-O2-CH4 -> Al2Au2-111-O2-CH3 (substrate=alloy)

[2795/9762] reaction_id=2795: Al2Bi2-111-O1-CH4 -> Al2Bi2-111-O1-CH3 (substrate=alloy)

[2796/9762] reaction_id=2796: Al2Bi2-111-O2-CH4 -> Al2Bi2-111-O2-CH3 (substrate=alloy)

[2797/9762] reaction_id=2797: Al2Cd2-111-O2-CH4 -> Al2Cd2-111-O2-CH3 (substrate=alloy)

[2798/9762] reaction_id=2798: Al2Co2-111-O1-CH4 -> Al2Co2-111-O1-CH3 (substrate=alloy)

[2799/9762] reaction_id=2799: Al2Cr2-111-O1-CH4 -> Al2Cr2-111-O1-CH3 (substrate=alloy)

[2800/9762] reaction_id=2800: Al2Cr2-111-O2-CH4 -> Al2Cr2-111-O2-CH3 (substrate=alloy)

[2801/9762] reaction_id=2801: Al2Cu2-111-O1-CH4 -> Al2Cu2-111-O1-CH3 (substrate=alloy)

[2802/9762] reaction_id=2802: Al2Cu2-111-O2-CH4 -> Al2Cu2-111-O2-CH3 (substrate=alloy)

[2803/9762] reaction_id=2803: Al2Fe2-111-O1-CH4 -> Al2Fe2-111-O1-CH3 (substrate=alloy)

[2804/9762] reaction_id=2804: Al2Ga2-111-O2-CH4 -> Al2Ga2-111-O2-CH3 (substrate=alloy)

[2805/9762] reaction_id=2805: Al2Hf2-111-O1-CH4 -> Al2Hf2-111-O1-CH3 (substrate=alloy)

[2806/9762] reaction_id=2806: Al2Hf2-111-O2-CH4 -> Al2Hf2-111-O2-CH3 (substrate=alloy)

[2807/9762] reaction_id=2807: Al2In2-111-O1-CH4 -> Al2In2-111-O1-CH3 (substrate=alloy)

[2808/9762] reaction_id=2808: Al2In2-111-O2-CH4 -> Al2In2-111-O2-CH3 (substrate=alloy)

[2809/9762] reaction_id=2809: Al2Ir2-111-O1-CH4 -> Al2Ir2-111-O1-CH3 (substrate=alloy)

[2810/9762] reaction_id=2810: Al2Mn2-111-O1-CH4 -> Al2Mn2-111-O1-CH3 (substrate=alloy)

[2811/9762] reaction_id=2811: Al2Mo2-111-O2-CH4 -> Al2Mo2-111-O2-CH3 (substrate=alloy)

[2812/9762] reaction_id=2812: Al2Nb2-111-O1-CH4 -> Al2Nb2-111-O1-CH3 (substrate=alloy)

[2813/9762] reaction_id=2813: Al2Nb2-111-O2-CH4 -> Al2Nb2-111-O2-CH3 (substrate=alloy)

[2814/9762] reaction_id=2814: Al2Ni2-111-O1-CH4 -> Al2Ni2-111-O1-CH3 (substrate=alloy)

[2815/9762] reaction_id=2815: Al2Os2-111-O1-CH4 -> Al2Os2-111-O1-CH3 (substrate=alloy)

[2816/9762] reaction_id=2816: Al2Pb2-111-O1-CH4 -> Al2Pb2-111-O1-CH3 (substrate=alloy)

[2817/9762] reaction_id=2817: Al2Pb2-111-O2-CH4 -> Al2Pb2-111-O2-CH3 (substrate=alloy)

[2818/9762] reaction_id=2818: Al2Pd2-111-O1-CH4 -> Al2Pd2-111-O1-CH3 (substrate=alloy)

[2819/9762] reaction_id=2819: Al2Pt2-111-O1-CH4 -> Al2Pt2-111-O1-CH3 (substrate=alloy)

[2820/9762] reaction_id=2820: Al2Re2-111-O2-CH4 -> Al2Re2-111-O2-CH3 (substrate=alloy)

[2821/9762] reaction_id=2821: Al2Rh2-111-O2-CH4 -> Al2Rh2-111-O2-CH3 (substrate=alloy)

[2822/9762] reaction_id=2822: Al2Ru2-111-O1-CH4 -> Al2Ru2-111-O1-CH3 (substrate=alloy)

[2823/9762] reaction_id=2823: Al2Sc2-111-O1-CH4 -> Al2Sc2-111-O1-CH3 (substrate=alloy)

[2824/9762] reaction_id=2824: Al2Sc2-111-O2-CH4 -> Al2Sc2-111-O2-CH3 (substrate=alloy)

[2825/9762] reaction_id=2825: Al2Sn2-111-O1-CH4 -> Al2Sn2-111-O1-CH3 (substrate=alloy)

[2826/9762] reaction_id=2826: Al2Sn2-111-O2-CH4 -> Al2Sn2-111-O2-CH3 (substrate=alloy)

[2827/9762] reaction_id=2827: Al2Ta2-111-O1-CH4 -> Al2Ta2-111-O1-CH3 (substrate=alloy)

[2828/9762] reaction_id=2828: Al2Tc2-111-O2-CH4 -> Al2Tc2-111-O2-CH3 (substrate=alloy)

[2829/9762] reaction_id=2829: Al2Ti2-111-O1-CH4 -> Al2Ti2-111-O1-CH3 (substrate=alloy)

[2830/9762] reaction_id=2830: Al2Ti2-111-O2-CH4 -> Al2Ti2-111-O2-CH3 (substrate=alloy)

[2831/9762] reaction_id=2831: Al2Tl2-111-O1-CH4 -> Al2Tl2-111-O1-CH3 (substrate=alloy)

[2832/9762] reaction_id=2832: Al2Tl2-111-O2-CH4 -> Al2Tl2-111-O2-CH3 (substrate=alloy)

[2833/9762] reaction_id=2833: Al2V2-111-O1-CH4 -> Al2V2-111-O1-CH3 (substrate=alloy)

[2834/9762] reaction_id=2834: Al2W2-111-O1-CH4 -> Al2W2-111-O1-CH3 (substrate=alloy)

[2835/9762] reaction_id=2835: Al2Y2-111-O1-CH4 -> Al2Y2-111-O1-CH3 (substrate=alloy)

[2836/9762] reaction_id=2836: Al2Y2-111-O2-CH4 -> Al2Y2-111-O2-CH3 (substrate=alloy)

[2837/9762] reaction_id=2837: Al2Zn2-111-O1-CH4 -> Al2Zn2-111-O1-CH3 (substrate=alloy)

[2838/9762] reaction_id=2838: Al2Zr2-111-O1-CH4 -> Al2Zr2-111-O1-CH3 (substrate=alloy)

[2839/9762] reaction_id=2839: Al2Zr2-111-O2-CH4 -> Al2Zr2-111-O2-CH3 (substrate=alloy)

[2840/9762] reaction_id=2840: Al3Au-111-O1-CH4 -> Al3Au-111-O1-CH3 (substrate=alloy)

[2841/9762] reaction_id=2841: Al3Au-111-O2-CH4 -> Al3Au-111-O2-CH3 (substrate=alloy)

[2842/9762] reaction_id=2842: Al3Bi-111-O1-CH4 -> Al3Bi-111-O1-CH3 (substrate=alloy)

[2843/9762] reaction_id=2843: Al3Bi-111-O2-CH4 -> Al3Bi-111-O2-CH3 (substrate=alloy)

[2844/9762] reaction_id=2844: Al3Cd-111-O1-CH4 -> Al3Cd-111-O1-CH3 (substrate=alloy)

[2845/9762] reaction_id=2845: Al3Co-111-O1-CH4 -> Al3Co-111-O1-CH3 (substrate=alloy)

[2846/9762] reaction_id=2846: Al3Cr-111-O1-CH4 -> Al3Cr-111-O1-CH3 (substrate=alloy)

[2847/9762] reaction_id=2847: Al3Cu-111-O2-CH4 -> Al3Cu-111-O2-CH3 (substrate=alloy)

[2848/9762] reaction_id=2848: Al3Fe-111-O1-CH4 -> Al3Fe-111-O1-CH3 (substrate=alloy)

[2849/9762] reaction_id=2849: Al3Ga-111-O2-CH4 -> Al3Ga-111-O2-CH3 (substrate=alloy)

[2850/9762] reaction_id=2850: Al3Hf-111-O1-CH4 -> Al3Hf-111-O1-CH3 (substrate=alloy)

[2851/9762] reaction_id=2851: Al3In-111-O1-CH4 -> Al3In-111-O1-CH3 (substrate=alloy)

[2852/9762] reaction_id=2852: Al3In-111-O2-CH4 -> Al3In-111-O2-CH3 (substrate=alloy)

[2853/9762] reaction_id=2853: Al3Ir-111-O1-CH4 -> Al3Ir-111-O1-CH3 (substrate=alloy)

[2854/9762] reaction_id=2854: Al3Mn-111-O1-CH4 -> Al3Mn-111-O1-CH3 (substrate=alloy)

[2855/9762] reaction_id=2855: Al3Mo-111-O1-CH4 -> Al3Mo-111-O1-CH3 (substrate=alloy)

[2856/9762] reaction_id=2856: Al3Nb-111-O1-CH4 -> Al3Nb-111-O1-CH3 (substrate=alloy)

[2857/9762] reaction_id=2857: Al3Ni-111-O2-CH4 -> Al3Ni-111-O2-CH3 (substrate=alloy)

[2858/9762] reaction_id=2858: Al3Os-111-O2-CH4 -> Al3Os-111-O2-CH3 (substrate=alloy)

[2859/9762] reaction_id=2859: Al3Pb-111-O1-CH4 -> Al3Pb-111-O1-CH3 (substrate=alloy)

[2860/9762] reaction_id=2860: Al3Pb-111-O2-CH4 -> Al3Pb-111-O2-CH3 (substrate=alloy)

[2861/9762] reaction_id=2861: Al3Pd-111-O2-CH4 -> Al3Pd-111-O2-CH3 (substrate=alloy)

[2862/9762] reaction_id=2862: Al3Pt-111-O2-CH4 -> Al3Pt-111-O2-CH3 (substrate=alloy)

[2863/9762] reaction_id=2863: Al3Re-111-O1-CH4 -> Al3Re-111-O1-CH3 (substrate=alloy)

[2864/9762] reaction_id=2864: Al3Rh-111-O2-CH4 -> Al3Rh-111-O2-CH3 (substrate=alloy)

[2865/9762] reaction_id=2865: Al3Ru-111-O2-CH4 -> Al3Ru-111-O2-CH3 (substrate=alloy)

[2866/9762] reaction_id=2866: Al3Sc-111-O1-CH4 -> Al3Sc-111-O1-CH3 (substrate=alloy)

[2867/9762] reaction_id=2867: Al3Sn-111-O1-CH4 -> Al3Sn-111-O1-CH3 (substrate=alloy)

[2868/9762] reaction_id=2868: Al3Sn-111-O2-CH4 -> Al3Sn-111-O2-CH3 (substrate=alloy)

[2869/9762] reaction_id=2869: Al3Ta-111-O2-CH4 -> Al3Ta-111-O2-CH3 (substrate=alloy)

[2870/9762] reaction_id=2870: Al3Tc-111-O1-CH4 -> Al3Tc-111-O1-CH3 (substrate=alloy)

[2871/9762] reaction_id=2871: Al3Ti-111-O2-CH4 -> Al3Ti-111-O2-CH3 (substrate=alloy)

[2872/9762] reaction_id=2872: Al3Tl-111-O1-CH4 -> Al3Tl-111-O1-CH3 (substrate=alloy)

[2873/9762] reaction_id=2873: Al3Tl-111-O2-CH4 -> Al3Tl-111-O2-CH3 (substrate=alloy)

[2874/9762] reaction_id=2874: Al3V-111-O1-CH4 -> Al3V-111-O1-CH3 (substrate=alloy)

[2875/9762] reaction_id=2875: Al3W-111-O1-CH4 -> Al3W-111-O1-CH3 (substrate=alloy)

[2876/9762] reaction_id=2876: Al3Y-111-O1-CH4 -> Al3Y-111-O1-CH3 (substrate=alloy)

[2877/9762] reaction_id=2877: Al3Zn-111-O1-CH4 -> Al3Zn-111-O1-CH3 (substrate=alloy)

[2878/9762] reaction_id=2878: Al3Zr-111-O1-CH4 -> Al3Zr-111-O1-CH3 (substrate=alloy)

[2879/9762] reaction_id=2879: Al3Zr-111-O2-CH4 -> Al3Zr-111-O2-CH3 (substrate=alloy)

[2880/9762] reaction_id=2880: AlAu3-111-O1-CH4 -> AlAu3-111-O1-CH3 (substrate=alloy)

[2881/9762] reaction_id=2881: AlAu3-111-O2-CH4 -> AlAu3-111-O2-CH3 (substrate=alloy)

[2882/9762] reaction_id=2882: AlBi3-111-O1-CH4 -> AlBi3-111-O1-CH3 (substrate=alloy)

[2883/9762] reaction_id=2883: AlBi3-111-O2-CH4 -> AlBi3-111-O2-CH3 (substrate=alloy)

[2884/9762] reaction_id=2884: AlCd3-111-O1-CH4 -> AlCd3-111-O1-CH3 (substrate=alloy)

[2885/9762] reaction_id=2885: AlCd3-111-O2-CH4 -> AlCd3-111-O2-CH3 (substrate=alloy)

[2886/9762] reaction_id=2886: AlCo3-111-O2-CH4 -> AlCo3-111-O2-CH3 (substrate=alloy)

[2887/9762] reaction_id=2887: AlCr3-111-O1-CH4 -> AlCr3-111-O1-CH3 (substrate=alloy)

[2888/9762] reaction_id=2888: AlCr3-111-O2-CH4 -> AlCr3-111-O2-CH3 (substrate=alloy)

[2889/9762] reaction_id=2889: AlCu3-111-O1-CH4 -> AlCu3-111-O1-CH3 (substrate=alloy)

[2890/9762] reaction_id=2890: AlCu3-111-O2-CH4 -> AlCu3-111-O2-CH3 (substrate=alloy)

[2891/9762] reaction_id=2891: AlFe3-111-O2-CH4 -> AlFe3-111-O2-CH3 (substrate=alloy)

[2892/9762] reaction_id=2892: AlGa3-111-O1-CH4 -> AlGa3-111-O1-CH3 (substrate=alloy)

[2893/9762] reaction_id=2893: AlGa3-111-O2-CH4 -> AlGa3-111-O2-CH3 (substrate=alloy)

[2894/9762] reaction_id=2894: AlHf3-111-O2-CH4 -> AlHf3-111-O2-CH3 (substrate=alloy)

[2895/9762] reaction_id=2895: AlIn3-111-O1-CH4 -> AlIn3-111-O1-CH3 (substrate=alloy)

[2896/9762] reaction_id=2896: AlIn3-111-O2-CH4 -> AlIn3-111-O2-CH3 (substrate=alloy)

[2897/9762] reaction_id=2897: AlIr3-111-O1-CH4 -> AlIr3-111-O1-CH3 (substrate=alloy)

[2898/9762] reaction_id=2898: AlIr3-111-O2-CH4 -> AlIr3-111-O2-CH3 (substrate=alloy)

[2899/9762] reaction_id=2899: AlMo3-111-O2-CH4 -> AlMo3-111-O2-CH3 (substrate=alloy)

[2900/9762] reaction_id=2900: AlNb3-111-O2-CH4 -> AlNb3-111-O2-CH3 (substrate=alloy)

[2901/9762] reaction_id=2901: AlNi3-111-O2-CH4 -> AlNi3-111-O2-CH3 (substrate=alloy)

[2902/9762] reaction_id=2902: AlOs3-111-O2-CH4 -> AlOs3-111-O2-CH3 (substrate=alloy)

[2903/9762] reaction_id=2903: AlPb3-111-O1-CH4 -> AlPb3-111-O1-CH3 (substrate=alloy)

[2904/9762] reaction_id=2904: AlPb3-111-O2-CH4 -> AlPb3-111-O2-CH3 (substrate=alloy)

[2905/9762] reaction_id=2905: AlPd3-111-O2-CH4 -> AlPd3-111-O2-CH3 (substrate=alloy)

[2906/9762] reaction_id=2906: AlPt3-111-O1-CH4 -> AlPt3-111-O1-CH3 (substrate=alloy)

[2907/9762] reaction_id=2907: AlPt3-111-O2-CH4 -> AlPt3-111-O2-CH3 (substrate=alloy)

[2908/9762] reaction_id=2908: AlRe3-111-O2-CH4 -> AlRe3-111-O2-CH3 (substrate=alloy)

[2909/9762] reaction_id=2909: AlRh3-111-O2-CH4 -> AlRh3-111-O2-CH3 (substrate=alloy)

[2910/9762] reaction_id=2910: AlRu3-111-O1-CH4 -> AlRu3-111-O1-CH3 (substrate=alloy)

[2911/9762] reaction_id=2911: AlRu3-111-O2-CH4 -> AlRu3-111-O2-CH3 (substrate=alloy)

[2912/9762] reaction_id=2912: AlSc3-111-O1-CH4 -> AlSc3-111-O1-CH3 (substrate=alloy)

[2913/9762] reaction_id=2913: AlSc3-111-O2-CH4 -> AlSc3-111-O2-CH3 (substrate=alloy)

[2914/9762] reaction_id=2914: AlSn3-111-O1-CH4 -> AlSn3-111-O1-CH3 (substrate=alloy)

[2915/9762] reaction_id=2915: AlSn3-111-O2-CH4 -> AlSn3-111-O2-CH3 (substrate=alloy)

[2916/9762] reaction_id=2916: AlTa3-111-O1-CH4 -> AlTa3-111-O1-CH3 (substrate=alloy)

[2917/9762] reaction_id=2917: AlTc3-111-O2-CH4 -> AlTc3-111-O2-CH3 (substrate=alloy)

[2918/9762] reaction_id=2918: AlTi3-111-O1-CH4 -> AlTi3-111-O1-CH3 (substrate=alloy)

[2919/9762] reaction_id=2919: AlTi3-111-O2-CH4 -> AlTi3-111-O2-CH3 (substrate=alloy)

[2920/9762] reaction_id=2920: AlTl3-111-O1-CH4 -> AlTl3-111-O1-CH3 (substrate=alloy)

[2921/9762] reaction_id=2921: AlTl3-111-O2-CH4 -> AlTl3-111-O2-CH3 (substrate=alloy)

[2922/9762] reaction_id=2922: AlV3-111-O2-CH4 -> AlV3-111-O2-CH3 (substrate=alloy)

[2923/9762] reaction_id=2923: AlW3-111-O2-CH4 -> AlW3-111-O2-CH3 (substrate=alloy)

[2924/9762] reaction_id=2924: AlY3-111-O1-CH4 -> AlY3-111-O1-CH3 (substrate=alloy)

[2925/9762] reaction_id=2925: AlZn3-111-O2-CH4 -> AlZn3-111-O2-CH3 (substrate=alloy)

[2926/9762] reaction_id=2926: AlZr3-111-O2-CH4 -> AlZr3-111-O2-CH3 (substrate=alloy)

[2927/9762] reaction_id=2927: Au2Bi2-111-O1-CH4 -> Au2Bi2-111-O1-CH3 (substrate=alloy)

[2928/9762] reaction_id=2928: Au2Bi2-111-O2-CH4 -> Au2Bi2-111-O2-CH3 (substrate=alloy)

[2929/9762] reaction_id=2929: Au2Cd2-111-O1-CH4 -> Au2Cd2-111-O1-CH3 (substrate=alloy)

[2930/9762] reaction_id=2930: Au2Cd2-111-O2-CH4 -> Au2Cd2-111-O2-CH3 (substrate=alloy)

[2931/9762] reaction_id=2931: Au2Co2-111-O1-CH4 -> Au2Co2-111-O1-CH3 (substrate=alloy)

[2932/9762] reaction_id=2932: Au2Co2-111-O2-CH4 -> Au2Co2-111-O2-CH3 (substrate=alloy)

[2933/9762] reaction_id=2933: Au2Cr2-111-O1-CH4 -> Au2Cr2-111-O1-CH3 (substrate=alloy)

[2934/9762] reaction_id=2934: Au2Cr2-111-O2-CH4 -> Au2Cr2-111-O2-CH3 (substrate=alloy)

[2935/9762] reaction_id=2935: Au2Cu2-111-O1-CH4 -> Au2Cu2-111-O1-CH3 (substrate=alloy)

[2936/9762] reaction_id=2936: Au2Cu2-111-O2-CH4 -> Au2Cu2-111-O2-CH3 (substrate=alloy)

[2937/9762] reaction_id=2937: Au2Fe2-111-O1-CH4 -> Au2Fe2-111-O1-CH3 (substrate=alloy)

[2938/9762] reaction_id=2938: Au2Fe2-111-O2-CH4 -> Au2Fe2-111-O2-CH3 (substrate=alloy)

[2939/9762] reaction_id=2939: Au2Hf2-111-O1-CH4 -> Au2Hf2-111-O1-CH3 (substrate=alloy)

[2940/9762] reaction_id=2940: Au2In2-111-O1-CH4 -> Au2In2-111-O1-CH3 (substrate=alloy)

[2941/9762] reaction_id=2941: Au2Ir2-111-O1-CH4 -> Au2Ir2-111-O1-CH3 (substrate=alloy)

[2942/9762] reaction_id=2942: Au2Mn2-111-O1-CH4 -> Au2Mn2-111-O1-CH3 (substrate=alloy)

[2943/9762] reaction_id=2943: Au2Mn2-111-O2-CH4 -> Au2Mn2-111-O2-CH3 (substrate=alloy)

[2944/9762] reaction_id=2944: Au2Mo2-111-O1-CH4 -> Au2Mo2-111-O1-CH3 (substrate=alloy)

[2945/9762] reaction_id=2945: Au2Nb2-111-O1-CH4 -> Au2Nb2-111-O1-CH3 (substrate=alloy)

[2946/9762] reaction_id=2946: Au2Ni2-111-O1-CH4 -> Au2Ni2-111-O1-CH3 (substrate=alloy)

[2947/9762] reaction_id=2947: Au2Ni2-111-O2-CH4 -> Au2Ni2-111-O2-CH3 (substrate=alloy)

[2948/9762] reaction_id=2948: Au2Pb2-111-O1-CH4 -> Au2Pb2-111-O1-CH3 (substrate=alloy)

[2949/9762] reaction_id=2949: Au2Pb2-111-O2-CH4 -> Au2Pb2-111-O2-CH3 (substrate=alloy)

[2950/9762] reaction_id=2950: Au2Pd2-111-O1-CH4 -> Au2Pd2-111-O1-CH3 (substrate=alloy)

[2951/9762] reaction_id=2951: Au2Pt2-111-O2-CH4 -> Au2Pt2-111-O2-CH3 (substrate=alloy)

[2952/9762] reaction_id=2952: Au2Re2-111-O1-CH4 -> Au2Re2-111-O1-CH3 (substrate=alloy)

[2953/9762] reaction_id=2953: Au2Rh2-111-O1-CH4 -> Au2Rh2-111-O1-CH3 (substrate=alloy)

[2954/9762] reaction_id=2954: Au2Ru2-111-O1-CH4 -> Au2Ru2-111-O1-CH3 (substrate=alloy)

[2955/9762] reaction_id=2955: Au2Sc2-111-O2-CH4 -> Au2Sc2-111-O2-CH3 (substrate=alloy)

[2956/9762] reaction_id=2956: Au2Sn2-111-O1-CH4 -> Au2Sn2-111-O1-CH3 (substrate=alloy)

[2957/9762] reaction_id=2957: Au2Sn2-111-O2-CH4 -> Au2Sn2-111-O2-CH3 (substrate=alloy)

[2958/9762] reaction_id=2958: Au2Ta2-111-O1-CH4 -> Au2Ta2-111-O1-CH3 (substrate=alloy)

[2959/9762] reaction_id=2959: Au2Tc2-111-O1-CH4 -> Au2Tc2-111-O1-CH3 (substrate=alloy)

[2960/9762] reaction_id=2960: Au2Ti2-111-O1-CH4 -> Au2Ti2-111-O1-CH3 (substrate=alloy)

[2961/9762] reaction_id=2961: Au2Tl2-111-O1-CH4 -> Au2Tl2-111-O1-CH3 (substrate=alloy)

[2962/9762] reaction_id=2962: Au2Tl2-111-O2-CH4 -> Au2Tl2-111-O2-CH3 (substrate=alloy)

[2963/9762] reaction_id=2963: Au2V2-111-O1-CH4 -> Au2V2-111-O1-CH3 (substrate=alloy)

[2964/9762] reaction_id=2964: Au2W2-111-O1-CH4 -> Au2W2-111-O1-CH3 (substrate=alloy)

[2965/9762] reaction_id=2965: Au2Y2-111-O1-CH4 -> Au2Y2-111-O1-CH3 (substrate=alloy)

[2966/9762] reaction_id=2966: Au2Y2-111-O2-CH4 -> Au2Y2-111-O2-CH3 (substrate=alloy)

[2967/9762] reaction_id=2967: Au2Zn2-111-O2-CH4 -> Au2Zn2-111-O2-CH3 (substrate=alloy)

[2968/9762] reaction_id=2968: Au2Zr2-111-O1-CH4 -> Au2Zr2-111-O1-CH3 (substrate=alloy)

[2969/9762] reaction_id=2969: Au3Bi-111-O1-CH4 -> Au3Bi-111-O1-CH3 (substrate=alloy)

[2970/9762] reaction_id=2970: Au3Bi-111-O2-CH4 -> Au3Bi-111-O2-CH3 (substrate=alloy)

[2971/9762] reaction_id=2971: Au3Cd-111-O1-CH4 -> Au3Cd-111-O1-CH3 (substrate=alloy)

[2972/9762] reaction_id=2972: Au3Cd-111-O2-CH4 -> Au3Cd-111-O2-CH3 (substrate=alloy)

[2973/9762] reaction_id=2973: Au3Co-111-O1-CH4 -> Au3Co-111-O1-CH3 (substrate=alloy)

[2974/9762] reaction_id=2974: Au3Co-111-O2-CH4 -> Au3Co-111-O2-CH3 (substrate=alloy)

[2975/9762] reaction_id=2975: Au3Cr-111-O1-CH4 -> Au3Cr-111-O1-CH3 (substrate=alloy)

[2976/9762] reaction_id=2976: Au3Cr-111-O2-CH4 -> Au3Cr-111-O2-CH3 (substrate=alloy)

[2977/9762] reaction_id=2977: Au3Cu-111-O1-CH4 -> Au3Cu-111-O1-CH3 (substrate=alloy)

[2978/9762] reaction_id=2978: Au3Cu-111-O2-CH4 -> Au3Cu-111-O2-CH3 (substrate=alloy)

[2979/9762] reaction_id=2979: Au3Fe-111-O1-CH4 -> Au3Fe-111-O1-CH3 (substrate=alloy)

[2980/9762] reaction_id=2980: Au3Fe-111-O2-CH4 -> Au3Fe-111-O2-CH3 (substrate=alloy)

[2981/9762] reaction_id=2981: Au3Ga-111-O1-CH4 -> Au3Ga-111-O1-CH3 (substrate=alloy)

[2982/9762] reaction_id=2982: Au3Ga-111-O2-CH4 -> Au3Ga-111-O2-CH3 (substrate=alloy)

[2983/9762] reaction_id=2983: Au3Hf-111-O1-CH4 -> Au3Hf-111-O1-CH3 (substrate=alloy)

[2984/9762] reaction_id=2984: Au3Hf-111-O2-CH4 -> Au3Hf-111-O2-CH3 (substrate=alloy)

[2985/9762] reaction_id=2985: Au3In-111-O1-CH4 -> Au3In-111-O1-CH3 (substrate=alloy)

[2986/9762] reaction_id=2986: Au3In-111-O2-CH4 -> Au3In-111-O2-CH3 (substrate=alloy)

[2987/9762] reaction_id=2987: Au3Ir-111-O1-CH4 -> Au3Ir-111-O1-CH3 (substrate=alloy)

[2988/9762] reaction_id=2988: Au3Ir-111-O2-CH4 -> Au3Ir-111-O2-CH3 (substrate=alloy)

[2989/9762] reaction_id=2989: Au3Mn-111-O1-CH4 -> Au3Mn-111-O1-CH3 (substrate=alloy)

[2990/9762] reaction_id=2990: Au3Mn-111-O2-CH4 -> Au3Mn-111-O2-CH3 (substrate=alloy)

[2991/9762] reaction_id=2991: Au3Mo-111-O1-CH4 -> Au3Mo-111-O1-CH3 (substrate=alloy)

[2992/9762] reaction_id=2992: Au3Mo-111-O2-CH4 -> Au3Mo-111-O2-CH3 (substrate=alloy)

[2993/9762] reaction_id=2993: Au3Nb-111-O1-CH4 -> Au3Nb-111-O1-CH3 (substrate=alloy)

[2994/9762] reaction_id=2994: Au3Nb-111-O2-CH4 -> Au3Nb-111-O2-CH3 (substrate=alloy)

[2995/9762] reaction_id=2995: Au3Ni-111-O1-CH4 -> Au3Ni-111-O1-CH3 (substrate=alloy)

[2996/9762] reaction_id=2996: Au3Ni-111-O2-CH4 -> Au3Ni-111-O2-CH3 (substrate=alloy)

[2997/9762] reaction_id=2997: Au3Os-111-O1-CH4 -> Au3Os-111-O1-CH3 (substrate=alloy)

[2998/9762] reaction_id=2998: Au3Os-111-O2-CH4 -> Au3Os-111-O2-CH3 (substrate=alloy)

[2999/9762] reaction_id=2999: Au3Pb-111-O2-CH4 -> Au3Pb-111-O2-CH3 (substrate=alloy)

[3000/9762] reaction_id=3000: Au3Pd-111-O1-CH4 -> Au3Pd-111-O1-CH3 (substrate=alloy)

[3001/9762] reaction_id=3001: Au3Pd-111-O2-CH4 -> Au3Pd-111-O2-CH3 (substrate=alloy)

[3002/9762] reaction_id=3002: Au3Pt-111-O1-CH4 -> Au3Pt-111-O1-CH3 (substrate=alloy)

[3003/9762] reaction_id=3003: Au3Pt-111-O2-CH4 -> Au3Pt-111-O2-CH3 (substrate=alloy)

[3004/9762] reaction_id=3004: Au3Re-111-O1-CH4 -> Au3Re-111-O1-CH3 (substrate=alloy)

[3005/9762] reaction_id=3005: Au3Re-111-O2-CH4 -> Au3Re-111-O2-CH3 (substrate=alloy)

[3006/9762] reaction_id=3006: Au3Rh-111-O1-CH4 -> Au3Rh-111-O1-CH3 (substrate=alloy)

[3007/9762] reaction_id=3007: Au3Rh-111-O2-CH4 -> Au3Rh-111-O2-CH3 (substrate=alloy)

[3008/9762] reaction_id=3008: Au3Ru-111-O1-CH4 -> Au3Ru-111-O1-CH3 (substrate=alloy)

[3009/9762] reaction_id=3009: Au3Ru-111-O2-CH4 -> Au3Ru-111-O2-CH3 (substrate=alloy)

[3010/9762] reaction_id=3010: Au3Sc-111-O1-CH4 -> Au3Sc-111-O1-CH3 (substrate=alloy)

[3011/9762] reaction_id=3011: Au3Sc-111-O2-CH4 -> Au3Sc-111-O2-CH3 (substrate=alloy)

[3012/9762] reaction_id=3012: Au3Sn-111-O1-CH4 -> Au3Sn-111-O1-CH3 (substrate=alloy)

[3013/9762] reaction_id=3013: Au3Sn-111-O2-CH4 -> Au3Sn-111-O2-CH3 (substrate=alloy)

[3014/9762] reaction_id=3014: Au3Ta-111-O1-CH4 -> Au3Ta-111-O1-CH3 (substrate=alloy)

[3015/9762] reaction_id=3015: Au3Ta-111-O2-CH4 -> Au3Ta-111-O2-CH3 (substrate=alloy)

[3016/9762] reaction_id=3016: Au3Tc-111-O1-CH4 -> Au3Tc-111-O1-CH3 (substrate=alloy)

[3017/9762] reaction_id=3017: Au3Tc-111-O2-CH4 -> Au3Tc-111-O2-CH3 (substrate=alloy)

[3018/9762] reaction_id=3018: Au3Ti-111-O1-CH4 -> Au3Ti-111-O1-CH3 (substrate=alloy)

[3019/9762] reaction_id=3019: Au3Ti-111-O2-CH4 -> Au3Ti-111-O2-CH3 (substrate=alloy)

[3020/9762] reaction_id=3020: Au3Tl-111-O1-CH4 -> Au3Tl-111-O1-CH3 (substrate=alloy)

[3021/9762] reaction_id=3021: Au3V-111-O1-CH4 -> Au3V-111-O1-CH3 (substrate=alloy)

[3022/9762] reaction_id=3022: Au3V-111-O2-CH4 -> Au3V-111-O2-CH3 (substrate=alloy)

[3023/9762] reaction_id=3023: Au3W-111-O1-CH4 -> Au3W-111-O1-CH3 (substrate=alloy)

[3024/9762] reaction_id=3024: Au3W-111-O2-CH4 -> Au3W-111-O2-CH3 (substrate=alloy)

[3025/9762] reaction_id=3025: Au3Y-111-O2-CH4 -> Au3Y-111-O2-CH3 (substrate=alloy)

[3026/9762] reaction_id=3026: Au3Zn-111-O1-CH4 -> Au3Zn-111-O1-CH3 (substrate=alloy)

[3027/9762] reaction_id=3027: Au3Zn-111-O2-CH4 -> Au3Zn-111-O2-CH3 (substrate=alloy)

[3028/9762] reaction_id=3028: Au3Zr-111-O1-CH4 -> Au3Zr-111-O1-CH3 (substrate=alloy)

[3029/9762] reaction_id=3029: Au3Zr-111-O2-CH4 -> Au3Zr-111-O2-CH3 (substrate=alloy)

[3030/9762] reaction_id=3030: AuBi3-111-O1-CH4 -> AuBi3-111-O1-CH3 (substrate=alloy)

[3031/9762] reaction_id=3031: AuBi3-111-O2-CH4 -> AuBi3-111-O2-CH3 (substrate=alloy)

[3032/9762] reaction_id=3032: AuCd3-111-O1-CH4 -> AuCd3-111-O1-CH3 (substrate=alloy)

[3033/9762] reaction_id=3033: AuCd3-111-O2-CH4 -> AuCd3-111-O2-CH3 (substrate=alloy)

[3034/9762] reaction_id=3034: AuCo3-111-O1-CH4 -> AuCo3-111-O1-CH3 (substrate=alloy)

[3035/9762] reaction_id=3035: AuCo3-111-O2-CH4 -> AuCo3-111-O2-CH3 (substrate=alloy)

[3036/9762] reaction_id=3036: AuCr3-111-O1-CH4 -> AuCr3-111-O1-CH3 (substrate=alloy)

[3037/9762] reaction_id=3037: AuCr3-111-O2-CH4 -> AuCr3-111-O2-CH3 (substrate=alloy)

[3038/9762] reaction_id=3038: AuCu3-111-O1-CH4 -> AuCu3-111-O1-CH3 (substrate=alloy)

[3039/9762] reaction_id=3039: AuCu3-111-O2-CH4 -> AuCu3-111-O2-CH3 (substrate=alloy)

[3040/9762] reaction_id=3040: AuFe3-111-O1-CH4 -> AuFe3-111-O1-CH3 (substrate=alloy)

[3041/9762] reaction_id=3041: AuFe3-111-O2-CH4 -> AuFe3-111-O2-CH3 (substrate=alloy)

[3042/9762] reaction_id=3042: AuGa3-111-O1-CH4 -> AuGa3-111-O1-CH3 (substrate=alloy)

[3043/9762] reaction_id=3043: AuGa3-111-O2-CH4 -> AuGa3-111-O2-CH3 (substrate=alloy)

[3044/9762] reaction_id=3044: AuHf3-111-O1-CH4 -> AuHf3-111-O1-CH3 (substrate=alloy)

[3045/9762] reaction_id=3045: AuHf3-111-O2-CH4 -> AuHf3-111-O2-CH3 (substrate=alloy)

[3046/9762] reaction_id=3046: AuIn3-111-O1-CH4 -> AuIn3-111-O1-CH3 (substrate=alloy)

[3047/9762] reaction_id=3047: AuIn3-111-O2-CH4 -> AuIn3-111-O2-CH3 (substrate=alloy)

[3048/9762] reaction_id=3048: AuIr3-111-O1-CH4 -> AuIr3-111-O1-CH3 (substrate=alloy)

[3049/9762] reaction_id=3049: AuIr3-111-O2-CH4 -> AuIr3-111-O2-CH3 (substrate=alloy)

[3050/9762] reaction_id=3050: AuMo3-111-O1-CH4 -> AuMo3-111-O1-CH3 (substrate=alloy)

[3051/9762] reaction_id=3051: AuMo3-111-O2-CH4 -> AuMo3-111-O2-CH3 (substrate=alloy)

[3052/9762] reaction_id=3052: AuNb3-111-O1-CH4 -> AuNb3-111-O1-CH3 (substrate=alloy)

[3053/9762] reaction_id=3053: AuNb3-111-O2-CH4 -> AuNb3-111-O2-CH3 (substrate=alloy)

[3054/9762] reaction_id=3054: AuNi3-111-O1-CH4 -> AuNi3-111-O1-CH3 (substrate=alloy)

[3055/9762] reaction_id=3055: AuNi3-111-O2-CH4 -> AuNi3-111-O2-CH3 (substrate=alloy)

[3056/9762] reaction_id=3056: AuOs3-111-O1-CH4 -> AuOs3-111-O1-CH3 (substrate=alloy)

[3057/9762] reaction_id=3057: AuOs3-111-O2-CH4 -> AuOs3-111-O2-CH3 (substrate=alloy)

[3058/9762] reaction_id=3058: AuPb3-111-O1-CH4 -> AuPb3-111-O1-CH3 (substrate=alloy)

[3059/9762] reaction_id=3059: AuPb3-111-O2-CH4 -> AuPb3-111-O2-CH3 (substrate=alloy)

[3060/9762] reaction_id=3060: AuPd3-111-O2-CH4 -> AuPd3-111-O2-CH3 (substrate=alloy)

[3061/9762] reaction_id=3061: AuPt3-111-O1-CH4 -> AuPt3-111-O1-CH3 (substrate=alloy)

[3062/9762] reaction_id=3062: AuPt3-111-O2-CH4 -> AuPt3-111-O2-CH3 (substrate=alloy)

[3063/9762] reaction_id=3063: AuRe3-111-O1-CH4 -> AuRe3-111-O1-CH3 (substrate=alloy)

[3064/9762] reaction_id=3064: AuRe3-111-O2-CH4 -> AuRe3-111-O2-CH3 (substrate=alloy)

[3065/9762] reaction_id=3065: AuRh3-111-O1-CH4 -> AuRh3-111-O1-CH3 (substrate=alloy)

[3066/9762] reaction_id=3066: AuRh3-111-O2-CH4 -> AuRh3-111-O2-CH3 (substrate=alloy)

[3067/9762] reaction_id=3067: AuRu3-111-O1-CH4 -> AuRu3-111-O1-CH3 (substrate=alloy)

[3068/9762] reaction_id=3068: AuRu3-111-O2-CH4 -> AuRu3-111-O2-CH3 (substrate=alloy)

[3069/9762] reaction_id=3069: AuSc3-111-O1-CH4 -> AuSc3-111-O1-CH3 (substrate=alloy)

[3070/9762] reaction_id=3070: AuSc3-111-O2-CH4 -> AuSc3-111-O2-CH3 (substrate=alloy)

[3071/9762] reaction_id=3071: AuSn3-111-O1-CH4 -> AuSn3-111-O1-CH3 (substrate=alloy)

[3072/9762] reaction_id=3072: AuSn3-111-O2-CH4 -> AuSn3-111-O2-CH3 (substrate=alloy)

[3073/9762] reaction_id=3073: AuTa3-111-O1-CH4 -> AuTa3-111-O1-CH3 (substrate=alloy)

[3074/9762] reaction_id=3074: AuTa3-111-O2-CH4 -> AuTa3-111-O2-CH3 (substrate=alloy)

[3075/9762] reaction_id=3075: AuTc3-111-O1-CH4 -> AuTc3-111-O1-CH3 (substrate=alloy)

[3076/9762] reaction_id=3076: AuTc3-111-O2-CH4 -> AuTc3-111-O2-CH3 (substrate=alloy)

[3077/9762] reaction_id=3077: AuTi3-111-O1-CH4 -> AuTi3-111-O1-CH3 (substrate=alloy)

[3078/9762] reaction_id=3078: AuTi3-111-O2-CH4 -> AuTi3-111-O2-CH3 (substrate=alloy)

[3079/9762] reaction_id=3079: AuTl3-111-O1-CH4 -> AuTl3-111-O1-CH3 (substrate=alloy)

[3080/9762] reaction_id=3080: AuTl3-111-O2-CH4 -> AuTl3-111-O2-CH3 (substrate=alloy)

[3081/9762] reaction_id=3081: AuV3-111-O1-CH4 -> AuV3-111-O1-CH3 (substrate=alloy)

[3082/9762] reaction_id=3082: AuV3-111-O2-CH4 -> AuV3-111-O2-CH3 (substrate=alloy)

[3083/9762] reaction_id=3083: AuW3-111-O1-CH4 -> AuW3-111-O1-CH3 (substrate=alloy)

[3084/9762] reaction_id=3084: AuW3-111-O2-CH4 -> AuW3-111-O2-CH3 (substrate=alloy)

[3085/9762] reaction_id=3085: AuY3-111-O1-CH4 -> AuY3-111-O1-CH3 (substrate=alloy)

[3086/9762] reaction_id=3086: AuZn3-111-O1-CH4 -> AuZn3-111-O1-CH3 (substrate=alloy)

[3087/9762] reaction_id=3087: AuZn3-111-O2-CH4 -> AuZn3-111-O2-CH3 (substrate=alloy)

[3088/9762] reaction_id=3088: AuZr3-111-O1-CH4 -> AuZr3-111-O1-CH3 (substrate=alloy)

[3089/9762] reaction_id=3089: AuZr3-111-O2-CH4 -> AuZr3-111-O2-CH3 (substrate=alloy)

[3090/9762] reaction_id=3090: Bi2Cd2-111-O1-CH4 -> Bi2Cd2-111-O1-CH3 (substrate=alloy)

[3091/9762] reaction_id=3091: Bi2Cd2-111-O2-CH4 -> Bi2Cd2-111-O2-CH3 (substrate=alloy)

[3092/9762] reaction_id=3092: Bi2Cr2-111-O1-CH4 -> Bi2Cr2-111-O1-CH3 (substrate=alloy)

[3093/9762] reaction_id=3093: Bi2Cr2-111-O2-CH4 -> Bi2Cr2-111-O2-CH3 (substrate=alloy)

[3094/9762] reaction_id=3094: Bi2Cu2-111-O2-CH4 -> Bi2Cu2-111-O2-CH3 (substrate=alloy)

[3095/9762] reaction_id=3095: Bi2Ga2-111-O2-CH4 -> Bi2Ga2-111-O2-CH3 (substrate=alloy)

[3096/9762] reaction_id=3096: Bi2Hf2-111-O1-CH4 -> Bi2Hf2-111-O1-CH3 (substrate=alloy)

[3097/9762] reaction_id=3097: Bi2In2-111-O1-CH4 -> Bi2In2-111-O1-CH3 (substrate=alloy)

[3098/9762] reaction_id=3098: Bi2Ir2-111-O1-CH4 -> Bi2Ir2-111-O1-CH3 (substrate=alloy)

[3099/9762] reaction_id=3099: Bi2Ir2-111-O2-CH4 -> Bi2Ir2-111-O2-CH3 (substrate=alloy)

[3100/9762] reaction_id=3100: Bi2Mn2-111-O1-CH4 -> Bi2Mn2-111-O1-CH3 (substrate=alloy)

[3101/9762] reaction_id=3101: Bi2Mo2-111-O1-CH4 -> Bi2Mo2-111-O1-CH3 (substrate=alloy)

[3102/9762] reaction_id=3102: Bi2Mo2-111-O2-CH4 -> Bi2Mo2-111-O2-CH3 (substrate=alloy)

[3103/9762] reaction_id=3103: Bi2Nb2-111-O1-CH4 -> Bi2Nb2-111-O1-CH3 (substrate=alloy)

[3104/9762] reaction_id=3104: Bi2Os2-111-O1-CH4 -> Bi2Os2-111-O1-CH3 (substrate=alloy)

[3105/9762] reaction_id=3105: Bi2Os2-111-O2-CH4 -> Bi2Os2-111-O2-CH3 (substrate=alloy)

[3106/9762] reaction_id=3106: Bi2Pb2-111-O1-CH4 -> Bi2Pb2-111-O1-CH3 (substrate=alloy)

[3107/9762] reaction_id=3107: Bi2Pb2-111-O2-CH4 -> Bi2Pb2-111-O2-CH3 (substrate=alloy)

[3108/9762] reaction_id=3108: Bi2Pd2-111-O2-CH4 -> Bi2Pd2-111-O2-CH3 (substrate=alloy)

[3109/9762] reaction_id=3109: Bi2Pt2-111-O1-CH4 -> Bi2Pt2-111-O1-CH3 (substrate=alloy)

[3110/9762] reaction_id=3110: Bi2Pt2-111-O2-CH4 -> Bi2Pt2-111-O2-CH3 (substrate=alloy)

[3111/9762] reaction_id=3111: Bi2Re2-111-O1-CH4 -> Bi2Re2-111-O1-CH3 (substrate=alloy)

[3112/9762] reaction_id=3112: Bi2Re2-111-O2-CH4 -> Bi2Re2-111-O2-CH3 (substrate=alloy)

[3113/9762] reaction_id=3113: Bi2Rh2-111-O1-CH4 -> Bi2Rh2-111-O1-CH3 (substrate=alloy)

[3114/9762] reaction_id=3114: Bi2Rh2-111-O2-CH4 -> Bi2Rh2-111-O2-CH3 (substrate=alloy)

[3115/9762] reaction_id=3115: Bi2Ru2-111-O2-CH4 -> Bi2Ru2-111-O2-CH3 (substrate=alloy)

[3116/9762] reaction_id=3116: Bi2Sc2-111-O1-CH4 -> Bi2Sc2-111-O1-CH3 (substrate=alloy)

[3117/9762] reaction_id=3117: Bi2Sc2-111-O2-CH4 -> Bi2Sc2-111-O2-CH3 (substrate=alloy)

[3118/9762] reaction_id=3118: Bi2Sn2-111-O1-CH4 -> Bi2Sn2-111-O1-CH3 (substrate=alloy)

[3119/9762] reaction_id=3119: Bi2Sn2-111-O2-CH4 -> Bi2Sn2-111-O2-CH3 (substrate=alloy)

[3120/9762] reaction_id=3120: Bi2Ta2-111-O1-CH4 -> Bi2Ta2-111-O1-CH3 (substrate=alloy)

[3121/9762] reaction_id=3121: Bi2Ta2-111-O2-CH4 -> Bi2Ta2-111-O2-CH3 (substrate=alloy)

[3122/9762] reaction_id=3122: Bi2Tc2-111-O1-CH4 -> Bi2Tc2-111-O1-CH3 (substrate=alloy)

[3123/9762] reaction_id=3123: Bi2Tc2-111-O2-CH4 -> Bi2Tc2-111-O2-CH3 (substrate=alloy)

[3124/9762] reaction_id=3124: Bi2Ti2-111-O1-CH4 -> Bi2Ti2-111-O1-CH3 (substrate=alloy)

[3125/9762] reaction_id=3125: Bi2Tl2-111-O2-CH4 -> Bi2Tl2-111-O2-CH3 (substrate=alloy)

[3126/9762] reaction_id=3126: Bi2V2-111-O1-CH4 -> Bi2V2-111-O1-CH3 (substrate=alloy)

[3127/9762] reaction_id=3127: Bi2V2-111-O2-CH4 -> Bi2V2-111-O2-CH3 (substrate=alloy)

[3128/9762] reaction_id=3128: Bi2W2-111-O1-CH4 -> Bi2W2-111-O1-CH3 (substrate=alloy)

[3129/9762] reaction_id=3129: Bi2W2-111-O2-CH4 -> Bi2W2-111-O2-CH3 (substrate=alloy)

[3130/9762] reaction_id=3130: Bi2Y2-111-O1-CH4 -> Bi2Y2-111-O1-CH3 (substrate=alloy)

[3131/9762] reaction_id=3131: Bi2Zn2-111-O1-CH4 -> Bi2Zn2-111-O1-CH3 (substrate=alloy)

[3132/9762] reaction_id=3132: Bi2Zn2-111-O2-CH4 -> Bi2Zn2-111-O2-CH3 (substrate=alloy)

[3133/9762] reaction_id=3133: Bi2Zr2-111-O1-CH4 -> Bi2Zr2-111-O1-CH3 (substrate=alloy)

[3134/9762] reaction_id=3134: Bi2Zr2-111-O2-CH4 -> Bi2Zr2-111-O2-CH3 (substrate=alloy)

[3135/9762] reaction_id=3135: Bi3Cd-111-O2-CH4 -> Bi3Cd-111-O2-CH3 (substrate=alloy)

[3136/9762] reaction_id=3136: Bi3Cu-111-O1-CH4 -> Bi3Cu-111-O1-CH3 (substrate=alloy)

[3137/9762] reaction_id=3137: Bi3Cu-111-O2-CH4 -> Bi3Cu-111-O2-CH3 (substrate=alloy)

[3138/9762] reaction_id=3138: Bi3Ga-111-O2-CH4 -> Bi3Ga-111-O2-CH3 (substrate=alloy)

[3139/9762] reaction_id=3139: Bi3Hf-111-O1-CH4 -> Bi3Hf-111-O1-CH3 (substrate=alloy)

[3140/9762] reaction_id=3140: Bi3Hf-111-O2-CH4 -> Bi3Hf-111-O2-CH3 (substrate=alloy)

[3141/9762] reaction_id=3141: Bi3Ir-111-O1-CH4 -> Bi3Ir-111-O1-CH3 (substrate=alloy)

[3142/9762] reaction_id=3142: Bi3Ir-111-O2-CH4 -> Bi3Ir-111-O2-CH3 (substrate=alloy)

[3143/9762] reaction_id=3143: Bi3Nb-111-O1-CH4 -> Bi3Nb-111-O1-CH3 (substrate=alloy)

[3144/9762] reaction_id=3144: Bi3Nb-111-O2-CH4 -> Bi3Nb-111-O2-CH3 (substrate=alloy)

[3145/9762] reaction_id=3145: Bi3Os-111-O1-CH4 -> Bi3Os-111-O1-CH3 (substrate=alloy)

[3146/9762] reaction_id=3146: Bi3Os-111-O2-CH4 -> Bi3Os-111-O2-CH3 (substrate=alloy)

[3147/9762] reaction_id=3147: Bi3Pb-111-O1-CH4 -> Bi3Pb-111-O1-CH3 (substrate=alloy)

[3148/9762] reaction_id=3148: Bi3Pb-111-O2-CH4 -> Bi3Pb-111-O2-CH3 (substrate=alloy)

[3149/9762] reaction_id=3149: Bi3Pd-111-O1-CH4 -> Bi3Pd-111-O1-CH3 (substrate=alloy)

[3150/9762] reaction_id=3150: Bi3Pd-111-O2-CH4 -> Bi3Pd-111-O2-CH3 (substrate=alloy)

[3151/9762] reaction_id=3151: Bi3Pt-111-O2-CH4 -> Bi3Pt-111-O2-CH3 (substrate=alloy)

[3152/9762] reaction_id=3152: Bi3Re-111-O1-CH4 -> Bi3Re-111-O1-CH3 (substrate=alloy)

[3153/9762] reaction_id=3153: Bi3Re-111-O2-CH4 -> Bi3Re-111-O2-CH3 (substrate=alloy)

[3154/9762] reaction_id=3154: Bi3Rh-111-O1-CH4 -> Bi3Rh-111-O1-CH3 (substrate=alloy)

[3155/9762] reaction_id=3155: Bi3Rh-111-O2-CH4 -> Bi3Rh-111-O2-CH3 (substrate=alloy)

[3156/9762] reaction_id=3156: Bi3Ru-111-O1-CH4 -> Bi3Ru-111-O1-CH3 (substrate=alloy)

[3157/9762] reaction_id=3157: Bi3Ru-111-O2-CH4 -> Bi3Ru-111-O2-CH3 (substrate=alloy)

[3158/9762] reaction_id=3158: Bi3Sn-111-O1-CH4 -> Bi3Sn-111-O1-CH3 (substrate=alloy)

[3159/9762] reaction_id=3159: Bi3Sn-111-O2-CH4 -> Bi3Sn-111-O2-CH3 (substrate=alloy)

[3160/9762] reaction_id=3160: Bi3Ta-111-O1-CH4 -> Bi3Ta-111-O1-CH3 (substrate=alloy)

[3161/9762] reaction_id=3161: Bi3Ta-111-O2-CH4 -> Bi3Ta-111-O2-CH3 (substrate=alloy)

[3162/9762] reaction_id=3162: Bi3Tc-111-O1-CH4 -> Bi3Tc-111-O1-CH3 (substrate=alloy)

[3163/9762] reaction_id=3163: Bi3Tc-111-O2-CH4 -> Bi3Tc-111-O2-CH3 (substrate=alloy)

[3164/9762] reaction_id=3164: Bi3Tl-111-O1-CH4 -> Bi3Tl-111-O1-CH3 (substrate=alloy)

[3165/9762] reaction_id=3165: Bi3Tl-111-O2-CH4 -> Bi3Tl-111-O2-CH3 (substrate=alloy)

[3166/9762] reaction_id=3166: Bi3W-111-O1-CH4 -> Bi3W-111-O1-CH3 (substrate=alloy)

[3167/9762] reaction_id=3167: Bi3W-111-O2-CH4 -> Bi3W-111-O2-CH3 (substrate=alloy)

[3168/9762] reaction_id=3168: Bi3Zn-111-O1-CH4 -> Bi3Zn-111-O1-CH3 (substrate=alloy)

[3169/9762] reaction_id=3169: BiCd3-111-O1-CH4 -> BiCd3-111-O1-CH3 (substrate=alloy)

[3170/9762] reaction_id=3170: BiCd3-111-O2-CH4 -> BiCd3-111-O2-CH3 (substrate=alloy)

[3171/9762] reaction_id=3171: BiCr3-111-O1-CH4 -> BiCr3-111-O1-CH3 (substrate=alloy)

[3172/9762] reaction_id=3172: BiCr3-111-O2-CH4 -> BiCr3-111-O2-CH3 (substrate=alloy)

[3173/9762] reaction_id=3173: BiCu3-111-O1-CH4 -> BiCu3-111-O1-CH3 (substrate=alloy)

[3174/9762] reaction_id=3174: BiCu3-111-O2-CH4 -> BiCu3-111-O2-CH3 (substrate=alloy)

[3175/9762] reaction_id=3175: BiGa3-111-O1-CH4 -> BiGa3-111-O1-CH3 (substrate=alloy)

[3176/9762] reaction_id=3176: BiHf3-111-O1-CH4 -> BiHf3-111-O1-CH3 (substrate=alloy)

[3177/9762] reaction_id=3177: BiHf3-111-O2-CH4 -> BiHf3-111-O2-CH3 (substrate=alloy)

[3178/9762] reaction_id=3178: BiIr3-111-O1-CH4 -> BiIr3-111-O1-CH3 (substrate=alloy)

[3179/9762] reaction_id=3179: BiMo3-111-O1-CH4 -> BiMo3-111-O1-CH3 (substrate=alloy)

[3180/9762] reaction_id=3180: BiMo3-111-O2-CH4 -> BiMo3-111-O2-CH3 (substrate=alloy)

[3181/9762] reaction_id=3181: BiOs3-111-O1-CH4 -> BiOs3-111-O1-CH3 (substrate=alloy)

[3182/9762] reaction_id=3182: BiOs3-111-O2-CH4 -> BiOs3-111-O2-CH3 (substrate=alloy)

[3183/9762] reaction_id=3183: BiPb3-111-O1-CH4 -> BiPb3-111-O1-CH3 (substrate=alloy)

[3184/9762] reaction_id=3184: BiPb3-111-O2-CH4 -> BiPb3-111-O2-CH3 (substrate=alloy)

[3185/9762] reaction_id=3185: BiPd3-111-O1-CH4 -> BiPd3-111-O1-CH3 (substrate=alloy)

[3186/9762] reaction_id=3186: BiPt3-111-O1-CH4 -> BiPt3-111-O1-CH3 (substrate=alloy)

[3187/9762] reaction_id=3187: BiRe3-111-O1-CH4 -> BiRe3-111-O1-CH3 (substrate=alloy)

[3188/9762] reaction_id=3188: BiRe3-111-O2-CH4 -> BiRe3-111-O2-CH3 (substrate=alloy)

[3189/9762] reaction_id=3189: BiRh3-111-O1-CH4 -> BiRh3-111-O1-CH3 (substrate=alloy)

[3190/9762] reaction_id=3190: BiRh3-111-O2-CH4 -> BiRh3-111-O2-CH3 (substrate=alloy)

[3191/9762] reaction_id=3191: BiRu3-111-O1-CH4 -> BiRu3-111-O1-CH3 (substrate=alloy)

[3192/9762] reaction_id=3192: BiRu3-111-O2-CH4 -> BiRu3-111-O2-CH3 (substrate=alloy)

[3193/9762] reaction_id=3193: BiSn3-111-O1-CH4 -> BiSn3-111-O1-CH3 (substrate=alloy)

[3194/9762] reaction_id=3194: BiTc3-111-O1-CH4 -> BiTc3-111-O1-CH3 (substrate=alloy)

[3195/9762] reaction_id=3195: BiTc3-111-O2-CH4 -> BiTc3-111-O2-CH3 (substrate=alloy)

[3196/9762] reaction_id=3196: BiZn3-111-O1-CH4 -> BiZn3-111-O1-CH3 (substrate=alloy)

[3197/9762] reaction_id=3197: BiZn3-111-O2-CH4 -> BiZn3-111-O2-CH3 (substrate=alloy)

[3198/9762] reaction_id=3198: Cd2Co2-111-O1-CH4 -> Cd2Co2-111-O1-CH3 (substrate=alloy)

[3199/9762] reaction_id=3199: Cd2Co2-111-O2-CH4 -> Cd2Co2-111-O2-CH3 (substrate=alloy)

[3200/9762] reaction_id=3200: Cd2Cu2-111-O1-CH4 -> Cd2Cu2-111-O1-CH3 (substrate=alloy)

[3201/9762] reaction_id=3201: Cd2Cu2-111-O2-CH4 -> Cd2Cu2-111-O2-CH3 (substrate=alloy)

[3202/9762] reaction_id=3202: Cd2Fe2-111-O1-CH4 -> Cd2Fe2-111-O1-CH3 (substrate=alloy)

[3203/9762] reaction_id=3203: Cd2Fe2-111-O2-CH4 -> Cd2Fe2-111-O2-CH3 (substrate=alloy)

[3204/9762] reaction_id=3204: Cd2Ga2-111-O1-CH4 -> Cd2Ga2-111-O1-CH3 (substrate=alloy)

[3205/9762] reaction_id=3205: Cd2Ga2-111-O2-CH4 -> Cd2Ga2-111-O2-CH3 (substrate=alloy)

[3206/9762] reaction_id=3206: Cd2Hf2-111-O1-CH4 -> Cd2Hf2-111-O1-CH3 (substrate=alloy)

[3207/9762] reaction_id=3207: Cd2Hf2-111-O2-CH4 -> Cd2Hf2-111-O2-CH3 (substrate=alloy)

[3208/9762] reaction_id=3208: Cd2In2-111-O1-CH4 -> Cd2In2-111-O1-CH3 (substrate=alloy)

[3209/9762] reaction_id=3209: Cd2In2-111-O2-CH4 -> Cd2In2-111-O2-CH3 (substrate=alloy)

[3210/9762] reaction_id=3210: Cd2Ir2-111-O1-CH4 -> Cd2Ir2-111-O1-CH3 (substrate=alloy)

[3211/9762] reaction_id=3211: Cd2Ir2-111-O2-CH4 -> Cd2Ir2-111-O2-CH3 (substrate=alloy)

[3212/9762] reaction_id=3212: Cd2Mn2-111-O1-CH4 -> Cd2Mn2-111-O1-CH3 (substrate=alloy)

[3213/9762] reaction_id=3213: Cd2Mn2-111-O2-CH4 -> Cd2Mn2-111-O2-CH3 (substrate=alloy)

[3214/9762] reaction_id=3214: Cd2Mo2-111-O1-CH4 -> Cd2Mo2-111-O1-CH3 (substrate=alloy)

[3215/9762] reaction_id=3215: Cd2Mo2-111-O2-CH4 -> Cd2Mo2-111-O2-CH3 (substrate=alloy)

[3216/9762] reaction_id=3216: Cd2Nb2-111-O1-CH4 -> Cd2Nb2-111-O1-CH3 (substrate=alloy)

[3217/9762] reaction_id=3217: Cd2Nb2-111-O2-CH4 -> Cd2Nb2-111-O2-CH3 (substrate=alloy)

[3218/9762] reaction_id=3218: Cd2Ni2-111-O1-CH4 -> Cd2Ni2-111-O1-CH3 (substrate=alloy)

[3219/9762] reaction_id=3219: Cd2Ni2-111-O2-CH4 -> Cd2Ni2-111-O2-CH3 (substrate=alloy)

[3220/9762] reaction_id=3220: Cd2Os2-111-O1-CH4 -> Cd2Os2-111-O1-CH3 (substrate=alloy)

[3221/9762] reaction_id=3221: Cd2Os2-111-O2-CH4 -> Cd2Os2-111-O2-CH3 (substrate=alloy)

[3222/9762] reaction_id=3222: Cd2Pb2-111-O1-CH4 -> Cd2Pb2-111-O1-CH3 (substrate=alloy)

[3223/9762] reaction_id=3223: Cd2Pb2-111-O2-CH4 -> Cd2Pb2-111-O2-CH3 (substrate=alloy)

[3224/9762] reaction_id=3224: Cd2Pd2-111-O1-CH4 -> Cd2Pd2-111-O1-CH3 (substrate=alloy)

[3225/9762] reaction_id=3225: Cd2Pd2-111-O2-CH4 -> Cd2Pd2-111-O2-CH3 (substrate=alloy)

[3226/9762] reaction_id=3226: Cd2Pt2-111-O1-CH4 -> Cd2Pt2-111-O1-CH3 (substrate=alloy)

[3227/9762] reaction_id=3227: Cd2Pt2-111-O2-CH4 -> Cd2Pt2-111-O2-CH3 (substrate=alloy)

[3228/9762] reaction_id=3228: Cd2Re2-111-O1-CH4 -> Cd2Re2-111-O1-CH3 (substrate=alloy)

[3229/9762] reaction_id=3229: Cd2Re2-111-O2-CH4 -> Cd2Re2-111-O2-CH3 (substrate=alloy)

[3230/9762] reaction_id=3230: Cd2Rh2-111-O1-CH4 -> Cd2Rh2-111-O1-CH3 (substrate=alloy)

[3231/9762] reaction_id=3231: Cd2Rh2-111-O2-CH4 -> Cd2Rh2-111-O2-CH3 (substrate=alloy)

[3232/9762] reaction_id=3232: Cd2Ru2-111-O1-CH4 -> Cd2Ru2-111-O1-CH3 (substrate=alloy)

[3233/9762] reaction_id=3233: Cd2Ru2-111-O2-CH4 -> Cd2Ru2-111-O2-CH3 (substrate=alloy)

[3234/9762] reaction_id=3234: Cd2Sc2-111-O1-CH4 -> Cd2Sc2-111-O1-CH3 (substrate=alloy)

[3235/9762] reaction_id=3235: Cd2Sc2-111-O2-CH4 -> Cd2Sc2-111-O2-CH3 (substrate=alloy)

[3236/9762] reaction_id=3236: Cd2Sn2-111-O1-CH4 -> Cd2Sn2-111-O1-CH3 (substrate=alloy)

[3237/9762] reaction_id=3237: Cd2Sn2-111-O2-CH4 -> Cd2Sn2-111-O2-CH3 (substrate=alloy)

[3238/9762] reaction_id=3238: Cd2Ta2-111-O1-CH4 -> Cd2Ta2-111-O1-CH3 (substrate=alloy)

[3239/9762] reaction_id=3239: Cd2Ta2-111-O2-CH4 -> Cd2Ta2-111-O2-CH3 (substrate=alloy)

[3240/9762] reaction_id=3240: Cd2Tc2-111-O1-CH4 -> Cd2Tc2-111-O1-CH3 (substrate=alloy)

[3241/9762] reaction_id=3241: Cd2Tc2-111-O2-CH4 -> Cd2Tc2-111-O2-CH3 (substrate=alloy)

[3242/9762] reaction_id=3242: Cd2Ti2-111-O1-CH4 -> Cd2Ti2-111-O1-CH3 (substrate=alloy)

[3243/9762] reaction_id=3243: Cd2Ti2-111-O2-CH4 -> Cd2Ti2-111-O2-CH3 (substrate=alloy)

[3244/9762] reaction_id=3244: Cd2Tl2-111-O1-CH4 -> Cd2Tl2-111-O1-CH3 (substrate=alloy)

[3245/9762] reaction_id=3245: Cd2V2-111-O1-CH4 -> Cd2V2-111-O1-CH3 (substrate=alloy)

[3246/9762] reaction_id=3246: Cd2V2-111-O2-CH4 -> Cd2V2-111-O2-CH3 (substrate=alloy)

[3247/9762] reaction_id=3247: Cd2W2-111-O1-CH4 -> Cd2W2-111-O1-CH3 (substrate=alloy)

[3248/9762] reaction_id=3248: Cd2W2-111-O2-CH4 -> Cd2W2-111-O2-CH3 (substrate=alloy)

[3249/9762] reaction_id=3249: Cd2Y2-111-O1-CH4 -> Cd2Y2-111-O1-CH3 (substrate=alloy)

[3250/9762] reaction_id=3250: Cd2Zn2-111-O1-CH4 -> Cd2Zn2-111-O1-CH3 (substrate=alloy)

[3251/9762] reaction_id=3251: Cd2Zn2-111-O2-CH4 -> Cd2Zn2-111-O2-CH3 (substrate=alloy)

[3252/9762] reaction_id=3252: Cd2Zr2-111-O1-CH4 -> Cd2Zr2-111-O1-CH3 (substrate=alloy)

[3253/9762] reaction_id=3253: Cd2Zr2-111-O2-CH4 -> Cd2Zr2-111-O2-CH3 (substrate=alloy)

[3254/9762] reaction_id=3254: Cd3Co-111-O1-CH4 -> Cd3Co-111-O1-CH3 (substrate=alloy)

[3255/9762] reaction_id=3255: Cd3Co-111-O2-CH4 -> Cd3Co-111-O2-CH3 (substrate=alloy)

[3256/9762] reaction_id=3256: Cd3Cr-111-O1-CH4 -> Cd3Cr-111-O1-CH3 (substrate=alloy)

[3257/9762] reaction_id=3257: Cd3Cr-111-O2-CH4 -> Cd3Cr-111-O2-CH3 (substrate=alloy)

[3258/9762] reaction_id=3258: Cd3Cu-111-O1-CH4 -> Cd3Cu-111-O1-CH3 (substrate=alloy)

[3259/9762] reaction_id=3259: Cd3Cu-111-O2-CH4 -> Cd3Cu-111-O2-CH3 (substrate=alloy)

[3260/9762] reaction_id=3260: Cd3Fe-111-O1-CH4 -> Cd3Fe-111-O1-CH3 (substrate=alloy)

[3261/9762] reaction_id=3261: Cd3Fe-111-O2-CH4 -> Cd3Fe-111-O2-CH3 (substrate=alloy)

[3262/9762] reaction_id=3262: Cd3Ga-111-O1-CH4 -> Cd3Ga-111-O1-CH3 (substrate=alloy)

[3263/9762] reaction_id=3263: Cd3Ga-111-O2-CH4 -> Cd3Ga-111-O2-CH3 (substrate=alloy)

[3264/9762] reaction_id=3264: Cd3Hf-111-O1-CH4 -> Cd3Hf-111-O1-CH3 (substrate=alloy)

[3265/9762] reaction_id=3265: Cd3Hf-111-O2-CH4 -> Cd3Hf-111-O2-CH3 (substrate=alloy)

[3266/9762] reaction_id=3266: Cd3In-111-O1-CH4 -> Cd3In-111-O1-CH3 (substrate=alloy)

[3267/9762] reaction_id=3267: Cd3In-111-O2-CH4 -> Cd3In-111-O2-CH3 (substrate=alloy)

[3268/9762] reaction_id=3268: Cd3Ir-111-O1-CH4 -> Cd3Ir-111-O1-CH3 (substrate=alloy)

[3269/9762] reaction_id=3269: Cd3Ir-111-O2-CH4 -> Cd3Ir-111-O2-CH3 (substrate=alloy)

[3270/9762] reaction_id=3270: Cd3Mn-111-O1-CH4 -> Cd3Mn-111-O1-CH3 (substrate=alloy)

[3271/9762] reaction_id=3271: Cd3Mn-111-O2-CH4 -> Cd3Mn-111-O2-CH3 (substrate=alloy)

[3272/9762] reaction_id=3272: Cd3Mo-111-O1-CH4 -> Cd3Mo-111-O1-CH3 (substrate=alloy)

[3273/9762] reaction_id=3273: Cd3Mo-111-O2-CH4 -> Cd3Mo-111-O2-CH3 (substrate=alloy)

[3274/9762] reaction_id=3274: Cd3Nb-111-O1-CH4 -> Cd3Nb-111-O1-CH3 (substrate=alloy)

[3275/9762] reaction_id=3275: Cd3Nb-111-O2-CH4 -> Cd3Nb-111-O2-CH3 (substrate=alloy)

[3276/9762] reaction_id=3276: Cd3Ni-111-O1-CH4 -> Cd3Ni-111-O1-CH3 (substrate=alloy)

[3277/9762] reaction_id=3277: Cd3Ni-111-O2-CH4 -> Cd3Ni-111-O2-CH3 (substrate=alloy)

[3278/9762] reaction_id=3278: Cd3Os-111-O1-CH4 -> Cd3Os-111-O1-CH3 (substrate=alloy)

[3279/9762] reaction_id=3279: Cd3Os-111-O2-CH4 -> Cd3Os-111-O2-CH3 (substrate=alloy)

[3280/9762] reaction_id=3280: Cd3Pb-111-O1-CH4 -> Cd3Pb-111-O1-CH3 (substrate=alloy)

[3281/9762] reaction_id=3281: Cd3Pd-111-O1-CH4 -> Cd3Pd-111-O1-CH3 (substrate=alloy)

[3282/9762] reaction_id=3282: Cd3Pd-111-O2-CH4 -> Cd3Pd-111-O2-CH3 (substrate=alloy)

[3283/9762] reaction_id=3283: Cd3Pt-111-O1-CH4 -> Cd3Pt-111-O1-CH3 (substrate=alloy)

[3284/9762] reaction_id=3284: Cd3Pt-111-O2-CH4 -> Cd3Pt-111-O2-CH3 (substrate=alloy)

[3285/9762] reaction_id=3285: Cd3Re-111-O1-CH4 -> Cd3Re-111-O1-CH3 (substrate=alloy)

[3286/9762] reaction_id=3286: Cd3Re-111-O2-CH4 -> Cd3Re-111-O2-CH3 (substrate=alloy)

[3287/9762] reaction_id=3287: Cd3Rh-111-O1-CH4 -> Cd3Rh-111-O1-CH3 (substrate=alloy)

[3288/9762] reaction_id=3288: Cd3Rh-111-O2-CH4 -> Cd3Rh-111-O2-CH3 (substrate=alloy)

[3289/9762] reaction_id=3289: Cd3Ru-111-O1-CH4 -> Cd3Ru-111-O1-CH3 (substrate=alloy)

[3290/9762] reaction_id=3290: Cd3Ru-111-O2-CH4 -> Cd3Ru-111-O2-CH3 (substrate=alloy)

[3291/9762] reaction_id=3291: Cd3Sc-111-O1-CH4 -> Cd3Sc-111-O1-CH3 (substrate=alloy)

[3292/9762] reaction_id=3292: Cd3Sc-111-O2-CH4 -> Cd3Sc-111-O2-CH3 (substrate=alloy)

[3293/9762] reaction_id=3293: Cd3Sn-111-O1-CH4 -> Cd3Sn-111-O1-CH3 (substrate=alloy)

[3294/9762] reaction_id=3294: Cd3Sn-111-O2-CH4 -> Cd3Sn-111-O2-CH3 (substrate=alloy)

[3295/9762] reaction_id=3295: Cd3Ta-111-O1-CH4 -> Cd3Ta-111-O1-CH3 (substrate=alloy)

[3296/9762] reaction_id=3296: Cd3Ta-111-O2-CH4 -> Cd3Ta-111-O2-CH3 (substrate=alloy)

[3297/9762] reaction_id=3297: Cd3Tc-111-O1-CH4 -> Cd3Tc-111-O1-CH3 (substrate=alloy)

[3298/9762] reaction_id=3298: Cd3Tc-111-O2-CH4 -> Cd3Tc-111-O2-CH3 (substrate=alloy)

[3299/9762] reaction_id=3299: Cd3Ti-111-O1-CH4 -> Cd3Ti-111-O1-CH3 (substrate=alloy)

[3300/9762] reaction_id=3300: Cd3Ti-111-O2-CH4 -> Cd3Ti-111-O2-CH3 (substrate=alloy)

[3301/9762] reaction_id=3301: Cd3Tl-111-O2-CH4 -> Cd3Tl-111-O2-CH3 (substrate=alloy)

[3302/9762] reaction_id=3302: Cd3V-111-O1-CH4 -> Cd3V-111-O1-CH3 (substrate=alloy)

[3303/9762] reaction_id=3303: Cd3V-111-O2-CH4 -> Cd3V-111-O2-CH3 (substrate=alloy)

[3304/9762] reaction_id=3304: Cd3W-111-O1-CH4 -> Cd3W-111-O1-CH3 (substrate=alloy)

[3305/9762] reaction_id=3305: Cd3W-111-O2-CH4 -> Cd3W-111-O2-CH3 (substrate=alloy)

[3306/9762] reaction_id=3306: Cd3Y-111-O1-CH4 -> Cd3Y-111-O1-CH3 (substrate=alloy)

[3307/9762] reaction_id=3307: Cd3Y-111-O2-CH4 -> Cd3Y-111-O2-CH3 (substrate=alloy)

[3308/9762] reaction_id=3308: Cd3Zn-111-O1-CH4 -> Cd3Zn-111-O1-CH3 (substrate=alloy)

[3309/9762] reaction_id=3309: Cd3Zn-111-O2-CH4 -> Cd3Zn-111-O2-CH3 (substrate=alloy)

[3310/9762] reaction_id=3310: Cd3Zr-111-O1-CH4 -> Cd3Zr-111-O1-CH3 (substrate=alloy)

[3311/9762] reaction_id=3311: Cd3Zr-111-O2-CH4 -> Cd3Zr-111-O2-CH3 (substrate=alloy)

[3312/9762] reaction_id=3312: CdCo3-111-O1-CH4 -> CdCo3-111-O1-CH3 (substrate=alloy)

[3313/9762] reaction_id=3313: CdCo3-111-O2-CH4 -> CdCo3-111-O2-CH3 (substrate=alloy)

[3314/9762] reaction_id=3314: CdCr3-111-O1-CH4 -> CdCr3-111-O1-CH3 (substrate=alloy)

[3315/9762] reaction_id=3315: CdCr3-111-O2-CH4 -> CdCr3-111-O2-CH3 (substrate=alloy)

[3316/9762] reaction_id=3316: CdCu3-111-O2-CH4 -> CdCu3-111-O2-CH3 (substrate=alloy)

[3317/9762] reaction_id=3317: CdFe3-111-O1-CH4 -> CdFe3-111-O1-CH3 (substrate=alloy)

[3318/9762] reaction_id=3318: CdGa3-111-O1-CH4 -> CdGa3-111-O1-CH3 (substrate=alloy)

[3319/9762] reaction_id=3319: CdGa3-111-O2-CH4 -> CdGa3-111-O2-CH3 (substrate=alloy)

[3320/9762] reaction_id=3320: CdHf3-111-O1-CH4 -> CdHf3-111-O1-CH3 (substrate=alloy)

[3321/9762] reaction_id=3321: CdHf3-111-O2-CH4 -> CdHf3-111-O2-CH3 (substrate=alloy)

[3322/9762] reaction_id=3322: CdIn3-111-O1-CH4 -> CdIn3-111-O1-CH3 (substrate=alloy)

[3323/9762] reaction_id=3323: CdIn3-111-O2-CH4 -> CdIn3-111-O2-CH3 (substrate=alloy)

[3324/9762] reaction_id=3324: CdIr3-111-O2-CH4 -> CdIr3-111-O2-CH3 (substrate=alloy)

[3325/9762] reaction_id=3325: CdMo3-111-O1-CH4 -> CdMo3-111-O1-CH3 (substrate=alloy)

[3326/9762] reaction_id=3326: CdNb3-111-O2-CH4 -> CdNb3-111-O2-CH3 (substrate=alloy)

[3327/9762] reaction_id=3327: CdNi3-111-O1-CH4 -> CdNi3-111-O1-CH3 (substrate=alloy)

[3328/9762] reaction_id=3328: CdNi3-111-O2-CH4 -> CdNi3-111-O2-CH3 (substrate=alloy)

[3329/9762] reaction_id=3329: CdOs3-111-O2-CH4 -> CdOs3-111-O2-CH3 (substrate=alloy)

[3330/9762] reaction_id=3330: CdPb3-111-O2-CH4 -> CdPb3-111-O2-CH3 (substrate=alloy)

[3331/9762] reaction_id=3331: CdPd3-111-O1-CH4 -> CdPd3-111-O1-CH3 (substrate=alloy)

[3332/9762] reaction_id=3332: CdPd3-111-O2-CH4 -> CdPd3-111-O2-CH3 (substrate=alloy)

[3333/9762] reaction_id=3333: CdPt3-111-O2-CH4 -> CdPt3-111-O2-CH3 (substrate=alloy)

[3334/9762] reaction_id=3334: CdRe3-111-O1-CH4 -> CdRe3-111-O1-CH3 (substrate=alloy)

[3335/9762] reaction_id=3335: CdRe3-111-O2-CH4 -> CdRe3-111-O2-CH3 (substrate=alloy)

[3336/9762] reaction_id=3336: CdRh3-111-O1-CH4 -> CdRh3-111-O1-CH3 (substrate=alloy)

[3337/9762] reaction_id=3337: CdRu3-111-O1-CH4 -> CdRu3-111-O1-CH3 (substrate=alloy)

[3338/9762] reaction_id=3338: CdSc3-111-O1-CH4 -> CdSc3-111-O1-CH3 (substrate=alloy)

[3339/9762] reaction_id=3339: CdSc3-111-O2-CH4 -> CdSc3-111-O2-CH3 (substrate=alloy)

[3340/9762] reaction_id=3340: CdSn3-111-O1-CH4 -> CdSn3-111-O1-CH3 (substrate=alloy)

[3341/9762] reaction_id=3341: CdSn3-111-O2-CH4 -> CdSn3-111-O2-CH3 (substrate=alloy)

[3342/9762] reaction_id=3342: CdTa3-111-O1-CH4 -> CdTa3-111-O1-CH3 (substrate=alloy)

[3343/9762] reaction_id=3343: CdTc3-111-O1-CH4 -> CdTc3-111-O1-CH3 (substrate=alloy)

[3344/9762] reaction_id=3344: CdTi3-111-O1-CH4 -> CdTi3-111-O1-CH3 (substrate=alloy)

[3345/9762] reaction_id=3345: CdTl3-111-O1-CH4 -> CdTl3-111-O1-CH3 (substrate=alloy)

[3346/9762] reaction_id=3346: CdTl3-111-O2-CH4 -> CdTl3-111-O2-CH3 (substrate=alloy)

[3347/9762] reaction_id=3347: CdV3-111-O1-CH4 -> CdV3-111-O1-CH3 (substrate=alloy)

[3348/9762] reaction_id=3348: CdW3-111-O1-CH4 -> CdW3-111-O1-CH3 (substrate=alloy)

[3349/9762] reaction_id=3349: CdY3-111-O1-CH4 -> CdY3-111-O1-CH3 (substrate=alloy)

[3350/9762] reaction_id=3350: CdY3-111-O2-CH4 -> CdY3-111-O2-CH3 (substrate=alloy)

[3351/9762] reaction_id=3351: CdZn3-111-O1-CH4 -> CdZn3-111-O1-CH3 (substrate=alloy)

[3352/9762] reaction_id=3352: CdZr3-111-O1-CH4 -> CdZr3-111-O1-CH3 (substrate=alloy)

[3353/9762] reaction_id=3353: Co2Cr2-111-O1-CH4 -> Co2Cr2-111-O1-CH3 (substrate=alloy)

[3354/9762] reaction_id=3354: Co2Cr2-111-O2-CH4 -> Co2Cr2-111-O2-CH3 (substrate=alloy)

[3355/9762] reaction_id=3355: Co2Cu2-111-O1-CH4 -> Co2Cu2-111-O1-CH3 (substrate=alloy)

[3356/9762] reaction_id=3356: Co2Cu2-111-O2-CH4 -> Co2Cu2-111-O2-CH3 (substrate=alloy)

[3357/9762] reaction_id=3357: Co2Fe2-111-O1-CH4 -> Co2Fe2-111-O1-CH3 (substrate=alloy)

[3358/9762] reaction_id=3358: Co2Fe2-111-O2-CH4 -> Co2Fe2-111-O2-CH3 (substrate=alloy)

[3359/9762] reaction_id=3359: Co2Ga2-111-O1-CH4 -> Co2Ga2-111-O1-CH3 (substrate=alloy)

[3360/9762] reaction_id=3360: Co2Ga2-111-O2-CH4 -> Co2Ga2-111-O2-CH3 (substrate=alloy)

[3361/9762] reaction_id=3361: Co2Hf2-111-O1-CH4 -> Co2Hf2-111-O1-CH3 (substrate=alloy)

[3362/9762] reaction_id=3362: Co2Hf2-111-O2-CH4 -> Co2Hf2-111-O2-CH3 (substrate=alloy)

[3363/9762] reaction_id=3363: Co2In2-111-O1-CH4 -> Co2In2-111-O1-CH3 (substrate=alloy)

[3364/9762] reaction_id=3364: Co2In2-111-O2-CH4 -> Co2In2-111-O2-CH3 (substrate=alloy)

[3365/9762] reaction_id=3365: Co2Ir2-111-O1-CH4 -> Co2Ir2-111-O1-CH3 (substrate=alloy)

[3366/9762] reaction_id=3366: Co2Ir2-111-O2-CH4 -> Co2Ir2-111-O2-CH3 (substrate=alloy)

[3367/9762] reaction_id=3367: Co2Mo2-111-O1-CH4 -> Co2Mo2-111-O1-CH3 (substrate=alloy)

[3368/9762] reaction_id=3368: Co2Mo2-111-O2-CH4 -> Co2Mo2-111-O2-CH3 (substrate=alloy)

[3369/9762] reaction_id=3369: Co2Ni2-111-O1-CH4 -> Co2Ni2-111-O1-CH3 (substrate=alloy)

[3370/9762] reaction_id=3370: Co2Ni2-111-O2-CH4 -> Co2Ni2-111-O2-CH3 (substrate=alloy)

[3371/9762] reaction_id=3371: Co2Os2-111-O1-CH4 -> Co2Os2-111-O1-CH3 (substrate=alloy)

[3372/9762] reaction_id=3372: Co2Os2-111-O2-CH4 -> Co2Os2-111-O2-CH3 (substrate=alloy)

[3373/9762] reaction_id=3373: Co2Pb2-111-O1-CH4 -> Co2Pb2-111-O1-CH3 (substrate=alloy)

[3374/9762] reaction_id=3374: Co2Pb2-111-O2-CH4 -> Co2Pb2-111-O2-CH3 (substrate=alloy)

[3375/9762] reaction_id=3375: Co2Pd2-111-O1-CH4 -> Co2Pd2-111-O1-CH3 (substrate=alloy)

[3376/9762] reaction_id=3376: Co2Pd2-111-O2-CH4 -> Co2Pd2-111-O2-CH3 (substrate=alloy)

[3377/9762] reaction_id=3377: Co2Pt2-111-O1-CH4 -> Co2Pt2-111-O1-CH3 (substrate=alloy)

[3378/9762] reaction_id=3378: Co2Pt2-111-O2-CH4 -> Co2Pt2-111-O2-CH3 (substrate=alloy)

[3379/9762] reaction_id=3379: Co2Re2-111-O1-CH4 -> Co2Re2-111-O1-CH3 (substrate=alloy)

[3380/9762] reaction_id=3380: Co2Re2-111-O2-CH4 -> Co2Re2-111-O2-CH3 (substrate=alloy)

[3381/9762] reaction_id=3381: Co2Rh2-111-O1-CH4 -> Co2Rh2-111-O1-CH3 (substrate=alloy)

[3382/9762] reaction_id=3382: Co2Rh2-111-O2-CH4 -> Co2Rh2-111-O2-CH3 (substrate=alloy)

[3383/9762] reaction_id=3383: Co2Ru2-111-O1-CH4 -> Co2Ru2-111-O1-CH3 (substrate=alloy)

[3384/9762] reaction_id=3384: Co2Ru2-111-O2-CH4 -> Co2Ru2-111-O2-CH3 (substrate=alloy)

[3385/9762] reaction_id=3385: Co2Sc2-111-O1-CH4 -> Co2Sc2-111-O1-CH3 (substrate=alloy)

[3386/9762] reaction_id=3386: Co2Sc2-111-O2-CH4 -> Co2Sc2-111-O2-CH3 (substrate=alloy)

[3387/9762] reaction_id=3387: Co2Sn2-111-O1-CH4 -> Co2Sn2-111-O1-CH3 (substrate=alloy)

[3388/9762] reaction_id=3388: Co2Sn2-111-O2-CH4 -> Co2Sn2-111-O2-CH3 (substrate=alloy)

[3389/9762] reaction_id=3389: Co2Ti2-111-O1-CH4 -> Co2Ti2-111-O1-CH3 (substrate=alloy)

[3390/9762] reaction_id=3390: Co2Ti2-111-O2-CH4 -> Co2Ti2-111-O2-CH3 (substrate=alloy)

[3391/9762] reaction_id=3391: Co2Tl2-111-O1-CH4 -> Co2Tl2-111-O1-CH3 (substrate=alloy)

[3392/9762] reaction_id=3392: Co2Tl2-111-O2-CH4 -> Co2Tl2-111-O2-CH3 (substrate=alloy)

[3393/9762] reaction_id=3393: Co2V2-111-O1-CH4 -> Co2V2-111-O1-CH3 (substrate=alloy)

[3394/9762] reaction_id=3394: Co2V2-111-O2-CH4 -> Co2V2-111-O2-CH3 (substrate=alloy)

[3395/9762] reaction_id=3395: Co2W2-111-O1-CH4 -> Co2W2-111-O1-CH3 (substrate=alloy)

[3396/9762] reaction_id=3396: Co2W2-111-O2-CH4 -> Co2W2-111-O2-CH3 (substrate=alloy)

[3397/9762] reaction_id=3397: Co2Y2-111-O1-CH4 -> Co2Y2-111-O1-CH3 (substrate=alloy)

[3398/9762] reaction_id=3398: Co2Zn2-111-O1-CH4 -> Co2Zn2-111-O1-CH3 (substrate=alloy)

[3399/9762] reaction_id=3399: Co2Zn2-111-O2-CH4 -> Co2Zn2-111-O2-CH3 (substrate=alloy)

[3400/9762] reaction_id=3400: Co2Zr2-111-O1-CH4 -> Co2Zr2-111-O1-CH3 (substrate=alloy)

[3401/9762] reaction_id=3401: Co2Zr2-111-O2-CH4 -> Co2Zr2-111-O2-CH3 (substrate=alloy)

[3402/9762] reaction_id=3402: Co3Cu-111-O1-CH4 -> Co3Cu-111-O1-CH3 (substrate=alloy)

[3403/9762] reaction_id=3403: Co3Cu-111-O2-CH4 -> Co3Cu-111-O2-CH3 (substrate=alloy)

[3404/9762] reaction_id=3404: Co3Fe-111-O1-CH4 -> Co3Fe-111-O1-CH3 (substrate=alloy)

[3405/9762] reaction_id=3405: Co3Fe-111-O2-CH4 -> Co3Fe-111-O2-CH3 (substrate=alloy)

[3406/9762] reaction_id=3406: Co3Ga-111-O1-CH4 -> Co3Ga-111-O1-CH3 (substrate=alloy)

[3407/9762] reaction_id=3407: Co3Ga-111-O2-CH4 -> Co3Ga-111-O2-CH3 (substrate=alloy)

[3408/9762] reaction_id=3408: Co3Hf-111-O1-CH4 -> Co3Hf-111-O1-CH3 (substrate=alloy)

[3409/9762] reaction_id=3409: Co3Hf-111-O2-CH4 -> Co3Hf-111-O2-CH3 (substrate=alloy)

[3410/9762] reaction_id=3410: Co3In-111-O1-CH4 -> Co3In-111-O1-CH3 (substrate=alloy)

[3411/9762] reaction_id=3411: Co3In-111-O2-CH4 -> Co3In-111-O2-CH3 (substrate=alloy)

[3412/9762] reaction_id=3412: Co3Ir-111-O1-CH4 -> Co3Ir-111-O1-CH3 (substrate=alloy)

[3413/9762] reaction_id=3413: Co3Ir-111-O2-CH4 -> Co3Ir-111-O2-CH3 (substrate=alloy)

[3414/9762] reaction_id=3414: Co3Mo-111-O1-CH4 -> Co3Mo-111-O1-CH3 (substrate=alloy)

[3415/9762] reaction_id=3415: Co3Mo-111-O2-CH4 -> Co3Mo-111-O2-CH3 (substrate=alloy)

[3416/9762] reaction_id=3416: Co3Nb-111-O1-CH4 -> Co3Nb-111-O1-CH3 (substrate=alloy)

[3417/9762] reaction_id=3417: Co3Nb-111-O2-CH4 -> Co3Nb-111-O2-CH3 (substrate=alloy)

[3418/9762] reaction_id=3418: Co3Ni-111-O1-CH4 -> Co3Ni-111-O1-CH3 (substrate=alloy)

[3419/9762] reaction_id=3419: Co3Ni-111-O2-CH4 -> Co3Ni-111-O2-CH3 (substrate=alloy)

[3420/9762] reaction_id=3420: Co3Os-111-O1-CH4 -> Co3Os-111-O1-CH3 (substrate=alloy)

[3421/9762] reaction_id=3421: Co3Os-111-O2-CH4 -> Co3Os-111-O2-CH3 (substrate=alloy)

[3422/9762] reaction_id=3422: Co3Pb-111-O1-CH4 -> Co3Pb-111-O1-CH3 (substrate=alloy)

[3423/9762] reaction_id=3423: Co3Pb-111-O2-CH4 -> Co3Pb-111-O2-CH3 (substrate=alloy)

[3424/9762] reaction_id=3424: Co3Pd-111-O1-CH4 -> Co3Pd-111-O1-CH3 (substrate=alloy)

[3425/9762] reaction_id=3425: Co3Pd-111-O2-CH4 -> Co3Pd-111-O2-CH3 (substrate=alloy)

[3426/9762] reaction_id=3426: Co3Pt-111-O1-CH4 -> Co3Pt-111-O1-CH3 (substrate=alloy)

[3427/9762] reaction_id=3427: Co3Pt-111-O2-CH4 -> Co3Pt-111-O2-CH3 (substrate=alloy)

[3428/9762] reaction_id=3428: Co3Re-111-O1-CH4 -> Co3Re-111-O1-CH3 (substrate=alloy)

[3429/9762] reaction_id=3429: Co3Re-111-O2-CH4 -> Co3Re-111-O2-CH3 (substrate=alloy)

[3430/9762] reaction_id=3430: Co3Rh-111-O1-CH4 -> Co3Rh-111-O1-CH3 (substrate=alloy)

[3431/9762] reaction_id=3431: Co3Rh-111-O2-CH4 -> Co3Rh-111-O2-CH3 (substrate=alloy)

[3432/9762] reaction_id=3432: Co3Ru-111-O1-CH4 -> Co3Ru-111-O1-CH3 (substrate=alloy)

[3433/9762] reaction_id=3433: Co3Ru-111-O2-CH4 -> Co3Ru-111-O2-CH3 (substrate=alloy)

[3434/9762] reaction_id=3434: Co3Sc-111-O1-CH4 -> Co3Sc-111-O1-CH3 (substrate=alloy)

[3435/9762] reaction_id=3435: Co3Sc-111-O2-CH4 -> Co3Sc-111-O2-CH3 (substrate=alloy)

[3436/9762] reaction_id=3436: Co3Sn-111-O1-CH4 -> Co3Sn-111-O1-CH3 (substrate=alloy)

[3437/9762] reaction_id=3437: Co3Sn-111-O2-CH4 -> Co3Sn-111-O2-CH3 (substrate=alloy)

[3438/9762] reaction_id=3438: Co3Ta-111-O1-CH4 -> Co3Ta-111-O1-CH3 (substrate=alloy)

[3439/9762] reaction_id=3439: Co3Ta-111-O2-CH4 -> Co3Ta-111-O2-CH3 (substrate=alloy)

[3440/9762] reaction_id=3440: Co3Tc-111-O1-CH4 -> Co3Tc-111-O1-CH3 (substrate=alloy)

[3441/9762] reaction_id=3441: Co3Tc-111-O2-CH4 -> Co3Tc-111-O2-CH3 (substrate=alloy)

[3442/9762] reaction_id=3442: Co3Ti-111-O1-CH4 -> Co3Ti-111-O1-CH3 (substrate=alloy)

[3443/9762] reaction_id=3443: Co3Ti-111-O2-CH4 -> Co3Ti-111-O2-CH3 (substrate=alloy)

[3444/9762] reaction_id=3444: Co3Tl-111-O1-CH4 -> Co3Tl-111-O1-CH3 (substrate=alloy)

[3445/9762] reaction_id=3445: Co3Tl-111-O2-CH4 -> Co3Tl-111-O2-CH3 (substrate=alloy)

[3446/9762] reaction_id=3446: Co3V-111-O1-CH4 -> Co3V-111-O1-CH3 (substrate=alloy)

[3447/9762] reaction_id=3447: Co3V-111-O2-CH4 -> Co3V-111-O2-CH3 (substrate=alloy)

[3448/9762] reaction_id=3448: Co3W-111-O1-CH4 -> Co3W-111-O1-CH3 (substrate=alloy)

[3449/9762] reaction_id=3449: Co3W-111-O2-CH4 -> Co3W-111-O2-CH3 (substrate=alloy)

[3450/9762] reaction_id=3450: Co3Y-111-O1-CH4 -> Co3Y-111-O1-CH3 (substrate=alloy)

[3451/9762] reaction_id=3451: Co3Zn-111-O1-CH4 -> Co3Zn-111-O1-CH3 (substrate=alloy)

[3452/9762] reaction_id=3452: Co3Zn-111-O2-CH4 -> Co3Zn-111-O2-CH3 (substrate=alloy)

[3453/9762] reaction_id=3453: Co3Zr-111-O1-CH4 -> Co3Zr-111-O1-CH3 (substrate=alloy)

[3454/9762] reaction_id=3454: Co3Zr-111-O2-CH4 -> Co3Zr-111-O2-CH3 (substrate=alloy)

[3455/9762] reaction_id=3455: CoCr3-111-O1-CH4 -> CoCr3-111-O1-CH3 (substrate=alloy)

[3456/9762] reaction_id=3456: CoCr3-111-O2-CH4 -> CoCr3-111-O2-CH3 (substrate=alloy)

[3457/9762] reaction_id=3457: CoCu3-111-O1-CH4 -> CoCu3-111-O1-CH3 (substrate=alloy)

[3458/9762] reaction_id=3458: CoCu3-111-O2-CH4 -> CoCu3-111-O2-CH3 (substrate=alloy)

[3459/9762] reaction_id=3459: CoHf3-111-O1-CH4 -> CoHf3-111-O1-CH3 (substrate=alloy)

[3460/9762] reaction_id=3460: CoHf3-111-O2-CH4 -> CoHf3-111-O2-CH3 (substrate=alloy)

[3461/9762] reaction_id=3461: CoIn3-111-O1-CH4 -> CoIn3-111-O1-CH3 (substrate=alloy)

[3462/9762] reaction_id=3462: CoIn3-111-O2-CH4 -> CoIn3-111-O2-CH3 (substrate=alloy)

[3463/9762] reaction_id=3463: CoIr3-111-O1-CH4 -> CoIr3-111-O1-CH3 (substrate=alloy)

[3464/9762] reaction_id=3464: CoIr3-111-O2-CH4 -> CoIr3-111-O2-CH3 (substrate=alloy)

[3465/9762] reaction_id=3465: CoMn3-111-O1-CH4 -> CoMn3-111-O1-CH3 (substrate=alloy)

[3466/9762] reaction_id=3466: CoMn3-111-O2-CH4 -> CoMn3-111-O2-CH3 (substrate=alloy)

[3467/9762] reaction_id=3467: CoMo3-111-O1-CH4 -> CoMo3-111-O1-CH3 (substrate=alloy)

[3468/9762] reaction_id=3468: CoMo3-111-O2-CH4 -> CoMo3-111-O2-CH3 (substrate=alloy)

[3469/9762] reaction_id=3469: CoNb3-111-O1-CH4 -> CoNb3-111-O1-CH3 (substrate=alloy)

[3470/9762] reaction_id=3470: CoNb3-111-O2-CH4 -> CoNb3-111-O2-CH3 (substrate=alloy)

[3471/9762] reaction_id=3471: CoNi3-111-O1-CH4 -> CoNi3-111-O1-CH3 (substrate=alloy)

[3472/9762] reaction_id=3472: CoNi3-111-O2-CH4 -> CoNi3-111-O2-CH3 (substrate=alloy)

[3473/9762] reaction_id=3473: CoOs3-111-O1-CH4 -> CoOs3-111-O1-CH3 (substrate=alloy)

[3474/9762] reaction_id=3474: CoOs3-111-O2-CH4 -> CoOs3-111-O2-CH3 (substrate=alloy)

[3475/9762] reaction_id=3475: CoPd3-111-O1-CH4 -> CoPd3-111-O1-CH3 (substrate=alloy)

[3476/9762] reaction_id=3476: CoPd3-111-O2-CH4 -> CoPd3-111-O2-CH3 (substrate=alloy)

[3477/9762] reaction_id=3477: CoRe3-111-O1-CH4 -> CoRe3-111-O1-CH3 (substrate=alloy)

[3478/9762] reaction_id=3478: CoRe3-111-O2-CH4 -> CoRe3-111-O2-CH3 (substrate=alloy)

[3479/9762] reaction_id=3479: CoRu3-111-O1-CH4 -> CoRu3-111-O1-CH3 (substrate=alloy)

[3480/9762] reaction_id=3480: CoRu3-111-O2-CH4 -> CoRu3-111-O2-CH3 (substrate=alloy)

[3481/9762] reaction_id=3481: CoSn3-111-O1-CH4 -> CoSn3-111-O1-CH3 (substrate=alloy)

[3482/9762] reaction_id=3482: CoSn3-111-O2-CH4 -> CoSn3-111-O2-CH3 (substrate=alloy)

[3483/9762] reaction_id=3483: CoTc3-111-O1-CH4 -> CoTc3-111-O1-CH3 (substrate=alloy)

[3484/9762] reaction_id=3484: CoTc3-111-O2-CH4 -> CoTc3-111-O2-CH3 (substrate=alloy)

[3485/9762] reaction_id=3485: CoTi3-111-O1-CH4 -> CoTi3-111-O1-CH3 (substrate=alloy)

[3486/9762] reaction_id=3486: CoTi3-111-O2-CH4 -> CoTi3-111-O2-CH3 (substrate=alloy)

[3487/9762] reaction_id=3487: CoV3-111-O1-CH4 -> CoV3-111-O1-CH3 (substrate=alloy)

[3488/9762] reaction_id=3488: CoV3-111-O2-CH4 -> CoV3-111-O2-CH3 (substrate=alloy)

[3489/9762] reaction_id=3489: CoW3-111-O1-CH4 -> CoW3-111-O1-CH3 (substrate=alloy)

[3490/9762] reaction_id=3490: CoW3-111-O2-CH4 -> CoW3-111-O2-CH3 (substrate=alloy)

[3491/9762] reaction_id=3491: CoZn3-111-O1-CH4 -> CoZn3-111-O1-CH3 (substrate=alloy)

[3492/9762] reaction_id=3492: CoZn3-111-O2-CH4 -> CoZn3-111-O2-CH3 (substrate=alloy)

[3493/9762] reaction_id=3493: CoZr3-111-O1-CH4 -> CoZr3-111-O1-CH3 (substrate=alloy)

[3494/9762] reaction_id=3494: CoZr3-111-O2-CH4 -> CoZr3-111-O2-CH3 (substrate=alloy)

[3495/9762] reaction_id=3495: Cr2Cu2-111-O1-CH4 -> Cr2Cu2-111-O1-CH3 (substrate=alloy)

[3496/9762] reaction_id=3496: Cr2Cu2-111-O2-CH4 -> Cr2Cu2-111-O2-CH3 (substrate=alloy)

[3497/9762] reaction_id=3497: Cr2Fe2-111-O2-CH4 -> Cr2Fe2-111-O2-CH3 (substrate=alloy)

[3498/9762] reaction_id=3498: Cr2Ga2-111-O1-CH4 -> Cr2Ga2-111-O1-CH3 (substrate=alloy)

[3499/9762] reaction_id=3499: Cr2Hf2-111-O2-CH4 -> Cr2Hf2-111-O2-CH3 (substrate=alloy)

[3500/9762] reaction_id=3500: Cr2In2-111-O1-CH4 -> Cr2In2-111-O1-CH3 (substrate=alloy)

[3501/9762] reaction_id=3501: Cr2In2-111-O2-CH4 -> Cr2In2-111-O2-CH3 (substrate=alloy)

[3502/9762] reaction_id=3502: Cr2Ir2-111-O1-CH4 -> Cr2Ir2-111-O1-CH3 (substrate=alloy)

[3503/9762] reaction_id=3503: Cr2Ir2-111-O2-CH4 -> Cr2Ir2-111-O2-CH3 (substrate=alloy)

[3504/9762] reaction_id=3504: Cr2Mn2-111-O1-CH4 -> Cr2Mn2-111-O1-CH3 (substrate=alloy)

[3505/9762] reaction_id=3505: Cr2Mn2-111-O2-CH4 -> Cr2Mn2-111-O2-CH3 (substrate=alloy)

[3506/9762] reaction_id=3506: Cr2Mo2-111-O1-CH4 -> Cr2Mo2-111-O1-CH3 (substrate=alloy)

[3507/9762] reaction_id=3507: Cr2Mo2-111-O2-CH4 -> Cr2Mo2-111-O2-CH3 (substrate=alloy)

[3508/9762] reaction_id=3508: Cr2Nb2-111-O2-CH4 -> Cr2Nb2-111-O2-CH3 (substrate=alloy)

[3509/9762] reaction_id=3509: Cr2Ni2-111-O2-CH4 -> Cr2Ni2-111-O2-CH3 (substrate=alloy)

[3510/9762] reaction_id=3510: Cr2Os2-111-O1-CH4 -> Cr2Os2-111-O1-CH3 (substrate=alloy)

[3511/9762] reaction_id=3511: Cr2Os2-111-O2-CH4 -> Cr2Os2-111-O2-CH3 (substrate=alloy)

[3512/9762] reaction_id=3512: Cr2Pb2-111-O1-CH4 -> Cr2Pb2-111-O1-CH3 (substrate=alloy)

[3513/9762] reaction_id=3513: Cr2Pb2-111-O2-CH4 -> Cr2Pb2-111-O2-CH3 (substrate=alloy)

[3514/9762] reaction_id=3514: Cr2Pd2-111-O1-CH4 -> Cr2Pd2-111-O1-CH3 (substrate=alloy)

[3515/9762] reaction_id=3515: Cr2Pd2-111-O2-CH4 -> Cr2Pd2-111-O2-CH3 (substrate=alloy)

[3516/9762] reaction_id=3516: Cr2Pt2-111-O2-CH4 -> Cr2Pt2-111-O2-CH3 (substrate=alloy)

[3517/9762] reaction_id=3517: Cr2Re2-111-O1-CH4 -> Cr2Re2-111-O1-CH3 (substrate=alloy)

[3518/9762] reaction_id=3518: Cr2Re2-111-O2-CH4 -> Cr2Re2-111-O2-CH3 (substrate=alloy)

[3519/9762] reaction_id=3519: Cr2Rh2-111-O2-CH4 -> Cr2Rh2-111-O2-CH3 (substrate=alloy)

[3520/9762] reaction_id=3520: Cr2Ru2-111-O2-CH4 -> Cr2Ru2-111-O2-CH3 (substrate=alloy)

[3521/9762] reaction_id=3521: Cr2Sc2-111-O1-CH4 -> Cr2Sc2-111-O1-CH3 (substrate=alloy)

[3522/9762] reaction_id=3522: Cr2Sc2-111-O2-CH4 -> Cr2Sc2-111-O2-CH3 (substrate=alloy)

[3523/9762] reaction_id=3523: Cr2Sn2-111-O2-CH4 -> Cr2Sn2-111-O2-CH3 (substrate=alloy)

[3524/9762] reaction_id=3524: Cr2Ta2-111-O2-CH4 -> Cr2Ta2-111-O2-CH3 (substrate=alloy)

[3525/9762] reaction_id=3525: Cr2Tc2-111-O2-CH4 -> Cr2Tc2-111-O2-CH3 (substrate=alloy)

[3526/9762] reaction_id=3526: Cr2Ti2-111-O2-CH4 -> Cr2Ti2-111-O2-CH3 (substrate=alloy)

[3527/9762] reaction_id=3527: Cr2Tl2-111-O2-CH4 -> Cr2Tl2-111-O2-CH3 (substrate=alloy)

[3528/9762] reaction_id=3528: Cr2V2-111-O1-CH4 -> Cr2V2-111-O1-CH3 (substrate=alloy)

[3529/9762] reaction_id=3529: Cr2W2-111-O1-CH4 -> Cr2W2-111-O1-CH3 (substrate=alloy)

[3530/9762] reaction_id=3530: Cr2Y2-111-O1-CH4 -> Cr2Y2-111-O1-CH3 (substrate=alloy)

[3531/9762] reaction_id=3531: Cr2Y2-111-O2-CH4 -> Cr2Y2-111-O2-CH3 (substrate=alloy)

[3532/9762] reaction_id=3532: Cr2Zn2-111-O1-CH4 -> Cr2Zn2-111-O1-CH3 (substrate=alloy)

[3533/9762] reaction_id=3533: Cr2Zn2-111-O2-CH4 -> Cr2Zn2-111-O2-CH3 (substrate=alloy)

[3534/9762] reaction_id=3534: Cr2Zr2-111-O2-CH4 -> Cr2Zr2-111-O2-CH3 (substrate=alloy)

[3535/9762] reaction_id=3535: Cr3Cu-111-O1-CH4 -> Cr3Cu-111-O1-CH3 (substrate=alloy)

[3536/9762] reaction_id=3536: Cr3Cu-111-O2-CH4 -> Cr3Cu-111-O2-CH3 (substrate=alloy)

[3537/9762] reaction_id=3537: Cr3Ga-111-O1-CH4 -> Cr3Ga-111-O1-CH3 (substrate=alloy)

[3538/9762] reaction_id=3538: Cr3Ga-111-O2-CH4 -> Cr3Ga-111-O2-CH3 (substrate=alloy)

[3539/9762] reaction_id=3539: Cr3Hf-111-O1-CH4 -> Cr3Hf-111-O1-CH3 (substrate=alloy)

[3540/9762] reaction_id=3540: Cr3Hf-111-O2-CH4 -> Cr3Hf-111-O2-CH3 (substrate=alloy)

[3541/9762] reaction_id=3541: Cr3In-111-O1-CH4 -> Cr3In-111-O1-CH3 (substrate=alloy)

[3542/9762] reaction_id=3542: Cr3In-111-O2-CH4 -> Cr3In-111-O2-CH3 (substrate=alloy)

[3543/9762] reaction_id=3543: Cr3Ir-111-O1-CH4 -> Cr3Ir-111-O1-CH3 (substrate=alloy)

[3544/9762] reaction_id=3544: Cr3Ir-111-O2-CH4 -> Cr3Ir-111-O2-CH3 (substrate=alloy)

[3545/9762] reaction_id=3545: Cr3Mo-111-O1-CH4 -> Cr3Mo-111-O1-CH3 (substrate=alloy)

[3546/9762] reaction_id=3546: Cr3Mo-111-O2-CH4 -> Cr3Mo-111-O2-CH3 (substrate=alloy)

[3547/9762] reaction_id=3547: Cr3Nb-111-O1-CH4 -> Cr3Nb-111-O1-CH3 (substrate=alloy)

[3548/9762] reaction_id=3548: Cr3Nb-111-O2-CH4 -> Cr3Nb-111-O2-CH3 (substrate=alloy)

[3549/9762] reaction_id=3549: Cr3Os-111-O1-CH4 -> Cr3Os-111-O1-CH3 (substrate=alloy)

[3550/9762] reaction_id=3550: Cr3Os-111-O2-CH4 -> Cr3Os-111-O2-CH3 (substrate=alloy)

[3551/9762] reaction_id=3551: Cr3Pb-111-O1-CH4 -> Cr3Pb-111-O1-CH3 (substrate=alloy)

[3552/9762] reaction_id=3552: Cr3Pb-111-O2-CH4 -> Cr3Pb-111-O2-CH3 (substrate=alloy)

[3553/9762] reaction_id=3553: Cr3Pd-111-O1-CH4 -> Cr3Pd-111-O1-CH3 (substrate=alloy)

[3554/9762] reaction_id=3554: Cr3Pd-111-O2-CH4 -> Cr3Pd-111-O2-CH3 (substrate=alloy)

[3555/9762] reaction_id=3555: Cr3Pt-111-O1-CH4 -> Cr3Pt-111-O1-CH3 (substrate=alloy)

[3556/9762] reaction_id=3556: Cr3Pt-111-O2-CH4 -> Cr3Pt-111-O2-CH3 (substrate=alloy)

[3557/9762] reaction_id=3557: Cr3Re-111-O1-CH4 -> Cr3Re-111-O1-CH3 (substrate=alloy)

[3558/9762] reaction_id=3558: Cr3Re-111-O2-CH4 -> Cr3Re-111-O2-CH3 (substrate=alloy)

[3559/9762] reaction_id=3559: Cr3Rh-111-O1-CH4 -> Cr3Rh-111-O1-CH3 (substrate=alloy)

[3560/9762] reaction_id=3560: Cr3Rh-111-O2-CH4 -> Cr3Rh-111-O2-CH3 (substrate=alloy)

[3561/9762] reaction_id=3561: Cr3Ru-111-O1-CH4 -> Cr3Ru-111-O1-CH3 (substrate=alloy)

[3562/9762] reaction_id=3562: Cr3Ru-111-O2-CH4 -> Cr3Ru-111-O2-CH3 (substrate=alloy)

[3563/9762] reaction_id=3563: Cr3Sc-111-O1-CH4 -> Cr3Sc-111-O1-CH3 (substrate=alloy)

[3564/9762] reaction_id=3564: Cr3Sc-111-O2-CH4 -> Cr3Sc-111-O2-CH3 (substrate=alloy)

[3565/9762] reaction_id=3565: Cr3Sn-111-O1-CH4 -> Cr3Sn-111-O1-CH3 (substrate=alloy)

[3566/9762] reaction_id=3566: Cr3Sn-111-O2-CH4 -> Cr3Sn-111-O2-CH3 (substrate=alloy)

[3567/9762] reaction_id=3567: Cr3Ta-111-O1-CH4 -> Cr3Ta-111-O1-CH3 (substrate=alloy)

[3568/9762] reaction_id=3568: Cr3Ta-111-O2-CH4 -> Cr3Ta-111-O2-CH3 (substrate=alloy)

[3569/9762] reaction_id=3569: Cr3Tc-111-O1-CH4 -> Cr3Tc-111-O1-CH3 (substrate=alloy)

[3570/9762] reaction_id=3570: Cr3Tc-111-O2-CH4 -> Cr3Tc-111-O2-CH3 (substrate=alloy)

[3571/9762] reaction_id=3571: Cr3Ti-111-O1-CH4 -> Cr3Ti-111-O1-CH3 (substrate=alloy)

[3572/9762] reaction_id=3572: Cr3Ti-111-O2-CH4 -> Cr3Ti-111-O2-CH3 (substrate=alloy)

[3573/9762] reaction_id=3573: Cr3Tl-111-O1-CH4 -> Cr3Tl-111-O1-CH3 (substrate=alloy)

[3574/9762] reaction_id=3574: Cr3Tl-111-O2-CH4 -> Cr3Tl-111-O2-CH3 (substrate=alloy)

[3575/9762] reaction_id=3575: Cr3V-111-O1-CH4 -> Cr3V-111-O1-CH3 (substrate=alloy)

[3576/9762] reaction_id=3576: Cr3V-111-O2-CH4 -> Cr3V-111-O2-CH3 (substrate=alloy)

[3577/9762] reaction_id=3577: Cr3W-111-O1-CH4 -> Cr3W-111-O1-CH3 (substrate=alloy)

[3578/9762] reaction_id=3578: Cr3W-111-O2-CH4 -> Cr3W-111-O2-CH3 (substrate=alloy)

[3579/9762] reaction_id=3579: Cr3Y-111-O1-CH4 -> Cr3Y-111-O1-CH3 (substrate=alloy)

[3580/9762] reaction_id=3580: Cr3Y-111-O2-CH4 -> Cr3Y-111-O2-CH3 (substrate=alloy)

[3581/9762] reaction_id=3581: Cr3Zn-111-O1-CH4 -> Cr3Zn-111-O1-CH3 (substrate=alloy)

[3582/9762] reaction_id=3582: Cr3Zn-111-O2-CH4 -> Cr3Zn-111-O2-CH3 (substrate=alloy)

[3583/9762] reaction_id=3583: Cr3Zr-111-O1-CH4 -> Cr3Zr-111-O1-CH3 (substrate=alloy)

[3584/9762] reaction_id=3584: Cr3Zr-111-O2-CH4 -> Cr3Zr-111-O2-CH3 (substrate=alloy)

[3585/9762] reaction_id=3585: CrCu3-111-O1-CH4 -> CrCu3-111-O1-CH3 (substrate=alloy)

[3586/9762] reaction_id=3586: CrCu3-111-O2-CH4 -> CrCu3-111-O2-CH3 (substrate=alloy)

[3587/9762] reaction_id=3587: CrGa3-111-O1-CH4 -> CrGa3-111-O1-CH3 (substrate=alloy)

[3588/9762] reaction_id=3588: CrGa3-111-O2-CH4 -> CrGa3-111-O2-CH3 (substrate=alloy)

[3589/9762] reaction_id=3589: CrHf3-111-O1-CH4 -> CrHf3-111-O1-CH3 (substrate=alloy)

[3590/9762] reaction_id=3590: CrHf3-111-O2-CH4 -> CrHf3-111-O2-CH3 (substrate=alloy)

[3591/9762] reaction_id=3591: CrIn3-111-O1-CH4 -> CrIn3-111-O1-CH3 (substrate=alloy)

[3592/9762] reaction_id=3592: CrIn3-111-O2-CH4 -> CrIn3-111-O2-CH3 (substrate=alloy)

[3593/9762] reaction_id=3593: CrIr3-111-O1-CH4 -> CrIr3-111-O1-CH3 (substrate=alloy)

[3594/9762] reaction_id=3594: CrIr3-111-O2-CH4 -> CrIr3-111-O2-CH3 (substrate=alloy)

[3595/9762] reaction_id=3595: CrMo3-111-O1-CH4 -> CrMo3-111-O1-CH3 (substrate=alloy)

[3596/9762] reaction_id=3596: CrMo3-111-O2-CH4 -> CrMo3-111-O2-CH3 (substrate=alloy)

[3597/9762] reaction_id=3597: CrNb3-111-O1-CH4 -> CrNb3-111-O1-CH3 (substrate=alloy)

[3598/9762] reaction_id=3598: CrNb3-111-O2-CH4 -> CrNb3-111-O2-CH3 (substrate=alloy)

[3599/9762] reaction_id=3599: CrNi3-111-O1-CH4 -> CrNi3-111-O1-CH3 (substrate=alloy)

[3600/9762] reaction_id=3600: CrNi3-111-O2-CH4 -> CrNi3-111-O2-CH3 (substrate=alloy)

[3601/9762] reaction_id=3601: CrOs3-111-O1-CH4 -> CrOs3-111-O1-CH3 (substrate=alloy)

[3602/9762] reaction_id=3602: CrOs3-111-O2-CH4 -> CrOs3-111-O2-CH3 (substrate=alloy)

[3603/9762] reaction_id=3603: CrPb3-111-O1-CH4 -> CrPb3-111-O1-CH3 (substrate=alloy)

[3604/9762] reaction_id=3604: CrPb3-111-O2-CH4 -> CrPb3-111-O2-CH3 (substrate=alloy)

[3605/9762] reaction_id=3605: CrPd3-111-O1-CH4 -> CrPd3-111-O1-CH3 (substrate=alloy)

[3606/9762] reaction_id=3606: CrPd3-111-O2-CH4 -> CrPd3-111-O2-CH3 (substrate=alloy)

[3607/9762] reaction_id=3607: CrPt3-111-O1-CH4 -> CrPt3-111-O1-CH3 (substrate=alloy)

[3608/9762] reaction_id=3608: CrPt3-111-O2-CH4 -> CrPt3-111-O2-CH3 (substrate=alloy)

[3609/9762] reaction_id=3609: CrRe3-111-O1-CH4 -> CrRe3-111-O1-CH3 (substrate=alloy)

[3610/9762] reaction_id=3610: CrRe3-111-O2-CH4 -> CrRe3-111-O2-CH3 (substrate=alloy)

[3611/9762] reaction_id=3611: CrRh3-111-O1-CH4 -> CrRh3-111-O1-CH3 (substrate=alloy)

[3612/9762] reaction_id=3612: CrRh3-111-O2-CH4 -> CrRh3-111-O2-CH3 (substrate=alloy)

[3613/9762] reaction_id=3613: CrRu3-111-O1-CH4 -> CrRu3-111-O1-CH3 (substrate=alloy)

[3614/9762] reaction_id=3614: CrRu3-111-O2-CH4 -> CrRu3-111-O2-CH3 (substrate=alloy)

[3615/9762] reaction_id=3615: CrSc3-111-O1-CH4 -> CrSc3-111-O1-CH3 (substrate=alloy)

[3616/9762] reaction_id=3616: CrSc3-111-O2-CH4 -> CrSc3-111-O2-CH3 (substrate=alloy)

[3617/9762] reaction_id=3617: CrSn3-111-O1-CH4 -> CrSn3-111-O1-CH3 (substrate=alloy)

[3618/9762] reaction_id=3618: CrSn3-111-O2-CH4 -> CrSn3-111-O2-CH3 (substrate=alloy)

[3619/9762] reaction_id=3619: CrTa3-111-O1-CH4 -> CrTa3-111-O1-CH3 (substrate=alloy)

[3620/9762] reaction_id=3620: CrTa3-111-O2-CH4 -> CrTa3-111-O2-CH3 (substrate=alloy)

[3621/9762] reaction_id=3621: CrTc3-111-O1-CH4 -> CrTc3-111-O1-CH3 (substrate=alloy)

[3622/9762] reaction_id=3622: CrTc3-111-O2-CH4 -> CrTc3-111-O2-CH3 (substrate=alloy)

[3623/9762] reaction_id=3623: CrTi3-111-O1-CH4 -> CrTi3-111-O1-CH3 (substrate=alloy)

[3624/9762] reaction_id=3624: CrTi3-111-O2-CH4 -> CrTi3-111-O2-CH3 (substrate=alloy)

[3625/9762] reaction_id=3625: CrTl3-111-O1-CH4 -> CrTl3-111-O1-CH3 (substrate=alloy)

[3626/9762] reaction_id=3626: CrTl3-111-O2-CH4 -> CrTl3-111-O2-CH3 (substrate=alloy)

[3627/9762] reaction_id=3627: CrV3-111-O1-CH4 -> CrV3-111-O1-CH3 (substrate=alloy)

[3628/9762] reaction_id=3628: CrV3-111-O2-CH4 -> CrV3-111-O2-CH3 (substrate=alloy)

[3629/9762] reaction_id=3629: CrW3-111-O1-CH4 -> CrW3-111-O1-CH3 (substrate=alloy)

[3630/9762] reaction_id=3630: CrW3-111-O2-CH4 -> CrW3-111-O2-CH3 (substrate=alloy)

[3631/9762] reaction_id=3631: CrY3-111-O1-CH4 -> CrY3-111-O1-CH3 (substrate=alloy)

[3632/9762] reaction_id=3632: CrY3-111-O2-CH4 -> CrY3-111-O2-CH3 (substrate=alloy)

[3633/9762] reaction_id=3633: CrZn3-111-O1-CH4 -> CrZn3-111-O1-CH3 (substrate=alloy)

[3634/9762] reaction_id=3634: CrZn3-111-O2-CH4 -> CrZn3-111-O2-CH3 (substrate=alloy)

[3635/9762] reaction_id=3635: CrZr3-111-O1-CH4 -> CrZr3-111-O1-CH3 (substrate=alloy)

[3636/9762] reaction_id=3636: CrZr3-111-O2-CH4 -> CrZr3-111-O2-CH3 (substrate=alloy)

[3637/9762] reaction_id=3637: Cu2Fe2-111-O1-CH4 -> Cu2Fe2-111-O1-CH3 (substrate=alloy)

[3638/9762] reaction_id=3638: Cu2Fe2-111-O2-CH4 -> Cu2Fe2-111-O2-CH3 (substrate=alloy)

[3639/9762] reaction_id=3639: Cu2Ga2-111-O1-CH4 -> Cu2Ga2-111-O1-CH3 (substrate=alloy)

[3640/9762] reaction_id=3640: Cu2Ga2-111-O2-CH4 -> Cu2Ga2-111-O2-CH3 (substrate=alloy)

[3641/9762] reaction_id=3641: Cu2Hf2-111-O1-CH4 -> Cu2Hf2-111-O1-CH3 (substrate=alloy)

[3642/9762] reaction_id=3642: Cu2Hf2-111-O2-CH4 -> Cu2Hf2-111-O2-CH3 (substrate=alloy)

[3643/9762] reaction_id=3643: Cu2In2-111-O1-CH4 -> Cu2In2-111-O1-CH3 (substrate=alloy)

[3644/9762] reaction_id=3644: Cu2In2-111-O2-CH4 -> Cu2In2-111-O2-CH3 (substrate=alloy)

[3645/9762] reaction_id=3645: Cu2Ir2-111-O1-CH4 -> Cu2Ir2-111-O1-CH3 (substrate=alloy)

[3646/9762] reaction_id=3646: Cu2Ir2-111-O2-CH4 -> Cu2Ir2-111-O2-CH3 (substrate=alloy)

[3647/9762] reaction_id=3647: Cu2Mn2-111-O1-CH4 -> Cu2Mn2-111-O1-CH3 (substrate=alloy)

[3648/9762] reaction_id=3648: Cu2Mn2-111-O2-CH4 -> Cu2Mn2-111-O2-CH3 (substrate=alloy)

[3649/9762] reaction_id=3649: Cu2Mo2-111-O1-CH4 -> Cu2Mo2-111-O1-CH3 (substrate=alloy)

[3650/9762] reaction_id=3650: Cu2Mo2-111-O2-CH4 -> Cu2Mo2-111-O2-CH3 (substrate=alloy)

[3651/9762] reaction_id=3651: Cu2Nb2-111-O1-CH4 -> Cu2Nb2-111-O1-CH3 (substrate=alloy)

[3652/9762] reaction_id=3652: Cu2Nb2-111-O2-CH4 -> Cu2Nb2-111-O2-CH3 (substrate=alloy)

[3653/9762] reaction_id=3653: Cu2Ni2-111-O1-CH4 -> Cu2Ni2-111-O1-CH3 (substrate=alloy)

[3654/9762] reaction_id=3654: Cu2Ni2-111-O2-CH4 -> Cu2Ni2-111-O2-CH3 (substrate=alloy)

[3655/9762] reaction_id=3655: Cu2Os2-111-O1-CH4 -> Cu2Os2-111-O1-CH3 (substrate=alloy)

[3656/9762] reaction_id=3656: Cu2Os2-111-O2-CH4 -> Cu2Os2-111-O2-CH3 (substrate=alloy)

[3657/9762] reaction_id=3657: Cu2Pb2-111-O1-CH4 -> Cu2Pb2-111-O1-CH3 (substrate=alloy)

[3658/9762] reaction_id=3658: Cu2Pb2-111-O2-CH4 -> Cu2Pb2-111-O2-CH3 (substrate=alloy)

[3659/9762] reaction_id=3659: Cu2Pd2-111-O1-CH4 -> Cu2Pd2-111-O1-CH3 (substrate=alloy)

[3660/9762] reaction_id=3660: Cu2Pd2-111-O2-CH4 -> Cu2Pd2-111-O2-CH3 (substrate=alloy)

[3661/9762] reaction_id=3661: Cu2Pt2-111-O1-CH4 -> Cu2Pt2-111-O1-CH3 (substrate=alloy)

[3662/9762] reaction_id=3662: Cu2Pt2-111-O2-CH4 -> Cu2Pt2-111-O2-CH3 (substrate=alloy)

[3663/9762] reaction_id=3663: Cu2Re2-111-O1-CH4 -> Cu2Re2-111-O1-CH3 (substrate=alloy)

[3664/9762] reaction_id=3664: Cu2Re2-111-O2-CH4 -> Cu2Re2-111-O2-CH3 (substrate=alloy)

[3665/9762] reaction_id=3665: Cu2Rh2-111-O1-CH4 -> Cu2Rh2-111-O1-CH3 (substrate=alloy)

[3666/9762] reaction_id=3666: Cu2Rh2-111-O2-CH4 -> Cu2Rh2-111-O2-CH3 (substrate=alloy)

[3667/9762] reaction_id=3667: Cu2Ru2-111-O1-CH4 -> Cu2Ru2-111-O1-CH3 (substrate=alloy)

[3668/9762] reaction_id=3668: Cu2Ru2-111-O2-CH4 -> Cu2Ru2-111-O2-CH3 (substrate=alloy)

[3669/9762] reaction_id=3669: Cu2Sc2-111-O1-CH4 -> Cu2Sc2-111-O1-CH3 (substrate=alloy)

[3670/9762] reaction_id=3670: Cu2Sc2-111-O2-CH4 -> Cu2Sc2-111-O2-CH3 (substrate=alloy)

[3671/9762] reaction_id=3671: Cu2Sn2-111-O1-CH4 -> Cu2Sn2-111-O1-CH3 (substrate=alloy)

[3672/9762] reaction_id=3672: Cu2Sn2-111-O2-CH4 -> Cu2Sn2-111-O2-CH3 (substrate=alloy)

[3673/9762] reaction_id=3673: Cu2Ta2-111-O1-CH4 -> Cu2Ta2-111-O1-CH3 (substrate=alloy)

[3674/9762] reaction_id=3674: Cu2Ta2-111-O2-CH4 -> Cu2Ta2-111-O2-CH3 (substrate=alloy)

[3675/9762] reaction_id=3675: Cu2Tc2-111-O1-CH4 -> Cu2Tc2-111-O1-CH3 (substrate=alloy)

[3676/9762] reaction_id=3676: Cu2Tc2-111-O2-CH4 -> Cu2Tc2-111-O2-CH3 (substrate=alloy)

[3677/9762] reaction_id=3677: Cu2Ti2-111-O1-CH4 -> Cu2Ti2-111-O1-CH3 (substrate=alloy)

[3678/9762] reaction_id=3678: Cu2Ti2-111-O2-CH4 -> Cu2Ti2-111-O2-CH3 (substrate=alloy)

[3679/9762] reaction_id=3679: Cu2Tl2-111-O1-CH4 -> Cu2Tl2-111-O1-CH3 (substrate=alloy)

[3680/9762] reaction_id=3680: Cu2Tl2-111-O2-CH4 -> Cu2Tl2-111-O2-CH3 (substrate=alloy)

[3681/9762] reaction_id=3681: Cu2V2-111-O1-CH4 -> Cu2V2-111-O1-CH3 (substrate=alloy)

[3682/9762] reaction_id=3682: Cu2V2-111-O2-CH4 -> Cu2V2-111-O2-CH3 (substrate=alloy)

[3683/9762] reaction_id=3683: Cu2W2-111-O1-CH4 -> Cu2W2-111-O1-CH3 (substrate=alloy)

[3684/9762] reaction_id=3684: Cu2W2-111-O2-CH4 -> Cu2W2-111-O2-CH3 (substrate=alloy)

[3685/9762] reaction_id=3685: Cu2Y2-111-O1-CH4 -> Cu2Y2-111-O1-CH3 (substrate=alloy)

[3686/9762] reaction_id=3686: Cu2Zn2-111-O1-CH4 -> Cu2Zn2-111-O1-CH3 (substrate=alloy)

[3687/9762] reaction_id=3687: Cu2Zn2-111-O2-CH4 -> Cu2Zn2-111-O2-CH3 (substrate=alloy)

[3688/9762] reaction_id=3688: Cu2Zr2-111-O1-CH4 -> Cu2Zr2-111-O1-CH3 (substrate=alloy)

[3689/9762] reaction_id=3689: Cu2Zr2-111-O2-CH4 -> Cu2Zr2-111-O2-CH3 (substrate=alloy)

[3690/9762] reaction_id=3690: Cu3Fe-111-O1-CH4 -> Cu3Fe-111-O1-CH3 (substrate=alloy)

[3691/9762] reaction_id=3691: Cu3Ga-111-O1-CH4 -> Cu3Ga-111-O1-CH3 (substrate=alloy)

[3692/9762] reaction_id=3692: Cu3Ga-111-O2-CH4 -> Cu3Ga-111-O2-CH3 (substrate=alloy)

[3693/9762] reaction_id=3693: Cu3Hf-111-O1-CH4 -> Cu3Hf-111-O1-CH3 (substrate=alloy)

[3694/9762] reaction_id=3694: Cu3Hf-111-O2-CH4 -> Cu3Hf-111-O2-CH3 (substrate=alloy)

[3695/9762] reaction_id=3695: Cu3In-111-O1-CH4 -> Cu3In-111-O1-CH3 (substrate=alloy)

[3696/9762] reaction_id=3696: Cu3In-111-O2-CH4 -> Cu3In-111-O2-CH3 (substrate=alloy)

[3697/9762] reaction_id=3697: Cu3Ir-111-O1-CH4 -> Cu3Ir-111-O1-CH3 (substrate=alloy)

[3698/9762] reaction_id=3698: Cu3Ir-111-O2-CH4 -> Cu3Ir-111-O2-CH3 (substrate=alloy)

[3699/9762] reaction_id=3699: Cu3Mn-111-O2-CH4 -> Cu3Mn-111-O2-CH3 (substrate=alloy)

[3700/9762] reaction_id=3700: Cu3Mo-111-O1-CH4 -> Cu3Mo-111-O1-CH3 (substrate=alloy)

[3701/9762] reaction_id=3701: Cu3Mo-111-O2-CH4 -> Cu3Mo-111-O2-CH3 (substrate=alloy)

[3702/9762] reaction_id=3702: Cu3Nb-111-O1-CH4 -> Cu3Nb-111-O1-CH3 (substrate=alloy)

[3703/9762] reaction_id=3703: Cu3Nb-111-O2-CH4 -> Cu3Nb-111-O2-CH3 (substrate=alloy)

[3704/9762] reaction_id=3704: Cu3Ni-111-O1-CH4 -> Cu3Ni-111-O1-CH3 (substrate=alloy)

[3705/9762] reaction_id=3705: Cu3Ni-111-O2-CH4 -> Cu3Ni-111-O2-CH3 (substrate=alloy)

[3706/9762] reaction_id=3706: Cu3Os-111-O1-CH4 -> Cu3Os-111-O1-CH3 (substrate=alloy)

[3707/9762] reaction_id=3707: Cu3Os-111-O2-CH4 -> Cu3Os-111-O2-CH3 (substrate=alloy)

[3708/9762] reaction_id=3708: Cu3Pb-111-O1-CH4 -> Cu3Pb-111-O1-CH3 (substrate=alloy)

[3709/9762] reaction_id=3709: Cu3Pb-111-O2-CH4 -> Cu3Pb-111-O2-CH3 (substrate=alloy)

[3710/9762] reaction_id=3710: Cu3Pd-111-O1-CH4 -> Cu3Pd-111-O1-CH3 (substrate=alloy)

[3711/9762] reaction_id=3711: Cu3Pd-111-O2-CH4 -> Cu3Pd-111-O2-CH3 (substrate=alloy)

[3712/9762] reaction_id=3712: Cu3Pt-111-O1-CH4 -> Cu3Pt-111-O1-CH3 (substrate=alloy)

[3713/9762] reaction_id=3713: Cu3Pt-111-O2-CH4 -> Cu3Pt-111-O2-CH3 (substrate=alloy)

[3714/9762] reaction_id=3714: Cu3Re-111-O1-CH4 -> Cu3Re-111-O1-CH3 (substrate=alloy)

[3715/9762] reaction_id=3715: Cu3Re-111-O2-CH4 -> Cu3Re-111-O2-CH3 (substrate=alloy)

[3716/9762] reaction_id=3716: Cu3Rh-111-O1-CH4 -> Cu3Rh-111-O1-CH3 (substrate=alloy)

[3717/9762] reaction_id=3717: Cu3Ru-111-O1-CH4 -> Cu3Ru-111-O1-CH3 (substrate=alloy)

[3718/9762] reaction_id=3718: Cu3Ru-111-O2-CH4 -> Cu3Ru-111-O2-CH3 (substrate=alloy)

[3719/9762] reaction_id=3719: Cu3Sc-111-O1-CH4 -> Cu3Sc-111-O1-CH3 (substrate=alloy)

[3720/9762] reaction_id=3720: Cu3Sc-111-O2-CH4 -> Cu3Sc-111-O2-CH3 (substrate=alloy)

[3721/9762] reaction_id=3721: Cu3Sn-111-O1-CH4 -> Cu3Sn-111-O1-CH3 (substrate=alloy)

[3722/9762] reaction_id=3722: Cu3Ta-111-O1-CH4 -> Cu3Ta-111-O1-CH3 (substrate=alloy)

[3723/9762] reaction_id=3723: Cu3Ta-111-O2-CH4 -> Cu3Ta-111-O2-CH3 (substrate=alloy)

[3724/9762] reaction_id=3724: Cu3Tc-111-O1-CH4 -> Cu3Tc-111-O1-CH3 (substrate=alloy)

[3725/9762] reaction_id=3725: Cu3Ti-111-O1-CH4 -> Cu3Ti-111-O1-CH3 (substrate=alloy)

[3726/9762] reaction_id=3726: Cu3Ti-111-O2-CH4 -> Cu3Ti-111-O2-CH3 (substrate=alloy)

[3727/9762] reaction_id=3727: Cu3V-111-O1-CH4 -> Cu3V-111-O1-CH3 (substrate=alloy)

[3728/9762] reaction_id=3728: Cu3W-111-O1-CH4 -> Cu3W-111-O1-CH3 (substrate=alloy)

[3729/9762] reaction_id=3729: Cu3W-111-O2-CH4 -> Cu3W-111-O2-CH3 (substrate=alloy)

[3730/9762] reaction_id=3730: Cu3Y-111-O1-CH4 -> Cu3Y-111-O1-CH3 (substrate=alloy)

[3731/9762] reaction_id=3731: Cu3Y-111-O2-CH4 -> Cu3Y-111-O2-CH3 (substrate=alloy)

[3732/9762] reaction_id=3732: Cu3Zn-111-O1-CH4 -> Cu3Zn-111-O1-CH3 (substrate=alloy)

[3733/9762] reaction_id=3733: Cu3Zn-111-O2-CH4 -> Cu3Zn-111-O2-CH3 (substrate=alloy)

[3734/9762] reaction_id=3734: Cu3Zr-111-O1-CH4 -> Cu3Zr-111-O1-CH3 (substrate=alloy)

[3735/9762] reaction_id=3735: Cu3Zr-111-O2-CH4 -> Cu3Zr-111-O2-CH3 (substrate=alloy)

[3736/9762] reaction_id=3736: CuFe3-111-O1-CH4 -> CuFe3-111-O1-CH3 (substrate=alloy)

[3737/9762] reaction_id=3737: CuFe3-111-O2-CH4 -> CuFe3-111-O2-CH3 (substrate=alloy)

[3738/9762] reaction_id=3738: CuGa3-111-O1-CH4 -> CuGa3-111-O1-CH3 (substrate=alloy)

[3739/9762] reaction_id=3739: CuGa3-111-O2-CH4 -> CuGa3-111-O2-CH3 (substrate=alloy)

[3740/9762] reaction_id=3740: CuHf3-111-O1-CH4 -> CuHf3-111-O1-CH3 (substrate=alloy)

[3741/9762] reaction_id=3741: CuHf3-111-O2-CH4 -> CuHf3-111-O2-CH3 (substrate=alloy)

[3742/9762] reaction_id=3742: CuIn3-111-O1-CH4 -> CuIn3-111-O1-CH3 (substrate=alloy)

[3743/9762] reaction_id=3743: CuIn3-111-O2-CH4 -> CuIn3-111-O2-CH3 (substrate=alloy)

[3744/9762] reaction_id=3744: CuIr3-111-O1-CH4 -> CuIr3-111-O1-CH3 (substrate=alloy)

[3745/9762] reaction_id=3745: CuIr3-111-O2-CH4 -> CuIr3-111-O2-CH3 (substrate=alloy)

[3746/9762] reaction_id=3746: CuMo3-111-O1-CH4 -> CuMo3-111-O1-CH3 (substrate=alloy)

[3747/9762] reaction_id=3747: CuMo3-111-O2-CH4 -> CuMo3-111-O2-CH3 (substrate=alloy)

[3748/9762] reaction_id=3748: CuNb3-111-O1-CH4 -> CuNb3-111-O1-CH3 (substrate=alloy)

[3749/9762] reaction_id=3749: CuNb3-111-O2-CH4 -> CuNb3-111-O2-CH3 (substrate=alloy)

[3750/9762] reaction_id=3750: CuNi3-111-O1-CH4 -> CuNi3-111-O1-CH3 (substrate=alloy)

[3751/9762] reaction_id=3751: CuNi3-111-O2-CH4 -> CuNi3-111-O2-CH3 (substrate=alloy)

[3752/9762] reaction_id=3752: CuOs3-111-O1-CH4 -> CuOs3-111-O1-CH3 (substrate=alloy)

[3753/9762] reaction_id=3753: CuOs3-111-O2-CH4 -> CuOs3-111-O2-CH3 (substrate=alloy)

[3754/9762] reaction_id=3754: CuPb3-111-O1-CH4 -> CuPb3-111-O1-CH3 (substrate=alloy)

[3755/9762] reaction_id=3755: CuPd3-111-O1-CH4 -> CuPd3-111-O1-CH3 (substrate=alloy)

[3756/9762] reaction_id=3756: CuPd3-111-O2-CH4 -> CuPd3-111-O2-CH3 (substrate=alloy)

[3757/9762] reaction_id=3757: CuPt3-111-O1-CH4 -> CuPt3-111-O1-CH3 (substrate=alloy)

[3758/9762] reaction_id=3758: CuPt3-111-O2-CH4 -> CuPt3-111-O2-CH3 (substrate=alloy)

[3759/9762] reaction_id=3759: CuRe3-111-O1-CH4 -> CuRe3-111-O1-CH3 (substrate=alloy)

[3760/9762] reaction_id=3760: CuRe3-111-O2-CH4 -> CuRe3-111-O2-CH3 (substrate=alloy)

[3761/9762] reaction_id=3761: CuRh3-111-O1-CH4 -> CuRh3-111-O1-CH3 (substrate=alloy)

[3762/9762] reaction_id=3762: CuRh3-111-O2-CH4 -> CuRh3-111-O2-CH3 (substrate=alloy)

[3763/9762] reaction_id=3763: CuRu3-111-O1-CH4 -> CuRu3-111-O1-CH3 (substrate=alloy)

[3764/9762] reaction_id=3764: CuRu3-111-O2-CH4 -> CuRu3-111-O2-CH3 (substrate=alloy)

[3765/9762] reaction_id=3765: CuSc3-111-O1-CH4 -> CuSc3-111-O1-CH3 (substrate=alloy)

[3766/9762] reaction_id=3766: CuSc3-111-O2-CH4 -> CuSc3-111-O2-CH3 (substrate=alloy)

[3767/9762] reaction_id=3767: CuSn3-111-O1-CH4 -> CuSn3-111-O1-CH3 (substrate=alloy)

[3768/9762] reaction_id=3768: CuSn3-111-O2-CH4 -> CuSn3-111-O2-CH3 (substrate=alloy)

[3769/9762] reaction_id=3769: CuTa3-111-O1-CH4 -> CuTa3-111-O1-CH3 (substrate=alloy)

[3770/9762] reaction_id=3770: CuTa3-111-O2-CH4 -> CuTa3-111-O2-CH3 (substrate=alloy)

[3771/9762] reaction_id=3771: CuTc3-111-O1-CH4 -> CuTc3-111-O1-CH3 (substrate=alloy)

[3772/9762] reaction_id=3772: CuTc3-111-O2-CH4 -> CuTc3-111-O2-CH3 (substrate=alloy)

[3773/9762] reaction_id=3773: CuTi3-111-O1-CH4 -> CuTi3-111-O1-CH3 (substrate=alloy)

[3774/9762] reaction_id=3774: CuTi3-111-O2-CH4 -> CuTi3-111-O2-CH3 (substrate=alloy)

[3775/9762] reaction_id=3775: CuTl3-111-O1-CH4 -> CuTl3-111-O1-CH3 (substrate=alloy)

[3776/9762] reaction_id=3776: CuTl3-111-O2-CH4 -> CuTl3-111-O2-CH3 (substrate=alloy)

[3777/9762] reaction_id=3777: CuV3-111-O1-CH4 -> CuV3-111-O1-CH3 (substrate=alloy)

[3778/9762] reaction_id=3778: CuV3-111-O2-CH4 -> CuV3-111-O2-CH3 (substrate=alloy)

[3779/9762] reaction_id=3779: CuW3-111-O1-CH4 -> CuW3-111-O1-CH3 (substrate=alloy)

[3780/9762] reaction_id=3780: CuW3-111-O2-CH4 -> CuW3-111-O2-CH3 (substrate=alloy)

[3781/9762] reaction_id=3781: CuY3-111-O1-CH4 -> CuY3-111-O1-CH3 (substrate=alloy)

[3782/9762] reaction_id=3782: CuY3-111-O2-CH4 -> CuY3-111-O2-CH3 (substrate=alloy)

[3783/9762] reaction_id=3783: CuZn3-111-O1-CH4 -> CuZn3-111-O1-CH3 (substrate=alloy)

[3784/9762] reaction_id=3784: CuZn3-111-O2-CH4 -> CuZn3-111-O2-CH3 (substrate=alloy)

[3785/9762] reaction_id=3785: CuZr3-111-O1-CH4 -> CuZr3-111-O1-CH3 (substrate=alloy)

[3786/9762] reaction_id=3786: CuZr3-111-O2-CH4 -> CuZr3-111-O2-CH3 (substrate=alloy)

[3787/9762] reaction_id=3787: Fe2Ga2-111-O1-CH4 -> Fe2Ga2-111-O1-CH3 (substrate=alloy)

[3788/9762] reaction_id=3788: Fe2Ga2-111-O2-CH4 -> Fe2Ga2-111-O2-CH3 (substrate=alloy)

[3789/9762] reaction_id=3789: Fe2Hf2-111-O1-CH4 -> Fe2Hf2-111-O1-CH3 (substrate=alloy)

[3790/9762] reaction_id=3790: Fe2Hf2-111-O2-CH4 -> Fe2Hf2-111-O2-CH3 (substrate=alloy)

[3791/9762] reaction_id=3791: Fe2In2-111-O1-CH4 -> Fe2In2-111-O1-CH3 (substrate=alloy)

[3792/9762] reaction_id=3792: Fe2In2-111-O2-CH4 -> Fe2In2-111-O2-CH3 (substrate=alloy)

[3793/9762] reaction_id=3793: Fe2Ir2-111-O1-CH4 -> Fe2Ir2-111-O1-CH3 (substrate=alloy)

[3794/9762] reaction_id=3794: Fe2Ir2-111-O2-CH4 -> Fe2Ir2-111-O2-CH3 (substrate=alloy)

[3795/9762] reaction_id=3795: Fe2Nb2-111-O1-CH4 -> Fe2Nb2-111-O1-CH3 (substrate=alloy)

[3796/9762] reaction_id=3796: Fe2Nb2-111-O2-CH4 -> Fe2Nb2-111-O2-CH3 (substrate=alloy)

[3797/9762] reaction_id=3797: Fe2Ni2-111-O1-CH4 -> Fe2Ni2-111-O1-CH3 (substrate=alloy)

[3798/9762] reaction_id=3798: Fe2Ni2-111-O2-CH4 -> Fe2Ni2-111-O2-CH3 (substrate=alloy)

[3799/9762] reaction_id=3799: Fe2Os2-111-O1-CH4 -> Fe2Os2-111-O1-CH3 (substrate=alloy)

[3800/9762] reaction_id=3800: Fe2Os2-111-O2-CH4 -> Fe2Os2-111-O2-CH3 (substrate=alloy)

[3801/9762] reaction_id=3801: Fe2Pb2-111-O1-CH4 -> Fe2Pb2-111-O1-CH3 (substrate=alloy)

[3802/9762] reaction_id=3802: Fe2Pb2-111-O2-CH4 -> Fe2Pb2-111-O2-CH3 (substrate=alloy)

[3803/9762] reaction_id=3803: Fe2Pd2-111-O1-CH4 -> Fe2Pd2-111-O1-CH3 (substrate=alloy)

[3804/9762] reaction_id=3804: Fe2Pd2-111-O2-CH4 -> Fe2Pd2-111-O2-CH3 (substrate=alloy)

[3805/9762] reaction_id=3805: Fe2Pt2-111-O1-CH4 -> Fe2Pt2-111-O1-CH3 (substrate=alloy)

[3806/9762] reaction_id=3806: Fe2Pt2-111-O2-CH4 -> Fe2Pt2-111-O2-CH3 (substrate=alloy)

[3807/9762] reaction_id=3807: Fe2Rh2-111-O1-CH4 -> Fe2Rh2-111-O1-CH3 (substrate=alloy)

[3808/9762] reaction_id=3808: Fe2Rh2-111-O2-CH4 -> Fe2Rh2-111-O2-CH3 (substrate=alloy)

[3809/9762] reaction_id=3809: Fe2Ru2-111-O1-CH4 -> Fe2Ru2-111-O1-CH3 (substrate=alloy)

[3810/9762] reaction_id=3810: Fe2Ru2-111-O2-CH4 -> Fe2Ru2-111-O2-CH3 (substrate=alloy)

[3811/9762] reaction_id=3811: Fe2Sc2-111-O1-CH4 -> Fe2Sc2-111-O1-CH3 (substrate=alloy)

[3812/9762] reaction_id=3812: Fe2Sc2-111-O2-CH4 -> Fe2Sc2-111-O2-CH3 (substrate=alloy)

[3813/9762] reaction_id=3813: Fe2Sn2-111-O1-CH4 -> Fe2Sn2-111-O1-CH3 (substrate=alloy)

[3814/9762] reaction_id=3814: Fe2Sn2-111-O2-CH4 -> Fe2Sn2-111-O2-CH3 (substrate=alloy)

[3815/9762] reaction_id=3815: Fe2Ta2-111-O1-CH4 -> Fe2Ta2-111-O1-CH3 (substrate=alloy)

[3816/9762] reaction_id=3816: Fe2Ta2-111-O2-CH4 -> Fe2Ta2-111-O2-CH3 (substrate=alloy)

[3817/9762] reaction_id=3817: Fe2Tc2-111-O1-CH4 -> Fe2Tc2-111-O1-CH3 (substrate=alloy)

[3818/9762] reaction_id=3818: Fe2Tc2-111-O2-CH4 -> Fe2Tc2-111-O2-CH3 (substrate=alloy)

[3819/9762] reaction_id=3819: Fe2Ti2-111-O1-CH4 -> Fe2Ti2-111-O1-CH3 (substrate=alloy)

[3820/9762] reaction_id=3820: Fe2Ti2-111-O2-CH4 -> Fe2Ti2-111-O2-CH3 (substrate=alloy)

[3821/9762] reaction_id=3821: Fe2Tl2-111-O1-CH4 -> Fe2Tl2-111-O1-CH3 (substrate=alloy)

[3822/9762] reaction_id=3822: Fe2Tl2-111-O2-CH4 -> Fe2Tl2-111-O2-CH3 (substrate=alloy)

[3823/9762] reaction_id=3823: Fe2V2-111-O1-CH4 -> Fe2V2-111-O1-CH3 (substrate=alloy)

[3824/9762] reaction_id=3824: Fe2V2-111-O2-CH4 -> Fe2V2-111-O2-CH3 (substrate=alloy)

[3825/9762] reaction_id=3825: Fe2W2-111-O1-CH4 -> Fe2W2-111-O1-CH3 (substrate=alloy)

[3826/9762] reaction_id=3826: Fe2W2-111-O2-CH4 -> Fe2W2-111-O2-CH3 (substrate=alloy)

[3827/9762] reaction_id=3827: Fe2Y2-111-O1-CH4 -> Fe2Y2-111-O1-CH3 (substrate=alloy)

[3828/9762] reaction_id=3828: Fe2Y2-111-O2-CH4 -> Fe2Y2-111-O2-CH3 (substrate=alloy)

[3829/9762] reaction_id=3829: Fe2Zn2-111-O1-CH4 -> Fe2Zn2-111-O1-CH3 (substrate=alloy)

[3830/9762] reaction_id=3830: Fe2Zn2-111-O2-CH4 -> Fe2Zn2-111-O2-CH3 (substrate=alloy)

[3831/9762] reaction_id=3831: Fe2Zr2-111-O1-CH4 -> Fe2Zr2-111-O1-CH3 (substrate=alloy)

[3832/9762] reaction_id=3832: Fe2Zr2-111-O2-CH4 -> Fe2Zr2-111-O2-CH3 (substrate=alloy)

[3833/9762] reaction_id=3833: Fe3Ga-111-O1-CH4 -> Fe3Ga-111-O1-CH3 (substrate=alloy)

[3834/9762] reaction_id=3834: Fe3Ga-111-O2-CH4 -> Fe3Ga-111-O2-CH3 (substrate=alloy)

[3835/9762] reaction_id=3835: Fe3Hf-111-O1-CH4 -> Fe3Hf-111-O1-CH3 (substrate=alloy)

[3836/9762] reaction_id=3836: Fe3Hf-111-O2-CH4 -> Fe3Hf-111-O2-CH3 (substrate=alloy)

[3837/9762] reaction_id=3837: Fe3In-111-O1-CH4 -> Fe3In-111-O1-CH3 (substrate=alloy)

[3838/9762] reaction_id=3838: Fe3In-111-O2-CH4 -> Fe3In-111-O2-CH3 (substrate=alloy)

[3839/9762] reaction_id=3839: Fe3Ir-111-O1-CH4 -> Fe3Ir-111-O1-CH3 (substrate=alloy)

[3840/9762] reaction_id=3840: Fe3Ir-111-O2-CH4 -> Fe3Ir-111-O2-CH3 (substrate=alloy)

[3841/9762] reaction_id=3841: Fe3Mo-111-O1-CH4 -> Fe3Mo-111-O1-CH3 (substrate=alloy)

[3842/9762] reaction_id=3842: Fe3Mo-111-O2-CH4 -> Fe3Mo-111-O2-CH3 (substrate=alloy)

[3843/9762] reaction_id=3843: Fe3Nb-111-O1-CH4 -> Fe3Nb-111-O1-CH3 (substrate=alloy)

[3844/9762] reaction_id=3844: Fe3Nb-111-O2-CH4 -> Fe3Nb-111-O2-CH3 (substrate=alloy)

[3845/9762] reaction_id=3845: Fe3Ni-111-O1-CH4 -> Fe3Ni-111-O1-CH3 (substrate=alloy)

[3846/9762] reaction_id=3846: Fe3Ni-111-O2-CH4 -> Fe3Ni-111-O2-CH3 (substrate=alloy)

[3847/9762] reaction_id=3847: Fe3Pb-111-O1-CH4 -> Fe3Pb-111-O1-CH3 (substrate=alloy)

[3848/9762] reaction_id=3848: Fe3Pb-111-O2-CH4 -> Fe3Pb-111-O2-CH3 (substrate=alloy)

[3849/9762] reaction_id=3849: Fe3Pd-111-O1-CH4 -> Fe3Pd-111-O1-CH3 (substrate=alloy)

[3850/9762] reaction_id=3850: Fe3Pd-111-O2-CH4 -> Fe3Pd-111-O2-CH3 (substrate=alloy)

[3851/9762] reaction_id=3851: Fe3Ru-111-O1-CH4 -> Fe3Ru-111-O1-CH3 (substrate=alloy)

[3852/9762] reaction_id=3852: Fe3Ru-111-O2-CH4 -> Fe3Ru-111-O2-CH3 (substrate=alloy)

[3853/9762] reaction_id=3853: Fe3Sc-111-O1-CH4 -> Fe3Sc-111-O1-CH3 (substrate=alloy)

[3854/9762] reaction_id=3854: Fe3Sc-111-O2-CH4 -> Fe3Sc-111-O2-CH3 (substrate=alloy)

[3855/9762] reaction_id=3855: Fe3Sn-111-O1-CH4 -> Fe3Sn-111-O1-CH3 (substrate=alloy)

[3856/9762] reaction_id=3856: Fe3Sn-111-O2-CH4 -> Fe3Sn-111-O2-CH3 (substrate=alloy)

[3857/9762] reaction_id=3857: Fe3Ta-111-O1-CH4 -> Fe3Ta-111-O1-CH3 (substrate=alloy)

[3858/9762] reaction_id=3858: Fe3Ta-111-O2-CH4 -> Fe3Ta-111-O2-CH3 (substrate=alloy)

[3859/9762] reaction_id=3859: Fe3Ti-111-O1-CH4 -> Fe3Ti-111-O1-CH3 (substrate=alloy)

[3860/9762] reaction_id=3860: Fe3Ti-111-O2-CH4 -> Fe3Ti-111-O2-CH3 (substrate=alloy)

[3861/9762] reaction_id=3861: Fe3Tl-111-O1-CH4 -> Fe3Tl-111-O1-CH3 (substrate=alloy)

[3862/9762] reaction_id=3862: Fe3Tl-111-O2-CH4 -> Fe3Tl-111-O2-CH3 (substrate=alloy)

[3863/9762] reaction_id=3863: Fe3V-111-O1-CH4 -> Fe3V-111-O1-CH3 (substrate=alloy)

[3864/9762] reaction_id=3864: Fe3V-111-O2-CH4 -> Fe3V-111-O2-CH3 (substrate=alloy)

[3865/9762] reaction_id=3865: Fe3W-111-O1-CH4 -> Fe3W-111-O1-CH3 (substrate=alloy)

[3866/9762] reaction_id=3866: Fe3W-111-O2-CH4 -> Fe3W-111-O2-CH3 (substrate=alloy)

[3867/9762] reaction_id=3867: Fe3Y-111-O1-CH4 -> Fe3Y-111-O1-CH3 (substrate=alloy)

[3868/9762] reaction_id=3868: Fe3Y-111-O2-CH4 -> Fe3Y-111-O2-CH3 (substrate=alloy)

[3869/9762] reaction_id=3869: Fe3Zn-111-O1-CH4 -> Fe3Zn-111-O1-CH3 (substrate=alloy)

[3870/9762] reaction_id=3870: Fe3Zn-111-O2-CH4 -> Fe3Zn-111-O2-CH3 (substrate=alloy)

[3871/9762] reaction_id=3871: Fe3Zr-111-O1-CH4 -> Fe3Zr-111-O1-CH3 (substrate=alloy)

[3872/9762] reaction_id=3872: Fe3Zr-111-O2-CH4 -> Fe3Zr-111-O2-CH3 (substrate=alloy)

[3873/9762] reaction_id=3873: FeGa3-111-O1-CH4 -> FeGa3-111-O1-CH3 (substrate=alloy)

[3874/9762] reaction_id=3874: FeGa3-111-O2-CH4 -> FeGa3-111-O2-CH3 (substrate=alloy)

[3875/9762] reaction_id=3875: FeIn3-111-O1-CH4 -> FeIn3-111-O1-CH3 (substrate=alloy)

[3876/9762] reaction_id=3876: FeIn3-111-O2-CH4 -> FeIn3-111-O2-CH3 (substrate=alloy)

[3877/9762] reaction_id=3877: FeIr3-111-O1-CH4 -> FeIr3-111-O1-CH3 (substrate=alloy)

[3878/9762] reaction_id=3878: FeIr3-111-O2-CH4 -> FeIr3-111-O2-CH3 (substrate=alloy)

[3879/9762] reaction_id=3879: FeMn3-111-O1-CH4 -> FeMn3-111-O1-CH3 (substrate=alloy)

[3880/9762] reaction_id=3880: FeMn3-111-O2-CH4 -> FeMn3-111-O2-CH3 (substrate=alloy)

[3881/9762] reaction_id=3881: FeMo3-111-O1-CH4 -> FeMo3-111-O1-CH3 (substrate=alloy)

[3882/9762] reaction_id=3882: FeMo3-111-O2-CH4 -> FeMo3-111-O2-CH3 (substrate=alloy)

[3883/9762] reaction_id=3883: FeNb3-111-O1-CH4 -> FeNb3-111-O1-CH3 (substrate=alloy)

[3884/9762] reaction_id=3884: FeNb3-111-O2-CH4 -> FeNb3-111-O2-CH3 (substrate=alloy)

[3885/9762] reaction_id=3885: FeNi3-111-O1-CH4 -> FeNi3-111-O1-CH3 (substrate=alloy)

[3886/9762] reaction_id=3886: FeNi3-111-O2-CH4 -> FeNi3-111-O2-CH3 (substrate=alloy)

[3887/9762] reaction_id=3887: FeOs3-111-O1-CH4 -> FeOs3-111-O1-CH3 (substrate=alloy)

[3888/9762] reaction_id=3888: FeOs3-111-O2-CH4 -> FeOs3-111-O2-CH3 (substrate=alloy)

[3889/9762] reaction_id=3889: FePb3-111-O1-CH4 -> FePb3-111-O1-CH3 (substrate=alloy)

[3890/9762] reaction_id=3890: FePb3-111-O2-CH4 -> FePb3-111-O2-CH3 (substrate=alloy)

[3891/9762] reaction_id=3891: FePd3-111-O1-CH4 -> FePd3-111-O1-CH3 (substrate=alloy)

[3892/9762] reaction_id=3892: FePd3-111-O2-CH4 -> FePd3-111-O2-CH3 (substrate=alloy)

[3893/9762] reaction_id=3893: FePt3-111-O1-CH4 -> FePt3-111-O1-CH3 (substrate=alloy)

[3894/9762] reaction_id=3894: FePt3-111-O2-CH4 -> FePt3-111-O2-CH3 (substrate=alloy)

[3895/9762] reaction_id=3895: FeRe3-111-O1-CH4 -> FeRe3-111-O1-CH3 (substrate=alloy)

[3896/9762] reaction_id=3896: FeRe3-111-O2-CH4 -> FeRe3-111-O2-CH3 (substrate=alloy)

[3897/9762] reaction_id=3897: FeRh3-111-O1-CH4 -> FeRh3-111-O1-CH3 (substrate=alloy)

[3898/9762] reaction_id=3898: FeRh3-111-O2-CH4 -> FeRh3-111-O2-CH3 (substrate=alloy)

[3899/9762] reaction_id=3899: FeRu3-111-O1-CH4 -> FeRu3-111-O1-CH3 (substrate=alloy)

[3900/9762] reaction_id=3900: FeRu3-111-O2-CH4 -> FeRu3-111-O2-CH3 (substrate=alloy)

[3901/9762] reaction_id=3901: FeSc3-111-O1-CH4 -> FeSc3-111-O1-CH3 (substrate=alloy)

[3902/9762] reaction_id=3902: FeSc3-111-O2-CH4 -> FeSc3-111-O2-CH3 (substrate=alloy)

[3903/9762] reaction_id=3903: FeSn3-111-O1-CH4 -> FeSn3-111-O1-CH3 (substrate=alloy)

[3904/9762] reaction_id=3904: FeSn3-111-O2-CH4 -> FeSn3-111-O2-CH3 (substrate=alloy)

[3905/9762] reaction_id=3905: FeTa3-111-O1-CH4 -> FeTa3-111-O1-CH3 (substrate=alloy)

[3906/9762] reaction_id=3906: FeTa3-111-O2-CH4 -> FeTa3-111-O2-CH3 (substrate=alloy)

[3907/9762] reaction_id=3907: FeTc3-111-O1-CH4 -> FeTc3-111-O1-CH3 (substrate=alloy)

[3908/9762] reaction_id=3908: FeTc3-111-O2-CH4 -> FeTc3-111-O2-CH3 (substrate=alloy)

[3909/9762] reaction_id=3909: FeTl3-111-O1-CH4 -> FeTl3-111-O1-CH3 (substrate=alloy)

[3910/9762] reaction_id=3910: FeTl3-111-O2-CH4 -> FeTl3-111-O2-CH3 (substrate=alloy)

[3911/9762] reaction_id=3911: FeV3-111-O1-CH4 -> FeV3-111-O1-CH3 (substrate=alloy)

[3912/9762] reaction_id=3912: FeV3-111-O2-CH4 -> FeV3-111-O2-CH3 (substrate=alloy)

[3913/9762] reaction_id=3913: FeW3-111-O1-CH4 -> FeW3-111-O1-CH3 (substrate=alloy)

[3914/9762] reaction_id=3914: FeW3-111-O2-CH4 -> FeW3-111-O2-CH3 (substrate=alloy)

[3915/9762] reaction_id=3915: FeZn3-111-O1-CH4 -> FeZn3-111-O1-CH3 (substrate=alloy)

[3916/9762] reaction_id=3916: FeZn3-111-O2-CH4 -> FeZn3-111-O2-CH3 (substrate=alloy)

[3917/9762] reaction_id=3917: FeZr3-111-O1-CH4 -> FeZr3-111-O1-CH3 (substrate=alloy)

[3918/9762] reaction_id=3918: FeZr3-111-O2-CH4 -> FeZr3-111-O2-CH3 (substrate=alloy)

[3919/9762] reaction_id=3919: Ga2Hf2-111-O1-CH4 -> Ga2Hf2-111-O1-CH3 (substrate=alloy)

[3920/9762] reaction_id=3920: Ga2Hf2-111-O2-CH4 -> Ga2Hf2-111-O2-CH3 (substrate=alloy)

[3921/9762] reaction_id=3921: Ga2In2-111-O1-CH4 -> Ga2In2-111-O1-CH3 (substrate=alloy)

[3922/9762] reaction_id=3922: Ga2In2-111-O2-CH4 -> Ga2In2-111-O2-CH3 (substrate=alloy)

[3923/9762] reaction_id=3923: Ga2Ir2-111-O1-CH4 -> Ga2Ir2-111-O1-CH3 (substrate=alloy)

[3924/9762] reaction_id=3924: Ga2Ir2-111-O2-CH4 -> Ga2Ir2-111-O2-CH3 (substrate=alloy)

[3925/9762] reaction_id=3925: Ga2Mn2-111-O1-CH4 -> Ga2Mn2-111-O1-CH3 (substrate=alloy)

[3926/9762] reaction_id=3926: Ga2Mn2-111-O2-CH4 -> Ga2Mn2-111-O2-CH3 (substrate=alloy)

[3927/9762] reaction_id=3927: Ga2Mo2-111-O1-CH4 -> Ga2Mo2-111-O1-CH3 (substrate=alloy)

[3928/9762] reaction_id=3928: Ga2Mo2-111-O2-CH4 -> Ga2Mo2-111-O2-CH3 (substrate=alloy)

[3929/9762] reaction_id=3929: Ga2Nb2-111-O1-CH4 -> Ga2Nb2-111-O1-CH3 (substrate=alloy)

[3930/9762] reaction_id=3930: Ga2Nb2-111-O2-CH4 -> Ga2Nb2-111-O2-CH3 (substrate=alloy)

[3931/9762] reaction_id=3931: Ga2Ni2-111-O1-CH4 -> Ga2Ni2-111-O1-CH3 (substrate=alloy)

[3932/9762] reaction_id=3932: Ga2Ni2-111-O2-CH4 -> Ga2Ni2-111-O2-CH3 (substrate=alloy)

[3933/9762] reaction_id=3933: Ga2Os2-111-O1-CH4 -> Ga2Os2-111-O1-CH3 (substrate=alloy)

[3934/9762] reaction_id=3934: Ga2Os2-111-O2-CH4 -> Ga2Os2-111-O2-CH3 (substrate=alloy)

[3935/9762] reaction_id=3935: Ga2Pb2-111-O1-CH4 -> Ga2Pb2-111-O1-CH3 (substrate=alloy)

[3936/9762] reaction_id=3936: Ga2Pd2-111-O1-CH4 -> Ga2Pd2-111-O1-CH3 (substrate=alloy)

[3937/9762] reaction_id=3937: Ga2Pd2-111-O2-CH4 -> Ga2Pd2-111-O2-CH3 (substrate=alloy)

[3938/9762] reaction_id=3938: Ga2Pt2-111-O1-CH4 -> Ga2Pt2-111-O1-CH3 (substrate=alloy)

[3939/9762] reaction_id=3939: Ga2Pt2-111-O2-CH4 -> Ga2Pt2-111-O2-CH3 (substrate=alloy)

[3940/9762] reaction_id=3940: Ga2Re2-111-O1-CH4 -> Ga2Re2-111-O1-CH3 (substrate=alloy)

[3941/9762] reaction_id=3941: Ga2Re2-111-O2-CH4 -> Ga2Re2-111-O2-CH3 (substrate=alloy)

[3942/9762] reaction_id=3942: Ga2Rh2-111-O1-CH4 -> Ga2Rh2-111-O1-CH3 (substrate=alloy)

[3943/9762] reaction_id=3943: Ga2Rh2-111-O2-CH4 -> Ga2Rh2-111-O2-CH3 (substrate=alloy)

[3944/9762] reaction_id=3944: Ga2Sc2-111-O1-CH4 -> Ga2Sc2-111-O1-CH3 (substrate=alloy)

[3945/9762] reaction_id=3945: Ga2Sc2-111-O2-CH4 -> Ga2Sc2-111-O2-CH3 (substrate=alloy)

[3946/9762] reaction_id=3946: Ga2Sn2-111-O1-CH4 -> Ga2Sn2-111-O1-CH3 (substrate=alloy)

[3947/9762] reaction_id=3947: Ga2Sn2-111-O2-CH4 -> Ga2Sn2-111-O2-CH3 (substrate=alloy)

[3948/9762] reaction_id=3948: Ga2Ta2-111-O1-CH4 -> Ga2Ta2-111-O1-CH3 (substrate=alloy)

[3949/9762] reaction_id=3949: Ga2Ta2-111-O2-CH4 -> Ga2Ta2-111-O2-CH3 (substrate=alloy)

[3950/9762] reaction_id=3950: Ga2Tc2-111-O1-CH4 -> Ga2Tc2-111-O1-CH3 (substrate=alloy)

[3951/9762] reaction_id=3951: Ga2Tc2-111-O2-CH4 -> Ga2Tc2-111-O2-CH3 (substrate=alloy)

[3952/9762] reaction_id=3952: Ga2Ti2-111-O1-CH4 -> Ga2Ti2-111-O1-CH3 (substrate=alloy)

[3953/9762] reaction_id=3953: Ga2Ti2-111-O2-CH4 -> Ga2Ti2-111-O2-CH3 (substrate=alloy)

[3954/9762] reaction_id=3954: Ga2Tl2-111-O1-CH4 -> Ga2Tl2-111-O1-CH3 (substrate=alloy)

[3955/9762] reaction_id=3955: Ga2Tl2-111-O2-CH4 -> Ga2Tl2-111-O2-CH3 (substrate=alloy)

[3956/9762] reaction_id=3956: Ga2V2-111-O1-CH4 -> Ga2V2-111-O1-CH3 (substrate=alloy)

[3957/9762] reaction_id=3957: Ga2V2-111-O2-CH4 -> Ga2V2-111-O2-CH3 (substrate=alloy)

[3958/9762] reaction_id=3958: Ga2W2-111-O1-CH4 -> Ga2W2-111-O1-CH3 (substrate=alloy)

[3959/9762] reaction_id=3959: Ga2W2-111-O2-CH4 -> Ga2W2-111-O2-CH3 (substrate=alloy)

[3960/9762] reaction_id=3960: Ga2Y2-111-O1-CH4 -> Ga2Y2-111-O1-CH3 (substrate=alloy)

[3961/9762] reaction_id=3961: Ga2Zn2-111-O1-CH4 -> Ga2Zn2-111-O1-CH3 (substrate=alloy)

[3962/9762] reaction_id=3962: Ga2Zn2-111-O2-CH4 -> Ga2Zn2-111-O2-CH3 (substrate=alloy)

[3963/9762] reaction_id=3963: Ga2Zr2-111-O1-CH4 -> Ga2Zr2-111-O1-CH3 (substrate=alloy)

[3964/9762] reaction_id=3964: Ga2Zr2-111-O2-CH4 -> Ga2Zr2-111-O2-CH3 (substrate=alloy)

[3965/9762] reaction_id=3965: Ga3Hf-111-O1-CH4 -> Ga3Hf-111-O1-CH3 (substrate=alloy)

[3966/9762] reaction_id=3966: Ga3Hf-111-O2-CH4 -> Ga3Hf-111-O2-CH3 (substrate=alloy)

[3967/9762] reaction_id=3967: Ga3In-111-O1-CH4 -> Ga3In-111-O1-CH3 (substrate=alloy)

[3968/9762] reaction_id=3968: Ga3In-111-O2-CH4 -> Ga3In-111-O2-CH3 (substrate=alloy)

[3969/9762] reaction_id=3969: Ga3Ir-111-O1-CH4 -> Ga3Ir-111-O1-CH3 (substrate=alloy)

[3970/9762] reaction_id=3970: Ga3Ir-111-O2-CH4 -> Ga3Ir-111-O2-CH3 (substrate=alloy)

[3971/9762] reaction_id=3971: Ga3Mn-111-O1-CH4 -> Ga3Mn-111-O1-CH3 (substrate=alloy)

[3972/9762] reaction_id=3972: Ga3Mn-111-O2-CH4 -> Ga3Mn-111-O2-CH3 (substrate=alloy)

[3973/9762] reaction_id=3973: Ga3Mo-111-O1-CH4 -> Ga3Mo-111-O1-CH3 (substrate=alloy)

[3974/9762] reaction_id=3974: Ga3Mo-111-O2-CH4 -> Ga3Mo-111-O2-CH3 (substrate=alloy)

[3975/9762] reaction_id=3975: Ga3Nb-111-O1-CH4 -> Ga3Nb-111-O1-CH3 (substrate=alloy)

[3976/9762] reaction_id=3976: Ga3Nb-111-O2-CH4 -> Ga3Nb-111-O2-CH3 (substrate=alloy)

[3977/9762] reaction_id=3977: Ga3Ni-111-O1-CH4 -> Ga3Ni-111-O1-CH3 (substrate=alloy)

[3978/9762] reaction_id=3978: Ga3Ni-111-O2-CH4 -> Ga3Ni-111-O2-CH3 (substrate=alloy)

[3979/9762] reaction_id=3979: Ga3Os-111-O1-CH4 -> Ga3Os-111-O1-CH3 (substrate=alloy)

[3980/9762] reaction_id=3980: Ga3Os-111-O2-CH4 -> Ga3Os-111-O2-CH3 (substrate=alloy)

[3981/9762] reaction_id=3981: Ga3Pb-111-O1-CH4 -> Ga3Pb-111-O1-CH3 (substrate=alloy)

[3982/9762] reaction_id=3982: Ga3Pb-111-O2-CH4 -> Ga3Pb-111-O2-CH3 (substrate=alloy)

[3983/9762] reaction_id=3983: Ga3Pd-111-O1-CH4 -> Ga3Pd-111-O1-CH3 (substrate=alloy)

[3984/9762] reaction_id=3984: Ga3Pd-111-O2-CH4 -> Ga3Pd-111-O2-CH3 (substrate=alloy)

[3985/9762] reaction_id=3985: Ga3Pt-111-O1-CH4 -> Ga3Pt-111-O1-CH3 (substrate=alloy)

[3986/9762] reaction_id=3986: Ga3Pt-111-O2-CH4 -> Ga3Pt-111-O2-CH3 (substrate=alloy)

[3987/9762] reaction_id=3987: Ga3Re-111-O1-CH4 -> Ga3Re-111-O1-CH3 (substrate=alloy)

[3988/9762] reaction_id=3988: Ga3Re-111-O2-CH4 -> Ga3Re-111-O2-CH3 (substrate=alloy)

[3989/9762] reaction_id=3989: Ga3Rh-111-O1-CH4 -> Ga3Rh-111-O1-CH3 (substrate=alloy)

[3990/9762] reaction_id=3990: Ga3Rh-111-O2-CH4 -> Ga3Rh-111-O2-CH3 (substrate=alloy)

[3991/9762] reaction_id=3991: Ga3Ru-111-O1-CH4 -> Ga3Ru-111-O1-CH3 (substrate=alloy)

[3992/9762] reaction_id=3992: Ga3Ru-111-O2-CH4 -> Ga3Ru-111-O2-CH3 (substrate=alloy)

[3993/9762] reaction_id=3993: Ga3Sc-111-O1-CH4 -> Ga3Sc-111-O1-CH3 (substrate=alloy)

[3994/9762] reaction_id=3994: Ga3Sc-111-O2-CH4 -> Ga3Sc-111-O2-CH3 (substrate=alloy)

[3995/9762] reaction_id=3995: Ga3Sn-111-O1-CH4 -> Ga3Sn-111-O1-CH3 (substrate=alloy)

[3996/9762] reaction_id=3996: Ga3Sn-111-O2-CH4 -> Ga3Sn-111-O2-CH3 (substrate=alloy)

[3997/9762] reaction_id=3997: Ga3Ta-111-O1-CH4 -> Ga3Ta-111-O1-CH3 (substrate=alloy)

[3998/9762] reaction_id=3998: Ga3Ta-111-O2-CH4 -> Ga3Ta-111-O2-CH3 (substrate=alloy)

[3999/9762] reaction_id=3999: Ga3Tc-111-O1-CH4 -> Ga3Tc-111-O1-CH3 (substrate=alloy)

[4000/9762] reaction_id=4000: Ga3Tc-111-O2-CH4 -> Ga3Tc-111-O2-CH3 (substrate=alloy)

[4001/9762] reaction_id=4001: Ga3Ti-111-O1-CH4 -> Ga3Ti-111-O1-CH3 (substrate=alloy)

[4002/9762] reaction_id=4002: Ga3Ti-111-O2-CH4 -> Ga3Ti-111-O2-CH3 (substrate=alloy)

[4003/9762] reaction_id=4003: Ga3Tl-111-O1-CH4 -> Ga3Tl-111-O1-CH3 (substrate=alloy)

[4004/9762] reaction_id=4004: Ga3Tl-111-O2-CH4 -> Ga3Tl-111-O2-CH3 (substrate=alloy)

[4005/9762] reaction_id=4005: Ga3V-111-O1-CH4 -> Ga3V-111-O1-CH3 (substrate=alloy)

[4006/9762] reaction_id=4006: Ga3V-111-O2-CH4 -> Ga3V-111-O2-CH3 (substrate=alloy)

[4007/9762] reaction_id=4007: Ga3W-111-O1-CH4 -> Ga3W-111-O1-CH3 (substrate=alloy)

[4008/9762] reaction_id=4008: Ga3W-111-O2-CH4 -> Ga3W-111-O2-CH3 (substrate=alloy)

[4009/9762] reaction_id=4009: Ga3Y-111-O1-CH4 -> Ga3Y-111-O1-CH3 (substrate=alloy)

[4010/9762] reaction_id=4010: Ga3Zn-111-O1-CH4 -> Ga3Zn-111-O1-CH3 (substrate=alloy)

[4011/9762] reaction_id=4011: Ga3Zn-111-O2-CH4 -> Ga3Zn-111-O2-CH3 (substrate=alloy)

[4012/9762] reaction_id=4012: Ga3Zr-111-O1-CH4 -> Ga3Zr-111-O1-CH3 (substrate=alloy)

[4013/9762] reaction_id=4013: Ga3Zr-111-O2-CH4 -> Ga3Zr-111-O2-CH3 (substrate=alloy)

[4014/9762] reaction_id=4014: GaHf3-111-O1-CH4 -> GaHf3-111-O1-CH3 (substrate=alloy)

[4015/9762] reaction_id=4015: GaHf3-111-O2-CH4 -> GaHf3-111-O2-CH3 (substrate=alloy)

[4016/9762] reaction_id=4016: GaIn3-111-O1-CH4 -> GaIn3-111-O1-CH3 (substrate=alloy)

[4017/9762] reaction_id=4017: GaIn3-111-O2-CH4 -> GaIn3-111-O2-CH3 (substrate=alloy)

[4018/9762] reaction_id=4018: GaIr3-111-O1-CH4 -> GaIr3-111-O1-CH3 (substrate=alloy)

[4019/9762] reaction_id=4019: GaIr3-111-O2-CH4 -> GaIr3-111-O2-CH3 (substrate=alloy)

[4020/9762] reaction_id=4020: GaMo3-111-O1-CH4 -> GaMo3-111-O1-CH3 (substrate=alloy)

[4021/9762] reaction_id=4021: GaMo3-111-O2-CH4 -> GaMo3-111-O2-CH3 (substrate=alloy)

[4022/9762] reaction_id=4022: GaNb3-111-O1-CH4 -> GaNb3-111-O1-CH3 (substrate=alloy)

[4023/9762] reaction_id=4023: GaNb3-111-O2-CH4 -> GaNb3-111-O2-CH3 (substrate=alloy)

[4024/9762] reaction_id=4024: GaNi3-111-O1-CH4 -> GaNi3-111-O1-CH3 (substrate=alloy)

[4025/9762] reaction_id=4025: GaNi3-111-O2-CH4 -> GaNi3-111-O2-CH3 (substrate=alloy)

[4026/9762] reaction_id=4026: GaOs3-111-O1-CH4 -> GaOs3-111-O1-CH3 (substrate=alloy)

[4027/9762] reaction_id=4027: GaOs3-111-O2-CH4 -> GaOs3-111-O2-CH3 (substrate=alloy)

[4028/9762] reaction_id=4028: GaPb3-111-O1-CH4 -> GaPb3-111-O1-CH3 (substrate=alloy)

[4029/9762] reaction_id=4029: GaPb3-111-O2-CH4 -> GaPb3-111-O2-CH3 (substrate=alloy)

[4030/9762] reaction_id=4030: GaPd3-111-O1-CH4 -> GaPd3-111-O1-CH3 (substrate=alloy)

[4031/9762] reaction_id=4031: GaPd3-111-O2-CH4 -> GaPd3-111-O2-CH3 (substrate=alloy)

[4032/9762] reaction_id=4032: GaPt3-111-O1-CH4 -> GaPt3-111-O1-CH3 (substrate=alloy)

[4033/9762] reaction_id=4033: GaPt3-111-O2-CH4 -> GaPt3-111-O2-CH3 (substrate=alloy)

[4034/9762] reaction_id=4034: GaRe3-111-O1-CH4 -> GaRe3-111-O1-CH3 (substrate=alloy)

[4035/9762] reaction_id=4035: GaRe3-111-O2-CH4 -> GaRe3-111-O2-CH3 (substrate=alloy)

[4036/9762] reaction_id=4036: GaRh3-111-O1-CH4 -> GaRh3-111-O1-CH3 (substrate=alloy)

[4037/9762] reaction_id=4037: GaRh3-111-O2-CH4 -> GaRh3-111-O2-CH3 (substrate=alloy)

[4038/9762] reaction_id=4038: GaRu3-111-O1-CH4 -> GaRu3-111-O1-CH3 (substrate=alloy)

[4039/9762] reaction_id=4039: GaRu3-111-O2-CH4 -> GaRu3-111-O2-CH3 (substrate=alloy)

[4040/9762] reaction_id=4040: GaSc3-111-O1-CH4 -> GaSc3-111-O1-CH3 (substrate=alloy)

[4041/9762] reaction_id=4041: GaSc3-111-O2-CH4 -> GaSc3-111-O2-CH3 (substrate=alloy)

[4042/9762] reaction_id=4042: GaSn3-111-O1-CH4 -> GaSn3-111-O1-CH3 (substrate=alloy)

[4043/9762] reaction_id=4043: GaSn3-111-O2-CH4 -> GaSn3-111-O2-CH3 (substrate=alloy)

[4044/9762] reaction_id=4044: GaTa3-111-O1-CH4 -> GaTa3-111-O1-CH3 (substrate=alloy)

[4045/9762] reaction_id=4045: GaTa3-111-O2-CH4 -> GaTa3-111-O2-CH3 (substrate=alloy)

[4046/9762] reaction_id=4046: GaTc3-111-O1-CH4 -> GaTc3-111-O1-CH3 (substrate=alloy)

[4047/9762] reaction_id=4047: GaTc3-111-O2-CH4 -> GaTc3-111-O2-CH3 (substrate=alloy)

[4048/9762] reaction_id=4048: GaTi3-111-O1-CH4 -> GaTi3-111-O1-CH3 (substrate=alloy)

[4049/9762] reaction_id=4049: GaTi3-111-O2-CH4 -> GaTi3-111-O2-CH3 (substrate=alloy)

[4050/9762] reaction_id=4050: GaTl3-111-O2-CH4 -> GaTl3-111-O2-CH3 (substrate=alloy)

[4051/9762] reaction_id=4051: GaV3-111-O1-CH4 -> GaV3-111-O1-CH3 (substrate=alloy)

[4052/9762] reaction_id=4052: GaV3-111-O2-CH4 -> GaV3-111-O2-CH3 (substrate=alloy)

[4053/9762] reaction_id=4053: GaW3-111-O1-CH4 -> GaW3-111-O1-CH3 (substrate=alloy)

[4054/9762] reaction_id=4054: GaW3-111-O2-CH4 -> GaW3-111-O2-CH3 (substrate=alloy)

[4055/9762] reaction_id=4055: GaY3-111-O1-CH4 -> GaY3-111-O1-CH3 (substrate=alloy)

[4056/9762] reaction_id=4056: GaZn3-111-O1-CH4 -> GaZn3-111-O1-CH3 (substrate=alloy)

[4057/9762] reaction_id=4057: GaZn3-111-O2-CH4 -> GaZn3-111-O2-CH3 (substrate=alloy)

[4058/9762] reaction_id=4058: GaZr3-111-O1-CH4 -> GaZr3-111-O1-CH3 (substrate=alloy)

[4059/9762] reaction_id=4059: GaZr3-111-O2-CH4 -> GaZr3-111-O2-CH3 (substrate=alloy)

[4060/9762] reaction_id=4060: Hf2In2-111-O1-CH4 -> Hf2In2-111-O1-CH3 (substrate=alloy)

[4061/9762] reaction_id=4061: Hf2In2-111-O2-CH4 -> Hf2In2-111-O2-CH3 (substrate=alloy)

[4062/9762] reaction_id=4062: Hf2Ir2-111-O1-CH4 -> Hf2Ir2-111-O1-CH3 (substrate=alloy)

[4063/9762] reaction_id=4063: Hf2Ir2-111-O2-CH4 -> Hf2Ir2-111-O2-CH3 (substrate=alloy)

[4064/9762] reaction_id=4064: Hf2Mo2-111-O1-CH4 -> Hf2Mo2-111-O1-CH3 (substrate=alloy)

[4065/9762] reaction_id=4065: Hf2Mo2-111-O2-CH4 -> Hf2Mo2-111-O2-CH3 (substrate=alloy)

[4066/9762] reaction_id=4066: Hf2Nb2-111-O1-CH4 -> Hf2Nb2-111-O1-CH3 (substrate=alloy)

[4067/9762] reaction_id=4067: Hf2Nb2-111-O2-CH4 -> Hf2Nb2-111-O2-CH3 (substrate=alloy)

[4068/9762] reaction_id=4068: Hf2Ni2-111-O1-CH4 -> Hf2Ni2-111-O1-CH3 (substrate=alloy)

[4069/9762] reaction_id=4069: Hf2Ni2-111-O2-CH4 -> Hf2Ni2-111-O2-CH3 (substrate=alloy)

[4070/9762] reaction_id=4070: Hf2Os2-111-O1-CH4 -> Hf2Os2-111-O1-CH3 (substrate=alloy)

[4071/9762] reaction_id=4071: Hf2Os2-111-O2-CH4 -> Hf2Os2-111-O2-CH3 (substrate=alloy)

[4072/9762] reaction_id=4072: Hf2Pb2-111-O2-CH4 -> Hf2Pb2-111-O2-CH3 (substrate=alloy)

[4073/9762] reaction_id=4073: Hf2Pd2-111-O1-CH4 -> Hf2Pd2-111-O1-CH3 (substrate=alloy)

[4074/9762] reaction_id=4074: Hf2Pd2-111-O2-CH4 -> Hf2Pd2-111-O2-CH3 (substrate=alloy)

[4075/9762] reaction_id=4075: Hf2Pt2-111-O1-CH4 -> Hf2Pt2-111-O1-CH3 (substrate=alloy)

[4076/9762] reaction_id=4076: Hf2Pt2-111-O2-CH4 -> Hf2Pt2-111-O2-CH3 (substrate=alloy)

[4077/9762] reaction_id=4077: Hf2Re2-111-O1-CH4 -> Hf2Re2-111-O1-CH3 (substrate=alloy)

[4078/9762] reaction_id=4078: Hf2Re2-111-O2-CH4 -> Hf2Re2-111-O2-CH3 (substrate=alloy)

[4079/9762] reaction_id=4079: Hf2Rh2-111-O1-CH4 -> Hf2Rh2-111-O1-CH3 (substrate=alloy)

[4080/9762] reaction_id=4080: Hf2Rh2-111-O2-CH4 -> Hf2Rh2-111-O2-CH3 (substrate=alloy)

[4081/9762] reaction_id=4081: Hf2Ru2-111-O1-CH4 -> Hf2Ru2-111-O1-CH3 (substrate=alloy)

[4082/9762] reaction_id=4082: Hf2Ru2-111-O2-CH4 -> Hf2Ru2-111-O2-CH3 (substrate=alloy)

[4083/9762] reaction_id=4083: Hf2Sc2-111-O1-CH4 -> Hf2Sc2-111-O1-CH3 (substrate=alloy)

[4084/9762] reaction_id=4084: Hf2Sc2-111-O2-CH4 -> Hf2Sc2-111-O2-CH3 (substrate=alloy)

[4085/9762] reaction_id=4085: Hf2Sn2-111-O1-CH4 -> Hf2Sn2-111-O1-CH3 (substrate=alloy)

[4086/9762] reaction_id=4086: Hf2Sn2-111-O2-CH4 -> Hf2Sn2-111-O2-CH3 (substrate=alloy)

[4087/9762] reaction_id=4087: Hf2Ta2-111-O1-CH4 -> Hf2Ta2-111-O1-CH3 (substrate=alloy)

[4088/9762] reaction_id=4088: Hf2Ta2-111-O2-CH4 -> Hf2Ta2-111-O2-CH3 (substrate=alloy)

[4089/9762] reaction_id=4089: Hf2Tc2-111-O1-CH4 -> Hf2Tc2-111-O1-CH3 (substrate=alloy)

[4090/9762] reaction_id=4090: Hf2Tc2-111-O2-CH4 -> Hf2Tc2-111-O2-CH3 (substrate=alloy)

[4091/9762] reaction_id=4091: Hf2Ti2-111-O1-CH4 -> Hf2Ti2-111-O1-CH3 (substrate=alloy)

[4092/9762] reaction_id=4092: Hf2Ti2-111-O2-CH4 -> Hf2Ti2-111-O2-CH3 (substrate=alloy)

[4093/9762] reaction_id=4093: Hf2Tl2-111-O2-CH4 -> Hf2Tl2-111-O2-CH3 (substrate=alloy)

[4094/9762] reaction_id=4094: Hf2V2-111-O1-CH4 -> Hf2V2-111-O1-CH3 (substrate=alloy)

[4095/9762] reaction_id=4095: Hf2V2-111-O2-CH4 -> Hf2V2-111-O2-CH3 (substrate=alloy)

[4096/9762] reaction_id=4096: Hf2W2-111-O1-CH4 -> Hf2W2-111-O1-CH3 (substrate=alloy)

[4097/9762] reaction_id=4097: Hf2W2-111-O2-CH4 -> Hf2W2-111-O2-CH3 (substrate=alloy)

[4098/9762] reaction_id=4098: Hf2Y2-111-O1-CH4 -> Hf2Y2-111-O1-CH3 (substrate=alloy)

[4099/9762] reaction_id=4099: Hf2Zn2-111-O1-CH4 -> Hf2Zn2-111-O1-CH3 (substrate=alloy)

[4100/9762] reaction_id=4100: Hf2Zn2-111-O2-CH4 -> Hf2Zn2-111-O2-CH3 (substrate=alloy)

[4101/9762] reaction_id=4101: Hf2Zr2-111-O1-CH4 -> Hf2Zr2-111-O1-CH3 (substrate=alloy)

[4102/9762] reaction_id=4102: Hf2Zr2-111-O2-CH4 -> Hf2Zr2-111-O2-CH3 (substrate=alloy)

[4103/9762] reaction_id=4103: Hf3In-111-O1-CH4 -> Hf3In-111-O1-CH3 (substrate=alloy)

[4104/9762] reaction_id=4104: Hf3In-111-O2-CH4 -> Hf3In-111-O2-CH3 (substrate=alloy)

[4105/9762] reaction_id=4105: Hf3Ir-111-O1-CH4 -> Hf3Ir-111-O1-CH3 (substrate=alloy)

[4106/9762] reaction_id=4106: Hf3Ir-111-O2-CH4 -> Hf3Ir-111-O2-CH3 (substrate=alloy)

[4107/9762] reaction_id=4107: Hf3Mn-111-O1-CH4 -> Hf3Mn-111-O1-CH3 (substrate=alloy)

[4108/9762] reaction_id=4108: Hf3Mn-111-O2-CH4 -> Hf3Mn-111-O2-CH3 (substrate=alloy)

[4109/9762] reaction_id=4109: Hf3Mo-111-O1-CH4 -> Hf3Mo-111-O1-CH3 (substrate=alloy)

[4110/9762] reaction_id=4110: Hf3Mo-111-O2-CH4 -> Hf3Mo-111-O2-CH3 (substrate=alloy)

[4111/9762] reaction_id=4111: Hf3Nb-111-O1-CH4 -> Hf3Nb-111-O1-CH3 (substrate=alloy)

[4112/9762] reaction_id=4112: Hf3Nb-111-O2-CH4 -> Hf3Nb-111-O2-CH3 (substrate=alloy)

[4113/9762] reaction_id=4113: Hf3Ni-111-O1-CH4 -> Hf3Ni-111-O1-CH3 (substrate=alloy)

[4114/9762] reaction_id=4114: Hf3Ni-111-O2-CH4 -> Hf3Ni-111-O2-CH3 (substrate=alloy)

[4115/9762] reaction_id=4115: Hf3Os-111-O1-CH4 -> Hf3Os-111-O1-CH3 (substrate=alloy)

[4116/9762] reaction_id=4116: Hf3Os-111-O2-CH4 -> Hf3Os-111-O2-CH3 (substrate=alloy)

[4117/9762] reaction_id=4117: Hf3Pb-111-O1-CH4 -> Hf3Pb-111-O1-CH3 (substrate=alloy)

[4118/9762] reaction_id=4118: Hf3Pb-111-O2-CH4 -> Hf3Pb-111-O2-CH3 (substrate=alloy)

[4119/9762] reaction_id=4119: Hf3Pd-111-O1-CH4 -> Hf3Pd-111-O1-CH3 (substrate=alloy)

[4120/9762] reaction_id=4120: Hf3Pd-111-O2-CH4 -> Hf3Pd-111-O2-CH3 (substrate=alloy)

[4121/9762] reaction_id=4121: Hf3Pt-111-O1-CH4 -> Hf3Pt-111-O1-CH3 (substrate=alloy)

[4122/9762] reaction_id=4122: Hf3Pt-111-O2-CH4 -> Hf3Pt-111-O2-CH3 (substrate=alloy)

[4123/9762] reaction_id=4123: Hf3Re-111-O1-CH4 -> Hf3Re-111-O1-CH3 (substrate=alloy)

[4124/9762] reaction_id=4124: Hf3Re-111-O2-CH4 -> Hf3Re-111-O2-CH3 (substrate=alloy)

[4125/9762] reaction_id=4125: Hf3Rh-111-O1-CH4 -> Hf3Rh-111-O1-CH3 (substrate=alloy)

[4126/9762] reaction_id=4126: Hf3Rh-111-O2-CH4 -> Hf3Rh-111-O2-CH3 (substrate=alloy)

[4127/9762] reaction_id=4127: Hf3Ru-111-O1-CH4 -> Hf3Ru-111-O1-CH3 (substrate=alloy)

[4128/9762] reaction_id=4128: Hf3Ru-111-O2-CH4 -> Hf3Ru-111-O2-CH3 (substrate=alloy)

[4129/9762] reaction_id=4129: Hf3Sc-111-O1-CH4 -> Hf3Sc-111-O1-CH3 (substrate=alloy)

[4130/9762] reaction_id=4130: Hf3Sc-111-O2-CH4 -> Hf3Sc-111-O2-CH3 (substrate=alloy)

[4131/9762] reaction_id=4131: Hf3Sn-111-O1-CH4 -> Hf3Sn-111-O1-CH3 (substrate=alloy)

[4132/9762] reaction_id=4132: Hf3Sn-111-O2-CH4 -> Hf3Sn-111-O2-CH3 (substrate=alloy)

[4133/9762] reaction_id=4133: Hf3Ta-111-O1-CH4 -> Hf3Ta-111-O1-CH3 (substrate=alloy)

[4134/9762] reaction_id=4134: Hf3Ta-111-O2-CH4 -> Hf3Ta-111-O2-CH3 (substrate=alloy)

[4135/9762] reaction_id=4135: Hf3Tc-111-O1-CH4 -> Hf3Tc-111-O1-CH3 (substrate=alloy)

[4136/9762] reaction_id=4136: Hf3Tc-111-O2-CH4 -> Hf3Tc-111-O2-CH3 (substrate=alloy)

[4137/9762] reaction_id=4137: Hf3Ti-111-O1-CH4 -> Hf3Ti-111-O1-CH3 (substrate=alloy)

[4138/9762] reaction_id=4138: Hf3Ti-111-O2-CH4 -> Hf3Ti-111-O2-CH3 (substrate=alloy)

[4139/9762] reaction_id=4139: Hf3Tl-111-O2-CH4 -> Hf3Tl-111-O2-CH3 (substrate=alloy)

[4140/9762] reaction_id=4140: Hf3V-111-O1-CH4 -> Hf3V-111-O1-CH3 (substrate=alloy)

[4141/9762] reaction_id=4141: Hf3V-111-O2-CH4 -> Hf3V-111-O2-CH3 (substrate=alloy)

[4142/9762] reaction_id=4142: Hf3W-111-O1-CH4 -> Hf3W-111-O1-CH3 (substrate=alloy)

[4143/9762] reaction_id=4143: Hf3W-111-O2-CH4 -> Hf3W-111-O2-CH3 (substrate=alloy)

[4144/9762] reaction_id=4144: Hf3Y-111-O1-CH4 -> Hf3Y-111-O1-CH3 (substrate=alloy)

[4145/9762] reaction_id=4145: Hf3Zn-111-O1-CH4 -> Hf3Zn-111-O1-CH3 (substrate=alloy)

[4146/9762] reaction_id=4146: Hf3Zn-111-O2-CH4 -> Hf3Zn-111-O2-CH3 (substrate=alloy)

[4147/9762] reaction_id=4147: Hf3Zr-111-O1-CH4 -> Hf3Zr-111-O1-CH3 (substrate=alloy)

[4148/9762] reaction_id=4148: Hf3Zr-111-O2-CH4 -> Hf3Zr-111-O2-CH3 (substrate=alloy)

[4149/9762] reaction_id=4149: HfIn3-111-O1-CH4 -> HfIn3-111-O1-CH3 (substrate=alloy)

[4150/9762] reaction_id=4150: HfIn3-111-O2-CH4 -> HfIn3-111-O2-CH3 (substrate=alloy)

[4151/9762] reaction_id=4151: HfIr3-111-O1-CH4 -> HfIr3-111-O1-CH3 (substrate=alloy)

[4152/9762] reaction_id=4152: HfIr3-111-O2-CH4 -> HfIr3-111-O2-CH3 (substrate=alloy)

[4153/9762] reaction_id=4153: HfMo3-111-O1-CH4 -> HfMo3-111-O1-CH3 (substrate=alloy)

[4154/9762] reaction_id=4154: HfMo3-111-O2-CH4 -> HfMo3-111-O2-CH3 (substrate=alloy)

[4155/9762] reaction_id=4155: HfNb3-111-O1-CH4 -> HfNb3-111-O1-CH3 (substrate=alloy)

[4156/9762] reaction_id=4156: HfNb3-111-O2-CH4 -> HfNb3-111-O2-CH3 (substrate=alloy)

[4157/9762] reaction_id=4157: HfNi3-111-O1-CH4 -> HfNi3-111-O1-CH3 (substrate=alloy)

[4158/9762] reaction_id=4158: HfNi3-111-O2-CH4 -> HfNi3-111-O2-CH3 (substrate=alloy)

[4159/9762] reaction_id=4159: HfOs3-111-O1-CH4 -> HfOs3-111-O1-CH3 (substrate=alloy)

[4160/9762] reaction_id=4160: HfOs3-111-O2-CH4 -> HfOs3-111-O2-CH3 (substrate=alloy)

[4161/9762] reaction_id=4161: HfPb3-111-O1-CH4 -> HfPb3-111-O1-CH3 (substrate=alloy)

[4162/9762] reaction_id=4162: HfPb3-111-O2-CH4 -> HfPb3-111-O2-CH3 (substrate=alloy)

[4163/9762] reaction_id=4163: HfPd3-111-O1-CH4 -> HfPd3-111-O1-CH3 (substrate=alloy)

[4164/9762] reaction_id=4164: HfPd3-111-O2-CH4 -> HfPd3-111-O2-CH3 (substrate=alloy)

[4165/9762] reaction_id=4165: HfPt3-111-O1-CH4 -> HfPt3-111-O1-CH3 (substrate=alloy)

[4166/9762] reaction_id=4166: HfPt3-111-O2-CH4 -> HfPt3-111-O2-CH3 (substrate=alloy)

[4167/9762] reaction_id=4167: HfRe3-111-O1-CH4 -> HfRe3-111-O1-CH3 (substrate=alloy)

[4168/9762] reaction_id=4168: HfRe3-111-O2-CH4 -> HfRe3-111-O2-CH3 (substrate=alloy)

[4169/9762] reaction_id=4169: HfRh3-111-O1-CH4 -> HfRh3-111-O1-CH3 (substrate=alloy)

[4170/9762] reaction_id=4170: HfRh3-111-O2-CH4 -> HfRh3-111-O2-CH3 (substrate=alloy)

[4171/9762] reaction_id=4171: HfRu3-111-O1-CH4 -> HfRu3-111-O1-CH3 (substrate=alloy)

[4172/9762] reaction_id=4172: HfRu3-111-O2-CH4 -> HfRu3-111-O2-CH3 (substrate=alloy)

[4173/9762] reaction_id=4173: HfSc3-111-O1-CH4 -> HfSc3-111-O1-CH3 (substrate=alloy)

[4174/9762] reaction_id=4174: HfSc3-111-O2-CH4 -> HfSc3-111-O2-CH3 (substrate=alloy)

[4175/9762] reaction_id=4175: HfSn3-111-O1-CH4 -> HfSn3-111-O1-CH3 (substrate=alloy)

[4176/9762] reaction_id=4176: HfSn3-111-O2-CH4 -> HfSn3-111-O2-CH3 (substrate=alloy)

[4177/9762] reaction_id=4177: HfTc3-111-O1-CH4 -> HfTc3-111-O1-CH3 (substrate=alloy)

[4178/9762] reaction_id=4178: HfTc3-111-O2-CH4 -> HfTc3-111-O2-CH3 (substrate=alloy)

[4179/9762] reaction_id=4179: HfTi3-111-O1-CH4 -> HfTi3-111-O1-CH3 (substrate=alloy)

[4180/9762] reaction_id=4180: HfTi3-111-O2-CH4 -> HfTi3-111-O2-CH3 (substrate=alloy)

[4181/9762] reaction_id=4181: HfTl3-111-O1-CH4 -> HfTl3-111-O1-CH3 (substrate=alloy)

[4182/9762] reaction_id=4182: HfTl3-111-O2-CH4 -> HfTl3-111-O2-CH3 (substrate=alloy)

[4183/9762] reaction_id=4183: HfV3-111-O1-CH4 -> HfV3-111-O1-CH3 (substrate=alloy)

[4184/9762] reaction_id=4184: HfV3-111-O2-CH4 -> HfV3-111-O2-CH3 (substrate=alloy)

[4185/9762] reaction_id=4185: HfW3-111-O1-CH4 -> HfW3-111-O1-CH3 (substrate=alloy)

[4186/9762] reaction_id=4186: HfW3-111-O2-CH4 -> HfW3-111-O2-CH3 (substrate=alloy)

[4187/9762] reaction_id=4187: HfY3-111-O1-CH4 -> HfY3-111-O1-CH3 (substrate=alloy)

[4188/9762] reaction_id=4188: HfZn3-111-O1-CH4 -> HfZn3-111-O1-CH3 (substrate=alloy)

[4189/9762] reaction_id=4189: HfZn3-111-O2-CH4 -> HfZn3-111-O2-CH3 (substrate=alloy)

[4190/9762] reaction_id=4190: HfZr3-111-O1-CH4 -> HfZr3-111-O1-CH3 (substrate=alloy)

[4191/9762] reaction_id=4191: HfZr3-111-O2-CH4 -> HfZr3-111-O2-CH3 (substrate=alloy)

[4192/9762] reaction_id=4192: In2Ir2-111-O1-CH4 -> In2Ir2-111-O1-CH3 (substrate=alloy)

[4193/9762] reaction_id=4193: In2Ir2-111-O2-CH4 -> In2Ir2-111-O2-CH3 (substrate=alloy)

[4194/9762] reaction_id=4194: In2Mn2-111-O1-CH4 -> In2Mn2-111-O1-CH3 (substrate=alloy)

[4195/9762] reaction_id=4195: In2Mn2-111-O2-CH4 -> In2Mn2-111-O2-CH3 (substrate=alloy)

[4196/9762] reaction_id=4196: In2Mo2-111-O1-CH4 -> In2Mo2-111-O1-CH3 (substrate=alloy)

[4197/9762] reaction_id=4197: In2Mo2-111-O2-CH4 -> In2Mo2-111-O2-CH3 (substrate=alloy)

[4198/9762] reaction_id=4198: In2Nb2-111-O1-CH4 -> In2Nb2-111-O1-CH3 (substrate=alloy)

[4199/9762] reaction_id=4199: In2Nb2-111-O2-CH4 -> In2Nb2-111-O2-CH3 (substrate=alloy)

[4200/9762] reaction_id=4200: In2Ni2-111-O1-CH4 -> In2Ni2-111-O1-CH3 (substrate=alloy)

[4201/9762] reaction_id=4201: In2Ni2-111-O2-CH4 -> In2Ni2-111-O2-CH3 (substrate=alloy)

[4202/9762] reaction_id=4202: In2Os2-111-O1-CH4 -> In2Os2-111-O1-CH3 (substrate=alloy)

[4203/9762] reaction_id=4203: In2Os2-111-O2-CH4 -> In2Os2-111-O2-CH3 (substrate=alloy)

[4204/9762] reaction_id=4204: In2Pb2-111-O1-CH4 -> In2Pb2-111-O1-CH3 (substrate=alloy)

[4205/9762] reaction_id=4205: In2Pd2-111-O1-CH4 -> In2Pd2-111-O1-CH3 (substrate=alloy)

[4206/9762] reaction_id=4206: In2Pd2-111-O2-CH4 -> In2Pd2-111-O2-CH3 (substrate=alloy)

[4207/9762] reaction_id=4207: In2Pt2-111-O1-CH4 -> In2Pt2-111-O1-CH3 (substrate=alloy)

[4208/9762] reaction_id=4208: In2Pt2-111-O2-CH4 -> In2Pt2-111-O2-CH3 (substrate=alloy)

[4209/9762] reaction_id=4209: In2Re2-111-O1-CH4 -> In2Re2-111-O1-CH3 (substrate=alloy)

[4210/9762] reaction_id=4210: In2Re2-111-O2-CH4 -> In2Re2-111-O2-CH3 (substrate=alloy)

[4211/9762] reaction_id=4211: In2Rh2-111-O1-CH4 -> In2Rh2-111-O1-CH3 (substrate=alloy)

[4212/9762] reaction_id=4212: In2Rh2-111-O2-CH4 -> In2Rh2-111-O2-CH3 (substrate=alloy)

[4213/9762] reaction_id=4213: In2Ru2-111-O1-CH4 -> In2Ru2-111-O1-CH3 (substrate=alloy)

[4214/9762] reaction_id=4214: In2Ru2-111-O2-CH4 -> In2Ru2-111-O2-CH3 (substrate=alloy)

[4215/9762] reaction_id=4215: In2Sc2-111-O1-CH4 -> In2Sc2-111-O1-CH3 (substrate=alloy)

[4216/9762] reaction_id=4216: In2Sc2-111-O2-CH4 -> In2Sc2-111-O2-CH3 (substrate=alloy)

[4217/9762] reaction_id=4217: In2Sn2-111-O1-CH4 -> In2Sn2-111-O1-CH3 (substrate=alloy)

[4218/9762] reaction_id=4218: In2Sn2-111-O2-CH4 -> In2Sn2-111-O2-CH3 (substrate=alloy)

[4219/9762] reaction_id=4219: In2Ta2-111-O1-CH4 -> In2Ta2-111-O1-CH3 (substrate=alloy)

[4220/9762] reaction_id=4220: In2Ta2-111-O2-CH4 -> In2Ta2-111-O2-CH3 (substrate=alloy)

[4221/9762] reaction_id=4221: In2Tc2-111-O1-CH4 -> In2Tc2-111-O1-CH3 (substrate=alloy)

[4222/9762] reaction_id=4222: In2Tc2-111-O2-CH4 -> In2Tc2-111-O2-CH3 (substrate=alloy)

[4223/9762] reaction_id=4223: In2Ti2-111-O1-CH4 -> In2Ti2-111-O1-CH3 (substrate=alloy)

[4224/9762] reaction_id=4224: In2Ti2-111-O2-CH4 -> In2Ti2-111-O2-CH3 (substrate=alloy)

[4225/9762] reaction_id=4225: In2Tl2-111-O2-CH4 -> In2Tl2-111-O2-CH3 (substrate=alloy)

[4226/9762] reaction_id=4226: In2V2-111-O1-CH4 -> In2V2-111-O1-CH3 (substrate=alloy)

[4227/9762] reaction_id=4227: In2V2-111-O2-CH4 -> In2V2-111-O2-CH3 (substrate=alloy)

[4228/9762] reaction_id=4228: In2W2-111-O1-CH4 -> In2W2-111-O1-CH3 (substrate=alloy)

[4229/9762] reaction_id=4229: In2W2-111-O2-CH4 -> In2W2-111-O2-CH3 (substrate=alloy)

[4230/9762] reaction_id=4230: In2Y2-111-O1-CH4 -> In2Y2-111-O1-CH3 (substrate=alloy)

[4231/9762] reaction_id=4231: In2Zn2-111-O1-CH4 -> In2Zn2-111-O1-CH3 (substrate=alloy)

[4232/9762] reaction_id=4232: In2Zn2-111-O2-CH4 -> In2Zn2-111-O2-CH3 (substrate=alloy)

[4233/9762] reaction_id=4233: In2Zr2-111-O1-CH4 -> In2Zr2-111-O1-CH3 (substrate=alloy)

[4234/9762] reaction_id=4234: In2Zr2-111-O2-CH4 -> In2Zr2-111-O2-CH3 (substrate=alloy)

[4235/9762] reaction_id=4235: In3Ir-111-O1-CH4 -> In3Ir-111-O1-CH3 (substrate=alloy)

[4236/9762] reaction_id=4236: In3Ir-111-O2-CH4 -> In3Ir-111-O2-CH3 (substrate=alloy)

[4237/9762] reaction_id=4237: In3Mn-111-O1-CH4 -> In3Mn-111-O1-CH3 (substrate=alloy)

[4238/9762] reaction_id=4238: In3Mn-111-O2-CH4 -> In3Mn-111-O2-CH3 (substrate=alloy)

[4239/9762] reaction_id=4239: In3Mo-111-O1-CH4 -> In3Mo-111-O1-CH3 (substrate=alloy)

[4240/9762] reaction_id=4240: In3Mo-111-O2-CH4 -> In3Mo-111-O2-CH3 (substrate=alloy)

[4241/9762] reaction_id=4241: In3Nb-111-O1-CH4 -> In3Nb-111-O1-CH3 (substrate=alloy)

[4242/9762] reaction_id=4242: In3Nb-111-O2-CH4 -> In3Nb-111-O2-CH3 (substrate=alloy)

[4243/9762] reaction_id=4243: In3Ni-111-O1-CH4 -> In3Ni-111-O1-CH3 (substrate=alloy)

[4244/9762] reaction_id=4244: In3Ni-111-O2-CH4 -> In3Ni-111-O2-CH3 (substrate=alloy)

[4245/9762] reaction_id=4245: In3Os-111-O1-CH4 -> In3Os-111-O1-CH3 (substrate=alloy)

[4246/9762] reaction_id=4246: In3Os-111-O2-CH4 -> In3Os-111-O2-CH3 (substrate=alloy)

[4247/9762] reaction_id=4247: In3Pb-111-O2-CH4 -> In3Pb-111-O2-CH3 (substrate=alloy)

[4248/9762] reaction_id=4248: In3Pd-111-O1-CH4 -> In3Pd-111-O1-CH3 (substrate=alloy)

[4249/9762] reaction_id=4249: In3Pd-111-O2-CH4 -> In3Pd-111-O2-CH3 (substrate=alloy)

[4250/9762] reaction_id=4250: In3Pt-111-O1-CH4 -> In3Pt-111-O1-CH3 (substrate=alloy)

[4251/9762] reaction_id=4251: In3Pt-111-O2-CH4 -> In3Pt-111-O2-CH3 (substrate=alloy)

[4252/9762] reaction_id=4252: In3Re-111-O1-CH4 -> In3Re-111-O1-CH3 (substrate=alloy)

[4253/9762] reaction_id=4253: In3Re-111-O2-CH4 -> In3Re-111-O2-CH3 (substrate=alloy)

[4254/9762] reaction_id=4254: In3Rh-111-O1-CH4 -> In3Rh-111-O1-CH3 (substrate=alloy)

[4255/9762] reaction_id=4255: In3Rh-111-O2-CH4 -> In3Rh-111-O2-CH3 (substrate=alloy)

[4256/9762] reaction_id=4256: In3Ru-111-O1-CH4 -> In3Ru-111-O1-CH3 (substrate=alloy)

[4257/9762] reaction_id=4257: In3Ru-111-O2-CH4 -> In3Ru-111-O2-CH3 (substrate=alloy)

[4258/9762] reaction_id=4258: In3Sc-111-O1-CH4 -> In3Sc-111-O1-CH3 (substrate=alloy)

[4259/9762] reaction_id=4259: In3Sc-111-O2-CH4 -> In3Sc-111-O2-CH3 (substrate=alloy)

[4260/9762] reaction_id=4260: In3Sn-111-O1-CH4 -> In3Sn-111-O1-CH3 (substrate=alloy)

[4261/9762] reaction_id=4261: In3Sn-111-O2-CH4 -> In3Sn-111-O2-CH3 (substrate=alloy)

[4262/9762] reaction_id=4262: In3Ta-111-O1-CH4 -> In3Ta-111-O1-CH3 (substrate=alloy)

[4263/9762] reaction_id=4263: In3Ta-111-O2-CH4 -> In3Ta-111-O2-CH3 (substrate=alloy)

[4264/9762] reaction_id=4264: In3Tc-111-O1-CH4 -> In3Tc-111-O1-CH3 (substrate=alloy)

[4265/9762] reaction_id=4265: In3Tc-111-O2-CH4 -> In3Tc-111-O2-CH3 (substrate=alloy)

[4266/9762] reaction_id=4266: In3Ti-111-O1-CH4 -> In3Ti-111-O1-CH3 (substrate=alloy)

[4267/9762] reaction_id=4267: In3Ti-111-O2-CH4 -> In3Ti-111-O2-CH3 (substrate=alloy)

[4268/9762] reaction_id=4268: In3Tl-111-O2-CH4 -> In3Tl-111-O2-CH3 (substrate=alloy)

[4269/9762] reaction_id=4269: In3V-111-O1-CH4 -> In3V-111-O1-CH3 (substrate=alloy)

[4270/9762] reaction_id=4270: In3V-111-O2-CH4 -> In3V-111-O2-CH3 (substrate=alloy)

[4271/9762] reaction_id=4271: In3W-111-O1-CH4 -> In3W-111-O1-CH3 (substrate=alloy)

[4272/9762] reaction_id=4272: In3W-111-O2-CH4 -> In3W-111-O2-CH3 (substrate=alloy)

[4273/9762] reaction_id=4273: In3Y-111-O2-CH4 -> In3Y-111-O2-CH3 (substrate=alloy)

[4274/9762] reaction_id=4274: In3Zn-111-O1-CH4 -> In3Zn-111-O1-CH3 (substrate=alloy)

[4275/9762] reaction_id=4275: In3Zn-111-O2-CH4 -> In3Zn-111-O2-CH3 (substrate=alloy)

[4276/9762] reaction_id=4276: In3Zr-111-O1-CH4 -> In3Zr-111-O1-CH3 (substrate=alloy)

[4277/9762] reaction_id=4277: In3Zr-111-O2-CH4 -> In3Zr-111-O2-CH3 (substrate=alloy)

[4278/9762] reaction_id=4278: InIr3-111-O1-CH4 -> InIr3-111-O1-CH3 (substrate=alloy)

[4279/9762] reaction_id=4279: InIr3-111-O2-CH4 -> InIr3-111-O2-CH3 (substrate=alloy)

[4280/9762] reaction_id=4280: InMo3-111-O1-CH4 -> InMo3-111-O1-CH3 (substrate=alloy)

[4281/9762] reaction_id=4281: InMo3-111-O2-CH4 -> InMo3-111-O2-CH3 (substrate=alloy)

[4282/9762] reaction_id=4282: InNb3-111-O1-CH4 -> InNb3-111-O1-CH3 (substrate=alloy)

[4283/9762] reaction_id=4283: InNb3-111-O2-CH4 -> InNb3-111-O2-CH3 (substrate=alloy)

[4284/9762] reaction_id=4284: InNi3-111-O1-CH4 -> InNi3-111-O1-CH3 (substrate=alloy)

[4285/9762] reaction_id=4285: InNi3-111-O2-CH4 -> InNi3-111-O2-CH3 (substrate=alloy)

[4286/9762] reaction_id=4286: InOs3-111-O1-CH4 -> InOs3-111-O1-CH3 (substrate=alloy)

[4287/9762] reaction_id=4287: InOs3-111-O2-CH4 -> InOs3-111-O2-CH3 (substrate=alloy)

[4288/9762] reaction_id=4288: InPb3-111-O1-CH4 -> InPb3-111-O1-CH3 (substrate=alloy)

[4289/9762] reaction_id=4289: InPd3-111-O1-CH4 -> InPd3-111-O1-CH3 (substrate=alloy)

[4290/9762] reaction_id=4290: InPd3-111-O2-CH4 -> InPd3-111-O2-CH3 (substrate=alloy)

[4291/9762] reaction_id=4291: InPt3-111-O1-CH4 -> InPt3-111-O1-CH3 (substrate=alloy)

[4292/9762] reaction_id=4292: InPt3-111-O2-CH4 -> InPt3-111-O2-CH3 (substrate=alloy)

[4293/9762] reaction_id=4293: InRe3-111-O1-CH4 -> InRe3-111-O1-CH3 (substrate=alloy)

[4294/9762] reaction_id=4294: InRe3-111-O2-CH4 -> InRe3-111-O2-CH3 (substrate=alloy)

[4295/9762] reaction_id=4295: InRh3-111-O1-CH4 -> InRh3-111-O1-CH3 (substrate=alloy)

[4296/9762] reaction_id=4296: InRh3-111-O2-CH4 -> InRh3-111-O2-CH3 (substrate=alloy)

[4297/9762] reaction_id=4297: InRu3-111-O1-CH4 -> InRu3-111-O1-CH3 (substrate=alloy)

[4298/9762] reaction_id=4298: InRu3-111-O2-CH4 -> InRu3-111-O2-CH3 (substrate=alloy)

[4299/9762] reaction_id=4299: InSc3-111-O1-CH4 -> InSc3-111-O1-CH3 (substrate=alloy)

[4300/9762] reaction_id=4300: InSc3-111-O2-CH4 -> InSc3-111-O2-CH3 (substrate=alloy)

[4301/9762] reaction_id=4301: InSn3-111-O1-CH4 -> InSn3-111-O1-CH3 (substrate=alloy)

[4302/9762] reaction_id=4302: InSn3-111-O2-CH4 -> InSn3-111-O2-CH3 (substrate=alloy)

[4303/9762] reaction_id=4303: InTa3-111-O1-CH4 -> InTa3-111-O1-CH3 (substrate=alloy)

[4304/9762] reaction_id=4304: InTa3-111-O2-CH4 -> InTa3-111-O2-CH3 (substrate=alloy)

[4305/9762] reaction_id=4305: InTc3-111-O1-CH4 -> InTc3-111-O1-CH3 (substrate=alloy)

[4306/9762] reaction_id=4306: InTc3-111-O2-CH4 -> InTc3-111-O2-CH3 (substrate=alloy)

[4307/9762] reaction_id=4307: InTi3-111-O1-CH4 -> InTi3-111-O1-CH3 (substrate=alloy)

[4308/9762] reaction_id=4308: InTi3-111-O2-CH4 -> InTi3-111-O2-CH3 (substrate=alloy)

[4309/9762] reaction_id=4309: InTl3-111-O2-CH4 -> InTl3-111-O2-CH3 (substrate=alloy)

[4310/9762] reaction_id=4310: InV3-111-O1-CH4 -> InV3-111-O1-CH3 (substrate=alloy)

[4311/9762] reaction_id=4311: InV3-111-O2-CH4 -> InV3-111-O2-CH3 (substrate=alloy)

[4312/9762] reaction_id=4312: InW3-111-O1-CH4 -> InW3-111-O1-CH3 (substrate=alloy)

[4313/9762] reaction_id=4313: InW3-111-O2-CH4 -> InW3-111-O2-CH3 (substrate=alloy)

[4314/9762] reaction_id=4314: InY3-111-O1-CH4 -> InY3-111-O1-CH3 (substrate=alloy)

[4315/9762] reaction_id=4315: InY3-111-O2-CH4 -> InY3-111-O2-CH3 (substrate=alloy)

[4316/9762] reaction_id=4316: InZn3-111-O1-CH4 -> InZn3-111-O1-CH3 (substrate=alloy)

[4317/9762] reaction_id=4317: InZn3-111-O2-CH4 -> InZn3-111-O2-CH3 (substrate=alloy)

[4318/9762] reaction_id=4318: InZr3-111-O1-CH4 -> InZr3-111-O1-CH3 (substrate=alloy)

[4319/9762] reaction_id=4319: InZr3-111-O2-CH4 -> InZr3-111-O2-CH3 (substrate=alloy)

[4320/9762] reaction_id=4320: Ir2Mn2-111-O1-CH4 -> Ir2Mn2-111-O1-CH3 (substrate=alloy)

[4321/9762] reaction_id=4321: Ir2Mn2-111-O2-CH4 -> Ir2Mn2-111-O2-CH3 (substrate=alloy)

[4322/9762] reaction_id=4322: Ir2Mo2-111-O1-CH4 -> Ir2Mo2-111-O1-CH3 (substrate=alloy)

[4323/9762] reaction_id=4323: Ir2Mo2-111-O2-CH4 -> Ir2Mo2-111-O2-CH3 (substrate=alloy)

[4324/9762] reaction_id=4324: Ir2Nb2-111-O1-CH4 -> Ir2Nb2-111-O1-CH3 (substrate=alloy)

[4325/9762] reaction_id=4325: Ir2Nb2-111-O2-CH4 -> Ir2Nb2-111-O2-CH3 (substrate=alloy)

[4326/9762] reaction_id=4326: Ir2Ni2-111-O1-CH4 -> Ir2Ni2-111-O1-CH3 (substrate=alloy)

[4327/9762] reaction_id=4327: Ir2Ni2-111-O2-CH4 -> Ir2Ni2-111-O2-CH3 (substrate=alloy)

[4328/9762] reaction_id=4328: Ir2Os2-111-O1-CH4 -> Ir2Os2-111-O1-CH3 (substrate=alloy)

[4329/9762] reaction_id=4329: Ir2Os2-111-O2-CH4 -> Ir2Os2-111-O2-CH3 (substrate=alloy)

[4330/9762] reaction_id=4330: Ir2Pb2-111-O1-CH4 -> Ir2Pb2-111-O1-CH3 (substrate=alloy)

[4331/9762] reaction_id=4331: Ir2Pb2-111-O2-CH4 -> Ir2Pb2-111-O2-CH3 (substrate=alloy)

[4332/9762] reaction_id=4332: Ir2Pd2-111-O1-CH4 -> Ir2Pd2-111-O1-CH3 (substrate=alloy)

[4333/9762] reaction_id=4333: Ir2Pd2-111-O2-CH4 -> Ir2Pd2-111-O2-CH3 (substrate=alloy)

[4334/9762] reaction_id=4334: Ir2Pt2-111-O1-CH4 -> Ir2Pt2-111-O1-CH3 (substrate=alloy)

[4335/9762] reaction_id=4335: Ir2Pt2-111-O2-CH4 -> Ir2Pt2-111-O2-CH3 (substrate=alloy)

[4336/9762] reaction_id=4336: Ir2Re2-111-O1-CH4 -> Ir2Re2-111-O1-CH3 (substrate=alloy)

[4337/9762] reaction_id=4337: Ir2Re2-111-O2-CH4 -> Ir2Re2-111-O2-CH3 (substrate=alloy)

[4338/9762] reaction_id=4338: Ir2Rh2-111-O1-CH4 -> Ir2Rh2-111-O1-CH3 (substrate=alloy)

[4339/9762] reaction_id=4339: Ir2Rh2-111-O2-CH4 -> Ir2Rh2-111-O2-CH3 (substrate=alloy)

[4340/9762] reaction_id=4340: Ir2Ru2-111-O1-CH4 -> Ir2Ru2-111-O1-CH3 (substrate=alloy)

[4341/9762] reaction_id=4341: Ir2Ru2-111-O2-CH4 -> Ir2Ru2-111-O2-CH3 (substrate=alloy)

[4342/9762] reaction_id=4342: Ir2Sc2-111-O1-CH4 -> Ir2Sc2-111-O1-CH3 (substrate=alloy)

[4343/9762] reaction_id=4343: Ir2Sc2-111-O2-CH4 -> Ir2Sc2-111-O2-CH3 (substrate=alloy)

[4344/9762] reaction_id=4344: Ir2Sn2-111-O1-CH4 -> Ir2Sn2-111-O1-CH3 (substrate=alloy)

[4345/9762] reaction_id=4345: Ir2Sn2-111-O2-CH4 -> Ir2Sn2-111-O2-CH3 (substrate=alloy)

[4346/9762] reaction_id=4346: Ir2Ta2-111-O1-CH4 -> Ir2Ta2-111-O1-CH3 (substrate=alloy)

[4347/9762] reaction_id=4347: Ir2Ta2-111-O2-CH4 -> Ir2Ta2-111-O2-CH3 (substrate=alloy)

[4348/9762] reaction_id=4348: Ir2Tc2-111-O1-CH4 -> Ir2Tc2-111-O1-CH3 (substrate=alloy)

[4349/9762] reaction_id=4349: Ir2Tc2-111-O2-CH4 -> Ir2Tc2-111-O2-CH3 (substrate=alloy)

[4350/9762] reaction_id=4350: Ir2Ti2-111-O1-CH4 -> Ir2Ti2-111-O1-CH3 (substrate=alloy)

[4351/9762] reaction_id=4351: Ir2Ti2-111-O2-CH4 -> Ir2Ti2-111-O2-CH3 (substrate=alloy)

[4352/9762] reaction_id=4352: Ir2Tl2-111-O1-CH4 -> Ir2Tl2-111-O1-CH3 (substrate=alloy)

[4353/9762] reaction_id=4353: Ir2Tl2-111-O2-CH4 -> Ir2Tl2-111-O2-CH3 (substrate=alloy)

[4354/9762] reaction_id=4354: Ir2V2-111-O1-CH4 -> Ir2V2-111-O1-CH3 (substrate=alloy)

[4355/9762] reaction_id=4355: Ir2V2-111-O2-CH4 -> Ir2V2-111-O2-CH3 (substrate=alloy)

[4356/9762] reaction_id=4356: Ir2W2-111-O1-CH4 -> Ir2W2-111-O1-CH3 (substrate=alloy)

[4357/9762] reaction_id=4357: Ir2W2-111-O2-CH4 -> Ir2W2-111-O2-CH3 (substrate=alloy)

[4358/9762] reaction_id=4358: Ir2Y2-111-O1-CH4 -> Ir2Y2-111-O1-CH3 (substrate=alloy)

[4359/9762] reaction_id=4359: Ir2Y2-111-O2-CH4 -> Ir2Y2-111-O2-CH3 (substrate=alloy)

[4360/9762] reaction_id=4360: Ir2Zn2-111-O1-CH4 -> Ir2Zn2-111-O1-CH3 (substrate=alloy)

[4361/9762] reaction_id=4361: Ir2Zn2-111-O2-CH4 -> Ir2Zn2-111-O2-CH3 (substrate=alloy)

[4362/9762] reaction_id=4362: Ir2Zr2-111-O1-CH4 -> Ir2Zr2-111-O1-CH3 (substrate=alloy)

[4363/9762] reaction_id=4363: Ir2Zr2-111-O2-CH4 -> Ir2Zr2-111-O2-CH3 (substrate=alloy)

[4364/9762] reaction_id=4364: Ir3Mn-111-O1-CH4 -> Ir3Mn-111-O1-CH3 (substrate=alloy)

[4365/9762] reaction_id=4365: Ir3Mn-111-O2-CH4 -> Ir3Mn-111-O2-CH3 (substrate=alloy)

[4366/9762] reaction_id=4366: Ir3Mo-111-O1-CH4 -> Ir3Mo-111-O1-CH3 (substrate=alloy)

[4367/9762] reaction_id=4367: Ir3Mo-111-O2-CH4 -> Ir3Mo-111-O2-CH3 (substrate=alloy)

[4368/9762] reaction_id=4368: Ir3Nb-111-O1-CH4 -> Ir3Nb-111-O1-CH3 (substrate=alloy)

[4369/9762] reaction_id=4369: Ir3Nb-111-O2-CH4 -> Ir3Nb-111-O2-CH3 (substrate=alloy)

[4370/9762] reaction_id=4370: Ir3Ni-111-O1-CH4 -> Ir3Ni-111-O1-CH3 (substrate=alloy)

[4371/9762] reaction_id=4371: Ir3Ni-111-O2-CH4 -> Ir3Ni-111-O2-CH3 (substrate=alloy)

[4372/9762] reaction_id=4372: Ir3Os-111-O1-CH4 -> Ir3Os-111-O1-CH3 (substrate=alloy)

[4373/9762] reaction_id=4373: Ir3Os-111-O2-CH4 -> Ir3Os-111-O2-CH3 (substrate=alloy)

[4374/9762] reaction_id=4374: Ir3Pb-111-O2-CH4 -> Ir3Pb-111-O2-CH3 (substrate=alloy)

[4375/9762] reaction_id=4375: Ir3Pd-111-O1-CH4 -> Ir3Pd-111-O1-CH3 (substrate=alloy)

[4376/9762] reaction_id=4376: Ir3Pd-111-O2-CH4 -> Ir3Pd-111-O2-CH3 (substrate=alloy)

[4377/9762] reaction_id=4377: Ir3Pt-111-O1-CH4 -> Ir3Pt-111-O1-CH3 (substrate=alloy)

[4378/9762] reaction_id=4378: Ir3Pt-111-O2-CH4 -> Ir3Pt-111-O2-CH3 (substrate=alloy)

[4379/9762] reaction_id=4379: Ir3Re-111-O1-CH4 -> Ir3Re-111-O1-CH3 (substrate=alloy)

[4380/9762] reaction_id=4380: Ir3Re-111-O2-CH4 -> Ir3Re-111-O2-CH3 (substrate=alloy)

[4381/9762] reaction_id=4381: Ir3Rh-111-O1-CH4 -> Ir3Rh-111-O1-CH3 (substrate=alloy)

[4382/9762] reaction_id=4382: Ir3Rh-111-O2-CH4 -> Ir3Rh-111-O2-CH3 (substrate=alloy)

[4383/9762] reaction_id=4383: Ir3Ru-111-O1-CH4 -> Ir3Ru-111-O1-CH3 (substrate=alloy)

[4384/9762] reaction_id=4384: Ir3Ru-111-O2-CH4 -> Ir3Ru-111-O2-CH3 (substrate=alloy)

[4385/9762] reaction_id=4385: Ir3Sc-111-O1-CH4 -> Ir3Sc-111-O1-CH3 (substrate=alloy)

[4386/9762] reaction_id=4386: Ir3Sc-111-O2-CH4 -> Ir3Sc-111-O2-CH3 (substrate=alloy)

[4387/9762] reaction_id=4387: Ir3Sn-111-O1-CH4 -> Ir3Sn-111-O1-CH3 (substrate=alloy)

[4388/9762] reaction_id=4388: Ir3Sn-111-O2-CH4 -> Ir3Sn-111-O2-CH3 (substrate=alloy)

[4389/9762] reaction_id=4389: Ir3Ta-111-O1-CH4 -> Ir3Ta-111-O1-CH3 (substrate=alloy)

[4390/9762] reaction_id=4390: Ir3Ta-111-O2-CH4 -> Ir3Ta-111-O2-CH3 (substrate=alloy)

[4391/9762] reaction_id=4391: Ir3Tc-111-O1-CH4 -> Ir3Tc-111-O1-CH3 (substrate=alloy)

[4392/9762] reaction_id=4392: Ir3Tc-111-O2-CH4 -> Ir3Tc-111-O2-CH3 (substrate=alloy)

[4393/9762] reaction_id=4393: Ir3Ti-111-O1-CH4 -> Ir3Ti-111-O1-CH3 (substrate=alloy)

[4394/9762] reaction_id=4394: Ir3Ti-111-O2-CH4 -> Ir3Ti-111-O2-CH3 (substrate=alloy)

[4395/9762] reaction_id=4395: Ir3Tl-111-O2-CH4 -> Ir3Tl-111-O2-CH3 (substrate=alloy)

[4396/9762] reaction_id=4396: Ir3V-111-O1-CH4 -> Ir3V-111-O1-CH3 (substrate=alloy)

[4397/9762] reaction_id=4397: Ir3V-111-O2-CH4 -> Ir3V-111-O2-CH3 (substrate=alloy)

[4398/9762] reaction_id=4398: Ir3W-111-O1-CH4 -> Ir3W-111-O1-CH3 (substrate=alloy)

[4399/9762] reaction_id=4399: Ir3W-111-O2-CH4 -> Ir3W-111-O2-CH3 (substrate=alloy)

[4400/9762] reaction_id=4400: Ir3Y-111-O1-CH4 -> Ir3Y-111-O1-CH3 (substrate=alloy)

[4401/9762] reaction_id=4401: Ir3Zn-111-O1-CH4 -> Ir3Zn-111-O1-CH3 (substrate=alloy)

[4402/9762] reaction_id=4402: Ir3Zn-111-O2-CH4 -> Ir3Zn-111-O2-CH3 (substrate=alloy)

[4403/9762] reaction_id=4403: Ir3Zr-111-O1-CH4 -> Ir3Zr-111-O1-CH3 (substrate=alloy)

[4404/9762] reaction_id=4404: Ir3Zr-111-O2-CH4 -> Ir3Zr-111-O2-CH3 (substrate=alloy)

[4405/9762] reaction_id=4405: IrMo3-111-O1-CH4 -> IrMo3-111-O1-CH3 (substrate=alloy)

[4406/9762] reaction_id=4406: IrMo3-111-O2-CH4 -> IrMo3-111-O2-CH3 (substrate=alloy)

[4407/9762] reaction_id=4407: IrNb3-111-O1-CH4 -> IrNb3-111-O1-CH3 (substrate=alloy)

[4408/9762] reaction_id=4408: IrNb3-111-O2-CH4 -> IrNb3-111-O2-CH3 (substrate=alloy)

[4409/9762] reaction_id=4409: IrNi3-111-O1-CH4 -> IrNi3-111-O1-CH3 (substrate=alloy)

[4410/9762] reaction_id=4410: IrNi3-111-O2-CH4 -> IrNi3-111-O2-CH3 (substrate=alloy)

[4411/9762] reaction_id=4411: IrOs3-111-O1-CH4 -> IrOs3-111-O1-CH3 (substrate=alloy)

[4412/9762] reaction_id=4412: IrOs3-111-O2-CH4 -> IrOs3-111-O2-CH3 (substrate=alloy)

[4413/9762] reaction_id=4413: IrPb3-111-O1-CH4 -> IrPb3-111-O1-CH3 (substrate=alloy)

[4414/9762] reaction_id=4414: IrPb3-111-O2-CH4 -> IrPb3-111-O2-CH3 (substrate=alloy)

[4415/9762] reaction_id=4415: IrPd3-111-O1-CH4 -> IrPd3-111-O1-CH3 (substrate=alloy)

[4416/9762] reaction_id=4416: IrPd3-111-O2-CH4 -> IrPd3-111-O2-CH3 (substrate=alloy)

[4417/9762] reaction_id=4417: IrPt3-111-O1-CH4 -> IrPt3-111-O1-CH3 (substrate=alloy)

[4418/9762] reaction_id=4418: IrPt3-111-O2-CH4 -> IrPt3-111-O2-CH3 (substrate=alloy)

[4419/9762] reaction_id=4419: IrRe3-111-O1-CH4 -> IrRe3-111-O1-CH3 (substrate=alloy)

[4420/9762] reaction_id=4420: IrRe3-111-O2-CH4 -> IrRe3-111-O2-CH3 (substrate=alloy)

[4421/9762] reaction_id=4421: IrRh3-111-O1-CH4 -> IrRh3-111-O1-CH3 (substrate=alloy)

[4422/9762] reaction_id=4422: IrRh3-111-O2-CH4 -> IrRh3-111-O2-CH3 (substrate=alloy)

[4423/9762] reaction_id=4423: IrRu3-111-O1-CH4 -> IrRu3-111-O1-CH3 (substrate=alloy)

[4424/9762] reaction_id=4424: IrRu3-111-O2-CH4 -> IrRu3-111-O2-CH3 (substrate=alloy)

[4425/9762] reaction_id=4425: IrSc3-111-O1-CH4 -> IrSc3-111-O1-CH3 (substrate=alloy)

[4426/9762] reaction_id=4426: IrSc3-111-O2-CH4 -> IrSc3-111-O2-CH3 (substrate=alloy)

[4427/9762] reaction_id=4427: IrSn3-111-O1-CH4 -> IrSn3-111-O1-CH3 (substrate=alloy)

[4428/9762] reaction_id=4428: IrSn3-111-O2-CH4 -> IrSn3-111-O2-CH3 (substrate=alloy)

[4429/9762] reaction_id=4429: IrTa3-111-O1-CH4 -> IrTa3-111-O1-CH3 (substrate=alloy)

[4430/9762] reaction_id=4430: IrTa3-111-O2-CH4 -> IrTa3-111-O2-CH3 (substrate=alloy)

[4431/9762] reaction_id=4431: IrTc3-111-O1-CH4 -> IrTc3-111-O1-CH3 (substrate=alloy)

[4432/9762] reaction_id=4432: IrTc3-111-O2-CH4 -> IrTc3-111-O2-CH3 (substrate=alloy)

[4433/9762] reaction_id=4433: IrTi3-111-O1-CH4 -> IrTi3-111-O1-CH3 (substrate=alloy)

[4434/9762] reaction_id=4434: IrTi3-111-O2-CH4 -> IrTi3-111-O2-CH3 (substrate=alloy)

[4435/9762] reaction_id=4435: IrTl3-111-O1-CH4 -> IrTl3-111-O1-CH3 (substrate=alloy)

[4436/9762] reaction_id=4436: IrTl3-111-O2-CH4 -> IrTl3-111-O2-CH3 (substrate=alloy)

[4437/9762] reaction_id=4437: IrV3-111-O1-CH4 -> IrV3-111-O1-CH3 (substrate=alloy)

[4438/9762] reaction_id=4438: IrV3-111-O2-CH4 -> IrV3-111-O2-CH3 (substrate=alloy)

[4439/9762] reaction_id=4439: IrW3-111-O1-CH4 -> IrW3-111-O1-CH3 (substrate=alloy)

[4440/9762] reaction_id=4440: IrW3-111-O2-CH4 -> IrW3-111-O2-CH3 (substrate=alloy)

[4441/9762] reaction_id=4441: IrY3-111-O1-CH4 -> IrY3-111-O1-CH3 (substrate=alloy)

[4442/9762] reaction_id=4442: IrY3-111-O2-CH4 -> IrY3-111-O2-CH3 (substrate=alloy)

[4443/9762] reaction_id=4443: IrZn3-111-O1-CH4 -> IrZn3-111-O1-CH3 (substrate=alloy)

[4444/9762] reaction_id=4444: IrZn3-111-O2-CH4 -> IrZn3-111-O2-CH3 (substrate=alloy)

[4445/9762] reaction_id=4445: IrZr3-111-O1-CH4 -> IrZr3-111-O1-CH3 (substrate=alloy)

[4446/9762] reaction_id=4446: IrZr3-111-O2-CH4 -> IrZr3-111-O2-CH3 (substrate=alloy)

[4447/9762] reaction_id=4447: Mn2Mo2-111-O1-CH4 -> Mn2Mo2-111-O1-CH3 (substrate=alloy)

[4448/9762] reaction_id=4448: Mn2Mo2-111-O2-CH4 -> Mn2Mo2-111-O2-CH3 (substrate=alloy)

[4449/9762] reaction_id=4449: Mn2Nb2-111-O1-CH4 -> Mn2Nb2-111-O1-CH3 (substrate=alloy)

[4450/9762] reaction_id=4450: Mn2Nb2-111-O2-CH4 -> Mn2Nb2-111-O2-CH3 (substrate=alloy)

[4451/9762] reaction_id=4451: Mn2Ni2-111-O1-CH4 -> Mn2Ni2-111-O1-CH3 (substrate=alloy)

[4452/9762] reaction_id=4452: Mn2Ni2-111-O2-CH4 -> Mn2Ni2-111-O2-CH3 (substrate=alloy)

[4453/9762] reaction_id=4453: Mn2Pb2-111-O1-CH4 -> Mn2Pb2-111-O1-CH3 (substrate=alloy)

[4454/9762] reaction_id=4454: Mn2Pb2-111-O2-CH4 -> Mn2Pb2-111-O2-CH3 (substrate=alloy)

[4455/9762] reaction_id=4455: Mn2Pd2-111-O1-CH4 -> Mn2Pd2-111-O1-CH3 (substrate=alloy)

[4456/9762] reaction_id=4456: Mn2Pd2-111-O2-CH4 -> Mn2Pd2-111-O2-CH3 (substrate=alloy)

[4457/9762] reaction_id=4457: Mn2Pt2-111-O1-CH4 -> Mn2Pt2-111-O1-CH3 (substrate=alloy)

[4458/9762] reaction_id=4458: Mn2Pt2-111-O2-CH4 -> Mn2Pt2-111-O2-CH3 (substrate=alloy)

[4459/9762] reaction_id=4459: Mn2Re2-111-O1-CH4 -> Mn2Re2-111-O1-CH3 (substrate=alloy)

[4460/9762] reaction_id=4460: Mn2Re2-111-O2-CH4 -> Mn2Re2-111-O2-CH3 (substrate=alloy)

[4461/9762] reaction_id=4461: Mn2Rh2-111-O1-CH4 -> Mn2Rh2-111-O1-CH3 (substrate=alloy)

[4462/9762] reaction_id=4462: Mn2Rh2-111-O2-CH4 -> Mn2Rh2-111-O2-CH3 (substrate=alloy)

[4463/9762] reaction_id=4463: Mn2Ru2-111-O1-CH4 -> Mn2Ru2-111-O1-CH3 (substrate=alloy)

[4464/9762] reaction_id=4464: Mn2Ru2-111-O2-CH4 -> Mn2Ru2-111-O2-CH3 (substrate=alloy)

[4465/9762] reaction_id=4465: Mn2Sc2-111-O1-CH4 -> Mn2Sc2-111-O1-CH3 (substrate=alloy)

[4466/9762] reaction_id=4466: Mn2Sc2-111-O2-CH4 -> Mn2Sc2-111-O2-CH3 (substrate=alloy)

[4467/9762] reaction_id=4467: Mn2Sn2-111-O1-CH4 -> Mn2Sn2-111-O1-CH3 (substrate=alloy)

[4468/9762] reaction_id=4468: Mn2Sn2-111-O2-CH4 -> Mn2Sn2-111-O2-CH3 (substrate=alloy)

[4469/9762] reaction_id=4469: Mn2Ta2-111-O1-CH4 -> Mn2Ta2-111-O1-CH3 (substrate=alloy)

[4470/9762] reaction_id=4470: Mn2Ta2-111-O2-CH4 -> Mn2Ta2-111-O2-CH3 (substrate=alloy)

[4471/9762] reaction_id=4471: Mn2Ti2-111-O1-CH4 -> Mn2Ti2-111-O1-CH3 (substrate=alloy)

[4472/9762] reaction_id=4472: Mn2Ti2-111-O2-CH4 -> Mn2Ti2-111-O2-CH3 (substrate=alloy)

[4473/9762] reaction_id=4473: Mn2Tl2-111-O1-CH4 -> Mn2Tl2-111-O1-CH3 (substrate=alloy)

[4474/9762] reaction_id=4474: Mn2Tl2-111-O2-CH4 -> Mn2Tl2-111-O2-CH3 (substrate=alloy)

[4475/9762] reaction_id=4475: Mn2V2-111-O1-CH4 -> Mn2V2-111-O1-CH3 (substrate=alloy)

[4476/9762] reaction_id=4476: Mn2V2-111-O2-CH4 -> Mn2V2-111-O2-CH3 (substrate=alloy)

[4477/9762] reaction_id=4477: Mn2W2-111-O1-CH4 -> Mn2W2-111-O1-CH3 (substrate=alloy)

[4478/9762] reaction_id=4478: Mn2W2-111-O2-CH4 -> Mn2W2-111-O2-CH3 (substrate=alloy)

[4479/9762] reaction_id=4479: Mn2Y2-111-O1-CH4 -> Mn2Y2-111-O1-CH3 (substrate=alloy)

[4480/9762] reaction_id=4480: Mn2Y2-111-O2-CH4 -> Mn2Y2-111-O2-CH3 (substrate=alloy)

[4481/9762] reaction_id=4481: Mn2Zn2-111-O1-CH4 -> Mn2Zn2-111-O1-CH3 (substrate=alloy)

[4482/9762] reaction_id=4482: Mn2Zn2-111-O2-CH4 -> Mn2Zn2-111-O2-CH3 (substrate=alloy)

[4483/9762] reaction_id=4483: Mn2Zr2-111-O1-CH4 -> Mn2Zr2-111-O1-CH3 (substrate=alloy)

[4484/9762] reaction_id=4484: Mn2Zr2-111-O2-CH4 -> Mn2Zr2-111-O2-CH3 (substrate=alloy)

[4485/9762] reaction_id=4485: Mn3Mo-111-O1-CH4 -> Mn3Mo-111-O1-CH3 (substrate=alloy)

[4486/9762] reaction_id=4486: Mn3Mo-111-O2-CH4 -> Mn3Mo-111-O2-CH3 (substrate=alloy)

[4487/9762] reaction_id=4487: Mn3Ni-111-O1-CH4 -> Mn3Ni-111-O1-CH3 (substrate=alloy)

[4488/9762] reaction_id=4488: Mn3Ni-111-O2-CH4 -> Mn3Ni-111-O2-CH3 (substrate=alloy)

[4489/9762] reaction_id=4489: Mn3Os-111-O1-CH4 -> Mn3Os-111-O1-CH3 (substrate=alloy)

[4490/9762] reaction_id=4490: Mn3Os-111-O2-CH4 -> Mn3Os-111-O2-CH3 (substrate=alloy)

[4491/9762] reaction_id=4491: Mn3Re-111-O1-CH4 -> Mn3Re-111-O1-CH3 (substrate=alloy)

[4492/9762] reaction_id=4492: Mn3Re-111-O2-CH4 -> Mn3Re-111-O2-CH3 (substrate=alloy)

[4493/9762] reaction_id=4493: Mn3Tc-111-O1-CH4 -> Mn3Tc-111-O1-CH3 (substrate=alloy)

[4494/9762] reaction_id=4494: Mn3Tc-111-O2-CH4 -> Mn3Tc-111-O2-CH3 (substrate=alloy)

[4495/9762] reaction_id=4495: Mn3V-111-O1-CH4 -> Mn3V-111-O1-CH3 (substrate=alloy)

[4496/9762] reaction_id=4496: Mn3V-111-O2-CH4 -> Mn3V-111-O2-CH3 (substrate=alloy)

[4497/9762] reaction_id=4497: Mn3W-111-O1-CH4 -> Mn3W-111-O1-CH3 (substrate=alloy)

[4498/9762] reaction_id=4498: Mn3W-111-O2-CH4 -> Mn3W-111-O2-CH3 (substrate=alloy)

[4499/9762] reaction_id=4499: MnMo3-111-O1-CH4 -> MnMo3-111-O1-CH3 (substrate=alloy)

[4500/9762] reaction_id=4500: MnMo3-111-O2-CH4 -> MnMo3-111-O2-CH3 (substrate=alloy)

[4501/9762] reaction_id=4501: MnNb3-111-O1-CH4 -> MnNb3-111-O1-CH3 (substrate=alloy)

[4502/9762] reaction_id=4502: MnNb3-111-O2-CH4 -> MnNb3-111-O2-CH3 (substrate=alloy)

[4503/9762] reaction_id=4503: MnNi3-111-O1-CH4 -> MnNi3-111-O1-CH3 (substrate=alloy)

[4504/9762] reaction_id=4504: MnNi3-111-O2-CH4 -> MnNi3-111-O2-CH3 (substrate=alloy)

[4505/9762] reaction_id=4505: MnOs3-111-O1-CH4 -> MnOs3-111-O1-CH3 (substrate=alloy)

[4506/9762] reaction_id=4506: MnOs3-111-O2-CH4 -> MnOs3-111-O2-CH3 (substrate=alloy)

[4507/9762] reaction_id=4507: MnPb3-111-O1-CH4 -> MnPb3-111-O1-CH3 (substrate=alloy)

[4508/9762] reaction_id=4508: MnPb3-111-O2-CH4 -> MnPb3-111-O2-CH3 (substrate=alloy)

[4509/9762] reaction_id=4509: MnPd3-111-O1-CH4 -> MnPd3-111-O1-CH3 (substrate=alloy)

[4510/9762] reaction_id=4510: MnPd3-111-O2-CH4 -> MnPd3-111-O2-CH3 (substrate=alloy)

[4511/9762] reaction_id=4511: MnPt3-111-O1-CH4 -> MnPt3-111-O1-CH3 (substrate=alloy)

[4512/9762] reaction_id=4512: MnPt3-111-O2-CH4 -> MnPt3-111-O2-CH3 (substrate=alloy)

[4513/9762] reaction_id=4513: MnRe3-111-O1-CH4 -> MnRe3-111-O1-CH3 (substrate=alloy)

[4514/9762] reaction_id=4514: MnRe3-111-O2-CH4 -> MnRe3-111-O2-CH3 (substrate=alloy)

[4515/9762] reaction_id=4515: MnRh3-111-O1-CH4 -> MnRh3-111-O1-CH3 (substrate=alloy)

[4516/9762] reaction_id=4516: MnRh3-111-O2-CH4 -> MnRh3-111-O2-CH3 (substrate=alloy)

[4517/9762] reaction_id=4517: MnRu3-111-O1-CH4 -> MnRu3-111-O1-CH3 (substrate=alloy)

[4518/9762] reaction_id=4518: MnRu3-111-O2-CH4 -> MnRu3-111-O2-CH3 (substrate=alloy)

[4519/9762] reaction_id=4519: MnSn3-111-O1-CH4 -> MnSn3-111-O1-CH3 (substrate=alloy)

[4520/9762] reaction_id=4520: MnSn3-111-O2-CH4 -> MnSn3-111-O2-CH3 (substrate=alloy)

[4521/9762] reaction_id=4521: MnTa3-111-O1-CH4 -> MnTa3-111-O1-CH3 (substrate=alloy)

[4522/9762] reaction_id=4522: MnTa3-111-O2-CH4 -> MnTa3-111-O2-CH3 (substrate=alloy)

[4523/9762] reaction_id=4523: MnTc3-111-O1-CH4 -> MnTc3-111-O1-CH3 (substrate=alloy)

[4524/9762] reaction_id=4524: MnTc3-111-O2-CH4 -> MnTc3-111-O2-CH3 (substrate=alloy)

[4525/9762] reaction_id=4525: MnTi3-111-O1-CH4 -> MnTi3-111-O1-CH3 (substrate=alloy)

[4526/9762] reaction_id=4526: MnTi3-111-O2-CH4 -> MnTi3-111-O2-CH3 (substrate=alloy)

[4527/9762] reaction_id=4527: MnTl3-111-O2-CH4 -> MnTl3-111-O2-CH3 (substrate=alloy)

[4528/9762] reaction_id=4528: MnW3-111-O1-CH4 -> MnW3-111-O1-CH3 (substrate=alloy)

[4529/9762] reaction_id=4529: MnW3-111-O2-CH4 -> MnW3-111-O2-CH3 (substrate=alloy)

[4530/9762] reaction_id=4530: MnY3-111-O1-CH4 -> MnY3-111-O1-CH3 (substrate=alloy)

[4531/9762] reaction_id=4531: MnY3-111-O2-CH4 -> MnY3-111-O2-CH3 (substrate=alloy)

[4532/9762] reaction_id=4532: MnZn3-111-O1-CH4 -> MnZn3-111-O1-CH3 (substrate=alloy)

[4533/9762] reaction_id=4533: MnZn3-111-O2-CH4 -> MnZn3-111-O2-CH3 (substrate=alloy)

[4534/9762] reaction_id=4534: MnZr3-111-O1-CH4 -> MnZr3-111-O1-CH3 (substrate=alloy)

[4535/9762] reaction_id=4535: MnZr3-111-O2-CH4 -> MnZr3-111-O2-CH3 (substrate=alloy)

[4536/9762] reaction_id=4536: Mo2Nb2-111-O1-CH4 -> Mo2Nb2-111-O1-CH3 (substrate=alloy)

[4537/9762] reaction_id=4537: Mo2Nb2-111-O2-CH4 -> Mo2Nb2-111-O2-CH3 (substrate=alloy)

[4538/9762] reaction_id=4538: Mo2Ni2-111-O1-CH4 -> Mo2Ni2-111-O1-CH3 (substrate=alloy)

[4539/9762] reaction_id=4539: Mo2Ni2-111-O2-CH4 -> Mo2Ni2-111-O2-CH3 (substrate=alloy)

[4540/9762] reaction_id=4540: Mo2Os2-111-O1-CH4 -> Mo2Os2-111-O1-CH3 (substrate=alloy)

[4541/9762] reaction_id=4541: Mo2Os2-111-O2-CH4 -> Mo2Os2-111-O2-CH3 (substrate=alloy)

[4542/9762] reaction_id=4542: Mo2Pb2-111-O1-CH4 -> Mo2Pb2-111-O1-CH3 (substrate=alloy)

[4543/9762] reaction_id=4543: Mo2Pb2-111-O2-CH4 -> Mo2Pb2-111-O2-CH3 (substrate=alloy)

[4544/9762] reaction_id=4544: Mo2Pd2-111-O1-CH4 -> Mo2Pd2-111-O1-CH3 (substrate=alloy)

[4545/9762] reaction_id=4545: Mo2Pd2-111-O2-CH4 -> Mo2Pd2-111-O2-CH3 (substrate=alloy)

[4546/9762] reaction_id=4546: Mo2Pt2-111-O1-CH4 -> Mo2Pt2-111-O1-CH3 (substrate=alloy)

[4547/9762] reaction_id=4547: Mo2Pt2-111-O2-CH4 -> Mo2Pt2-111-O2-CH3 (substrate=alloy)

[4548/9762] reaction_id=4548: Mo2Re2-111-O1-CH4 -> Mo2Re2-111-O1-CH3 (substrate=alloy)

[4549/9762] reaction_id=4549: Mo2Re2-111-O2-CH4 -> Mo2Re2-111-O2-CH3 (substrate=alloy)

[4550/9762] reaction_id=4550: Mo2Rh2-111-O1-CH4 -> Mo2Rh2-111-O1-CH3 (substrate=alloy)

[4551/9762] reaction_id=4551: Mo2Rh2-111-O2-CH4 -> Mo2Rh2-111-O2-CH3 (substrate=alloy)

[4552/9762] reaction_id=4552: Mo2Ru2-111-O1-CH4 -> Mo2Ru2-111-O1-CH3 (substrate=alloy)

[4553/9762] reaction_id=4553: Mo2Ru2-111-O2-CH4 -> Mo2Ru2-111-O2-CH3 (substrate=alloy)

[4554/9762] reaction_id=4554: Mo2Sc2-111-O1-CH4 -> Mo2Sc2-111-O1-CH3 (substrate=alloy)

[4555/9762] reaction_id=4555: Mo2Sc2-111-O2-CH4 -> Mo2Sc2-111-O2-CH3 (substrate=alloy)

[4556/9762] reaction_id=4556: Mo2Sn2-111-O1-CH4 -> Mo2Sn2-111-O1-CH3 (substrate=alloy)

[4557/9762] reaction_id=4557: Mo2Sn2-111-O2-CH4 -> Mo2Sn2-111-O2-CH3 (substrate=alloy)

[4558/9762] reaction_id=4558: Mo2Ta2-111-O1-CH4 -> Mo2Ta2-111-O1-CH3 (substrate=alloy)

[4559/9762] reaction_id=4559: Mo2Ta2-111-O2-CH4 -> Mo2Ta2-111-O2-CH3 (substrate=alloy)

[4560/9762] reaction_id=4560: Mo2Tc2-111-O1-CH4 -> Mo2Tc2-111-O1-CH3 (substrate=alloy)

[4561/9762] reaction_id=4561: Mo2Tc2-111-O2-CH4 -> Mo2Tc2-111-O2-CH3 (substrate=alloy)

[4562/9762] reaction_id=4562: Mo2Ti2-111-O1-CH4 -> Mo2Ti2-111-O1-CH3 (substrate=alloy)

[4563/9762] reaction_id=4563: Mo2Ti2-111-O2-CH4 -> Mo2Ti2-111-O2-CH3 (substrate=alloy)

[4564/9762] reaction_id=4564: Mo2V2-111-O1-CH4 -> Mo2V2-111-O1-CH3 (substrate=alloy)

[4565/9762] reaction_id=4565: Mo2V2-111-O2-CH4 -> Mo2V2-111-O2-CH3 (substrate=alloy)

[4566/9762] reaction_id=4566: Mo2W2-111-O1-CH4 -> Mo2W2-111-O1-CH3 (substrate=alloy)

[4567/9762] reaction_id=4567: Mo2W2-111-O2-CH4 -> Mo2W2-111-O2-CH3 (substrate=alloy)

[4568/9762] reaction_id=4568: Mo2Y2-111-O1-CH4 -> Mo2Y2-111-O1-CH3 (substrate=alloy)

[4569/9762] reaction_id=4569: Mo2Y2-111-O2-CH4 -> Mo2Y2-111-O2-CH3 (substrate=alloy)

[4570/9762] reaction_id=4570: Mo2Zn2-111-O1-CH4 -> Mo2Zn2-111-O1-CH3 (substrate=alloy)

[4571/9762] reaction_id=4571: Mo2Zn2-111-O2-CH4 -> Mo2Zn2-111-O2-CH3 (substrate=alloy)

[4572/9762] reaction_id=4572: Mo2Zr2-111-O1-CH4 -> Mo2Zr2-111-O1-CH3 (substrate=alloy)

[4573/9762] reaction_id=4573: Mo2Zr2-111-O2-CH4 -> Mo2Zr2-111-O2-CH3 (substrate=alloy)

[4574/9762] reaction_id=4574: Mo3Nb-111-O1-CH4 -> Mo3Nb-111-O1-CH3 (substrate=alloy)

[4575/9762] reaction_id=4575: Mo3Nb-111-O2-CH4 -> Mo3Nb-111-O2-CH3 (substrate=alloy)

[4576/9762] reaction_id=4576: Mo3Ni-111-O1-CH4 -> Mo3Ni-111-O1-CH3 (substrate=alloy)

[4577/9762] reaction_id=4577: Mo3Ni-111-O2-CH4 -> Mo3Ni-111-O2-CH3 (substrate=alloy)

[4578/9762] reaction_id=4578: Mo3Os-111-O1-CH4 -> Mo3Os-111-O1-CH3 (substrate=alloy)

[4579/9762] reaction_id=4579: Mo3Os-111-O2-CH4 -> Mo3Os-111-O2-CH3 (substrate=alloy)

[4580/9762] reaction_id=4580: Mo3Pb-111-O2-CH4 -> Mo3Pb-111-O2-CH3 (substrate=alloy)

[4581/9762] reaction_id=4581: Mo3Pd-111-O1-CH4 -> Mo3Pd-111-O1-CH3 (substrate=alloy)

[4582/9762] reaction_id=4582: Mo3Pd-111-O2-CH4 -> Mo3Pd-111-O2-CH3 (substrate=alloy)

[4583/9762] reaction_id=4583: Mo3Pt-111-O1-CH4 -> Mo3Pt-111-O1-CH3 (substrate=alloy)

[4584/9762] reaction_id=4584: Mo3Pt-111-O2-CH4 -> Mo3Pt-111-O2-CH3 (substrate=alloy)

[4585/9762] reaction_id=4585: Mo3Re-111-O1-CH4 -> Mo3Re-111-O1-CH3 (substrate=alloy)

[4586/9762] reaction_id=4586: Mo3Re-111-O2-CH4 -> Mo3Re-111-O2-CH3 (substrate=alloy)

[4587/9762] reaction_id=4587: Mo3Rh-111-O1-CH4 -> Mo3Rh-111-O1-CH3 (substrate=alloy)

[4588/9762] reaction_id=4588: Mo3Rh-111-O2-CH4 -> Mo3Rh-111-O2-CH3 (substrate=alloy)

[4589/9762] reaction_id=4589: Mo3Ru-111-O1-CH4 -> Mo3Ru-111-O1-CH3 (substrate=alloy)

[4590/9762] reaction_id=4590: Mo3Ru-111-O2-CH4 -> Mo3Ru-111-O2-CH3 (substrate=alloy)

[4591/9762] reaction_id=4591: Mo3Sc-111-O1-CH4 -> Mo3Sc-111-O1-CH3 (substrate=alloy)

[4592/9762] reaction_id=4592: Mo3Sc-111-O2-CH4 -> Mo3Sc-111-O2-CH3 (substrate=alloy)

[4593/9762] reaction_id=4593: Mo3Sn-111-O1-CH4 -> Mo3Sn-111-O1-CH3 (substrate=alloy)

[4594/9762] reaction_id=4594: Mo3Sn-111-O2-CH4 -> Mo3Sn-111-O2-CH3 (substrate=alloy)

[4595/9762] reaction_id=4595: Mo3Ta-111-O1-CH4 -> Mo3Ta-111-O1-CH3 (substrate=alloy)

[4596/9762] reaction_id=4596: Mo3Ta-111-O2-CH4 -> Mo3Ta-111-O2-CH3 (substrate=alloy)

[4597/9762] reaction_id=4597: Mo3Tc-111-O1-CH4 -> Mo3Tc-111-O1-CH3 (substrate=alloy)

[4598/9762] reaction_id=4598: Mo3Tc-111-O2-CH4 -> Mo3Tc-111-O2-CH3 (substrate=alloy)

[4599/9762] reaction_id=4599: Mo3Ti-111-O1-CH4 -> Mo3Ti-111-O1-CH3 (substrate=alloy)

[4600/9762] reaction_id=4600: Mo3Ti-111-O2-CH4 -> Mo3Ti-111-O2-CH3 (substrate=alloy)

[4601/9762] reaction_id=4601: Mo3Tl-111-O2-CH4 -> Mo3Tl-111-O2-CH3 (substrate=alloy)

[4602/9762] reaction_id=4602: Mo3V-111-O1-CH4 -> Mo3V-111-O1-CH3 (substrate=alloy)

[4603/9762] reaction_id=4603: Mo3V-111-O2-CH4 -> Mo3V-111-O2-CH3 (substrate=alloy)

[4604/9762] reaction_id=4604: Mo3W-111-O1-CH4 -> Mo3W-111-O1-CH3 (substrate=alloy)

[4605/9762] reaction_id=4605: Mo3W-111-O2-CH4 -> Mo3W-111-O2-CH3 (substrate=alloy)

[4606/9762] reaction_id=4606: Mo3Y-111-O1-CH4 -> Mo3Y-111-O1-CH3 (substrate=alloy)

[4607/9762] reaction_id=4607: Mo3Y-111-O2-CH4 -> Mo3Y-111-O2-CH3 (substrate=alloy)

[4608/9762] reaction_id=4608: Mo3Zn-111-O1-CH4 -> Mo3Zn-111-O1-CH3 (substrate=alloy)

[4609/9762] reaction_id=4609: Mo3Zn-111-O2-CH4 -> Mo3Zn-111-O2-CH3 (substrate=alloy)

[4610/9762] reaction_id=4610: Mo3Zr-111-O1-CH4 -> Mo3Zr-111-O1-CH3 (substrate=alloy)

[4611/9762] reaction_id=4611: Mo3Zr-111-O2-CH4 -> Mo3Zr-111-O2-CH3 (substrate=alloy)

[4612/9762] reaction_id=4612: MoNb3-111-O1-CH4 -> MoNb3-111-O1-CH3 (substrate=alloy)

[4613/9762] reaction_id=4613: MoNb3-111-O2-CH4 -> MoNb3-111-O2-CH3 (substrate=alloy)

[4614/9762] reaction_id=4614: MoNi3-111-O1-CH4 -> MoNi3-111-O1-CH3 (substrate=alloy)

[4615/9762] reaction_id=4615: MoNi3-111-O2-CH4 -> MoNi3-111-O2-CH3 (substrate=alloy)

[4616/9762] reaction_id=4616: MoOs3-111-O1-CH4 -> MoOs3-111-O1-CH3 (substrate=alloy)

[4617/9762] reaction_id=4617: MoOs3-111-O2-CH4 -> MoOs3-111-O2-CH3 (substrate=alloy)

[4618/9762] reaction_id=4618: MoPb3-111-O1-CH4 -> MoPb3-111-O1-CH3 (substrate=alloy)

[4619/9762] reaction_id=4619: MoPb3-111-O2-CH4 -> MoPb3-111-O2-CH3 (substrate=alloy)

[4620/9762] reaction_id=4620: MoPd3-111-O1-CH4 -> MoPd3-111-O1-CH3 (substrate=alloy)

[4621/9762] reaction_id=4621: MoPd3-111-O2-CH4 -> MoPd3-111-O2-CH3 (substrate=alloy)

[4622/9762] reaction_id=4622: MoPt3-111-O1-CH4 -> MoPt3-111-O1-CH3 (substrate=alloy)

[4623/9762] reaction_id=4623: MoPt3-111-O2-CH4 -> MoPt3-111-O2-CH3 (substrate=alloy)

[4624/9762] reaction_id=4624: MoRe3-111-O1-CH4 -> MoRe3-111-O1-CH3 (substrate=alloy)

[4625/9762] reaction_id=4625: MoRe3-111-O2-CH4 -> MoRe3-111-O2-CH3 (substrate=alloy)

[4626/9762] reaction_id=4626: MoRh3-111-O1-CH4 -> MoRh3-111-O1-CH3 (substrate=alloy)

[4627/9762] reaction_id=4627: MoRh3-111-O2-CH4 -> MoRh3-111-O2-CH3 (substrate=alloy)

[4628/9762] reaction_id=4628: MoRu3-111-O1-CH4 -> MoRu3-111-O1-CH3 (substrate=alloy)

[4629/9762] reaction_id=4629: MoRu3-111-O2-CH4 -> MoRu3-111-O2-CH3 (substrate=alloy)

[4630/9762] reaction_id=4630: MoSc3-111-O1-CH4 -> MoSc3-111-O1-CH3 (substrate=alloy)

[4631/9762] reaction_id=4631: MoSc3-111-O2-CH4 -> MoSc3-111-O2-CH3 (substrate=alloy)

[4632/9762] reaction_id=4632: MoSn3-111-O1-CH4 -> MoSn3-111-O1-CH3 (substrate=alloy)

[4633/9762] reaction_id=4633: MoSn3-111-O2-CH4 -> MoSn3-111-O2-CH3 (substrate=alloy)

[4634/9762] reaction_id=4634: MoTa3-111-O1-CH4 -> MoTa3-111-O1-CH3 (substrate=alloy)

[4635/9762] reaction_id=4635: MoTa3-111-O2-CH4 -> MoTa3-111-O2-CH3 (substrate=alloy)

[4636/9762] reaction_id=4636: MoTc3-111-O1-CH4 -> MoTc3-111-O1-CH3 (substrate=alloy)

[4637/9762] reaction_id=4637: MoTc3-111-O2-CH4 -> MoTc3-111-O2-CH3 (substrate=alloy)

[4638/9762] reaction_id=4638: MoTi3-111-O1-CH4 -> MoTi3-111-O1-CH3 (substrate=alloy)

[4639/9762] reaction_id=4639: MoTi3-111-O2-CH4 -> MoTi3-111-O2-CH3 (substrate=alloy)

[4640/9762] reaction_id=4640: MoTl3-111-O1-CH4 -> MoTl3-111-O1-CH3 (substrate=alloy)

[4641/9762] reaction_id=4641: MoTl3-111-O2-CH4 -> MoTl3-111-O2-CH3 (substrate=alloy)

[4642/9762] reaction_id=4642: MoV3-111-O1-CH4 -> MoV3-111-O1-CH3 (substrate=alloy)

[4643/9762] reaction_id=4643: MoV3-111-O2-CH4 -> MoV3-111-O2-CH3 (substrate=alloy)

[4644/9762] reaction_id=4644: MoW3-111-O1-CH4 -> MoW3-111-O1-CH3 (substrate=alloy)

[4645/9762] reaction_id=4645: MoW3-111-O2-CH4 -> MoW3-111-O2-CH3 (substrate=alloy)

[4646/9762] reaction_id=4646: MoY3-111-O1-CH4 -> MoY3-111-O1-CH3 (substrate=alloy)

[4647/9762] reaction_id=4647: MoY3-111-O2-CH4 -> MoY3-111-O2-CH3 (substrate=alloy)

[4648/9762] reaction_id=4648: MoZn3-111-O1-CH4 -> MoZn3-111-O1-CH3 (substrate=alloy)

[4649/9762] reaction_id=4649: MoZn3-111-O2-CH4 -> MoZn3-111-O2-CH3 (substrate=alloy)

[4650/9762] reaction_id=4650: MoZr3-111-O1-CH4 -> MoZr3-111-O1-CH3 (substrate=alloy)

[4651/9762] reaction_id=4651: MoZr3-111-O2-CH4 -> MoZr3-111-O2-CH3 (substrate=alloy)

[4652/9762] reaction_id=4652: Nb2Ni2-111-O1-CH4 -> Nb2Ni2-111-O1-CH3 (substrate=alloy)

[4653/9762] reaction_id=4653: Nb2Ni2-111-O2-CH4 -> Nb2Ni2-111-O2-CH3 (substrate=alloy)

[4654/9762] reaction_id=4654: Nb2Os2-111-O1-CH4 -> Nb2Os2-111-O1-CH3 (substrate=alloy)

[4655/9762] reaction_id=4655: Nb2Os2-111-O2-CH4 -> Nb2Os2-111-O2-CH3 (substrate=alloy)

[4656/9762] reaction_id=4656: Nb2Pb2-111-O1-CH4 -> Nb2Pb2-111-O1-CH3 (substrate=alloy)

[4657/9762] reaction_id=4657: Nb2Pb2-111-O2-CH4 -> Nb2Pb2-111-O2-CH3 (substrate=alloy)

[4658/9762] reaction_id=4658: Nb2Pd2-111-O1-CH4 -> Nb2Pd2-111-O1-CH3 (substrate=alloy)

[4659/9762] reaction_id=4659: Nb2Pd2-111-O2-CH4 -> Nb2Pd2-111-O2-CH3 (substrate=alloy)

[4660/9762] reaction_id=4660: Nb2Pt2-111-O1-CH4 -> Nb2Pt2-111-O1-CH3 (substrate=alloy)

[4661/9762] reaction_id=4661: Nb2Pt2-111-O2-CH4 -> Nb2Pt2-111-O2-CH3 (substrate=alloy)

[4662/9762] reaction_id=4662: Nb2Re2-111-O1-CH4 -> Nb2Re2-111-O1-CH3 (substrate=alloy)

[4663/9762] reaction_id=4663: Nb2Re2-111-O2-CH4 -> Nb2Re2-111-O2-CH3 (substrate=alloy)

[4664/9762] reaction_id=4664: Nb2Rh2-111-O1-CH4 -> Nb2Rh2-111-O1-CH3 (substrate=alloy)

[4665/9762] reaction_id=4665: Nb2Rh2-111-O2-CH4 -> Nb2Rh2-111-O2-CH3 (substrate=alloy)

[4666/9762] reaction_id=4666: Nb2Ru2-111-O1-CH4 -> Nb2Ru2-111-O1-CH3 (substrate=alloy)

[4667/9762] reaction_id=4667: Nb2Ru2-111-O2-CH4 -> Nb2Ru2-111-O2-CH3 (substrate=alloy)

[4668/9762] reaction_id=4668: Nb2Sc2-111-O1-CH4 -> Nb2Sc2-111-O1-CH3 (substrate=alloy)

[4669/9762] reaction_id=4669: Nb2Sc2-111-O2-CH4 -> Nb2Sc2-111-O2-CH3 (substrate=alloy)

[4670/9762] reaction_id=4670: Nb2Sn2-111-O1-CH4 -> Nb2Sn2-111-O1-CH3 (substrate=alloy)

[4671/9762] reaction_id=4671: Nb2Sn2-111-O2-CH4 -> Nb2Sn2-111-O2-CH3 (substrate=alloy)

[4672/9762] reaction_id=4672: Nb2Ta2-111-O1-CH4 -> Nb2Ta2-111-O1-CH3 (substrate=alloy)

[4673/9762] reaction_id=4673: Nb2Ta2-111-O2-CH4 -> Nb2Ta2-111-O2-CH3 (substrate=alloy)

[4674/9762] reaction_id=4674: Nb2Tc2-111-O1-CH4 -> Nb2Tc2-111-O1-CH3 (substrate=alloy)

[4675/9762] reaction_id=4675: Nb2Tc2-111-O2-CH4 -> Nb2Tc2-111-O2-CH3 (substrate=alloy)

[4676/9762] reaction_id=4676: Nb2Ti2-111-O1-CH4 -> Nb2Ti2-111-O1-CH3 (substrate=alloy)

[4677/9762] reaction_id=4677: Nb2Ti2-111-O2-CH4 -> Nb2Ti2-111-O2-CH3 (substrate=alloy)

[4678/9762] reaction_id=4678: Nb2Tl2-111-O2-CH4 -> Nb2Tl2-111-O2-CH3 (substrate=alloy)

[4679/9762] reaction_id=4679: Nb2V2-111-O1-CH4 -> Nb2V2-111-O1-CH3 (substrate=alloy)

[4680/9762] reaction_id=4680: Nb2V2-111-O2-CH4 -> Nb2V2-111-O2-CH3 (substrate=alloy)

[4681/9762] reaction_id=4681: Nb2W2-111-O1-CH4 -> Nb2W2-111-O1-CH3 (substrate=alloy)

[4682/9762] reaction_id=4682: Nb2W2-111-O2-CH4 -> Nb2W2-111-O2-CH3 (substrate=alloy)

[4683/9762] reaction_id=4683: Nb2Y2-111-O1-CH4 -> Nb2Y2-111-O1-CH3 (substrate=alloy)

[4684/9762] reaction_id=4684: Nb2Y2-111-O2-CH4 -> Nb2Y2-111-O2-CH3 (substrate=alloy)

[4685/9762] reaction_id=4685: Nb2Zn2-111-O1-CH4 -> Nb2Zn2-111-O1-CH3 (substrate=alloy)

[4686/9762] reaction_id=4686: Nb2Zn2-111-O2-CH4 -> Nb2Zn2-111-O2-CH3 (substrate=alloy)

[4687/9762] reaction_id=4687: Nb2Zr2-111-O1-CH4 -> Nb2Zr2-111-O1-CH3 (substrate=alloy)

[4688/9762] reaction_id=4688: Nb2Zr2-111-O2-CH4 -> Nb2Zr2-111-O2-CH3 (substrate=alloy)

[4689/9762] reaction_id=4689: Nb3Ni-111-O1-CH4 -> Nb3Ni-111-O1-CH3 (substrate=alloy)

[4690/9762] reaction_id=4690: Nb3Ni-111-O2-CH4 -> Nb3Ni-111-O2-CH3 (substrate=alloy)

[4691/9762] reaction_id=4691: Nb3Os-111-O1-CH4 -> Nb3Os-111-O1-CH3 (substrate=alloy)

[4692/9762] reaction_id=4692: Nb3Os-111-O2-CH4 -> Nb3Os-111-O2-CH3 (substrate=alloy)

[4693/9762] reaction_id=4693: Nb3Pb-111-O2-CH4 -> Nb3Pb-111-O2-CH3 (substrate=alloy)

[4694/9762] reaction_id=4694: Nb3Pd-111-O1-CH4 -> Nb3Pd-111-O1-CH3 (substrate=alloy)

[4695/9762] reaction_id=4695: Nb3Pd-111-O2-CH4 -> Nb3Pd-111-O2-CH3 (substrate=alloy)

[4696/9762] reaction_id=4696: Nb3Pt-111-O1-CH4 -> Nb3Pt-111-O1-CH3 (substrate=alloy)

[4697/9762] reaction_id=4697: Nb3Pt-111-O2-CH4 -> Nb3Pt-111-O2-CH3 (substrate=alloy)

[4698/9762] reaction_id=4698: Nb3Re-111-O1-CH4 -> Nb3Re-111-O1-CH3 (substrate=alloy)

[4699/9762] reaction_id=4699: Nb3Re-111-O2-CH4 -> Nb3Re-111-O2-CH3 (substrate=alloy)

[4700/9762] reaction_id=4700: Nb3Rh-111-O1-CH4 -> Nb3Rh-111-O1-CH3 (substrate=alloy)

[4701/9762] reaction_id=4701: Nb3Rh-111-O2-CH4 -> Nb3Rh-111-O2-CH3 (substrate=alloy)

[4702/9762] reaction_id=4702: Nb3Ru-111-O1-CH4 -> Nb3Ru-111-O1-CH3 (substrate=alloy)

[4703/9762] reaction_id=4703: Nb3Ru-111-O2-CH4 -> Nb3Ru-111-O2-CH3 (substrate=alloy)

[4704/9762] reaction_id=4704: Nb3Sc-111-O1-CH4 -> Nb3Sc-111-O1-CH3 (substrate=alloy)

[4705/9762] reaction_id=4705: Nb3Sc-111-O2-CH4 -> Nb3Sc-111-O2-CH3 (substrate=alloy)

[4706/9762] reaction_id=4706: Nb3Sn-111-O1-CH4 -> Nb3Sn-111-O1-CH3 (substrate=alloy)

[4707/9762] reaction_id=4707: Nb3Sn-111-O2-CH4 -> Nb3Sn-111-O2-CH3 (substrate=alloy)

[4708/9762] reaction_id=4708: Nb3Ta-111-O1-CH4 -> Nb3Ta-111-O1-CH3 (substrate=alloy)

[4709/9762] reaction_id=4709: Nb3Ta-111-O2-CH4 -> Nb3Ta-111-O2-CH3 (substrate=alloy)

[4710/9762] reaction_id=4710: Nb3Tc-111-O1-CH4 -> Nb3Tc-111-O1-CH3 (substrate=alloy)

[4711/9762] reaction_id=4711: Nb3Tc-111-O2-CH4 -> Nb3Tc-111-O2-CH3 (substrate=alloy)

[4712/9762] reaction_id=4712: Nb3Ti-111-O1-CH4 -> Nb3Ti-111-O1-CH3 (substrate=alloy)

[4713/9762] reaction_id=4713: Nb3Ti-111-O2-CH4 -> Nb3Ti-111-O2-CH3 (substrate=alloy)

[4714/9762] reaction_id=4714: Nb3Tl-111-O2-CH4 -> Nb3Tl-111-O2-CH3 (substrate=alloy)

[4715/9762] reaction_id=4715: Nb3V-111-O1-CH4 -> Nb3V-111-O1-CH3 (substrate=alloy)

[4716/9762] reaction_id=4716: Nb3V-111-O2-CH4 -> Nb3V-111-O2-CH3 (substrate=alloy)

[4717/9762] reaction_id=4717: Nb3W-111-O1-CH4 -> Nb3W-111-O1-CH3 (substrate=alloy)

[4718/9762] reaction_id=4718: Nb3W-111-O2-CH4 -> Nb3W-111-O2-CH3 (substrate=alloy)

[4719/9762] reaction_id=4719: Nb3Y-111-O1-CH4 -> Nb3Y-111-O1-CH3 (substrate=alloy)

[4720/9762] reaction_id=4720: Nb3Y-111-O2-CH4 -> Nb3Y-111-O2-CH3 (substrate=alloy)

[4721/9762] reaction_id=4721: Nb3Zn-111-O1-CH4 -> Nb3Zn-111-O1-CH3 (substrate=alloy)

[4722/9762] reaction_id=4722: Nb3Zn-111-O2-CH4 -> Nb3Zn-111-O2-CH3 (substrate=alloy)

[4723/9762] reaction_id=4723: Nb3Zr-111-O1-CH4 -> Nb3Zr-111-O1-CH3 (substrate=alloy)

[4724/9762] reaction_id=4724: Nb3Zr-111-O2-CH4 -> Nb3Zr-111-O2-CH3 (substrate=alloy)

[4725/9762] reaction_id=4725: NbNi3-111-O1-CH4 -> NbNi3-111-O1-CH3 (substrate=alloy)

[4726/9762] reaction_id=4726: NbNi3-111-O2-CH4 -> NbNi3-111-O2-CH3 (substrate=alloy)

[4727/9762] reaction_id=4727: NbOs3-111-O1-CH4 -> NbOs3-111-O1-CH3 (substrate=alloy)

[4728/9762] reaction_id=4728: NbOs3-111-O2-CH4 -> NbOs3-111-O2-CH3 (substrate=alloy)

[4729/9762] reaction_id=4729: NbPb3-111-O1-CH4 -> NbPb3-111-O1-CH3 (substrate=alloy)

[4730/9762] reaction_id=4730: NbPb3-111-O2-CH4 -> NbPb3-111-O2-CH3 (substrate=alloy)

[4731/9762] reaction_id=4731: NbPd3-111-O1-CH4 -> NbPd3-111-O1-CH3 (substrate=alloy)

[4732/9762] reaction_id=4732: NbPd3-111-O2-CH4 -> NbPd3-111-O2-CH3 (substrate=alloy)

[4733/9762] reaction_id=4733: NbPt3-111-O1-CH4 -> NbPt3-111-O1-CH3 (substrate=alloy)

[4734/9762] reaction_id=4734: NbPt3-111-O2-CH4 -> NbPt3-111-O2-CH3 (substrate=alloy)

[4735/9762] reaction_id=4735: NbRe3-111-O1-CH4 -> NbRe3-111-O1-CH3 (substrate=alloy)

[4736/9762] reaction_id=4736: NbRe3-111-O2-CH4 -> NbRe3-111-O2-CH3 (substrate=alloy)

[4737/9762] reaction_id=4737: NbRh3-111-O1-CH4 -> NbRh3-111-O1-CH3 (substrate=alloy)

[4738/9762] reaction_id=4738: NbRh3-111-O2-CH4 -> NbRh3-111-O2-CH3 (substrate=alloy)

[4739/9762] reaction_id=4739: NbRu3-111-O1-CH4 -> NbRu3-111-O1-CH3 (substrate=alloy)

[4740/9762] reaction_id=4740: NbRu3-111-O2-CH4 -> NbRu3-111-O2-CH3 (substrate=alloy)

[4741/9762] reaction_id=4741: NbSc3-111-O1-CH4 -> NbSc3-111-O1-CH3 (substrate=alloy)

[4742/9762] reaction_id=4742: NbSc3-111-O2-CH4 -> NbSc3-111-O2-CH3 (substrate=alloy)

[4743/9762] reaction_id=4743: NbSn3-111-O1-CH4 -> NbSn3-111-O1-CH3 (substrate=alloy)

[4744/9762] reaction_id=4744: NbSn3-111-O2-CH4 -> NbSn3-111-O2-CH3 (substrate=alloy)

[4745/9762] reaction_id=4745: NbTa3-111-O1-CH4 -> NbTa3-111-O1-CH3 (substrate=alloy)

[4746/9762] reaction_id=4746: NbTa3-111-O2-CH4 -> NbTa3-111-O2-CH3 (substrate=alloy)

[4747/9762] reaction_id=4747: NbTc3-111-O1-CH4 -> NbTc3-111-O1-CH3 (substrate=alloy)

[4748/9762] reaction_id=4748: NbTc3-111-O2-CH4 -> NbTc3-111-O2-CH3 (substrate=alloy)

[4749/9762] reaction_id=4749: NbTi3-111-O1-CH4 -> NbTi3-111-O1-CH3 (substrate=alloy)

[4750/9762] reaction_id=4750: NbTi3-111-O2-CH4 -> NbTi3-111-O2-CH3 (substrate=alloy)

[4751/9762] reaction_id=4751: NbTl3-111-O1-CH4 -> NbTl3-111-O1-CH3 (substrate=alloy)

[4752/9762] reaction_id=4752: NbTl3-111-O2-CH4 -> NbTl3-111-O2-CH3 (substrate=alloy)

[4753/9762] reaction_id=4753: NbV3-111-O1-CH4 -> NbV3-111-O1-CH3 (substrate=alloy)

[4754/9762] reaction_id=4754: NbV3-111-O2-CH4 -> NbV3-111-O2-CH3 (substrate=alloy)

[4755/9762] reaction_id=4755: NbW3-111-O1-CH4 -> NbW3-111-O1-CH3 (substrate=alloy)

[4756/9762] reaction_id=4756: NbW3-111-O2-CH4 -> NbW3-111-O2-CH3 (substrate=alloy)

[4757/9762] reaction_id=4757: NbY3-111-O1-CH4 -> NbY3-111-O1-CH3 (substrate=alloy)

[4758/9762] reaction_id=4758: NbZn3-111-O1-CH4 -> NbZn3-111-O1-CH3 (substrate=alloy)

[4759/9762] reaction_id=4759: NbZn3-111-O2-CH4 -> NbZn3-111-O2-CH3 (substrate=alloy)

[4760/9762] reaction_id=4760: NbZr3-111-O1-CH4 -> NbZr3-111-O1-CH3 (substrate=alloy)

[4761/9762] reaction_id=4761: NbZr3-111-O2-CH4 -> NbZr3-111-O2-CH3 (substrate=alloy)

[4762/9762] reaction_id=4762: Ni2Os2-111-O1-CH4 -> Ni2Os2-111-O1-CH3 (substrate=alloy)

[4763/9762] reaction_id=4763: Ni2Os2-111-O2-CH4 -> Ni2Os2-111-O2-CH3 (substrate=alloy)

[4764/9762] reaction_id=4764: Ni2Pb2-111-O1-CH4 -> Ni2Pb2-111-O1-CH3 (substrate=alloy)

[4765/9762] reaction_id=4765: Ni2Pb2-111-O2-CH4 -> Ni2Pb2-111-O2-CH3 (substrate=alloy)

[4766/9762] reaction_id=4766: Ni2Pd2-111-O1-CH4 -> Ni2Pd2-111-O1-CH3 (substrate=alloy)

[4767/9762] reaction_id=4767: Ni2Pd2-111-O2-CH4 -> Ni2Pd2-111-O2-CH3 (substrate=alloy)

[4768/9762] reaction_id=4768: Ni2Pt2-111-O1-CH4 -> Ni2Pt2-111-O1-CH3 (substrate=alloy)

[4769/9762] reaction_id=4769: Ni2Pt2-111-O2-CH4 -> Ni2Pt2-111-O2-CH3 (substrate=alloy)

[4770/9762] reaction_id=4770: Ni2Re2-111-O1-CH4 -> Ni2Re2-111-O1-CH3 (substrate=alloy)

[4771/9762] reaction_id=4771: Ni2Re2-111-O2-CH4 -> Ni2Re2-111-O2-CH3 (substrate=alloy)

[4772/9762] reaction_id=4772: Ni2Rh2-111-O1-CH4 -> Ni2Rh2-111-O1-CH3 (substrate=alloy)

[4773/9762] reaction_id=4773: Ni2Rh2-111-O2-CH4 -> Ni2Rh2-111-O2-CH3 (substrate=alloy)

[4774/9762] reaction_id=4774: Ni2Ru2-111-O1-CH4 -> Ni2Ru2-111-O1-CH3 (substrate=alloy)

[4775/9762] reaction_id=4775: Ni2Ru2-111-O2-CH4 -> Ni2Ru2-111-O2-CH3 (substrate=alloy)

[4776/9762] reaction_id=4776: Ni2Sn2-111-O1-CH4 -> Ni2Sn2-111-O1-CH3 (substrate=alloy)

[4777/9762] reaction_id=4777: Ni2Sn2-111-O2-CH4 -> Ni2Sn2-111-O2-CH3 (substrate=alloy)

[4778/9762] reaction_id=4778: Ni2Ta2-111-O1-CH4 -> Ni2Ta2-111-O1-CH3 (substrate=alloy)

[4779/9762] reaction_id=4779: Ni2Ta2-111-O2-CH4 -> Ni2Ta2-111-O2-CH3 (substrate=alloy)

[4780/9762] reaction_id=4780: Ni2Ti2-111-O1-CH4 -> Ni2Ti2-111-O1-CH3 (substrate=alloy)

[4781/9762] reaction_id=4781: Ni2Ti2-111-O2-CH4 -> Ni2Ti2-111-O2-CH3 (substrate=alloy)

[4782/9762] reaction_id=4782: Ni2Tl2-111-O1-CH4 -> Ni2Tl2-111-O1-CH3 (substrate=alloy)

[4783/9762] reaction_id=4783: Ni2V2-111-O1-CH4 -> Ni2V2-111-O1-CH3 (substrate=alloy)

[4784/9762] reaction_id=4784: Ni2V2-111-O2-CH4 -> Ni2V2-111-O2-CH3 (substrate=alloy)

[4785/9762] reaction_id=4785: Ni2W2-111-O1-CH4 -> Ni2W2-111-O1-CH3 (substrate=alloy)

[4786/9762] reaction_id=4786: Ni2W2-111-O2-CH4 -> Ni2W2-111-O2-CH3 (substrate=alloy)

[4787/9762] reaction_id=4787: Ni2Y2-111-O1-CH4 -> Ni2Y2-111-O1-CH3 (substrate=alloy)

[4788/9762] reaction_id=4788: Ni2Zn2-111-O1-CH4 -> Ni2Zn2-111-O1-CH3 (substrate=alloy)

[4789/9762] reaction_id=4789: Ni2Zn2-111-O2-CH4 -> Ni2Zn2-111-O2-CH3 (substrate=alloy)

[4790/9762] reaction_id=4790: Ni2Zr2-111-O1-CH4 -> Ni2Zr2-111-O1-CH3 (substrate=alloy)

[4791/9762] reaction_id=4791: Ni2Zr2-111-O2-CH4 -> Ni2Zr2-111-O2-CH3 (substrate=alloy)

[4792/9762] reaction_id=4792: Ni3Os-111-O1-CH4 -> Ni3Os-111-O1-CH3 (substrate=alloy)

[4793/9762] reaction_id=4793: Ni3Os-111-O2-CH4 -> Ni3Os-111-O2-CH3 (substrate=alloy)

[4794/9762] reaction_id=4794: Ni3Pb-111-O1-CH4 -> Ni3Pb-111-O1-CH3 (substrate=alloy)

[4795/9762] reaction_id=4795: Ni3Pb-111-O2-CH4 -> Ni3Pb-111-O2-CH3 (substrate=alloy)

[4796/9762] reaction_id=4796: Ni3Pd-111-O1-CH4 -> Ni3Pd-111-O1-CH3 (substrate=alloy)

[4797/9762] reaction_id=4797: Ni3Pd-111-O2-CH4 -> Ni3Pd-111-O2-CH3 (substrate=alloy)

[4798/9762] reaction_id=4798: Ni3Pt-111-O1-CH4 -> Ni3Pt-111-O1-CH3 (substrate=alloy)

[4799/9762] reaction_id=4799: Ni3Pt-111-O2-CH4 -> Ni3Pt-111-O2-CH3 (substrate=alloy)

[4800/9762] reaction_id=4800: Ni3Re-111-O1-CH4 -> Ni3Re-111-O1-CH3 (substrate=alloy)

[4801/9762] reaction_id=4801: Ni3Re-111-O2-CH4 -> Ni3Re-111-O2-CH3 (substrate=alloy)

[4802/9762] reaction_id=4802: Ni3Rh-111-O1-CH4 -> Ni3Rh-111-O1-CH3 (substrate=alloy)

[4803/9762] reaction_id=4803: Ni3Rh-111-O2-CH4 -> Ni3Rh-111-O2-CH3 (substrate=alloy)

[4804/9762] reaction_id=4804: Ni3Ru-111-O1-CH4 -> Ni3Ru-111-O1-CH3 (substrate=alloy)

[4805/9762] reaction_id=4805: Ni3Ru-111-O2-CH4 -> Ni3Ru-111-O2-CH3 (substrate=alloy)

[4806/9762] reaction_id=4806: Ni3Sc-111-O1-CH4 -> Ni3Sc-111-O1-CH3 (substrate=alloy)

[4807/9762] reaction_id=4807: Ni3Sc-111-O2-CH4 -> Ni3Sc-111-O2-CH3 (substrate=alloy)

[4808/9762] reaction_id=4808: Ni3Sn-111-O1-CH4 -> Ni3Sn-111-O1-CH3 (substrate=alloy)

[4809/9762] reaction_id=4809: Ni3Sn-111-O2-CH4 -> Ni3Sn-111-O2-CH3 (substrate=alloy)

[4810/9762] reaction_id=4810: Ni3Ta-111-O1-CH4 -> Ni3Ta-111-O1-CH3 (substrate=alloy)

[4811/9762] reaction_id=4811: Ni3Ta-111-O2-CH4 -> Ni3Ta-111-O2-CH3 (substrate=alloy)

[4812/9762] reaction_id=4812: Ni3Tc-111-O1-CH4 -> Ni3Tc-111-O1-CH3 (substrate=alloy)

[4813/9762] reaction_id=4813: Ni3Tc-111-O2-CH4 -> Ni3Tc-111-O2-CH3 (substrate=alloy)

[4814/9762] reaction_id=4814: Ni3Ti-111-O1-CH4 -> Ni3Ti-111-O1-CH3 (substrate=alloy)

[4815/9762] reaction_id=4815: Ni3Ti-111-O2-CH4 -> Ni3Ti-111-O2-CH3 (substrate=alloy)

[4816/9762] reaction_id=4816: Ni3Tl-111-O1-CH4 -> Ni3Tl-111-O1-CH3 (substrate=alloy)

[4817/9762] reaction_id=4817: Ni3Tl-111-O2-CH4 -> Ni3Tl-111-O2-CH3 (substrate=alloy)

[4818/9762] reaction_id=4818: Ni3V-111-O1-CH4 -> Ni3V-111-O1-CH3 (substrate=alloy)

[4819/9762] reaction_id=4819: Ni3V-111-O2-CH4 -> Ni3V-111-O2-CH3 (substrate=alloy)

[4820/9762] reaction_id=4820: Ni3W-111-O1-CH4 -> Ni3W-111-O1-CH3 (substrate=alloy)

[4821/9762] reaction_id=4821: Ni3W-111-O2-CH4 -> Ni3W-111-O2-CH3 (substrate=alloy)

[4822/9762] reaction_id=4822: Ni3Y-111-O1-CH4 -> Ni3Y-111-O1-CH3 (substrate=alloy)

[4823/9762] reaction_id=4823: Ni3Y-111-O2-CH4 -> Ni3Y-111-O2-CH3 (substrate=alloy)

[4824/9762] reaction_id=4824: Ni3Zn-111-O1-CH4 -> Ni3Zn-111-O1-CH3 (substrate=alloy)

[4825/9762] reaction_id=4825: Ni3Zn-111-O2-CH4 -> Ni3Zn-111-O2-CH3 (substrate=alloy)

[4826/9762] reaction_id=4826: Ni3Zr-111-O1-CH4 -> Ni3Zr-111-O1-CH3 (substrate=alloy)

[4827/9762] reaction_id=4827: Ni3Zr-111-O2-CH4 -> Ni3Zr-111-O2-CH3 (substrate=alloy)

[4828/9762] reaction_id=4828: NiOs3-111-O1-CH4 -> NiOs3-111-O1-CH3 (substrate=alloy)

[4829/9762] reaction_id=4829: NiOs3-111-O2-CH4 -> NiOs3-111-O2-CH3 (substrate=alloy)

[4830/9762] reaction_id=4830: NiPb3-111-O1-CH4 -> NiPb3-111-O1-CH3 (substrate=alloy)

[4831/9762] reaction_id=4831: NiPb3-111-O2-CH4 -> NiPb3-111-O2-CH3 (substrate=alloy)

[4832/9762] reaction_id=4832: NiPd3-111-O1-CH4 -> NiPd3-111-O1-CH3 (substrate=alloy)

[4833/9762] reaction_id=4833: NiPd3-111-O2-CH4 -> NiPd3-111-O2-CH3 (substrate=alloy)

[4834/9762] reaction_id=4834: NiPt3-111-O1-CH4 -> NiPt3-111-O1-CH3 (substrate=alloy)

[4835/9762] reaction_id=4835: NiPt3-111-O2-CH4 -> NiPt3-111-O2-CH3 (substrate=alloy)

[4836/9762] reaction_id=4836: NiRe3-111-O1-CH4 -> NiRe3-111-O1-CH3 (substrate=alloy)

[4837/9762] reaction_id=4837: NiRe3-111-O2-CH4 -> NiRe3-111-O2-CH3 (substrate=alloy)

[4838/9762] reaction_id=4838: NiRh3-111-O1-CH4 -> NiRh3-111-O1-CH3 (substrate=alloy)

[4839/9762] reaction_id=4839: NiRh3-111-O2-CH4 -> NiRh3-111-O2-CH3 (substrate=alloy)

[4840/9762] reaction_id=4840: NiRu3-111-O1-CH4 -> NiRu3-111-O1-CH3 (substrate=alloy)

[4841/9762] reaction_id=4841: NiRu3-111-O2-CH4 -> NiRu3-111-O2-CH3 (substrate=alloy)

[4842/9762] reaction_id=4842: NiSn3-111-O1-CH4 -> NiSn3-111-O1-CH3 (substrate=alloy)

[4843/9762] reaction_id=4843: NiSn3-111-O2-CH4 -> NiSn3-111-O2-CH3 (substrate=alloy)

[4844/9762] reaction_id=4844: NiTa3-111-O1-CH4 -> NiTa3-111-O1-CH3 (substrate=alloy)

[4845/9762] reaction_id=4845: NiTa3-111-O2-CH4 -> NiTa3-111-O2-CH3 (substrate=alloy)

[4846/9762] reaction_id=4846: NiTc3-111-O1-CH4 -> NiTc3-111-O1-CH3 (substrate=alloy)

[4847/9762] reaction_id=4847: NiTc3-111-O2-CH4 -> NiTc3-111-O2-CH3 (substrate=alloy)

[4848/9762] reaction_id=4848: NiTi3-111-O1-CH4 -> NiTi3-111-O1-CH3 (substrate=alloy)

[4849/9762] reaction_id=4849: NiTi3-111-O2-CH4 -> NiTi3-111-O2-CH3 (substrate=alloy)

[4850/9762] reaction_id=4850: NiTl3-111-O1-CH4 -> NiTl3-111-O1-CH3 (substrate=alloy)

[4851/9762] reaction_id=4851: NiTl3-111-O2-CH4 -> NiTl3-111-O2-CH3 (substrate=alloy)

[4852/9762] reaction_id=4852: NiV3-111-O1-CH4 -> NiV3-111-O1-CH3 (substrate=alloy)

[4853/9762] reaction_id=4853: NiV3-111-O2-CH4 -> NiV3-111-O2-CH3 (substrate=alloy)

[4854/9762] reaction_id=4854: NiW3-111-O1-CH4 -> NiW3-111-O1-CH3 (substrate=alloy)

[4855/9762] reaction_id=4855: NiW3-111-O2-CH4 -> NiW3-111-O2-CH3 (substrate=alloy)

[4856/9762] reaction_id=4856: NiY3-111-O1-CH4 -> NiY3-111-O1-CH3 (substrate=alloy)

[4857/9762] reaction_id=4857: NiY3-111-O2-CH4 -> NiY3-111-O2-CH3 (substrate=alloy)

[4858/9762] reaction_id=4858: NiZn3-111-O1-CH4 -> NiZn3-111-O1-CH3 (substrate=alloy)

[4859/9762] reaction_id=4859: NiZn3-111-O2-CH4 -> NiZn3-111-O2-CH3 (substrate=alloy)

[4860/9762] reaction_id=4860: NiZr3-111-O1-CH4 -> NiZr3-111-O1-CH3 (substrate=alloy)

[4861/9762] reaction_id=4861: NiZr3-111-O2-CH4 -> NiZr3-111-O2-CH3 (substrate=alloy)

[4862/9762] reaction_id=4862: Os2Pb2-111-O1-CH4 -> Os2Pb2-111-O1-CH3 (substrate=alloy)

[4863/9762] reaction_id=4863: Os2Pb2-111-O2-CH4 -> Os2Pb2-111-O2-CH3 (substrate=alloy)

[4864/9762] reaction_id=4864: Os2Pd2-111-O1-CH4 -> Os2Pd2-111-O1-CH3 (substrate=alloy)

[4865/9762] reaction_id=4865: Os2Pd2-111-O2-CH4 -> Os2Pd2-111-O2-CH3 (substrate=alloy)

[4866/9762] reaction_id=4866: Os2Pt2-111-O1-CH4 -> Os2Pt2-111-O1-CH3 (substrate=alloy)

[4867/9762] reaction_id=4867: Os2Pt2-111-O2-CH4 -> Os2Pt2-111-O2-CH3 (substrate=alloy)

[4868/9762] reaction_id=4868: Os2Re2-111-O1-CH4 -> Os2Re2-111-O1-CH3 (substrate=alloy)

[4869/9762] reaction_id=4869: Os2Re2-111-O2-CH4 -> Os2Re2-111-O2-CH3 (substrate=alloy)

[4870/9762] reaction_id=4870: Os2Rh2-111-O1-CH4 -> Os2Rh2-111-O1-CH3 (substrate=alloy)

[4871/9762] reaction_id=4871: Os2Rh2-111-O2-CH4 -> Os2Rh2-111-O2-CH3 (substrate=alloy)

[4872/9762] reaction_id=4872: Os2Ru2-111-O1-CH4 -> Os2Ru2-111-O1-CH3 (substrate=alloy)

[4873/9762] reaction_id=4873: Os2Ru2-111-O2-CH4 -> Os2Ru2-111-O2-CH3 (substrate=alloy)

[4874/9762] reaction_id=4874: Os2Sc2-111-O1-CH4 -> Os2Sc2-111-O1-CH3 (substrate=alloy)

[4875/9762] reaction_id=4875: Os2Sc2-111-O2-CH4 -> Os2Sc2-111-O2-CH3 (substrate=alloy)

[4876/9762] reaction_id=4876: Os2Sn2-111-O1-CH4 -> Os2Sn2-111-O1-CH3 (substrate=alloy)

[4877/9762] reaction_id=4877: Os2Sn2-111-O2-CH4 -> Os2Sn2-111-O2-CH3 (substrate=alloy)

[4878/9762] reaction_id=4878: Os2Ta2-111-O1-CH4 -> Os2Ta2-111-O1-CH3 (substrate=alloy)

[4879/9762] reaction_id=4879: Os2Ta2-111-O2-CH4 -> Os2Ta2-111-O2-CH3 (substrate=alloy)

[4880/9762] reaction_id=4880: Os2Tc2-111-O1-CH4 -> Os2Tc2-111-O1-CH3 (substrate=alloy)

[4881/9762] reaction_id=4881: Os2Tc2-111-O2-CH4 -> Os2Tc2-111-O2-CH3 (substrate=alloy)

[4882/9762] reaction_id=4882: Os2Ti2-111-O1-CH4 -> Os2Ti2-111-O1-CH3 (substrate=alloy)

[4883/9762] reaction_id=4883: Os2Ti2-111-O2-CH4 -> Os2Ti2-111-O2-CH3 (substrate=alloy)

[4884/9762] reaction_id=4884: Os2Tl2-111-O1-CH4 -> Os2Tl2-111-O1-CH3 (substrate=alloy)

[4885/9762] reaction_id=4885: Os2Tl2-111-O2-CH4 -> Os2Tl2-111-O2-CH3 (substrate=alloy)

[4886/9762] reaction_id=4886: Os2V2-111-O1-CH4 -> Os2V2-111-O1-CH3 (substrate=alloy)

[4887/9762] reaction_id=4887: Os2V2-111-O2-CH4 -> Os2V2-111-O2-CH3 (substrate=alloy)

[4888/9762] reaction_id=4888: Os2W2-111-O1-CH4 -> Os2W2-111-O1-CH3 (substrate=alloy)

[4889/9762] reaction_id=4889: Os2W2-111-O2-CH4 -> Os2W2-111-O2-CH3 (substrate=alloy)

[4890/9762] reaction_id=4890: Os2Y2-111-O1-CH4 -> Os2Y2-111-O1-CH3 (substrate=alloy)

[4891/9762] reaction_id=4891: Os2Y2-111-O2-CH4 -> Os2Y2-111-O2-CH3 (substrate=alloy)

[4892/9762] reaction_id=4892: Os2Zn2-111-O1-CH4 -> Os2Zn2-111-O1-CH3 (substrate=alloy)

[4893/9762] reaction_id=4893: Os2Zn2-111-O2-CH4 -> Os2Zn2-111-O2-CH3 (substrate=alloy)

[4894/9762] reaction_id=4894: Os2Zr2-111-O1-CH4 -> Os2Zr2-111-O1-CH3 (substrate=alloy)

[4895/9762] reaction_id=4895: Os2Zr2-111-O2-CH4 -> Os2Zr2-111-O2-CH3 (substrate=alloy)

[4896/9762] reaction_id=4896: Os3Pb-111-O2-CH4 -> Os3Pb-111-O2-CH3 (substrate=alloy)

[4897/9762] reaction_id=4897: Os3Pd-111-O1-CH4 -> Os3Pd-111-O1-CH3 (substrate=alloy)

[4898/9762] reaction_id=4898: Os3Pd-111-O2-CH4 -> Os3Pd-111-O2-CH3 (substrate=alloy)

[4899/9762] reaction_id=4899: Os3Pt-111-O1-CH4 -> Os3Pt-111-O1-CH3 (substrate=alloy)

[4900/9762] reaction_id=4900: Os3Pt-111-O2-CH4 -> Os3Pt-111-O2-CH3 (substrate=alloy)

[4901/9762] reaction_id=4901: Os3Re-111-O1-CH4 -> Os3Re-111-O1-CH3 (substrate=alloy)

[4902/9762] reaction_id=4902: Os3Re-111-O2-CH4 -> Os3Re-111-O2-CH3 (substrate=alloy)

[4903/9762] reaction_id=4903: Os3Rh-111-O1-CH4 -> Os3Rh-111-O1-CH3 (substrate=alloy)

[4904/9762] reaction_id=4904: Os3Rh-111-O2-CH4 -> Os3Rh-111-O2-CH3 (substrate=alloy)

[4905/9762] reaction_id=4905: Os3Ru-111-O1-CH4 -> Os3Ru-111-O1-CH3 (substrate=alloy)

[4906/9762] reaction_id=4906: Os3Ru-111-O2-CH4 -> Os3Ru-111-O2-CH3 (substrate=alloy)

[4907/9762] reaction_id=4907: Os3Sc-111-O1-CH4 -> Os3Sc-111-O1-CH3 (substrate=alloy)

[4908/9762] reaction_id=4908: Os3Sc-111-O2-CH4 -> Os3Sc-111-O2-CH3 (substrate=alloy)

[4909/9762] reaction_id=4909: Os3Sn-111-O1-CH4 -> Os3Sn-111-O1-CH3 (substrate=alloy)

[4910/9762] reaction_id=4910: Os3Sn-111-O2-CH4 -> Os3Sn-111-O2-CH3 (substrate=alloy)

[4911/9762] reaction_id=4911: Os3Ta-111-O1-CH4 -> Os3Ta-111-O1-CH3 (substrate=alloy)

[4912/9762] reaction_id=4912: Os3Ta-111-O2-CH4 -> Os3Ta-111-O2-CH3 (substrate=alloy)

[4913/9762] reaction_id=4913: Os3Tc-111-O1-CH4 -> Os3Tc-111-O1-CH3 (substrate=alloy)

[4914/9762] reaction_id=4914: Os3Tc-111-O2-CH4 -> Os3Tc-111-O2-CH3 (substrate=alloy)

[4915/9762] reaction_id=4915: Os3Ti-111-O1-CH4 -> Os3Ti-111-O1-CH3 (substrate=alloy)

[4916/9762] reaction_id=4916: Os3Ti-111-O2-CH4 -> Os3Ti-111-O2-CH3 (substrate=alloy)

[4917/9762] reaction_id=4917: Os3Tl-111-O2-CH4 -> Os3Tl-111-O2-CH3 (substrate=alloy)

[4918/9762] reaction_id=4918: Os3V-111-O1-CH4 -> Os3V-111-O1-CH3 (substrate=alloy)

[4919/9762] reaction_id=4919: Os3V-111-O2-CH4 -> Os3V-111-O2-CH3 (substrate=alloy)

[4920/9762] reaction_id=4920: Os3W-111-O1-CH4 -> Os3W-111-O1-CH3 (substrate=alloy)

[4921/9762] reaction_id=4921: Os3W-111-O2-CH4 -> Os3W-111-O2-CH3 (substrate=alloy)

[4922/9762] reaction_id=4922: Os3Y-111-O1-CH4 -> Os3Y-111-O1-CH3 (substrate=alloy)

[4923/9762] reaction_id=4923: Os3Zn-111-O1-CH4 -> Os3Zn-111-O1-CH3 (substrate=alloy)

[4924/9762] reaction_id=4924: Os3Zn-111-O2-CH4 -> Os3Zn-111-O2-CH3 (substrate=alloy)

[4925/9762] reaction_id=4925: Os3Zr-111-O1-CH4 -> Os3Zr-111-O1-CH3 (substrate=alloy)

[4926/9762] reaction_id=4926: Os3Zr-111-O2-CH4 -> Os3Zr-111-O2-CH3 (substrate=alloy)

[4927/9762] reaction_id=4927: OsPb3-111-O1-CH4 -> OsPb3-111-O1-CH3 (substrate=alloy)

[4928/9762] reaction_id=4928: OsPb3-111-O2-CH4 -> OsPb3-111-O2-CH3 (substrate=alloy)

[4929/9762] reaction_id=4929: OsPd3-111-O1-CH4 -> OsPd3-111-O1-CH3 (substrate=alloy)

[4930/9762] reaction_id=4930: OsPd3-111-O2-CH4 -> OsPd3-111-O2-CH3 (substrate=alloy)

[4931/9762] reaction_id=4931: OsPt3-111-O1-CH4 -> OsPt3-111-O1-CH3 (substrate=alloy)

[4932/9762] reaction_id=4932: OsPt3-111-O2-CH4 -> OsPt3-111-O2-CH3 (substrate=alloy)

[4933/9762] reaction_id=4933: OsRe3-111-O1-CH4 -> OsRe3-111-O1-CH3 (substrate=alloy)

[4934/9762] reaction_id=4934: OsRe3-111-O2-CH4 -> OsRe3-111-O2-CH3 (substrate=alloy)

[4935/9762] reaction_id=4935: OsRh3-111-O1-CH4 -> OsRh3-111-O1-CH3 (substrate=alloy)

[4936/9762] reaction_id=4936: OsRh3-111-O2-CH4 -> OsRh3-111-O2-CH3 (substrate=alloy)

[4937/9762] reaction_id=4937: OsRu3-111-O1-CH4 -> OsRu3-111-O1-CH3 (substrate=alloy)

[4938/9762] reaction_id=4938: OsRu3-111-O2-CH4 -> OsRu3-111-O2-CH3 (substrate=alloy)

[4939/9762] reaction_id=4939: OsSc3-111-O1-CH4 -> OsSc3-111-O1-CH3 (substrate=alloy)

[4940/9762] reaction_id=4940: OsSc3-111-O2-CH4 -> OsSc3-111-O2-CH3 (substrate=alloy)

[4941/9762] reaction_id=4941: OsSn3-111-O1-CH4 -> OsSn3-111-O1-CH3 (substrate=alloy)

[4942/9762] reaction_id=4942: OsSn3-111-O2-CH4 -> OsSn3-111-O2-CH3 (substrate=alloy)

[4943/9762] reaction_id=4943: OsTa3-111-O1-CH4 -> OsTa3-111-O1-CH3 (substrate=alloy)

[4944/9762] reaction_id=4944: OsTa3-111-O2-CH4 -> OsTa3-111-O2-CH3 (substrate=alloy)

[4945/9762] reaction_id=4945: OsTc3-111-O1-CH4 -> OsTc3-111-O1-CH3 (substrate=alloy)

[4946/9762] reaction_id=4946: OsTc3-111-O2-CH4 -> OsTc3-111-O2-CH3 (substrate=alloy)

[4947/9762] reaction_id=4947: OsTi3-111-O1-CH4 -> OsTi3-111-O1-CH3 (substrate=alloy)

[4948/9762] reaction_id=4948: OsTi3-111-O2-CH4 -> OsTi3-111-O2-CH3 (substrate=alloy)

[4949/9762] reaction_id=4949: OsTl3-111-O1-CH4 -> OsTl3-111-O1-CH3 (substrate=alloy)

[4950/9762] reaction_id=4950: OsTl3-111-O2-CH4 -> OsTl3-111-O2-CH3 (substrate=alloy)

[4951/9762] reaction_id=4951: OsV3-111-O1-CH4 -> OsV3-111-O1-CH3 (substrate=alloy)

[4952/9762] reaction_id=4952: OsV3-111-O2-CH4 -> OsV3-111-O2-CH3 (substrate=alloy)

[4953/9762] reaction_id=4953: OsW3-111-O1-CH4 -> OsW3-111-O1-CH3 (substrate=alloy)

[4954/9762] reaction_id=4954: OsW3-111-O2-CH4 -> OsW3-111-O2-CH3 (substrate=alloy)

[4955/9762] reaction_id=4955: OsY3-111-O1-CH4 -> OsY3-111-O1-CH3 (substrate=alloy)

[4956/9762] reaction_id=4956: OsY3-111-O2-CH4 -> OsY3-111-O2-CH3 (substrate=alloy)

[4957/9762] reaction_id=4957: OsZn3-111-O1-CH4 -> OsZn3-111-O1-CH3 (substrate=alloy)

[4958/9762] reaction_id=4958: OsZn3-111-O2-CH4 -> OsZn3-111-O2-CH3 (substrate=alloy)

[4959/9762] reaction_id=4959: OsZr3-111-O1-CH4 -> OsZr3-111-O1-CH3 (substrate=alloy)

[4960/9762] reaction_id=4960: OsZr3-111-O2-CH4 -> OsZr3-111-O2-CH3 (substrate=alloy)

[4961/9762] reaction_id=4961: Pb2Pd2-111-O1-CH4 -> Pb2Pd2-111-O1-CH3 (substrate=alloy)

[4962/9762] reaction_id=4962: Pb2Pd2-111-O2-CH4 -> Pb2Pd2-111-O2-CH3 (substrate=alloy)

[4963/9762] reaction_id=4963: Pb2Pt2-111-O1-CH4 -> Pb2Pt2-111-O1-CH3 (substrate=alloy)

[4964/9762] reaction_id=4964: Pb2Pt2-111-O2-CH4 -> Pb2Pt2-111-O2-CH3 (substrate=alloy)

[4965/9762] reaction_id=4965: Pb2Re2-111-O1-CH4 -> Pb2Re2-111-O1-CH3 (substrate=alloy)

[4966/9762] reaction_id=4966: Pb2Re2-111-O2-CH4 -> Pb2Re2-111-O2-CH3 (substrate=alloy)

[4967/9762] reaction_id=4967: Pb2Rh2-111-O1-CH4 -> Pb2Rh2-111-O1-CH3 (substrate=alloy)

[4968/9762] reaction_id=4968: Pb2Rh2-111-O2-CH4 -> Pb2Rh2-111-O2-CH3 (substrate=alloy)

[4969/9762] reaction_id=4969: Pb2Ru2-111-O1-CH4 -> Pb2Ru2-111-O1-CH3 (substrate=alloy)

[4970/9762] reaction_id=4970: Pb2Ru2-111-O2-CH4 -> Pb2Ru2-111-O2-CH3 (substrate=alloy)

[4971/9762] reaction_id=4971: Pb2Sc2-111-O1-CH4 -> Pb2Sc2-111-O1-CH3 (substrate=alloy)

[4972/9762] reaction_id=4972: Pb2Sc2-111-O2-CH4 -> Pb2Sc2-111-O2-CH3 (substrate=alloy)

[4973/9762] reaction_id=4973: Pb2Sn2-111-O1-CH4 -> Pb2Sn2-111-O1-CH3 (substrate=alloy)

[4974/9762] reaction_id=4974: Pb2Ta2-111-O1-CH4 -> Pb2Ta2-111-O1-CH3 (substrate=alloy)

[4975/9762] reaction_id=4975: Pb2Ta2-111-O2-CH4 -> Pb2Ta2-111-O2-CH3 (substrate=alloy)

[4976/9762] reaction_id=4976: Pb2Tc2-111-O1-CH4 -> Pb2Tc2-111-O1-CH3 (substrate=alloy)

[4977/9762] reaction_id=4977: Pb2Tc2-111-O2-CH4 -> Pb2Tc2-111-O2-CH3 (substrate=alloy)

[4978/9762] reaction_id=4978: Pb2Ti2-111-O1-CH4 -> Pb2Ti2-111-O1-CH3 (substrate=alloy)

[4979/9762] reaction_id=4979: Pb2Tl2-111-O2-CH4 -> Pb2Tl2-111-O2-CH3 (substrate=alloy)

[4980/9762] reaction_id=4980: Pb2V2-111-O1-CH4 -> Pb2V2-111-O1-CH3 (substrate=alloy)

[4981/9762] reaction_id=4981: Pb2V2-111-O2-CH4 -> Pb2V2-111-O2-CH3 (substrate=alloy)

[4982/9762] reaction_id=4982: Pb2W2-111-O1-CH4 -> Pb2W2-111-O1-CH3 (substrate=alloy)

[4983/9762] reaction_id=4983: Pb2W2-111-O2-CH4 -> Pb2W2-111-O2-CH3 (substrate=alloy)

[4984/9762] reaction_id=4984: Pb2Y2-111-O1-CH4 -> Pb2Y2-111-O1-CH3 (substrate=alloy)

[4985/9762] reaction_id=4985: Pb2Y2-111-O2-CH4 -> Pb2Y2-111-O2-CH3 (substrate=alloy)

[4986/9762] reaction_id=4986: Pb2Zn2-111-O1-CH4 -> Pb2Zn2-111-O1-CH3 (substrate=alloy)

[4987/9762] reaction_id=4987: Pb2Zn2-111-O2-CH4 -> Pb2Zn2-111-O2-CH3 (substrate=alloy)

[4988/9762] reaction_id=4988: Pb2Zr2-111-O1-CH4 -> Pb2Zr2-111-O1-CH3 (substrate=alloy)

[4989/9762] reaction_id=4989: Pb3Pd-111-O1-CH4 -> Pb3Pd-111-O1-CH3 (substrate=alloy)

[4990/9762] reaction_id=4990: Pb3Pd-111-O2-CH4 -> Pb3Pd-111-O2-CH3 (substrate=alloy)

[4991/9762] reaction_id=4991: Pb3Pt-111-O1-CH4 -> Pb3Pt-111-O1-CH3 (substrate=alloy)

[4992/9762] reaction_id=4992: Pb3Pt-111-O2-CH4 -> Pb3Pt-111-O2-CH3 (substrate=alloy)

[4993/9762] reaction_id=4993: Pb3Re-111-O1-CH4 -> Pb3Re-111-O1-CH3 (substrate=alloy)

[4994/9762] reaction_id=4994: Pb3Re-111-O2-CH4 -> Pb3Re-111-O2-CH3 (substrate=alloy)

[4995/9762] reaction_id=4995: Pb3Rh-111-O1-CH4 -> Pb3Rh-111-O1-CH3 (substrate=alloy)

[4996/9762] reaction_id=4996: Pb3Rh-111-O2-CH4 -> Pb3Rh-111-O2-CH3 (substrate=alloy)

[4997/9762] reaction_id=4997: Pb3Ru-111-O1-CH4 -> Pb3Ru-111-O1-CH3 (substrate=alloy)

[4998/9762] reaction_id=4998: Pb3Ru-111-O2-CH4 -> Pb3Ru-111-O2-CH3 (substrate=alloy)

[4999/9762] reaction_id=4999: Pb3Sc-111-O1-CH4 -> Pb3Sc-111-O1-CH3 (substrate=alloy)

[5000/9762] reaction_id=5000: Pb3Sc-111-O2-CH4 -> Pb3Sc-111-O2-CH3 (substrate=alloy)

[5001/9762] reaction_id=5001: Pb3Sn-111-O2-CH4 -> Pb3Sn-111-O2-CH3 (substrate=alloy)

[5002/9762] reaction_id=5002: Pb3Ta-111-O1-CH4 -> Pb3Ta-111-O1-CH3 (substrate=alloy)

[5003/9762] reaction_id=5003: Pb3Ta-111-O2-CH4 -> Pb3Ta-111-O2-CH3 (substrate=alloy)

[5004/9762] reaction_id=5004: Pb3Tc-111-O1-CH4 -> Pb3Tc-111-O1-CH3 (substrate=alloy)

[5005/9762] reaction_id=5005: Pb3Tc-111-O2-CH4 -> Pb3Tc-111-O2-CH3 (substrate=alloy)

[5006/9762] reaction_id=5006: Pb3Ti-111-O1-CH4 -> Pb3Ti-111-O1-CH3 (substrate=alloy)

[5007/9762] reaction_id=5007: Pb3Ti-111-O2-CH4 -> Pb3Ti-111-O2-CH3 (substrate=alloy)

[5008/9762] reaction_id=5008: Pb3Tl-111-O2-CH4 -> Pb3Tl-111-O2-CH3 (substrate=alloy)

[5009/9762] reaction_id=5009: Pb3V-111-O1-CH4 -> Pb3V-111-O1-CH3 (substrate=alloy)

[5010/9762] reaction_id=5010: Pb3V-111-O2-CH4 -> Pb3V-111-O2-CH3 (substrate=alloy)

[5011/9762] reaction_id=5011: Pb3W-111-O1-CH4 -> Pb3W-111-O1-CH3 (substrate=alloy)

[5012/9762] reaction_id=5012: Pb3W-111-O2-CH4 -> Pb3W-111-O2-CH3 (substrate=alloy)

[5013/9762] reaction_id=5013: Pb3Y-111-O1-CH4 -> Pb3Y-111-O1-CH3 (substrate=alloy)

[5014/9762] reaction_id=5014: Pb3Y-111-O2-CH4 -> Pb3Y-111-O2-CH3 (substrate=alloy)

[5015/9762] reaction_id=5015: Pb3Zn-111-O2-CH4 -> Pb3Zn-111-O2-CH3 (substrate=alloy)

[5016/9762] reaction_id=5016: Pb3Zr-111-O1-CH4 -> Pb3Zr-111-O1-CH3 (substrate=alloy)

[5017/9762] reaction_id=5017: Pb3Zr-111-O2-CH4 -> Pb3Zr-111-O2-CH3 (substrate=alloy)

[5018/9762] reaction_id=5018: PbPd3-111-O1-CH4 -> PbPd3-111-O1-CH3 (substrate=alloy)

[5019/9762] reaction_id=5019: PbPt3-111-O1-CH4 -> PbPt3-111-O1-CH3 (substrate=alloy)

[5020/9762] reaction_id=5020: PbPt3-111-O2-CH4 -> PbPt3-111-O2-CH3 (substrate=alloy)

[5021/9762] reaction_id=5021: PbRh3-111-O1-CH4 -> PbRh3-111-O1-CH3 (substrate=alloy)

[5022/9762] reaction_id=5022: PbRu3-111-O1-CH4 -> PbRu3-111-O1-CH3 (substrate=alloy)

[5023/9762] reaction_id=5023: PbSc3-111-O1-CH4 -> PbSc3-111-O1-CH3 (substrate=alloy)

[5024/9762] reaction_id=5024: PbSc3-111-O2-CH4 -> PbSc3-111-O2-CH3 (substrate=alloy)

[5025/9762] reaction_id=5025: PbSn3-111-O2-CH4 -> PbSn3-111-O2-CH3 (substrate=alloy)

[5026/9762] reaction_id=5026: PbTa3-111-O1-CH4 -> PbTa3-111-O1-CH3 (substrate=alloy)

[5027/9762] reaction_id=5027: PbTc3-111-O1-CH4 -> PbTc3-111-O1-CH3 (substrate=alloy)

[5028/9762] reaction_id=5028: PbTc3-111-O2-CH4 -> PbTc3-111-O2-CH3 (substrate=alloy)

[5029/9762] reaction_id=5029: PbTi3-111-O1-CH4 -> PbTi3-111-O1-CH3 (substrate=alloy)

[5030/9762] reaction_id=5030: PbTl3-111-O1-CH4 -> PbTl3-111-O1-CH3 (substrate=alloy)

[5031/9762] reaction_id=5031: PbV3-111-O1-CH4 -> PbV3-111-O1-CH3 (substrate=alloy)

[5032/9762] reaction_id=5032: PbW3-111-O1-CH4 -> PbW3-111-O1-CH3 (substrate=alloy)

[5033/9762] reaction_id=5033: PbY3-111-O1-CH4 -> PbY3-111-O1-CH3 (substrate=alloy)

[5034/9762] reaction_id=5034: PbY3-111-O2-CH4 -> PbY3-111-O2-CH3 (substrate=alloy)

[5035/9762] reaction_id=5035: PbZn3-111-O1-CH4 -> PbZn3-111-O1-CH3 (substrate=alloy)

[5036/9762] reaction_id=5036: PbZn3-111-O2-CH4 -> PbZn3-111-O2-CH3 (substrate=alloy)

[5037/9762] reaction_id=5037: PbZr3-111-O1-CH4 -> PbZr3-111-O1-CH3 (substrate=alloy)

[5038/9762] reaction_id=5038: Pd2Pt2-111-O1-CH4 -> Pd2Pt2-111-O1-CH3 (substrate=alloy)

[5039/9762] reaction_id=5039: Pd2Pt2-111-O2-CH4 -> Pd2Pt2-111-O2-CH3 (substrate=alloy)

[5040/9762] reaction_id=5040: Pd2Re2-111-O1-CH4 -> Pd2Re2-111-O1-CH3 (substrate=alloy)

[5041/9762] reaction_id=5041: Pd2Re2-111-O2-CH4 -> Pd2Re2-111-O2-CH3 (substrate=alloy)

[5042/9762] reaction_id=5042: Pd2Rh2-111-O1-CH4 -> Pd2Rh2-111-O1-CH3 (substrate=alloy)

[5043/9762] reaction_id=5043: Pd2Rh2-111-O2-CH4 -> Pd2Rh2-111-O2-CH3 (substrate=alloy)

[5044/9762] reaction_id=5044: Pd2Ru2-111-O1-CH4 -> Pd2Ru2-111-O1-CH3 (substrate=alloy)

[5045/9762] reaction_id=5045: Pd2Ru2-111-O2-CH4 -> Pd2Ru2-111-O2-CH3 (substrate=alloy)

[5046/9762] reaction_id=5046: Pd2Sc2-111-O1-CH4 -> Pd2Sc2-111-O1-CH3 (substrate=alloy)

[5047/9762] reaction_id=5047: Pd2Sc2-111-O2-CH4 -> Pd2Sc2-111-O2-CH3 (substrate=alloy)

[5048/9762] reaction_id=5048: Pd2Sn2-111-O1-CH4 -> Pd2Sn2-111-O1-CH3 (substrate=alloy)

[5049/9762] reaction_id=5049: Pd2Sn2-111-O2-CH4 -> Pd2Sn2-111-O2-CH3 (substrate=alloy)

[5050/9762] reaction_id=5050: Pd2Ta2-111-O1-CH4 -> Pd2Ta2-111-O1-CH3 (substrate=alloy)

[5051/9762] reaction_id=5051: Pd2Ta2-111-O2-CH4 -> Pd2Ta2-111-O2-CH3 (substrate=alloy)

[5052/9762] reaction_id=5052: Pd2Tc2-111-O1-CH4 -> Pd2Tc2-111-O1-CH3 (substrate=alloy)

[5053/9762] reaction_id=5053: Pd2Tc2-111-O2-CH4 -> Pd2Tc2-111-O2-CH3 (substrate=alloy)

[5054/9762] reaction_id=5054: Pd2Ti2-111-O1-CH4 -> Pd2Ti2-111-O1-CH3 (substrate=alloy)

[5055/9762] reaction_id=5055: Pd2Ti2-111-O2-CH4 -> Pd2Ti2-111-O2-CH3 (substrate=alloy)

[5056/9762] reaction_id=5056: Pd2Tl2-111-O1-CH4 -> Pd2Tl2-111-O1-CH3 (substrate=alloy)

[5057/9762] reaction_id=5057: Pd2V2-111-O1-CH4 -> Pd2V2-111-O1-CH3 (substrate=alloy)

[5058/9762] reaction_id=5058: Pd2V2-111-O2-CH4 -> Pd2V2-111-O2-CH3 (substrate=alloy)

[5059/9762] reaction_id=5059: Pd2W2-111-O1-CH4 -> Pd2W2-111-O1-CH3 (substrate=alloy)

[5060/9762] reaction_id=5060: Pd2W2-111-O2-CH4 -> Pd2W2-111-O2-CH3 (substrate=alloy)

[5061/9762] reaction_id=5061: Pd2Y2-111-O1-CH4 -> Pd2Y2-111-O1-CH3 (substrate=alloy)

[5062/9762] reaction_id=5062: Pd2Zn2-111-O1-CH4 -> Pd2Zn2-111-O1-CH3 (substrate=alloy)

[5063/9762] reaction_id=5063: Pd2Zn2-111-O2-CH4 -> Pd2Zn2-111-O2-CH3 (substrate=alloy)

[5064/9762] reaction_id=5064: Pd2Zr2-111-O1-CH4 -> Pd2Zr2-111-O1-CH3 (substrate=alloy)

[5065/9762] reaction_id=5065: Pd2Zr2-111-O2-CH4 -> Pd2Zr2-111-O2-CH3 (substrate=alloy)

[5066/9762] reaction_id=5066: Pd3Pt-111-O1-CH4 -> Pd3Pt-111-O1-CH3 (substrate=alloy)

[5067/9762] reaction_id=5067: Pd3Pt-111-O2-CH4 -> Pd3Pt-111-O2-CH3 (substrate=alloy)

[5068/9762] reaction_id=5068: Pd3Re-111-O1-CH4 -> Pd3Re-111-O1-CH3 (substrate=alloy)

[5069/9762] reaction_id=5069: Pd3Re-111-O2-CH4 -> Pd3Re-111-O2-CH3 (substrate=alloy)

[5070/9762] reaction_id=5070: Pd3Rh-111-O1-CH4 -> Pd3Rh-111-O1-CH3 (substrate=alloy)

[5071/9762] reaction_id=5071: Pd3Rh-111-O2-CH4 -> Pd3Rh-111-O2-CH3 (substrate=alloy)

[5072/9762] reaction_id=5072: Pd3Ru-111-O1-CH4 -> Pd3Ru-111-O1-CH3 (substrate=alloy)

[5073/9762] reaction_id=5073: Pd3Ru-111-O2-CH4 -> Pd3Ru-111-O2-CH3 (substrate=alloy)

[5074/9762] reaction_id=5074: Pd3Sc-111-O1-CH4 -> Pd3Sc-111-O1-CH3 (substrate=alloy)

[5075/9762] reaction_id=5075: Pd3Sc-111-O2-CH4 -> Pd3Sc-111-O2-CH3 (substrate=alloy)

[5076/9762] reaction_id=5076: Pd3Sn-111-O1-CH4 -> Pd3Sn-111-O1-CH3 (substrate=alloy)

[5077/9762] reaction_id=5077: Pd3Sn-111-O2-CH4 -> Pd3Sn-111-O2-CH3 (substrate=alloy)

[5078/9762] reaction_id=5078: Pd3Ta-111-O1-CH4 -> Pd3Ta-111-O1-CH3 (substrate=alloy)

[5079/9762] reaction_id=5079: Pd3Ta-111-O2-CH4 -> Pd3Ta-111-O2-CH3 (substrate=alloy)

[5080/9762] reaction_id=5080: Pd3Tc-111-O1-CH4 -> Pd3Tc-111-O1-CH3 (substrate=alloy)

[5081/9762] reaction_id=5081: Pd3Tc-111-O2-CH4 -> Pd3Tc-111-O2-CH3 (substrate=alloy)

[5082/9762] reaction_id=5082: Pd3Ti-111-O1-CH4 -> Pd3Ti-111-O1-CH3 (substrate=alloy)

[5083/9762] reaction_id=5083: Pd3Ti-111-O2-CH4 -> Pd3Ti-111-O2-CH3 (substrate=alloy)

[5084/9762] reaction_id=5084: Pd3Tl-111-O1-CH4 -> Pd3Tl-111-O1-CH3 (substrate=alloy)

[5085/9762] reaction_id=5085: Pd3Tl-111-O2-CH4 -> Pd3Tl-111-O2-CH3 (substrate=alloy)

[5086/9762] reaction_id=5086: Pd3V-111-O1-CH4 -> Pd3V-111-O1-CH3 (substrate=alloy)

[5087/9762] reaction_id=5087: Pd3V-111-O2-CH4 -> Pd3V-111-O2-CH3 (substrate=alloy)

[5088/9762] reaction_id=5088: Pd3W-111-O1-CH4 -> Pd3W-111-O1-CH3 (substrate=alloy)

[5089/9762] reaction_id=5089: Pd3W-111-O2-CH4 -> Pd3W-111-O2-CH3 (substrate=alloy)

[5090/9762] reaction_id=5090: Pd3Y-111-O1-CH4 -> Pd3Y-111-O1-CH3 (substrate=alloy)

[5091/9762] reaction_id=5091: Pd3Zn-111-O1-CH4 -> Pd3Zn-111-O1-CH3 (substrate=alloy)

[5092/9762] reaction_id=5092: Pd3Zn-111-O2-CH4 -> Pd3Zn-111-O2-CH3 (substrate=alloy)

[5093/9762] reaction_id=5093: Pd3Zr-111-O1-CH4 -> Pd3Zr-111-O1-CH3 (substrate=alloy)

[5094/9762] reaction_id=5094: Pd3Zr-111-O2-CH4 -> Pd3Zr-111-O2-CH3 (substrate=alloy)

[5095/9762] reaction_id=5095: PdPt3-111-O1-CH4 -> PdPt3-111-O1-CH3 (substrate=alloy)

[5096/9762] reaction_id=5096: PdPt3-111-O2-CH4 -> PdPt3-111-O2-CH3 (substrate=alloy)

[5097/9762] reaction_id=5097: PdRe3-111-O1-CH4 -> PdRe3-111-O1-CH3 (substrate=alloy)

[5098/9762] reaction_id=5098: PdRe3-111-O2-CH4 -> PdRe3-111-O2-CH3 (substrate=alloy)

[5099/9762] reaction_id=5099: PdRh3-111-O1-CH4 -> PdRh3-111-O1-CH3 (substrate=alloy)

[5100/9762] reaction_id=5100: PdRh3-111-O2-CH4 -> PdRh3-111-O2-CH3 (substrate=alloy)

[5101/9762] reaction_id=5101: PdRu3-111-O1-CH4 -> PdRu3-111-O1-CH3 (substrate=alloy)

[5102/9762] reaction_id=5102: PdRu3-111-O2-CH4 -> PdRu3-111-O2-CH3 (substrate=alloy)

[5103/9762] reaction_id=5103: PdSc3-111-O1-CH4 -> PdSc3-111-O1-CH3 (substrate=alloy)

[5104/9762] reaction_id=5104: PdSc3-111-O2-CH4 -> PdSc3-111-O2-CH3 (substrate=alloy)

[5105/9762] reaction_id=5105: PdSn3-111-O1-CH4 -> PdSn3-111-O1-CH3 (substrate=alloy)

[5106/9762] reaction_id=5106: PdSn3-111-O2-CH4 -> PdSn3-111-O2-CH3 (substrate=alloy)

[5107/9762] reaction_id=5107: PdTa3-111-O1-CH4 -> PdTa3-111-O1-CH3 (substrate=alloy)

[5108/9762] reaction_id=5108: PdTa3-111-O2-CH4 -> PdTa3-111-O2-CH3 (substrate=alloy)

[5109/9762] reaction_id=5109: PdTc3-111-O1-CH4 -> PdTc3-111-O1-CH3 (substrate=alloy)

[5110/9762] reaction_id=5110: PdTc3-111-O2-CH4 -> PdTc3-111-O2-CH3 (substrate=alloy)

[5111/9762] reaction_id=5111: PdTi3-111-O1-CH4 -> PdTi3-111-O1-CH3 (substrate=alloy)

[5112/9762] reaction_id=5112: PdTi3-111-O2-CH4 -> PdTi3-111-O2-CH3 (substrate=alloy)

[5113/9762] reaction_id=5113: PdTl3-111-O1-CH4 -> PdTl3-111-O1-CH3 (substrate=alloy)

[5114/9762] reaction_id=5114: PdTl3-111-O2-CH4 -> PdTl3-111-O2-CH3 (substrate=alloy)

[5115/9762] reaction_id=5115: PdV3-111-O1-CH4 -> PdV3-111-O1-CH3 (substrate=alloy)

[5116/9762] reaction_id=5116: PdV3-111-O2-CH4 -> PdV3-111-O2-CH3 (substrate=alloy)

[5117/9762] reaction_id=5117: PdW3-111-O1-CH4 -> PdW3-111-O1-CH3 (substrate=alloy)

[5118/9762] reaction_id=5118: PdW3-111-O2-CH4 -> PdW3-111-O2-CH3 (substrate=alloy)

[5119/9762] reaction_id=5119: PdY3-111-O1-CH4 -> PdY3-111-O1-CH3 (substrate=alloy)

[5120/9762] reaction_id=5120: PdZn3-111-O1-CH4 -> PdZn3-111-O1-CH3 (substrate=alloy)

[5121/9762] reaction_id=5121: PdZn3-111-O2-CH4 -> PdZn3-111-O2-CH3 (substrate=alloy)

[5122/9762] reaction_id=5122: PdZr3-111-O1-CH4 -> PdZr3-111-O1-CH3 (substrate=alloy)

[5123/9762] reaction_id=5123: PdZr3-111-O2-CH4 -> PdZr3-111-O2-CH3 (substrate=alloy)

[5124/9762] reaction_id=5124: Pt2Re2-111-O1-CH4 -> Pt2Re2-111-O1-CH3 (substrate=alloy)

[5125/9762] reaction_id=5125: Pt2Re2-111-O2-CH4 -> Pt2Re2-111-O2-CH3 (substrate=alloy)

[5126/9762] reaction_id=5126: Pt2Rh2-111-O1-CH4 -> Pt2Rh2-111-O1-CH3 (substrate=alloy)

[5127/9762] reaction_id=5127: Pt2Rh2-111-O2-CH4 -> Pt2Rh2-111-O2-CH3 (substrate=alloy)

[5128/9762] reaction_id=5128: Pt2Ru2-111-O1-CH4 -> Pt2Ru2-111-O1-CH3 (substrate=alloy)

[5129/9762] reaction_id=5129: Pt2Ru2-111-O2-CH4 -> Pt2Ru2-111-O2-CH3 (substrate=alloy)

[5130/9762] reaction_id=5130: Pt2Sc2-111-O1-CH4 -> Pt2Sc2-111-O1-CH3 (substrate=alloy)

[5131/9762] reaction_id=5131: Pt2Sc2-111-O2-CH4 -> Pt2Sc2-111-O2-CH3 (substrate=alloy)

[5132/9762] reaction_id=5132: Pt2Sn2-111-O1-CH4 -> Pt2Sn2-111-O1-CH3 (substrate=alloy)

[5133/9762] reaction_id=5133: Pt2Sn2-111-O2-CH4 -> Pt2Sn2-111-O2-CH3 (substrate=alloy)

[5134/9762] reaction_id=5134: Pt2Ta2-111-O1-CH4 -> Pt2Ta2-111-O1-CH3 (substrate=alloy)

[5135/9762] reaction_id=5135: Pt2Ta2-111-O2-CH4 -> Pt2Ta2-111-O2-CH3 (substrate=alloy)

[5136/9762] reaction_id=5136: Pt2Tc2-111-O1-CH4 -> Pt2Tc2-111-O1-CH3 (substrate=alloy)

[5137/9762] reaction_id=5137: Pt2Tc2-111-O2-CH4 -> Pt2Tc2-111-O2-CH3 (substrate=alloy)

[5138/9762] reaction_id=5138: Pt2Ti2-111-O1-CH4 -> Pt2Ti2-111-O1-CH3 (substrate=alloy)

[5139/9762] reaction_id=5139: Pt2Ti2-111-O2-CH4 -> Pt2Ti2-111-O2-CH3 (substrate=alloy)

[5140/9762] reaction_id=5140: Pt2Tl2-111-O1-CH4 -> Pt2Tl2-111-O1-CH3 (substrate=alloy)

[5141/9762] reaction_id=5141: Pt2Tl2-111-O2-CH4 -> Pt2Tl2-111-O2-CH3 (substrate=alloy)

[5142/9762] reaction_id=5142: Pt2V2-111-O1-CH4 -> Pt2V2-111-O1-CH3 (substrate=alloy)

[5143/9762] reaction_id=5143: Pt2V2-111-O2-CH4 -> Pt2V2-111-O2-CH3 (substrate=alloy)

[5144/9762] reaction_id=5144: Pt2W2-111-O1-CH4 -> Pt2W2-111-O1-CH3 (substrate=alloy)

[5145/9762] reaction_id=5145: Pt2W2-111-O2-CH4 -> Pt2W2-111-O2-CH3 (substrate=alloy)

[5146/9762] reaction_id=5146: Pt2Y2-111-O1-CH4 -> Pt2Y2-111-O1-CH3 (substrate=alloy)

[5147/9762] reaction_id=5147: Pt2Y2-111-O2-CH4 -> Pt2Y2-111-O2-CH3 (substrate=alloy)

[5148/9762] reaction_id=5148: Pt2Zn2-111-O1-CH4 -> Pt2Zn2-111-O1-CH3 (substrate=alloy)

[5149/9762] reaction_id=5149: Pt2Zn2-111-O2-CH4 -> Pt2Zn2-111-O2-CH3 (substrate=alloy)

[5150/9762] reaction_id=5150: Pt2Zr2-111-O1-CH4 -> Pt2Zr2-111-O1-CH3 (substrate=alloy)

[5151/9762] reaction_id=5151: Pt2Zr2-111-O2-CH4 -> Pt2Zr2-111-O2-CH3 (substrate=alloy)

[5152/9762] reaction_id=5152: Pt3Re-111-O1-CH4 -> Pt3Re-111-O1-CH3 (substrate=alloy)

[5153/9762] reaction_id=5153: Pt3Re-111-O2-CH4 -> Pt3Re-111-O2-CH3 (substrate=alloy)

[5154/9762] reaction_id=5154: Pt3Rh-111-O1-CH4 -> Pt3Rh-111-O1-CH3 (substrate=alloy)

[5155/9762] reaction_id=5155: Pt3Rh-111-O2-CH4 -> Pt3Rh-111-O2-CH3 (substrate=alloy)

[5156/9762] reaction_id=5156: Pt3Ru-111-O1-CH4 -> Pt3Ru-111-O1-CH3 (substrate=alloy)

[5157/9762] reaction_id=5157: Pt3Ru-111-O2-CH4 -> Pt3Ru-111-O2-CH3 (substrate=alloy)

[5158/9762] reaction_id=5158: Pt3Sc-111-O1-CH4 -> Pt3Sc-111-O1-CH3 (substrate=alloy)

[5159/9762] reaction_id=5159: Pt3Sc-111-O2-CH4 -> Pt3Sc-111-O2-CH3 (substrate=alloy)

[5160/9762] reaction_id=5160: Pt3Sn-111-O1-CH4 -> Pt3Sn-111-O1-CH3 (substrate=alloy)

[5161/9762] reaction_id=5161: Pt3Sn-111-O2-CH4 -> Pt3Sn-111-O2-CH3 (substrate=alloy)

[5162/9762] reaction_id=5162: Pt3Ta-111-O1-CH4 -> Pt3Ta-111-O1-CH3 (substrate=alloy)

[5163/9762] reaction_id=5163: Pt3Ta-111-O2-CH4 -> Pt3Ta-111-O2-CH3 (substrate=alloy)

[5164/9762] reaction_id=5164: Pt3Tc-111-O1-CH4 -> Pt3Tc-111-O1-CH3 (substrate=alloy)

[5165/9762] reaction_id=5165: Pt3Tc-111-O2-CH4 -> Pt3Tc-111-O2-CH3 (substrate=alloy)

[5166/9762] reaction_id=5166: Pt3Ti-111-O1-CH4 -> Pt3Ti-111-O1-CH3 (substrate=alloy)

[5167/9762] reaction_id=5167: Pt3Ti-111-O2-CH4 -> Pt3Ti-111-O2-CH3 (substrate=alloy)

[5168/9762] reaction_id=5168: Pt3Tl-111-O1-CH4 -> Pt3Tl-111-O1-CH3 (substrate=alloy)

[5169/9762] reaction_id=5169: Pt3Tl-111-O2-CH4 -> Pt3Tl-111-O2-CH3 (substrate=alloy)

[5170/9762] reaction_id=5170: Pt3V-111-O1-CH4 -> Pt3V-111-O1-CH3 (substrate=alloy)

[5171/9762] reaction_id=5171: Pt3V-111-O2-CH4 -> Pt3V-111-O2-CH3 (substrate=alloy)

[5172/9762] reaction_id=5172: Pt3W-111-O1-CH4 -> Pt3W-111-O1-CH3 (substrate=alloy)

[5173/9762] reaction_id=5173: Pt3W-111-O2-CH4 -> Pt3W-111-O2-CH3 (substrate=alloy)

[5174/9762] reaction_id=5174: Pt3Y-111-O1-CH4 -> Pt3Y-111-O1-CH3 (substrate=alloy)

[5175/9762] reaction_id=5175: Pt3Zn-111-O1-CH4 -> Pt3Zn-111-O1-CH3 (substrate=alloy)

[5176/9762] reaction_id=5176: Pt3Zn-111-O2-CH4 -> Pt3Zn-111-O2-CH3 (substrate=alloy)

[5177/9762] reaction_id=5177: Pt3Zr-111-O1-CH4 -> Pt3Zr-111-O1-CH3 (substrate=alloy)

[5178/9762] reaction_id=5178: Pt3Zr-111-O2-CH4 -> Pt3Zr-111-O2-CH3 (substrate=alloy)

[5179/9762] reaction_id=5179: PtRe3-111-O1-CH4 -> PtRe3-111-O1-CH3 (substrate=alloy)

[5180/9762] reaction_id=5180: PtRe3-111-O2-CH4 -> PtRe3-111-O2-CH3 (substrate=alloy)

[5181/9762] reaction_id=5181: PtRh3-111-O1-CH4 -> PtRh3-111-O1-CH3 (substrate=alloy)

[5182/9762] reaction_id=5182: PtRh3-111-O2-CH4 -> PtRh3-111-O2-CH3 (substrate=alloy)

[5183/9762] reaction_id=5183: PtRu3-111-O1-CH4 -> PtRu3-111-O1-CH3 (substrate=alloy)

[5184/9762] reaction_id=5184: PtRu3-111-O2-CH4 -> PtRu3-111-O2-CH3 (substrate=alloy)

[5185/9762] reaction_id=5185: PtSc3-111-O1-CH4 -> PtSc3-111-O1-CH3 (substrate=alloy)

[5186/9762] reaction_id=5186: PtSc3-111-O2-CH4 -> PtSc3-111-O2-CH3 (substrate=alloy)

[5187/9762] reaction_id=5187: PtSn3-111-O1-CH4 -> PtSn3-111-O1-CH3 (substrate=alloy)

[5188/9762] reaction_id=5188: PtSn3-111-O2-CH4 -> PtSn3-111-O2-CH3 (substrate=alloy)

[5189/9762] reaction_id=5189: PtTa3-111-O1-CH4 -> PtTa3-111-O1-CH3 (substrate=alloy)

[5190/9762] reaction_id=5190: PtTa3-111-O2-CH4 -> PtTa3-111-O2-CH3 (substrate=alloy)

[5191/9762] reaction_id=5191: PtTc3-111-O1-CH4 -> PtTc3-111-O1-CH3 (substrate=alloy)

[5192/9762] reaction_id=5192: PtTc3-111-O2-CH4 -> PtTc3-111-O2-CH3 (substrate=alloy)

[5193/9762] reaction_id=5193: PtTi3-111-O1-CH4 -> PtTi3-111-O1-CH3 (substrate=alloy)

[5194/9762] reaction_id=5194: PtTi3-111-O2-CH4 -> PtTi3-111-O2-CH3 (substrate=alloy)

[5195/9762] reaction_id=5195: PtTl3-111-O1-CH4 -> PtTl3-111-O1-CH3 (substrate=alloy)

[5196/9762] reaction_id=5196: PtTl3-111-O2-CH4 -> PtTl3-111-O2-CH3 (substrate=alloy)

[5197/9762] reaction_id=5197: PtV3-111-O1-CH4 -> PtV3-111-O1-CH3 (substrate=alloy)

[5198/9762] reaction_id=5198: PtV3-111-O2-CH4 -> PtV3-111-O2-CH3 (substrate=alloy)

[5199/9762] reaction_id=5199: PtW3-111-O1-CH4 -> PtW3-111-O1-CH3 (substrate=alloy)

[5200/9762] reaction_id=5200: PtW3-111-O2-CH4 -> PtW3-111-O2-CH3 (substrate=alloy)

[5201/9762] reaction_id=5201: PtY3-111-O1-CH4 -> PtY3-111-O1-CH3 (substrate=alloy)

[5202/9762] reaction_id=5202: PtZn3-111-O1-CH4 -> PtZn3-111-O1-CH3 (substrate=alloy)

[5203/9762] reaction_id=5203: PtZn3-111-O2-CH4 -> PtZn3-111-O2-CH3 (substrate=alloy)

[5204/9762] reaction_id=5204: PtZr3-111-O1-CH4 -> PtZr3-111-O1-CH3 (substrate=alloy)

[5205/9762] reaction_id=5205: PtZr3-111-O2-CH4 -> PtZr3-111-O2-CH3 (substrate=alloy)

[5206/9762] reaction_id=5206: Re2Rh2-111-O1-CH4 -> Re2Rh2-111-O1-CH3 (substrate=alloy)

[5207/9762] reaction_id=5207: Re2Rh2-111-O2-CH4 -> Re2Rh2-111-O2-CH3 (substrate=alloy)

[5208/9762] reaction_id=5208: Re2Ru2-111-O1-CH4 -> Re2Ru2-111-O1-CH3 (substrate=alloy)

[5209/9762] reaction_id=5209: Re2Ru2-111-O2-CH4 -> Re2Ru2-111-O2-CH3 (substrate=alloy)

[5210/9762] reaction_id=5210: Re2Sc2-111-O1-CH4 -> Re2Sc2-111-O1-CH3 (substrate=alloy)

[5211/9762] reaction_id=5211: Re2Sc2-111-O2-CH4 -> Re2Sc2-111-O2-CH3 (substrate=alloy)

[5212/9762] reaction_id=5212: Re2Sn2-111-O1-CH4 -> Re2Sn2-111-O1-CH3 (substrate=alloy)

[5213/9762] reaction_id=5213: Re2Sn2-111-O2-CH4 -> Re2Sn2-111-O2-CH3 (substrate=alloy)

[5214/9762] reaction_id=5214: Re2Ta2-111-O1-CH4 -> Re2Ta2-111-O1-CH3 (substrate=alloy)

[5215/9762] reaction_id=5215: Re2Ta2-111-O2-CH4 -> Re2Ta2-111-O2-CH3 (substrate=alloy)

[5216/9762] reaction_id=5216: Re2Tc2-111-O1-CH4 -> Re2Tc2-111-O1-CH3 (substrate=alloy)

[5217/9762] reaction_id=5217: Re2Tc2-111-O2-CH4 -> Re2Tc2-111-O2-CH3 (substrate=alloy)

[5218/9762] reaction_id=5218: Re2Ti2-111-O1-CH4 -> Re2Ti2-111-O1-CH3 (substrate=alloy)

[5219/9762] reaction_id=5219: Re2Ti2-111-O2-CH4 -> Re2Ti2-111-O2-CH3 (substrate=alloy)

[5220/9762] reaction_id=5220: Re2V2-111-O1-CH4 -> Re2V2-111-O1-CH3 (substrate=alloy)

[5221/9762] reaction_id=5221: Re2V2-111-O2-CH4 -> Re2V2-111-O2-CH3 (substrate=alloy)

[5222/9762] reaction_id=5222: Re2W2-111-O1-CH4 -> Re2W2-111-O1-CH3 (substrate=alloy)

[5223/9762] reaction_id=5223: Re2W2-111-O2-CH4 -> Re2W2-111-O2-CH3 (substrate=alloy)

[5224/9762] reaction_id=5224: Re2Y2-111-O1-CH4 -> Re2Y2-111-O1-CH3 (substrate=alloy)

[5225/9762] reaction_id=5225: Re2Y2-111-O2-CH4 -> Re2Y2-111-O2-CH3 (substrate=alloy)

[5226/9762] reaction_id=5226: Re2Zn2-111-O1-CH4 -> Re2Zn2-111-O1-CH3 (substrate=alloy)

[5227/9762] reaction_id=5227: Re2Zn2-111-O2-CH4 -> Re2Zn2-111-O2-CH3 (substrate=alloy)

[5228/9762] reaction_id=5228: Re2Zr2-111-O1-CH4 -> Re2Zr2-111-O1-CH3 (substrate=alloy)

[5229/9762] reaction_id=5229: Re2Zr2-111-O2-CH4 -> Re2Zr2-111-O2-CH3 (substrate=alloy)

[5230/9762] reaction_id=5230: Re3Rh-111-O1-CH4 -> Re3Rh-111-O1-CH3 (substrate=alloy)

[5231/9762] reaction_id=5231: Re3Rh-111-O2-CH4 -> Re3Rh-111-O2-CH3 (substrate=alloy)

[5232/9762] reaction_id=5232: Re3Ru-111-O1-CH4 -> Re3Ru-111-O1-CH3 (substrate=alloy)

[5233/9762] reaction_id=5233: Re3Ru-111-O2-CH4 -> Re3Ru-111-O2-CH3 (substrate=alloy)

[5234/9762] reaction_id=5234: Re3Sc-111-O1-CH4 -> Re3Sc-111-O1-CH3 (substrate=alloy)

[5235/9762] reaction_id=5235: Re3Sc-111-O2-CH4 -> Re3Sc-111-O2-CH3 (substrate=alloy)

[5236/9762] reaction_id=5236: Re3Sn-111-O1-CH4 -> Re3Sn-111-O1-CH3 (substrate=alloy)

[5237/9762] reaction_id=5237: Re3Sn-111-O2-CH4 -> Re3Sn-111-O2-CH3 (substrate=alloy)

[5238/9762] reaction_id=5238: Re3Ta-111-O1-CH4 -> Re3Ta-111-O1-CH3 (substrate=alloy)

[5239/9762] reaction_id=5239: Re3Ta-111-O2-CH4 -> Re3Ta-111-O2-CH3 (substrate=alloy)

[5240/9762] reaction_id=5240: Re3Tc-111-O1-CH4 -> Re3Tc-111-O1-CH3 (substrate=alloy)

[5241/9762] reaction_id=5241: Re3Tc-111-O2-CH4 -> Re3Tc-111-O2-CH3 (substrate=alloy)

[5242/9762] reaction_id=5242: Re3Ti-111-O1-CH4 -> Re3Ti-111-O1-CH3 (substrate=alloy)

[5243/9762] reaction_id=5243: Re3Ti-111-O2-CH4 -> Re3Ti-111-O2-CH3 (substrate=alloy)

[5244/9762] reaction_id=5244: Re3Tl-111-O2-CH4 -> Re3Tl-111-O2-CH3 (substrate=alloy)

[5245/9762] reaction_id=5245: Re3V-111-O1-CH4 -> Re3V-111-O1-CH3 (substrate=alloy)

[5246/9762] reaction_id=5246: Re3V-111-O2-CH4 -> Re3V-111-O2-CH3 (substrate=alloy)

[5247/9762] reaction_id=5247: Re3W-111-O1-CH4 -> Re3W-111-O1-CH3 (substrate=alloy)

[5248/9762] reaction_id=5248: Re3W-111-O2-CH4 -> Re3W-111-O2-CH3 (substrate=alloy)

[5249/9762] reaction_id=5249: Re3Y-111-O1-CH4 -> Re3Y-111-O1-CH3 (substrate=alloy)

[5250/9762] reaction_id=5250: Re3Y-111-O2-CH4 -> Re3Y-111-O2-CH3 (substrate=alloy)

[5251/9762] reaction_id=5251: Re3Zn-111-O1-CH4 -> Re3Zn-111-O1-CH3 (substrate=alloy)

[5252/9762] reaction_id=5252: Re3Zn-111-O2-CH4 -> Re3Zn-111-O2-CH3 (substrate=alloy)

[5253/9762] reaction_id=5253: Re3Zr-111-O1-CH4 -> Re3Zr-111-O1-CH3 (substrate=alloy)

[5254/9762] reaction_id=5254: Re3Zr-111-O2-CH4 -> Re3Zr-111-O2-CH3 (substrate=alloy)

[5255/9762] reaction_id=5255: ReRh3-111-O1-CH4 -> ReRh3-111-O1-CH3 (substrate=alloy)

[5256/9762] reaction_id=5256: ReRh3-111-O2-CH4 -> ReRh3-111-O2-CH3 (substrate=alloy)

[5257/9762] reaction_id=5257: ReRu3-111-O1-CH4 -> ReRu3-111-O1-CH3 (substrate=alloy)

[5258/9762] reaction_id=5258: ReRu3-111-O2-CH4 -> ReRu3-111-O2-CH3 (substrate=alloy)

[5259/9762] reaction_id=5259: ReSc3-111-O1-CH4 -> ReSc3-111-O1-CH3 (substrate=alloy)

[5260/9762] reaction_id=5260: ReSc3-111-O2-CH4 -> ReSc3-111-O2-CH3 (substrate=alloy)

[5261/9762] reaction_id=5261: ReSn3-111-O1-CH4 -> ReSn3-111-O1-CH3 (substrate=alloy)

[5262/9762] reaction_id=5262: ReSn3-111-O2-CH4 -> ReSn3-111-O2-CH3 (substrate=alloy)

[5263/9762] reaction_id=5263: ReTa3-111-O1-CH4 -> ReTa3-111-O1-CH3 (substrate=alloy)

[5264/9762] reaction_id=5264: ReTa3-111-O2-CH4 -> ReTa3-111-O2-CH3 (substrate=alloy)

[5265/9762] reaction_id=5265: ReTc3-111-O1-CH4 -> ReTc3-111-O1-CH3 (substrate=alloy)

[5266/9762] reaction_id=5266: ReTc3-111-O2-CH4 -> ReTc3-111-O2-CH3 (substrate=alloy)

[5267/9762] reaction_id=5267: ReTi3-111-O1-CH4 -> ReTi3-111-O1-CH3 (substrate=alloy)

[5268/9762] reaction_id=5268: ReTi3-111-O2-CH4 -> ReTi3-111-O2-CH3 (substrate=alloy)

[5269/9762] reaction_id=5269: ReTl3-111-O1-CH4 -> ReTl3-111-O1-CH3 (substrate=alloy)

[5270/9762] reaction_id=5270: ReTl3-111-O2-CH4 -> ReTl3-111-O2-CH3 (substrate=alloy)

[5271/9762] reaction_id=5271: ReV3-111-O1-CH4 -> ReV3-111-O1-CH3 (substrate=alloy)

[5272/9762] reaction_id=5272: ReV3-111-O2-CH4 -> ReV3-111-O2-CH3 (substrate=alloy)

[5273/9762] reaction_id=5273: ReW3-111-O1-CH4 -> ReW3-111-O1-CH3 (substrate=alloy)

[5274/9762] reaction_id=5274: ReW3-111-O2-CH4 -> ReW3-111-O2-CH3 (substrate=alloy)

[5275/9762] reaction_id=5275: ReY3-111-O1-CH4 -> ReY3-111-O1-CH3 (substrate=alloy)

[5276/9762] reaction_id=5276: ReY3-111-O2-CH4 -> ReY3-111-O2-CH3 (substrate=alloy)

[5277/9762] reaction_id=5277: ReZn3-111-O1-CH4 -> ReZn3-111-O1-CH3 (substrate=alloy)

[5278/9762] reaction_id=5278: ReZn3-111-O2-CH4 -> ReZn3-111-O2-CH3 (substrate=alloy)

[5279/9762] reaction_id=5279: ReZr3-111-O1-CH4 -> ReZr3-111-O1-CH3 (substrate=alloy)

[5280/9762] reaction_id=5280: ReZr3-111-O2-CH4 -> ReZr3-111-O2-CH3 (substrate=alloy)

[5281/9762] reaction_id=5281: Rh2Ru2-111-O1-CH4 -> Rh2Ru2-111-O1-CH3 (substrate=alloy)

[5282/9762] reaction_id=5282: Rh2Ru2-111-O2-CH4 -> Rh2Ru2-111-O2-CH3 (substrate=alloy)

[5283/9762] reaction_id=5283: Rh2Sc2-111-O1-CH4 -> Rh2Sc2-111-O1-CH3 (substrate=alloy)

[5284/9762] reaction_id=5284: Rh2Sc2-111-O2-CH4 -> Rh2Sc2-111-O2-CH3 (substrate=alloy)

[5285/9762] reaction_id=5285: Rh2Sn2-111-O1-CH4 -> Rh2Sn2-111-O1-CH3 (substrate=alloy)

[5286/9762] reaction_id=5286: Rh2Sn2-111-O2-CH4 -> Rh2Sn2-111-O2-CH3 (substrate=alloy)

[5287/9762] reaction_id=5287: Rh2Ta2-111-O1-CH4 -> Rh2Ta2-111-O1-CH3 (substrate=alloy)

[5288/9762] reaction_id=5288: Rh2Ta2-111-O2-CH4 -> Rh2Ta2-111-O2-CH3 (substrate=alloy)

[5289/9762] reaction_id=5289: Rh2Tc2-111-O1-CH4 -> Rh2Tc2-111-O1-CH3 (substrate=alloy)

[5290/9762] reaction_id=5290: Rh2Tc2-111-O2-CH4 -> Rh2Tc2-111-O2-CH3 (substrate=alloy)

[5291/9762] reaction_id=5291: Rh2Ti2-111-O1-CH4 -> Rh2Ti2-111-O1-CH3 (substrate=alloy)

[5292/9762] reaction_id=5292: Rh2Ti2-111-O2-CH4 -> Rh2Ti2-111-O2-CH3 (substrate=alloy)

[5293/9762] reaction_id=5293: Rh2Tl2-111-O1-CH4 -> Rh2Tl2-111-O1-CH3 (substrate=alloy)

[5294/9762] reaction_id=5294: Rh2Tl2-111-O2-CH4 -> Rh2Tl2-111-O2-CH3 (substrate=alloy)

[5295/9762] reaction_id=5295: Rh2V2-111-O1-CH4 -> Rh2V2-111-O1-CH3 (substrate=alloy)

[5296/9762] reaction_id=5296: Rh2V2-111-O2-CH4 -> Rh2V2-111-O2-CH3 (substrate=alloy)

[5297/9762] reaction_id=5297: Rh2W2-111-O1-CH4 -> Rh2W2-111-O1-CH3 (substrate=alloy)

[5298/9762] reaction_id=5298: Rh2W2-111-O2-CH4 -> Rh2W2-111-O2-CH3 (substrate=alloy)

[5299/9762] reaction_id=5299: Rh2Y2-111-O1-CH4 -> Rh2Y2-111-O1-CH3 (substrate=alloy)

[5300/9762] reaction_id=5300: Rh2Zn2-111-O1-CH4 -> Rh2Zn2-111-O1-CH3 (substrate=alloy)

[5301/9762] reaction_id=5301: Rh2Zn2-111-O2-CH4 -> Rh2Zn2-111-O2-CH3 (substrate=alloy)

[5302/9762] reaction_id=5302: Rh2Zr2-111-O1-CH4 -> Rh2Zr2-111-O1-CH3 (substrate=alloy)

[5303/9762] reaction_id=5303: Rh2Zr2-111-O2-CH4 -> Rh2Zr2-111-O2-CH3 (substrate=alloy)

[5304/9762] reaction_id=5304: Rh3Ru-111-O1-CH4 -> Rh3Ru-111-O1-CH3 (substrate=alloy)

[5305/9762] reaction_id=5305: Rh3Ru-111-O2-CH4 -> Rh3Ru-111-O2-CH3 (substrate=alloy)

[5306/9762] reaction_id=5306: Rh3Sc-111-O1-CH4 -> Rh3Sc-111-O1-CH3 (substrate=alloy)

[5307/9762] reaction_id=5307: Rh3Sc-111-O2-CH4 -> Rh3Sc-111-O2-CH3 (substrate=alloy)

[5308/9762] reaction_id=5308: Rh3Sn-111-O1-CH4 -> Rh3Sn-111-O1-CH3 (substrate=alloy)

[5309/9762] reaction_id=5309: Rh3Sn-111-O2-CH4 -> Rh3Sn-111-O2-CH3 (substrate=alloy)

[5310/9762] reaction_id=5310: Rh3Ta-111-O1-CH4 -> Rh3Ta-111-O1-CH3 (substrate=alloy)

[5311/9762] reaction_id=5311: Rh3Ta-111-O2-CH4 -> Rh3Ta-111-O2-CH3 (substrate=alloy)

[5312/9762] reaction_id=5312: Rh3Tc-111-O1-CH4 -> Rh3Tc-111-O1-CH3 (substrate=alloy)

[5313/9762] reaction_id=5313: Rh3Tc-111-O2-CH4 -> Rh3Tc-111-O2-CH3 (substrate=alloy)

[5314/9762] reaction_id=5314: Rh3Ti-111-O1-CH4 -> Rh3Ti-111-O1-CH3 (substrate=alloy)

[5315/9762] reaction_id=5315: Rh3Ti-111-O2-CH4 -> Rh3Ti-111-O2-CH3 (substrate=alloy)

[5316/9762] reaction_id=5316: Rh3Tl-111-O2-CH4 -> Rh3Tl-111-O2-CH3 (substrate=alloy)

[5317/9762] reaction_id=5317: Rh3V-111-O1-CH4 -> Rh3V-111-O1-CH3 (substrate=alloy)

[5318/9762] reaction_id=5318: Rh3V-111-O2-CH4 -> Rh3V-111-O2-CH3 (substrate=alloy)

[5319/9762] reaction_id=5319: Rh3W-111-O1-CH4 -> Rh3W-111-O1-CH3 (substrate=alloy)

[5320/9762] reaction_id=5320: Rh3W-111-O2-CH4 -> Rh3W-111-O2-CH3 (substrate=alloy)

[5321/9762] reaction_id=5321: Rh3Y-111-O1-CH4 -> Rh3Y-111-O1-CH3 (substrate=alloy)

[5322/9762] reaction_id=5322: Rh3Zn-111-O1-CH4 -> Rh3Zn-111-O1-CH3 (substrate=alloy)

[5323/9762] reaction_id=5323: Rh3Zn-111-O2-CH4 -> Rh3Zn-111-O2-CH3 (substrate=alloy)

[5324/9762] reaction_id=5324: Rh3Zr-111-O1-CH4 -> Rh3Zr-111-O1-CH3 (substrate=alloy)

[5325/9762] reaction_id=5325: Rh3Zr-111-O2-CH4 -> Rh3Zr-111-O2-CH3 (substrate=alloy)

[5326/9762] reaction_id=5326: RhRu3-111-O1-CH4 -> RhRu3-111-O1-CH3 (substrate=alloy)

[5327/9762] reaction_id=5327: RhRu3-111-O2-CH4 -> RhRu3-111-O2-CH3 (substrate=alloy)

[5328/9762] reaction_id=5328: RhSc3-111-O1-CH4 -> RhSc3-111-O1-CH3 (substrate=alloy)

[5329/9762] reaction_id=5329: RhSc3-111-O2-CH4 -> RhSc3-111-O2-CH3 (substrate=alloy)

[5330/9762] reaction_id=5330: RhSn3-111-O1-CH4 -> RhSn3-111-O1-CH3 (substrate=alloy)

[5331/9762] reaction_id=5331: RhSn3-111-O2-CH4 -> RhSn3-111-O2-CH3 (substrate=alloy)

[5332/9762] reaction_id=5332: RhTa3-111-O1-CH4 -> RhTa3-111-O1-CH3 (substrate=alloy)

[5333/9762] reaction_id=5333: RhTa3-111-O2-CH4 -> RhTa3-111-O2-CH3 (substrate=alloy)

[5334/9762] reaction_id=5334: RhTc3-111-O1-CH4 -> RhTc3-111-O1-CH3 (substrate=alloy)

[5335/9762] reaction_id=5335: RhTc3-111-O2-CH4 -> RhTc3-111-O2-CH3 (substrate=alloy)

[5336/9762] reaction_id=5336: RhTi3-111-O1-CH4 -> RhTi3-111-O1-CH3 (substrate=alloy)

[5337/9762] reaction_id=5337: RhTi3-111-O2-CH4 -> RhTi3-111-O2-CH3 (substrate=alloy)

[5338/9762] reaction_id=5338: RhTl3-111-O1-CH4 -> RhTl3-111-O1-CH3 (substrate=alloy)

[5339/9762] reaction_id=5339: RhTl3-111-O2-CH4 -> RhTl3-111-O2-CH3 (substrate=alloy)

[5340/9762] reaction_id=5340: RhV3-111-O1-CH4 -> RhV3-111-O1-CH3 (substrate=alloy)

[5341/9762] reaction_id=5341: RhV3-111-O2-CH4 -> RhV3-111-O2-CH3 (substrate=alloy)

[5342/9762] reaction_id=5342: RhW3-111-O1-CH4 -> RhW3-111-O1-CH3 (substrate=alloy)

[5343/9762] reaction_id=5343: RhW3-111-O2-CH4 -> RhW3-111-O2-CH3 (substrate=alloy)

[5344/9762] reaction_id=5344: RhY3-111-O1-CH4 -> RhY3-111-O1-CH3 (substrate=alloy)

[5345/9762] reaction_id=5345: RhY3-111-O2-CH4 -> RhY3-111-O2-CH3 (substrate=alloy)

[5346/9762] reaction_id=5346: RhZn3-111-O1-CH4 -> RhZn3-111-O1-CH3 (substrate=alloy)

[5347/9762] reaction_id=5347: RhZn3-111-O2-CH4 -> RhZn3-111-O2-CH3 (substrate=alloy)

[5348/9762] reaction_id=5348: RhZr3-111-O1-CH4 -> RhZr3-111-O1-CH3 (substrate=alloy)

[5349/9762] reaction_id=5349: RhZr3-111-O2-CH4 -> RhZr3-111-O2-CH3 (substrate=alloy)

[5350/9762] reaction_id=5350: Ru2Sc2-111-O1-CH4 -> Ru2Sc2-111-O1-CH3 (substrate=alloy)

[5351/9762] reaction_id=5351: Ru2Sc2-111-O2-CH4 -> Ru2Sc2-111-O2-CH3 (substrate=alloy)

[5352/9762] reaction_id=5352: Ru2Sn2-111-O1-CH4 -> Ru2Sn2-111-O1-CH3 (substrate=alloy)

[5353/9762] reaction_id=5353: Ru2Sn2-111-O2-CH4 -> Ru2Sn2-111-O2-CH3 (substrate=alloy)

[5354/9762] reaction_id=5354: Ru2Ta2-111-O1-CH4 -> Ru2Ta2-111-O1-CH3 (substrate=alloy)

[5355/9762] reaction_id=5355: Ru2Ta2-111-O2-CH4 -> Ru2Ta2-111-O2-CH3 (substrate=alloy)

[5356/9762] reaction_id=5356: Ru2Tc2-111-O1-CH4 -> Ru2Tc2-111-O1-CH3 (substrate=alloy)

[5357/9762] reaction_id=5357: Ru2Tc2-111-O2-CH4 -> Ru2Tc2-111-O2-CH3 (substrate=alloy)

[5358/9762] reaction_id=5358: Ru2Ti2-111-O1-CH4 -> Ru2Ti2-111-O1-CH3 (substrate=alloy)

[5359/9762] reaction_id=5359: Ru2Ti2-111-O2-CH4 -> Ru2Ti2-111-O2-CH3 (substrate=alloy)

[5360/9762] reaction_id=5360: Ru2Tl2-111-O1-CH4 -> Ru2Tl2-111-O1-CH3 (substrate=alloy)

[5361/9762] reaction_id=5361: Ru2Tl2-111-O2-CH4 -> Ru2Tl2-111-O2-CH3 (substrate=alloy)

[5362/9762] reaction_id=5362: Ru2V2-111-O1-CH4 -> Ru2V2-111-O1-CH3 (substrate=alloy)

[5363/9762] reaction_id=5363: Ru2V2-111-O2-CH4 -> Ru2V2-111-O2-CH3 (substrate=alloy)

[5364/9762] reaction_id=5364: Ru2W2-111-O1-CH4 -> Ru2W2-111-O1-CH3 (substrate=alloy)

[5365/9762] reaction_id=5365: Ru2W2-111-O2-CH4 -> Ru2W2-111-O2-CH3 (substrate=alloy)

[5366/9762] reaction_id=5366: Ru2Y2-111-O1-CH4 -> Ru2Y2-111-O1-CH3 (substrate=alloy)

[5367/9762] reaction_id=5367: Ru2Zn2-111-O1-CH4 -> Ru2Zn2-111-O1-CH3 (substrate=alloy)

[5368/9762] reaction_id=5368: Ru2Zn2-111-O2-CH4 -> Ru2Zn2-111-O2-CH3 (substrate=alloy)

[5369/9762] reaction_id=5369: Ru2Zr2-111-O1-CH4 -> Ru2Zr2-111-O1-CH3 (substrate=alloy)

[5370/9762] reaction_id=5370: Ru2Zr2-111-O2-CH4 -> Ru2Zr2-111-O2-CH3 (substrate=alloy)

[5371/9762] reaction_id=5371: Ru3Sc-111-O1-CH4 -> Ru3Sc-111-O1-CH3 (substrate=alloy)

[5372/9762] reaction_id=5372: Ru3Sc-111-O2-CH4 -> Ru3Sc-111-O2-CH3 (substrate=alloy)

[5373/9762] reaction_id=5373: Ru3Sn-111-O1-CH4 -> Ru3Sn-111-O1-CH3 (substrate=alloy)

[5374/9762] reaction_id=5374: Ru3Sn-111-O2-CH4 -> Ru3Sn-111-O2-CH3 (substrate=alloy)

[5375/9762] reaction_id=5375: Ru3Ta-111-O1-CH4 -> Ru3Ta-111-O1-CH3 (substrate=alloy)

[5376/9762] reaction_id=5376: Ru3Ta-111-O2-CH4 -> Ru3Ta-111-O2-CH3 (substrate=alloy)

[5377/9762] reaction_id=5377: Ru3Tc-111-O1-CH4 -> Ru3Tc-111-O1-CH3 (substrate=alloy)

[5378/9762] reaction_id=5378: Ru3Tc-111-O2-CH4 -> Ru3Tc-111-O2-CH3 (substrate=alloy)

[5379/9762] reaction_id=5379: Ru3Ti-111-O1-CH4 -> Ru3Ti-111-O1-CH3 (substrate=alloy)

[5380/9762] reaction_id=5380: Ru3Ti-111-O2-CH4 -> Ru3Ti-111-O2-CH3 (substrate=alloy)

[5381/9762] reaction_id=5381: Ru3Tl-111-O2-CH4 -> Ru3Tl-111-O2-CH3 (substrate=alloy)

[5382/9762] reaction_id=5382: Ru3V-111-O1-CH4 -> Ru3V-111-O1-CH3 (substrate=alloy)

[5383/9762] reaction_id=5383: Ru3V-111-O2-CH4 -> Ru3V-111-O2-CH3 (substrate=alloy)

[5384/9762] reaction_id=5384: Ru3W-111-O1-CH4 -> Ru3W-111-O1-CH3 (substrate=alloy)

[5385/9762] reaction_id=5385: Ru3W-111-O2-CH4 -> Ru3W-111-O2-CH3 (substrate=alloy)

[5386/9762] reaction_id=5386: Ru3Y-111-O1-CH4 -> Ru3Y-111-O1-CH3 (substrate=alloy)

[5387/9762] reaction_id=5387: Ru3Zn-111-O1-CH4 -> Ru3Zn-111-O1-CH3 (substrate=alloy)

[5388/9762] reaction_id=5388: Ru3Zn-111-O2-CH4 -> Ru3Zn-111-O2-CH3 (substrate=alloy)

[5389/9762] reaction_id=5389: Ru3Zr-111-O1-CH4 -> Ru3Zr-111-O1-CH3 (substrate=alloy)

[5390/9762] reaction_id=5390: Ru3Zr-111-O2-CH4 -> Ru3Zr-111-O2-CH3 (substrate=alloy)

[5391/9762] reaction_id=5391: RuSc3-111-O1-CH4 -> RuSc3-111-O1-CH3 (substrate=alloy)

[5392/9762] reaction_id=5392: RuSc3-111-O2-CH4 -> RuSc3-111-O2-CH3 (substrate=alloy)

[5393/9762] reaction_id=5393: RuSn3-111-O1-CH4 -> RuSn3-111-O1-CH3 (substrate=alloy)

[5394/9762] reaction_id=5394: RuSn3-111-O2-CH4 -> RuSn3-111-O2-CH3 (substrate=alloy)

[5395/9762] reaction_id=5395: RuTa3-111-O1-CH4 -> RuTa3-111-O1-CH3 (substrate=alloy)

[5396/9762] reaction_id=5396: RuTa3-111-O2-CH4 -> RuTa3-111-O2-CH3 (substrate=alloy)

[5397/9762] reaction_id=5397: RuTc3-111-O1-CH4 -> RuTc3-111-O1-CH3 (substrate=alloy)

[5398/9762] reaction_id=5398: RuTc3-111-O2-CH4 -> RuTc3-111-O2-CH3 (substrate=alloy)

[5399/9762] reaction_id=5399: RuTi3-111-O1-CH4 -> RuTi3-111-O1-CH3 (substrate=alloy)

[5400/9762] reaction_id=5400: RuTi3-111-O2-CH4 -> RuTi3-111-O2-CH3 (substrate=alloy)

[5401/9762] reaction_id=5401: RuTl3-111-O1-CH4 -> RuTl3-111-O1-CH3 (substrate=alloy)

[5402/9762] reaction_id=5402: RuTl3-111-O2-CH4 -> RuTl3-111-O2-CH3 (substrate=alloy)

[5403/9762] reaction_id=5403: RuV3-111-O1-CH4 -> RuV3-111-O1-CH3 (substrate=alloy)

[5404/9762] reaction_id=5404: RuV3-111-O2-CH4 -> RuV3-111-O2-CH3 (substrate=alloy)

[5405/9762] reaction_id=5405: RuW3-111-O1-CH4 -> RuW3-111-O1-CH3 (substrate=alloy)

[5406/9762] reaction_id=5406: RuW3-111-O2-CH4 -> RuW3-111-O2-CH3 (substrate=alloy)

[5407/9762] reaction_id=5407: RuY3-111-O1-CH4 -> RuY3-111-O1-CH3 (substrate=alloy)

[5408/9762] reaction_id=5408: RuY3-111-O2-CH4 -> RuY3-111-O2-CH3 (substrate=alloy)

[5409/9762] reaction_id=5409: RuZn3-111-O1-CH4 -> RuZn3-111-O1-CH3 (substrate=alloy)

[5410/9762] reaction_id=5410: RuZn3-111-O2-CH4 -> RuZn3-111-O2-CH3 (substrate=alloy)

[5411/9762] reaction_id=5411: RuZr3-111-O1-CH4 -> RuZr3-111-O1-CH3 (substrate=alloy)

[5412/9762] reaction_id=5412: RuZr3-111-O2-CH4 -> RuZr3-111-O2-CH3 (substrate=alloy)

[5413/9762] reaction_id=5413: Sc2Sn2-111-O1-CH4 -> Sc2Sn2-111-O1-CH3 (substrate=alloy)

[5414/9762] reaction_id=5414: Sc2Sn2-111-O2-CH4 -> Sc2Sn2-111-O2-CH3 (substrate=alloy)

[5415/9762] reaction_id=5415: Sc2Ta2-111-O1-CH4 -> Sc2Ta2-111-O1-CH3 (substrate=alloy)

[5416/9762] reaction_id=5416: Sc2Ta2-111-O2-CH4 -> Sc2Ta2-111-O2-CH3 (substrate=alloy)

[5417/9762] reaction_id=5417: Sc2Tc2-111-O1-CH4 -> Sc2Tc2-111-O1-CH3 (substrate=alloy)

[5418/9762] reaction_id=5418: Sc2Tc2-111-O2-CH4 -> Sc2Tc2-111-O2-CH3 (substrate=alloy)

[5419/9762] reaction_id=5419: Sc2Ti2-111-O1-CH4 -> Sc2Ti2-111-O1-CH3 (substrate=alloy)

[5420/9762] reaction_id=5420: Sc2Ti2-111-O2-CH4 -> Sc2Ti2-111-O2-CH3 (substrate=alloy)

[5421/9762] reaction_id=5421: Sc2Tl2-111-O1-CH4 -> Sc2Tl2-111-O1-CH3 (substrate=alloy)

[5422/9762] reaction_id=5422: Sc2Tl2-111-O2-CH4 -> Sc2Tl2-111-O2-CH3 (substrate=alloy)

[5423/9762] reaction_id=5423: Sc2V2-111-O1-CH4 -> Sc2V2-111-O1-CH3 (substrate=alloy)

[5424/9762] reaction_id=5424: Sc2V2-111-O2-CH4 -> Sc2V2-111-O2-CH3 (substrate=alloy)

[5425/9762] reaction_id=5425: Sc2W2-111-O1-CH4 -> Sc2W2-111-O1-CH3 (substrate=alloy)

[5426/9762] reaction_id=5426: Sc2W2-111-O2-CH4 -> Sc2W2-111-O2-CH3 (substrate=alloy)

[5427/9762] reaction_id=5427: Sc2Y2-111-O1-CH4 -> Sc2Y2-111-O1-CH3 (substrate=alloy)

[5428/9762] reaction_id=5428: Sc2Y2-111-O2-CH4 -> Sc2Y2-111-O2-CH3 (substrate=alloy)

[5429/9762] reaction_id=5429: Sc2Zn2-111-O1-CH4 -> Sc2Zn2-111-O1-CH3 (substrate=alloy)

[5430/9762] reaction_id=5430: Sc2Zn2-111-O2-CH4 -> Sc2Zn2-111-O2-CH3 (substrate=alloy)

[5431/9762] reaction_id=5431: Sc2Zr2-111-O1-CH4 -> Sc2Zr2-111-O1-CH3 (substrate=alloy)

[5432/9762] reaction_id=5432: Sc2Zr2-111-O2-CH4 -> Sc2Zr2-111-O2-CH3 (substrate=alloy)

[5433/9762] reaction_id=5433: Sc3Sn-111-O1-CH4 -> Sc3Sn-111-O1-CH3 (substrate=alloy)

[5434/9762] reaction_id=5434: Sc3Sn-111-O2-CH4 -> Sc3Sn-111-O2-CH3 (substrate=alloy)

[5435/9762] reaction_id=5435: Sc3Ta-111-O1-CH4 -> Sc3Ta-111-O1-CH3 (substrate=alloy)

[5436/9762] reaction_id=5436: Sc3Ta-111-O2-CH4 -> Sc3Ta-111-O2-CH3 (substrate=alloy)

[5437/9762] reaction_id=5437: Sc3Tc-111-O1-CH4 -> Sc3Tc-111-O1-CH3 (substrate=alloy)

[5438/9762] reaction_id=5438: Sc3Tc-111-O2-CH4 -> Sc3Tc-111-O2-CH3 (substrate=alloy)

[5439/9762] reaction_id=5439: Sc3Ti-111-O1-CH4 -> Sc3Ti-111-O1-CH3 (substrate=alloy)

[5440/9762] reaction_id=5440: Sc3Ti-111-O2-CH4 -> Sc3Ti-111-O2-CH3 (substrate=alloy)

[5441/9762] reaction_id=5441: Sc3Tl-111-O2-CH4 -> Sc3Tl-111-O2-CH3 (substrate=alloy)

[5442/9762] reaction_id=5442: Sc3V-111-O1-CH4 -> Sc3V-111-O1-CH3 (substrate=alloy)

[5443/9762] reaction_id=5443: Sc3V-111-O2-CH4 -> Sc3V-111-O2-CH3 (substrate=alloy)

[5444/9762] reaction_id=5444: Sc3W-111-O1-CH4 -> Sc3W-111-O1-CH3 (substrate=alloy)

[5445/9762] reaction_id=5445: Sc3W-111-O2-CH4 -> Sc3W-111-O2-CH3 (substrate=alloy)

[5446/9762] reaction_id=5446: Sc3Y-111-O1-CH4 -> Sc3Y-111-O1-CH3 (substrate=alloy)

[5447/9762] reaction_id=5447: Sc3Zn-111-O1-CH4 -> Sc3Zn-111-O1-CH3 (substrate=alloy)

[5448/9762] reaction_id=5448: Sc3Zn-111-O2-CH4 -> Sc3Zn-111-O2-CH3 (substrate=alloy)

[5449/9762] reaction_id=5449: Sc3Zr-111-O1-CH4 -> Sc3Zr-111-O1-CH3 (substrate=alloy)

[5450/9762] reaction_id=5450: Sc3Zr-111-O2-CH4 -> Sc3Zr-111-O2-CH3 (substrate=alloy)

[5451/9762] reaction_id=5451: ScSn3-111-O1-CH4 -> ScSn3-111-O1-CH3 (substrate=alloy)

[5452/9762] reaction_id=5452: ScSn3-111-O2-CH4 -> ScSn3-111-O2-CH3 (substrate=alloy)

[5453/9762] reaction_id=5453: ScTa3-111-O1-CH4 -> ScTa3-111-O1-CH3 (substrate=alloy)

[5454/9762] reaction_id=5454: ScTa3-111-O2-CH4 -> ScTa3-111-O2-CH3 (substrate=alloy)

[5455/9762] reaction_id=5455: ScTc3-111-O1-CH4 -> ScTc3-111-O1-CH3 (substrate=alloy)

[5456/9762] reaction_id=5456: ScTc3-111-O2-CH4 -> ScTc3-111-O2-CH3 (substrate=alloy)

[5457/9762] reaction_id=5457: ScTi3-111-O1-CH4 -> ScTi3-111-O1-CH3 (substrate=alloy)

[5458/9762] reaction_id=5458: ScTi3-111-O2-CH4 -> ScTi3-111-O2-CH3 (substrate=alloy)

[5459/9762] reaction_id=5459: ScTl3-111-O2-CH4 -> ScTl3-111-O2-CH3 (substrate=alloy)

[5460/9762] reaction_id=5460: ScV3-111-O1-CH4 -> ScV3-111-O1-CH3 (substrate=alloy)

[5461/9762] reaction_id=5461: ScV3-111-O2-CH4 -> ScV3-111-O2-CH3 (substrate=alloy)

[5462/9762] reaction_id=5462: ScW3-111-O1-CH4 -> ScW3-111-O1-CH3 (substrate=alloy)

[5463/9762] reaction_id=5463: ScW3-111-O2-CH4 -> ScW3-111-O2-CH3 (substrate=alloy)

[5464/9762] reaction_id=5464: ScY3-111-O1-CH4 -> ScY3-111-O1-CH3 (substrate=alloy)

[5465/9762] reaction_id=5465: ScZn3-111-O1-CH4 -> ScZn3-111-O1-CH3 (substrate=alloy)

[5466/9762] reaction_id=5466: ScZn3-111-O2-CH4 -> ScZn3-111-O2-CH3 (substrate=alloy)

[5467/9762] reaction_id=5467: ScZr3-111-O1-CH4 -> ScZr3-111-O1-CH3 (substrate=alloy)

[5468/9762] reaction_id=5468: ScZr3-111-O2-CH4 -> ScZr3-111-O2-CH3 (substrate=alloy)

[5469/9762] reaction_id=5469: Sn2Ta2-111-O1-CH4 -> Sn2Ta2-111-O1-CH3 (substrate=alloy)

[5470/9762] reaction_id=5470: Sn2Ta2-111-O2-CH4 -> Sn2Ta2-111-O2-CH3 (substrate=alloy)

[5471/9762] reaction_id=5471: Sn2Tc2-111-O1-CH4 -> Sn2Tc2-111-O1-CH3 (substrate=alloy)

[5472/9762] reaction_id=5472: Sn2Tc2-111-O2-CH4 -> Sn2Tc2-111-O2-CH3 (substrate=alloy)

[5473/9762] reaction_id=5473: Sn2Ti2-111-O1-CH4 -> Sn2Ti2-111-O1-CH3 (substrate=alloy)

[5474/9762] reaction_id=5474: Sn2Ti2-111-O2-CH4 -> Sn2Ti2-111-O2-CH3 (substrate=alloy)

[5475/9762] reaction_id=5475: Sn2Tl2-111-O1-CH4 -> Sn2Tl2-111-O1-CH3 (substrate=alloy)

[5476/9762] reaction_id=5476: Sn2Tl2-111-O2-CH4 -> Sn2Tl2-111-O2-CH3 (substrate=alloy)

[5477/9762] reaction_id=5477: Sn2V2-111-O1-CH4 -> Sn2V2-111-O1-CH3 (substrate=alloy)

[5478/9762] reaction_id=5478: Sn2V2-111-O2-CH4 -> Sn2V2-111-O2-CH3 (substrate=alloy)

[5479/9762] reaction_id=5479: Sn2W2-111-O1-CH4 -> Sn2W2-111-O1-CH3 (substrate=alloy)

[5480/9762] reaction_id=5480: Sn2W2-111-O2-CH4 -> Sn2W2-111-O2-CH3 (substrate=alloy)

[5481/9762] reaction_id=5481: Sn2Y2-111-O1-CH4 -> Sn2Y2-111-O1-CH3 (substrate=alloy)

[5482/9762] reaction_id=5482: Sn2Zn2-111-O1-CH4 -> Sn2Zn2-111-O1-CH3 (substrate=alloy)

[5483/9762] reaction_id=5483: Sn2Zn2-111-O2-CH4 -> Sn2Zn2-111-O2-CH3 (substrate=alloy)

[5484/9762] reaction_id=5484: Sn2Zr2-111-O1-CH4 -> Sn2Zr2-111-O1-CH3 (substrate=alloy)

[5485/9762] reaction_id=5485: Sn2Zr2-111-O2-CH4 -> Sn2Zr2-111-O2-CH3 (substrate=alloy)

[5486/9762] reaction_id=5486: Sn3Ta-111-O1-CH4 -> Sn3Ta-111-O1-CH3 (substrate=alloy)

[5487/9762] reaction_id=5487: Sn3Ta-111-O2-CH4 -> Sn3Ta-111-O2-CH3 (substrate=alloy)

[5488/9762] reaction_id=5488: Sn3Tc-111-O1-CH4 -> Sn3Tc-111-O1-CH3 (substrate=alloy)

[5489/9762] reaction_id=5489: Sn3Tc-111-O2-CH4 -> Sn3Tc-111-O2-CH3 (substrate=alloy)

[5490/9762] reaction_id=5490: Sn3Ti-111-O1-CH4 -> Sn3Ti-111-O1-CH3 (substrate=alloy)

[5491/9762] reaction_id=5491: Sn3Ti-111-O2-CH4 -> Sn3Ti-111-O2-CH3 (substrate=alloy)

[5492/9762] reaction_id=5492: Sn3Tl-111-O2-CH4 -> Sn3Tl-111-O2-CH3 (substrate=alloy)

[5493/9762] reaction_id=5493: Sn3V-111-O1-CH4 -> Sn3V-111-O1-CH3 (substrate=alloy)

[5494/9762] reaction_id=5494: Sn3V-111-O2-CH4 -> Sn3V-111-O2-CH3 (substrate=alloy)

[5495/9762] reaction_id=5495: Sn3W-111-O1-CH4 -> Sn3W-111-O1-CH3 (substrate=alloy)

[5496/9762] reaction_id=5496: Sn3W-111-O2-CH4 -> Sn3W-111-O2-CH3 (substrate=alloy)

[5497/9762] reaction_id=5497: Sn3Y-111-O1-CH4 -> Sn3Y-111-O1-CH3 (substrate=alloy)

[5498/9762] reaction_id=5498: Sn3Y-111-O2-CH4 -> Sn3Y-111-O2-CH3 (substrate=alloy)

[5499/9762] reaction_id=5499: Sn3Zn-111-O1-CH4 -> Sn3Zn-111-O1-CH3 (substrate=alloy)

[5500/9762] reaction_id=5500: Sn3Zn-111-O2-CH4 -> Sn3Zn-111-O2-CH3 (substrate=alloy)

[5501/9762] reaction_id=5501: Sn3Zr-111-O1-CH4 -> Sn3Zr-111-O1-CH3 (substrate=alloy)

[5502/9762] reaction_id=5502: Sn3Zr-111-O2-CH4 -> Sn3Zr-111-O2-CH3 (substrate=alloy)

[5503/9762] reaction_id=5503: SnTa3-111-O1-CH4 -> SnTa3-111-O1-CH3 (substrate=alloy)

[5504/9762] reaction_id=5504: SnTa3-111-O2-CH4 -> SnTa3-111-O2-CH3 (substrate=alloy)

[5505/9762] reaction_id=5505: SnTc3-111-O1-CH4 -> SnTc3-111-O1-CH3 (substrate=alloy)

[5506/9762] reaction_id=5506: SnTc3-111-O2-CH4 -> SnTc3-111-O2-CH3 (substrate=alloy)

[5507/9762] reaction_id=5507: SnTi3-111-O1-CH4 -> SnTi3-111-O1-CH3 (substrate=alloy)

[5508/9762] reaction_id=5508: SnTi3-111-O2-CH4 -> SnTi3-111-O2-CH3 (substrate=alloy)

[5509/9762] reaction_id=5509: SnTl3-111-O2-CH4 -> SnTl3-111-O2-CH3 (substrate=alloy)

[5510/9762] reaction_id=5510: SnV3-111-O1-CH4 -> SnV3-111-O1-CH3 (substrate=alloy)

[5511/9762] reaction_id=5511: SnV3-111-O2-CH4 -> SnV3-111-O2-CH3 (substrate=alloy)

[5512/9762] reaction_id=5512: SnW3-111-O1-CH4 -> SnW3-111-O1-CH3 (substrate=alloy)

[5513/9762] reaction_id=5513: SnW3-111-O2-CH4 -> SnW3-111-O2-CH3 (substrate=alloy)

[5514/9762] reaction_id=5514: SnY3-111-O1-CH4 -> SnY3-111-O1-CH3 (substrate=alloy)

[5515/9762] reaction_id=5515: SnZn3-111-O1-CH4 -> SnZn3-111-O1-CH3 (substrate=alloy)

[5516/9762] reaction_id=5516: SnZn3-111-O2-CH4 -> SnZn3-111-O2-CH3 (substrate=alloy)

[5517/9762] reaction_id=5517: SnZr3-111-O1-CH4 -> SnZr3-111-O1-CH3 (substrate=alloy)

[5518/9762] reaction_id=5518: SnZr3-111-O2-CH4 -> SnZr3-111-O2-CH3 (substrate=alloy)

[5519/9762] reaction_id=5519: Ta2Tc2-111-O1-CH4 -> Ta2Tc2-111-O1-CH3 (substrate=alloy)

[5520/9762] reaction_id=5520: Ta2Tc2-111-O2-CH4 -> Ta2Tc2-111-O2-CH3 (substrate=alloy)

[5521/9762] reaction_id=5521: Ta2Ti2-111-O1-CH4 -> Ta2Ti2-111-O1-CH3 (substrate=alloy)

[5522/9762] reaction_id=5522: Ta2Ti2-111-O2-CH4 -> Ta2Ti2-111-O2-CH3 (substrate=alloy)

[5523/9762] reaction_id=5523: Ta2Tl2-111-O1-CH4 -> Ta2Tl2-111-O1-CH3 (substrate=alloy)

[5524/9762] reaction_id=5524: Ta2Tl2-111-O2-CH4 -> Ta2Tl2-111-O2-CH3 (substrate=alloy)

[5525/9762] reaction_id=5525: Ta2V2-111-O1-CH4 -> Ta2V2-111-O1-CH3 (substrate=alloy)

[5526/9762] reaction_id=5526: Ta2V2-111-O2-CH4 -> Ta2V2-111-O2-CH3 (substrate=alloy)

[5527/9762] reaction_id=5527: Ta2W2-111-O1-CH4 -> Ta2W2-111-O1-CH3 (substrate=alloy)

[5528/9762] reaction_id=5528: Ta2W2-111-O2-CH4 -> Ta2W2-111-O2-CH3 (substrate=alloy)

[5529/9762] reaction_id=5529: Ta2Y2-111-O2-CH4 -> Ta2Y2-111-O2-CH3 (substrate=alloy)

[5530/9762] reaction_id=5530: Ta2Zn2-111-O1-CH4 -> Ta2Zn2-111-O1-CH3 (substrate=alloy)

[5531/9762] reaction_id=5531: Ta2Zn2-111-O2-CH4 -> Ta2Zn2-111-O2-CH3 (substrate=alloy)

[5532/9762] reaction_id=5532: Ta2Zr2-111-O1-CH4 -> Ta2Zr2-111-O1-CH3 (substrate=alloy)

[5533/9762] reaction_id=5533: Ta2Zr2-111-O2-CH4 -> Ta2Zr2-111-O2-CH3 (substrate=alloy)

[5534/9762] reaction_id=5534: Ta3Tc-111-O1-CH4 -> Ta3Tc-111-O1-CH3 (substrate=alloy)

[5535/9762] reaction_id=5535: Ta3Tc-111-O2-CH4 -> Ta3Tc-111-O2-CH3 (substrate=alloy)

[5536/9762] reaction_id=5536: Ta3Ti-111-O1-CH4 -> Ta3Ti-111-O1-CH3 (substrate=alloy)

[5537/9762] reaction_id=5537: Ta3Ti-111-O2-CH4 -> Ta3Ti-111-O2-CH3 (substrate=alloy)

[5538/9762] reaction_id=5538: Ta3Tl-111-O2-CH4 -> Ta3Tl-111-O2-CH3 (substrate=alloy)

[5539/9762] reaction_id=5539: Ta3V-111-O1-CH4 -> Ta3V-111-O1-CH3 (substrate=alloy)

[5540/9762] reaction_id=5540: Ta3V-111-O2-CH4 -> Ta3V-111-O2-CH3 (substrate=alloy)

[5541/9762] reaction_id=5541: Ta3W-111-O1-CH4 -> Ta3W-111-O1-CH3 (substrate=alloy)

[5542/9762] reaction_id=5542: Ta3W-111-O2-CH4 -> Ta3W-111-O2-CH3 (substrate=alloy)

[5543/9762] reaction_id=5543: Ta3Y-111-O1-CH4 -> Ta3Y-111-O1-CH3 (substrate=alloy)

[5544/9762] reaction_id=5544: Ta3Zn-111-O1-CH4 -> Ta3Zn-111-O1-CH3 (substrate=alloy)

[5545/9762] reaction_id=5545: Ta3Zn-111-O2-CH4 -> Ta3Zn-111-O2-CH3 (substrate=alloy)

[5546/9762] reaction_id=5546: Ta3Zr-111-O1-CH4 -> Ta3Zr-111-O1-CH3 (substrate=alloy)

[5547/9762] reaction_id=5547: Ta3Zr-111-O2-CH4 -> Ta3Zr-111-O2-CH3 (substrate=alloy)

[5548/9762] reaction_id=5548: TaTc3-111-O1-CH4 -> TaTc3-111-O1-CH3 (substrate=alloy)

[5549/9762] reaction_id=5549: TaTc3-111-O2-CH4 -> TaTc3-111-O2-CH3 (substrate=alloy)

[5550/9762] reaction_id=5550: TaTi3-111-O1-CH4 -> TaTi3-111-O1-CH3 (substrate=alloy)

[5551/9762] reaction_id=5551: TaTi3-111-O2-CH4 -> TaTi3-111-O2-CH3 (substrate=alloy)

[5552/9762] reaction_id=5552: TaTl3-111-O1-CH4 -> TaTl3-111-O1-CH3 (substrate=alloy)

[5553/9762] reaction_id=5553: TaV3-111-O1-CH4 -> TaV3-111-O1-CH3 (substrate=alloy)

[5554/9762] reaction_id=5554: TaV3-111-O2-CH4 -> TaV3-111-O2-CH3 (substrate=alloy)

[5555/9762] reaction_id=5555: TaW3-111-O1-CH4 -> TaW3-111-O1-CH3 (substrate=alloy)

[5556/9762] reaction_id=5556: TaW3-111-O2-CH4 -> TaW3-111-O2-CH3 (substrate=alloy)

[5557/9762] reaction_id=5557: TaY3-111-O2-CH4 -> TaY3-111-O2-CH3 (substrate=alloy)

[5558/9762] reaction_id=5558: TaZn3-111-O1-CH4 -> TaZn3-111-O1-CH3 (substrate=alloy)

[5559/9762] reaction_id=5559: TaZn3-111-O2-CH4 -> TaZn3-111-O2-CH3 (substrate=alloy)

[5560/9762] reaction_id=5560: TaZr3-111-O1-CH4 -> TaZr3-111-O1-CH3 (substrate=alloy)

[5561/9762] reaction_id=5561: TaZr3-111-O2-CH4 -> TaZr3-111-O2-CH3 (substrate=alloy)

[5562/9762] reaction_id=5562: Tc2Ti2-111-O1-CH4 -> Tc2Ti2-111-O1-CH3 (substrate=alloy)

[5563/9762] reaction_id=5563: Tc2Ti2-111-O2-CH4 -> Tc2Ti2-111-O2-CH3 (substrate=alloy)

[5564/9762] reaction_id=5564: Tc2Tl2-111-O1-CH4 -> Tc2Tl2-111-O1-CH3 (substrate=alloy)

[5565/9762] reaction_id=5565: Tc2V2-111-O1-CH4 -> Tc2V2-111-O1-CH3 (substrate=alloy)

[5566/9762] reaction_id=5566: Tc2V2-111-O2-CH4 -> Tc2V2-111-O2-CH3 (substrate=alloy)

[5567/9762] reaction_id=5567: Tc2W2-111-O1-CH4 -> Tc2W2-111-O1-CH3 (substrate=alloy)

[5568/9762] reaction_id=5568: Tc2W2-111-O2-CH4 -> Tc2W2-111-O2-CH3 (substrate=alloy)

[5569/9762] reaction_id=5569: Tc2Y2-111-O1-CH4 -> Tc2Y2-111-O1-CH3 (substrate=alloy)

[5570/9762] reaction_id=5570: Tc2Zn2-111-O1-CH4 -> Tc2Zn2-111-O1-CH3 (substrate=alloy)

[5571/9762] reaction_id=5571: Tc2Zn2-111-O2-CH4 -> Tc2Zn2-111-O2-CH3 (substrate=alloy)

[5572/9762] reaction_id=5572: Tc2Zr2-111-O1-CH4 -> Tc2Zr2-111-O1-CH3 (substrate=alloy)

[5573/9762] reaction_id=5573: Tc2Zr2-111-O2-CH4 -> Tc2Zr2-111-O2-CH3 (substrate=alloy)

[5574/9762] reaction_id=5574: Tc3Ti-111-O1-CH4 -> Tc3Ti-111-O1-CH3 (substrate=alloy)

[5575/9762] reaction_id=5575: Tc3Ti-111-O2-CH4 -> Tc3Ti-111-O2-CH3 (substrate=alloy)

[5576/9762] reaction_id=5576: Tc3Tl-111-O2-CH4 -> Tc3Tl-111-O2-CH3 (substrate=alloy)

[5577/9762] reaction_id=5577: Tc3V-111-O1-CH4 -> Tc3V-111-O1-CH3 (substrate=alloy)

[5578/9762] reaction_id=5578: Tc3V-111-O2-CH4 -> Tc3V-111-O2-CH3 (substrate=alloy)

[5579/9762] reaction_id=5579: Tc3W-111-O1-CH4 -> Tc3W-111-O1-CH3 (substrate=alloy)

[5580/9762] reaction_id=5580: Tc3W-111-O2-CH4 -> Tc3W-111-O2-CH3 (substrate=alloy)

[5581/9762] reaction_id=5581: Tc3Y-111-O1-CH4 -> Tc3Y-111-O1-CH3 (substrate=alloy)

[5582/9762] reaction_id=5582: Tc3Y-111-O2-CH4 -> Tc3Y-111-O2-CH3 (substrate=alloy)

[5583/9762] reaction_id=5583: Tc3Zn-111-O1-CH4 -> Tc3Zn-111-O1-CH3 (substrate=alloy)

[5584/9762] reaction_id=5584: Tc3Zn-111-O2-CH4 -> Tc3Zn-111-O2-CH3 (substrate=alloy)

[5585/9762] reaction_id=5585: Tc3Zr-111-O1-CH4 -> Tc3Zr-111-O1-CH3 (substrate=alloy)

[5586/9762] reaction_id=5586: Tc3Zr-111-O2-CH4 -> Tc3Zr-111-O2-CH3 (substrate=alloy)

[5587/9762] reaction_id=5587: TcTi3-111-O1-CH4 -> TcTi3-111-O1-CH3 (substrate=alloy)

[5588/9762] reaction_id=5588: TcTi3-111-O2-CH4 -> TcTi3-111-O2-CH3 (substrate=alloy)

[5589/9762] reaction_id=5589: TcTl3-111-O1-CH4 -> TcTl3-111-O1-CH3 (substrate=alloy)

[5590/9762] reaction_id=5590: TcTl3-111-O2-CH4 -> TcTl3-111-O2-CH3 (substrate=alloy)

[5591/9762] reaction_id=5591: TcV3-111-O1-CH4 -> TcV3-111-O1-CH3 (substrate=alloy)

[5592/9762] reaction_id=5592: TcV3-111-O2-CH4 -> TcV3-111-O2-CH3 (substrate=alloy)

[5593/9762] reaction_id=5593: TcW3-111-O1-CH4 -> TcW3-111-O1-CH3 (substrate=alloy)

[5594/9762] reaction_id=5594: TcW3-111-O2-CH4 -> TcW3-111-O2-CH3 (substrate=alloy)

[5595/9762] reaction_id=5595: TcY3-111-O1-CH4 -> TcY3-111-O1-CH3 (substrate=alloy)

[5596/9762] reaction_id=5596: TcY3-111-O2-CH4 -> TcY3-111-O2-CH3 (substrate=alloy)

[5597/9762] reaction_id=5597: TcZn3-111-O1-CH4 -> TcZn3-111-O1-CH3 (substrate=alloy)

[5598/9762] reaction_id=5598: TcZn3-111-O2-CH4 -> TcZn3-111-O2-CH3 (substrate=alloy)

[5599/9762] reaction_id=5599: TcZr3-111-O1-CH4 -> TcZr3-111-O1-CH3 (substrate=alloy)

[5600/9762] reaction_id=5600: TcZr3-111-O2-CH4 -> TcZr3-111-O2-CH3 (substrate=alloy)

[5601/9762] reaction_id=5601: Ti2Tl2-111-O2-CH4 -> Ti2Tl2-111-O2-CH3 (substrate=alloy)

[5602/9762] reaction_id=5602: Ti2V2-111-O1-CH4 -> Ti2V2-111-O1-CH3 (substrate=alloy)

[5603/9762] reaction_id=5603: Ti2V2-111-O2-CH4 -> Ti2V2-111-O2-CH3 (substrate=alloy)

[5604/9762] reaction_id=5604: Ti2W2-111-O1-CH4 -> Ti2W2-111-O1-CH3 (substrate=alloy)

[5605/9762] reaction_id=5605: Ti2W2-111-O2-CH4 -> Ti2W2-111-O2-CH3 (substrate=alloy)

[5606/9762] reaction_id=5606: Ti2Y2-111-O1-CH4 -> Ti2Y2-111-O1-CH3 (substrate=alloy)

[5607/9762] reaction_id=5607: Ti2Zn2-111-O1-CH4 -> Ti2Zn2-111-O1-CH3 (substrate=alloy)

[5608/9762] reaction_id=5608: Ti2Zn2-111-O2-CH4 -> Ti2Zn2-111-O2-CH3 (substrate=alloy)

[5609/9762] reaction_id=5609: Ti2Zr2-111-O1-CH4 -> Ti2Zr2-111-O1-CH3 (substrate=alloy)

[5610/9762] reaction_id=5610: Ti2Zr2-111-O2-CH4 -> Ti2Zr2-111-O2-CH3 (substrate=alloy)

[5611/9762] reaction_id=5611: Ti3Tl-111-O2-CH4 -> Ti3Tl-111-O2-CH3 (substrate=alloy)

[5612/9762] reaction_id=5612: Ti3V-111-O1-CH4 -> Ti3V-111-O1-CH3 (substrate=alloy)

[5613/9762] reaction_id=5613: Ti3V-111-O2-CH4 -> Ti3V-111-O2-CH3 (substrate=alloy)

[5614/9762] reaction_id=5614: Ti3W-111-O1-CH4 -> Ti3W-111-O1-CH3 (substrate=alloy)

[5615/9762] reaction_id=5615: Ti3W-111-O2-CH4 -> Ti3W-111-O2-CH3 (substrate=alloy)

[5616/9762] reaction_id=5616: Ti3Y-111-O1-CH4 -> Ti3Y-111-O1-CH3 (substrate=alloy)

[5617/9762] reaction_id=5617: Ti3Zn-111-O1-CH4 -> Ti3Zn-111-O1-CH3 (substrate=alloy)

[5618/9762] reaction_id=5618: Ti3Zn-111-O2-CH4 -> Ti3Zn-111-O2-CH3 (substrate=alloy)

[5619/9762] reaction_id=5619: Ti3Zr-111-O1-CH4 -> Ti3Zr-111-O1-CH3 (substrate=alloy)

[5620/9762] reaction_id=5620: Ti3Zr-111-O2-CH4 -> Ti3Zr-111-O2-CH3 (substrate=alloy)

[5621/9762] reaction_id=5621: TiTl3-111-O1-CH4 -> TiTl3-111-O1-CH3 (substrate=alloy)

[5622/9762] reaction_id=5622: TiTl3-111-O2-CH4 -> TiTl3-111-O2-CH3 (substrate=alloy)

[5623/9762] reaction_id=5623: TiV3-111-O1-CH4 -> TiV3-111-O1-CH3 (substrate=alloy)

[5624/9762] reaction_id=5624: TiV3-111-O2-CH4 -> TiV3-111-O2-CH3 (substrate=alloy)

[5625/9762] reaction_id=5625: TiW3-111-O1-CH4 -> TiW3-111-O1-CH3 (substrate=alloy)

[5626/9762] reaction_id=5626: TiW3-111-O2-CH4 -> TiW3-111-O2-CH3 (substrate=alloy)

[5627/9762] reaction_id=5627: TiY3-111-O1-CH4 -> TiY3-111-O1-CH3 (substrate=alloy)

[5628/9762] reaction_id=5628: TiY3-111-O2-CH4 -> TiY3-111-O2-CH3 (substrate=alloy)

[5629/9762] reaction_id=5629: TiZn3-111-O1-CH4 -> TiZn3-111-O1-CH3 (substrate=alloy)

[5630/9762] reaction_id=5630: TiZn3-111-O2-CH4 -> TiZn3-111-O2-CH3 (substrate=alloy)

[5631/9762] reaction_id=5631: TiZr3-111-O1-CH4 -> TiZr3-111-O1-CH3 (substrate=alloy)

[5632/9762] reaction_id=5632: TiZr3-111-O2-CH4 -> TiZr3-111-O2-CH3 (substrate=alloy)

[5633/9762] reaction_id=5633: Tl2V2-111-O1-CH4 -> Tl2V2-111-O1-CH3 (substrate=alloy)

[5634/9762] reaction_id=5634: Tl2V2-111-O2-CH4 -> Tl2V2-111-O2-CH3 (substrate=alloy)

[5635/9762] reaction_id=5635: Tl2W2-111-O1-CH4 -> Tl2W2-111-O1-CH3 (substrate=alloy)

[5636/9762] reaction_id=5636: Tl2W2-111-O2-CH4 -> Tl2W2-111-O2-CH3 (substrate=alloy)

[5637/9762] reaction_id=5637: Tl2Y2-111-O1-CH4 -> Tl2Y2-111-O1-CH3 (substrate=alloy)

[5638/9762] reaction_id=5638: Tl2Y2-111-O2-CH4 -> Tl2Y2-111-O2-CH3 (substrate=alloy)

[5639/9762] reaction_id=5639: Tl2Zn2-111-O1-CH4 -> Tl2Zn2-111-O1-CH3 (substrate=alloy)

[5640/9762] reaction_id=5640: Tl2Zn2-111-O2-CH4 -> Tl2Zn2-111-O2-CH3 (substrate=alloy)

[5641/9762] reaction_id=5641: Tl2Zr2-111-O1-CH4 -> Tl2Zr2-111-O1-CH3 (substrate=alloy)

[5642/9762] reaction_id=5642: Tl3V-111-O1-CH4 -> Tl3V-111-O1-CH3 (substrate=alloy)

[5643/9762] reaction_id=5643: Tl3V-111-O2-CH4 -> Tl3V-111-O2-CH3 (substrate=alloy)

[5644/9762] reaction_id=5644: Tl3W-111-O1-CH4 -> Tl3W-111-O1-CH3 (substrate=alloy)

[5645/9762] reaction_id=5645: Tl3W-111-O2-CH4 -> Tl3W-111-O2-CH3 (substrate=alloy)

[5646/9762] reaction_id=5646: Tl3Y-111-O1-CH4 -> Tl3Y-111-O1-CH3 (substrate=alloy)

[5647/9762] reaction_id=5647: Tl3Zn-111-O1-CH4 -> Tl3Zn-111-O1-CH3 (substrate=alloy)

[5648/9762] reaction_id=5648: Tl3Zn-111-O2-CH4 -> Tl3Zn-111-O2-CH3 (substrate=alloy)

[5649/9762] reaction_id=5649: Tl3Zr-111-O1-CH4 -> Tl3Zr-111-O1-CH3 (substrate=alloy)

[5650/9762] reaction_id=5650: Tl3Zr-111-O2-CH4 -> Tl3Zr-111-O2-CH3 (substrate=alloy)

[5651/9762] reaction_id=5651: TlV3-111-O1-CH4 -> TlV3-111-O1-CH3 (substrate=alloy)

[5652/9762] reaction_id=5652: TlW3-111-O1-CH4 -> TlW3-111-O1-CH3 (substrate=alloy)

[5653/9762] reaction_id=5653: TlY3-111-O1-CH4 -> TlY3-111-O1-CH3 (substrate=alloy)

[5654/9762] reaction_id=5654: TlY3-111-O2-CH4 -> TlY3-111-O2-CH3 (substrate=alloy)

[5655/9762] reaction_id=5655: TlZn3-111-O1-CH4 -> TlZn3-111-O1-CH3 (substrate=alloy)

[5656/9762] reaction_id=5656: TlZn3-111-O2-CH4 -> TlZn3-111-O2-CH3 (substrate=alloy)

[5657/9762] reaction_id=5657: TlZr3-111-O1-CH4 -> TlZr3-111-O1-CH3 (substrate=alloy)

[5658/9762] reaction_id=5658: V2W2-111-O1-CH4 -> V2W2-111-O1-CH3 (substrate=alloy)

[5659/9762] reaction_id=5659: V2W2-111-O2-CH4 -> V2W2-111-O2-CH3 (substrate=alloy)

[5660/9762] reaction_id=5660: V2Zn2-111-O1-CH4 -> V2Zn2-111-O1-CH3 (substrate=alloy)

[5661/9762] reaction_id=5661: V2Zn2-111-O2-CH4 -> V2Zn2-111-O2-CH3 (substrate=alloy)

[5662/9762] reaction_id=5662: V2Zr2-111-O1-CH4 -> V2Zr2-111-O1-CH3 (substrate=alloy)

[5663/9762] reaction_id=5663: V2Zr2-111-O2-CH4 -> V2Zr2-111-O2-CH3 (substrate=alloy)

[5664/9762] reaction_id=5664: V3W-111-O1-CH4 -> V3W-111-O1-CH3 (substrate=alloy)

[5665/9762] reaction_id=5665: V3W-111-O2-CH4 -> V3W-111-O2-CH3 (substrate=alloy)

[5666/9762] reaction_id=5666: V3Y-111-O1-CH4 -> V3Y-111-O1-CH3 (substrate=alloy)

[5667/9762] reaction_id=5667: V3Y-111-O2-CH4 -> V3Y-111-O2-CH3 (substrate=alloy)

[5668/9762] reaction_id=5668: V3Zn-111-O1-CH4 -> V3Zn-111-O1-CH3 (substrate=alloy)

[5669/9762] reaction_id=5669: V3Zn-111-O2-CH4 -> V3Zn-111-O2-CH3 (substrate=alloy)

[5670/9762] reaction_id=5670: V3Zr-111-O1-CH4 -> V3Zr-111-O1-CH3 (substrate=alloy)

[5671/9762] reaction_id=5671: V3Zr-111-O2-CH4 -> V3Zr-111-O2-CH3 (substrate=alloy)

[5672/9762] reaction_id=5672: VW3-111-O1-CH4 -> VW3-111-O1-CH3 (substrate=alloy)

[5673/9762] reaction_id=5673: VW3-111-O2-CH4 -> VW3-111-O2-CH3 (substrate=alloy)

[5674/9762] reaction_id=5674: VY3-111-O2-CH4 -> VY3-111-O2-CH3 (substrate=alloy)

[5675/9762] reaction_id=5675: VZn3-111-O1-CH4 -> VZn3-111-O1-CH3 (substrate=alloy)

[5676/9762] reaction_id=5676: VZn3-111-O2-CH4 -> VZn3-111-O2-CH3 (substrate=alloy)

[5677/9762] reaction_id=5677: VZr3-111-O1-CH4 -> VZr3-111-O1-CH3 (substrate=alloy)

[5678/9762] reaction_id=5678: VZr3-111-O2-CH4 -> VZr3-111-O2-CH3 (substrate=alloy)

[5679/9762] reaction_id=5679: W2Y2-111-O1-CH4 -> W2Y2-111-O1-CH3 (substrate=alloy)

[5680/9762] reaction_id=5680: W2Y2-111-O2-CH4 -> W2Y2-111-O2-CH3 (substrate=alloy)

[5681/9762] reaction_id=5681: W2Zn2-111-O1-CH4 -> W2Zn2-111-O1-CH3 (substrate=alloy)

[5682/9762] reaction_id=5682: W2Zn2-111-O2-CH4 -> W2Zn2-111-O2-CH3 (substrate=alloy)

[5683/9762] reaction_id=5683: W2Zr2-111-O1-CH4 -> W2Zr2-111-O1-CH3 (substrate=alloy)

[5684/9762] reaction_id=5684: W2Zr2-111-O2-CH4 -> W2Zr2-111-O2-CH3 (substrate=alloy)

[5685/9762] reaction_id=5685: W3Y-111-O1-CH4 -> W3Y-111-O1-CH3 (substrate=alloy)

[5686/9762] reaction_id=5686: W3Y-111-O2-CH4 -> W3Y-111-O2-CH3 (substrate=alloy)

[5687/9762] reaction_id=5687: W3Zn-111-O1-CH4 -> W3Zn-111-O1-CH3 (substrate=alloy)

[5688/9762] reaction_id=5688: W3Zn-111-O2-CH4 -> W3Zn-111-O2-CH3 (substrate=alloy)

[5689/9762] reaction_id=5689: W3Zr-111-O1-CH4 -> W3Zr-111-O1-CH3 (substrate=alloy)

[5690/9762] reaction_id=5690: W3Zr-111-O2-CH4 -> W3Zr-111-O2-CH3 (substrate=alloy)

[5691/9762] reaction_id=5691: WY3-111-O1-CH4 -> WY3-111-O1-CH3 (substrate=alloy)

[5692/9762] reaction_id=5692: WY3-111-O2-CH4 -> WY3-111-O2-CH3 (substrate=alloy)

[5693/9762] reaction_id=5693: WZn3-111-O1-CH4 -> WZn3-111-O1-CH3 (substrate=alloy)

[5694/9762] reaction_id=5694: WZn3-111-O2-CH4 -> WZn3-111-O2-CH3 (substrate=alloy)

[5695/9762] reaction_id=5695: WZr3-111-O1-CH4 -> WZr3-111-O1-CH3 (substrate=alloy)

[5696/9762] reaction_id=5696: WZr3-111-O2-CH4 -> WZr3-111-O2-CH3 (substrate=alloy)

[5697/9762] reaction_id=5697: Y2Zn2-111-O2-CH4 -> Y2Zn2-111-O2-CH3 (substrate=alloy)

[5698/9762] reaction_id=5698: Y2Zr2-111-O1-CH4 -> Y2Zr2-111-O1-CH3 (substrate=alloy)

[5699/9762] reaction_id=5699: Y3Zn-111-O2-CH4 -> Y3Zn-111-O2-CH3 (substrate=alloy)

[5700/9762] reaction_id=5700: Y3Zr-111-O1-CH4 -> Y3Zr-111-O1-CH3 (substrate=alloy)

[5701/9762] reaction_id=5701: YZn3-111-O2-CH4 -> YZn3-111-O2-CH3 (substrate=alloy)

[5702/9762] reaction_id=5702: YZr3-111-O2-CH4 -> YZr3-111-O2-CH3 (substrate=alloy)

[5703/9762] reaction_id=5703: Zn2Zr2-111-O1-CH4 -> Zn2Zr2-111-O1-CH3 (substrate=alloy)

[5704/9762] reaction_id=5704: Zn2Zr2-111-O2-CH4 -> Zn2Zr2-111-O2-CH3 (substrate=alloy)

[5705/9762] reaction_id=5705: Zn3Zr-111-O1-CH4 -> Zn3Zr-111-O1-CH3 (substrate=alloy)

[5706/9762] reaction_id=5706: Zn3Zr-111-O2-CH4 -> Zn3Zr-111-O2-CH3 (substrate=alloy)

[5707/9762] reaction_id=5707: ZnZr3-111-O1-CH4 -> ZnZr3-111-O1-CH3 (substrate=alloy)

[5708/9762] reaction_id=5708: ZnZr3-111-O2-CH4 -> ZnZr3-111-O2-CH3 (substrate=alloy)

[5709/9762] reaction_id=5709: Ag2Al2-111-O1-CH3 -> Ag2Al2-111-O1-CH3OH (substrate=alloy)

[5710/9762] reaction_id=5710: Ag2Al2-111-O2-CH3 -> Ag2Al2-111-O2-CH3OH (substrate=alloy)

[5711/9762] reaction_id=5711: Ag2Au2-111-O1-CH3 -> Ag2Au2-111-O1-CH3OH (substrate=alloy)

[5712/9762] reaction_id=5712: Ag2Au2-111-O2-CH3 -> Ag2Au2-111-O2-CH3OH (substrate=alloy)

[5713/9762] reaction_id=5713: Ag2Bi2-111-O1-CH3 -> Ag2Bi2-111-O1-CH3OH (substrate=alloy)

[5714/9762] reaction_id=5714: Ag2Bi2-111-O2-CH3 -> Ag2Bi2-111-O2-CH3OH (substrate=alloy)

[5715/9762] reaction_id=5715: Ag2Cd2-111-O1-CH3 -> Ag2Cd2-111-O1-CH3OH (substrate=alloy)

[5716/9762] reaction_id=5716: Ag2Cd2-111-O2-CH3 -> Ag2Cd2-111-O2-CH3OH (substrate=alloy)

[5717/9762] reaction_id=5717: Ag2Co2-111-O1-CH3 -> Ag2Co2-111-O1-CH3OH (substrate=alloy)

[5718/9762] reaction_id=5718: Ag2Co2-111-O2-CH3 -> Ag2Co2-111-O2-CH3OH (substrate=alloy)

[5719/9762] reaction_id=5719: Ag2Cr2-111-O1-CH3 -> Ag2Cr2-111-O1-CH3OH (substrate=alloy)

[5720/9762] reaction_id=5720: Ag2Cr2-111-O2-CH3 -> Ag2Cr2-111-O2-CH3OH (substrate=alloy)

[5721/9762] reaction_id=5721: Ag2Cu2-111-O1-CH3 -> Ag2Cu2-111-O1-CH3OH (substrate=alloy)

[5722/9762] reaction_id=5722: Ag2Cu2-111-O2-CH3 -> Ag2Cu2-111-O2-CH3OH (substrate=alloy)

[5723/9762] reaction_id=5723: Ag2Fe2-111-O1-CH3 -> Ag2Fe2-111-O1-CH3OH (substrate=alloy)

[5724/9762] reaction_id=5724: Ag2Fe2-111-O2-CH3 -> Ag2Fe2-111-O2-CH3OH (substrate=alloy)

[5725/9762] reaction_id=5725: Ag2Ga2-111-O1-CH3 -> Ag2Ga2-111-O1-CH3OH (substrate=alloy)

[5726/9762] reaction_id=5726: Ag2Ga2-111-O2-CH3 -> Ag2Ga2-111-O2-CH3OH (substrate=alloy)

[5727/9762] reaction_id=5727: Ag2Hf2-111-O1-CH3 -> Ag2Hf2-111-O1-CH3OH (substrate=alloy)

[5728/9762] reaction_id=5728: Ag2Hf2-111-O2-CH3 -> Ag2Hf2-111-O2-CH3OH (substrate=alloy)

[5729/9762] reaction_id=5729: Ag2In2-111-O1-CH3 -> Ag2In2-111-O1-CH3OH (substrate=alloy)

[5730/9762] reaction_id=5730: Ag2In2-111-O2-CH3 -> Ag2In2-111-O2-CH3OH (substrate=alloy)

[5731/9762] reaction_id=5731: Ag2Ir2-111-O1-CH3 -> Ag2Ir2-111-O1-CH3OH (substrate=alloy)

[5732/9762] reaction_id=5732: Ag2Ir2-111-O2-CH3 -> Ag2Ir2-111-O2-CH3OH (substrate=alloy)

[5733/9762] reaction_id=5733: Ag2Mn2-111-O1-CH3 -> Ag2Mn2-111-O1-CH3OH (substrate=alloy)

[5734/9762] reaction_id=5734: Ag2Mn2-111-O2-CH3 -> Ag2Mn2-111-O2-CH3OH (substrate=alloy)

[5735/9762] reaction_id=5735: Ag2Mo2-111-O1-CH3 -> Ag2Mo2-111-O1-CH3OH (substrate=alloy)

[5736/9762] reaction_id=5736: Ag2Mo2-111-O2-CH3 -> Ag2Mo2-111-O2-CH3OH (substrate=alloy)

[5737/9762] reaction_id=5737: Ag2Nb2-111-O1-CH3 -> Ag2Nb2-111-O1-CH3OH (substrate=alloy)

[5738/9762] reaction_id=5738: Ag2Nb2-111-O2-CH3 -> Ag2Nb2-111-O2-CH3OH (substrate=alloy)

[5739/9762] reaction_id=5739: Ag2Ni2-111-O1-CH3 -> Ag2Ni2-111-O1-CH3OH (substrate=alloy)

[5740/9762] reaction_id=5740: Ag2Ni2-111-O2-CH3 -> Ag2Ni2-111-O2-CH3OH (substrate=alloy)

[5741/9762] reaction_id=5741: Ag2Os2-111-O1-CH3 -> Ag2Os2-111-O1-CH3OH (substrate=alloy)

[5742/9762] reaction_id=5742: Ag2Os2-111-O2-CH3 -> Ag2Os2-111-O2-CH3OH (substrate=alloy)

[5743/9762] reaction_id=5743: Ag2Pb2-111-O1-CH3 -> Ag2Pb2-111-O1-CH3OH (substrate=alloy)

[5744/9762] reaction_id=5744: Ag2Pb2-111-O2-CH3 -> Ag2Pb2-111-O2-CH3OH (substrate=alloy)

[5745/9762] reaction_id=5745: Ag2Pd2-111-O1-CH3 -> Ag2Pd2-111-O1-CH3OH (substrate=alloy)

[5746/9762] reaction_id=5746: Ag2Pd2-111-O2-CH3 -> Ag2Pd2-111-O2-CH3OH (substrate=alloy)

[5747/9762] reaction_id=5747: Ag2Pt2-111-O1-CH3 -> Ag2Pt2-111-O1-CH3OH (substrate=alloy)

[5748/9762] reaction_id=5748: Ag2Pt2-111-O2-CH3 -> Ag2Pt2-111-O2-CH3OH (substrate=alloy)

[5749/9762] reaction_id=5749: Ag2Re2-111-O1-CH3 -> Ag2Re2-111-O1-CH3OH (substrate=alloy)

[5750/9762] reaction_id=5750: Ag2Re2-111-O2-CH3 -> Ag2Re2-111-O2-CH3OH (substrate=alloy)

[5751/9762] reaction_id=5751: Ag2Rh2-111-O1-CH3 -> Ag2Rh2-111-O1-CH3OH (substrate=alloy)

[5752/9762] reaction_id=5752: Ag2Rh2-111-O2-CH3 -> Ag2Rh2-111-O2-CH3OH (substrate=alloy)

[5753/9762] reaction_id=5753: Ag2Ru2-111-O1-CH3 -> Ag2Ru2-111-O1-CH3OH (substrate=alloy)

[5754/9762] reaction_id=5754: Ag2Ru2-111-O2-CH3 -> Ag2Ru2-111-O2-CH3OH (substrate=alloy)

[5755/9762] reaction_id=5755: Ag2Sc2-111-O1-CH3 -> Ag2Sc2-111-O1-CH3OH (substrate=alloy)

[5756/9762] reaction_id=5756: Ag2Sc2-111-O2-CH3 -> Ag2Sc2-111-O2-CH3OH (substrate=alloy)

[5757/9762] reaction_id=5757: Ag2Sn2-111-O1-CH3 -> Ag2Sn2-111-O1-CH3OH (substrate=alloy)

[5758/9762] reaction_id=5758: Ag2Sn2-111-O2-CH3 -> Ag2Sn2-111-O2-CH3OH (substrate=alloy)

[5759/9762] reaction_id=5759: Ag2Ta2-111-O1-CH3 -> Ag2Ta2-111-O1-CH3OH (substrate=alloy)

[5760/9762] reaction_id=5760: Ag2Ta2-111-O2-CH3 -> Ag2Ta2-111-O2-CH3OH (substrate=alloy)

[5761/9762] reaction_id=5761: Ag2Tc2-111-O1-CH3 -> Ag2Tc2-111-O1-CH3OH (substrate=alloy)

[5762/9762] reaction_id=5762: Ag2Tc2-111-O2-CH3 -> Ag2Tc2-111-O2-CH3OH (substrate=alloy)

[5763/9762] reaction_id=5763: Ag2Ti2-111-O1-CH3 -> Ag2Ti2-111-O1-CH3OH (substrate=alloy)

[5764/9762] reaction_id=5764: Ag2Ti2-111-O2-CH3 -> Ag2Ti2-111-O2-CH3OH (substrate=alloy)

[5765/9762] reaction_id=5765: Ag2Tl2-111-O1-CH3 -> Ag2Tl2-111-O1-CH3OH (substrate=alloy)

[5766/9762] reaction_id=5766: Ag2Tl2-111-O2-CH3 -> Ag2Tl2-111-O2-CH3OH (substrate=alloy)

[5767/9762] reaction_id=5767: Ag2V2-111-O1-CH3 -> Ag2V2-111-O1-CH3OH (substrate=alloy)

[5768/9762] reaction_id=5768: Ag2V2-111-O2-CH3 -> Ag2V2-111-O2-CH3OH (substrate=alloy)

[5769/9762] reaction_id=5769: Ag2W2-111-O1-CH3 -> Ag2W2-111-O1-CH3OH (substrate=alloy)

[5770/9762] reaction_id=5770: Ag2W2-111-O2-CH3 -> Ag2W2-111-O2-CH3OH (substrate=alloy)

[5771/9762] reaction_id=5771: Ag2Y2-111-O1-CH3 -> Ag2Y2-111-O1-CH3OH (substrate=alloy)

[5772/9762] reaction_id=5772: Ag2Zn2-111-O1-CH3 -> Ag2Zn2-111-O1-CH3OH (substrate=alloy)

[5773/9762] reaction_id=5773: Ag2Zn2-111-O2-CH3 -> Ag2Zn2-111-O2-CH3OH (substrate=alloy)

[5774/9762] reaction_id=5774: Ag2Zr2-111-O1-CH3 -> Ag2Zr2-111-O1-CH3OH (substrate=alloy)

[5775/9762] reaction_id=5775: Ag2Zr2-111-O2-CH3 -> Ag2Zr2-111-O2-CH3OH (substrate=alloy)

[5776/9762] reaction_id=5776: Ag3Al-111-O1-CH3 -> Ag3Al-111-O1-CH3OH (substrate=alloy)

[5777/9762] reaction_id=5777: Ag3Al-111-O2-CH3 -> Ag3Al-111-O2-CH3OH (substrate=alloy)

[5778/9762] reaction_id=5778: Ag3Au-111-O1-CH3 -> Ag3Au-111-O1-CH3OH (substrate=alloy)

[5779/9762] reaction_id=5779: Ag3Au-111-O2-CH3 -> Ag3Au-111-O2-CH3OH (substrate=alloy)

[5780/9762] reaction_id=5780: Ag3Bi-111-O2-CH3 -> Ag3Bi-111-O2-CH3OH (substrate=alloy)

[5781/9762] reaction_id=5781: Ag3Co-111-O1-CH3 -> Ag3Co-111-O1-CH3OH (substrate=alloy)

[5782/9762] reaction_id=5782: Ag3Co-111-O2-CH3 -> Ag3Co-111-O2-CH3OH (substrate=alloy)

[5783/9762] reaction_id=5783: Ag3Cr-111-O1-CH3 -> Ag3Cr-111-O1-CH3OH (substrate=alloy)

[5784/9762] reaction_id=5784: Ag3Cr-111-O2-CH3 -> Ag3Cr-111-O2-CH3OH (substrate=alloy)

[5785/9762] reaction_id=5785: Ag3Cu-111-O1-CH3 -> Ag3Cu-111-O1-CH3OH (substrate=alloy)

[5786/9762] reaction_id=5786: Ag3Cu-111-O2-CH3 -> Ag3Cu-111-O2-CH3OH (substrate=alloy)

[5787/9762] reaction_id=5787: Ag3Fe-111-O1-CH3 -> Ag3Fe-111-O1-CH3OH (substrate=alloy)

[5788/9762] reaction_id=5788: Ag3Fe-111-O2-CH3 -> Ag3Fe-111-O2-CH3OH (substrate=alloy)

[5789/9762] reaction_id=5789: Ag3Ga-111-O1-CH3 -> Ag3Ga-111-O1-CH3OH (substrate=alloy)

[5790/9762] reaction_id=5790: Ag3Ga-111-O2-CH3 -> Ag3Ga-111-O2-CH3OH (substrate=alloy)

[5791/9762] reaction_id=5791: Ag3Hf-111-O1-CH3 -> Ag3Hf-111-O1-CH3OH (substrate=alloy)

[5792/9762] reaction_id=5792: Ag3Hf-111-O2-CH3 -> Ag3Hf-111-O2-CH3OH (substrate=alloy)

[5793/9762] reaction_id=5793: Ag3Ir-111-O1-CH3 -> Ag3Ir-111-O1-CH3OH (substrate=alloy)

[5794/9762] reaction_id=5794: Ag3Ir-111-O2-CH3 -> Ag3Ir-111-O2-CH3OH (substrate=alloy)

[5795/9762] reaction_id=5795: Ag3Mo-111-O1-CH3 -> Ag3Mo-111-O1-CH3OH (substrate=alloy)

[5796/9762] reaction_id=5796: Ag3Mo-111-O2-CH3 -> Ag3Mo-111-O2-CH3OH (substrate=alloy)

[5797/9762] reaction_id=5797: Ag3Nb-111-O1-CH3 -> Ag3Nb-111-O1-CH3OH (substrate=alloy)

[5798/9762] reaction_id=5798: Ag3Nb-111-O2-CH3 -> Ag3Nb-111-O2-CH3OH (substrate=alloy)

[5799/9762] reaction_id=5799: Ag3Ni-111-O1-CH3 -> Ag3Ni-111-O1-CH3OH (substrate=alloy)

[5800/9762] reaction_id=5800: Ag3Ni-111-O2-CH3 -> Ag3Ni-111-O2-CH3OH (substrate=alloy)

[5801/9762] reaction_id=5801: Ag3Os-111-O1-CH3 -> Ag3Os-111-O1-CH3OH (substrate=alloy)

[5802/9762] reaction_id=5802: Ag3Os-111-O2-CH3 -> Ag3Os-111-O2-CH3OH (substrate=alloy)

[5803/9762] reaction_id=5803: Ag3Pb-111-O1-CH3 -> Ag3Pb-111-O1-CH3OH (substrate=alloy)

[5804/9762] reaction_id=5804: Ag3Pd-111-O1-CH3 -> Ag3Pd-111-O1-CH3OH (substrate=alloy)

[5805/9762] reaction_id=5805: Ag3Pd-111-O2-CH3 -> Ag3Pd-111-O2-CH3OH (substrate=alloy)

[5806/9762] reaction_id=5806: Ag3Pt-111-O1-CH3 -> Ag3Pt-111-O1-CH3OH (substrate=alloy)

[5807/9762] reaction_id=5807: Ag3Pt-111-O2-CH3 -> Ag3Pt-111-O2-CH3OH (substrate=alloy)

[5808/9762] reaction_id=5808: Ag3Re-111-O1-CH3 -> Ag3Re-111-O1-CH3OH (substrate=alloy)

[5809/9762] reaction_id=5809: Ag3Re-111-O2-CH3 -> Ag3Re-111-O2-CH3OH (substrate=alloy)

[5810/9762] reaction_id=5810: Ag3Rh-111-O1-CH3 -> Ag3Rh-111-O1-CH3OH (substrate=alloy)

[5811/9762] reaction_id=5811: Ag3Rh-111-O2-CH3 -> Ag3Rh-111-O2-CH3OH (substrate=alloy)

[5812/9762] reaction_id=5812: Ag3Ru-111-O1-CH3 -> Ag3Ru-111-O1-CH3OH (substrate=alloy)

[5813/9762] reaction_id=5813: Ag3Ru-111-O2-CH3 -> Ag3Ru-111-O2-CH3OH (substrate=alloy)

[5814/9762] reaction_id=5814: Ag3Sc-111-O1-CH3 -> Ag3Sc-111-O1-CH3OH (substrate=alloy)

[5815/9762] reaction_id=5815: Ag3Sc-111-O2-CH3 -> Ag3Sc-111-O2-CH3OH (substrate=alloy)

[5816/9762] reaction_id=5816: Ag3Sn-111-O1-CH3 -> Ag3Sn-111-O1-CH3OH (substrate=alloy)

[5817/9762] reaction_id=5817: Ag3Sn-111-O2-CH3 -> Ag3Sn-111-O2-CH3OH (substrate=alloy)

[5818/9762] reaction_id=5818: Ag3Ta-111-O1-CH3 -> Ag3Ta-111-O1-CH3OH (substrate=alloy)

[5819/9762] reaction_id=5819: Ag3Ta-111-O2-CH3 -> Ag3Ta-111-O2-CH3OH (substrate=alloy)

[5820/9762] reaction_id=5820: Ag3Tc-111-O1-CH3 -> Ag3Tc-111-O1-CH3OH (substrate=alloy)

[5821/9762] reaction_id=5821: Ag3Tc-111-O2-CH3 -> Ag3Tc-111-O2-CH3OH (substrate=alloy)

[5822/9762] reaction_id=5822: Ag3Ti-111-O1-CH3 -> Ag3Ti-111-O1-CH3OH (substrate=alloy)

[5823/9762] reaction_id=5823: Ag3Ti-111-O2-CH3 -> Ag3Ti-111-O2-CH3OH (substrate=alloy)

[5824/9762] reaction_id=5824: Ag3Tl-111-O2-CH3 -> Ag3Tl-111-O2-CH3OH (substrate=alloy)

[5825/9762] reaction_id=5825: Ag3V-111-O1-CH3 -> Ag3V-111-O1-CH3OH (substrate=alloy)

[5826/9762] reaction_id=5826: Ag3V-111-O2-CH3 -> Ag3V-111-O2-CH3OH (substrate=alloy)

[5827/9762] reaction_id=5827: Ag3W-111-O1-CH3 -> Ag3W-111-O1-CH3OH (substrate=alloy)

[5828/9762] reaction_id=5828: Ag3W-111-O2-CH3 -> Ag3W-111-O2-CH3OH (substrate=alloy)

[5829/9762] reaction_id=5829: Ag3Y-111-O2-CH3 -> Ag3Y-111-O2-CH3OH (substrate=alloy)

[5830/9762] reaction_id=5830: Ag3Zn-111-O1-CH3 -> Ag3Zn-111-O1-CH3OH (substrate=alloy)

[5831/9762] reaction_id=5831: Ag3Zn-111-O2-CH3 -> Ag3Zn-111-O2-CH3OH (substrate=alloy)

[5832/9762] reaction_id=5832: Ag3Zr-111-O1-CH3 -> Ag3Zr-111-O1-CH3OH (substrate=alloy)

[5833/9762] reaction_id=5833: Ag3Zr-111-O2-CH3 -> Ag3Zr-111-O2-CH3OH (substrate=alloy)

[5834/9762] reaction_id=5834: AgAl3-111-O1-CH3 -> AgAl3-111-O1-CH3OH (substrate=alloy)

[5835/9762] reaction_id=5835: AgAl3-111-O2-CH3 -> AgAl3-111-O2-CH3OH (substrate=alloy)

[5836/9762] reaction_id=5836: AgAu3-111-O1-CH3 -> AgAu3-111-O1-CH3OH (substrate=alloy)

[5837/9762] reaction_id=5837: AgAu3-111-O2-CH3 -> AgAu3-111-O2-CH3OH (substrate=alloy)

[5838/9762] reaction_id=5838: AgBi3-111-O1-CH3 -> AgBi3-111-O1-CH3OH (substrate=alloy)

[5839/9762] reaction_id=5839: AgBi3-111-O2-CH3 -> AgBi3-111-O2-CH3OH (substrate=alloy)

[5840/9762] reaction_id=5840: AgCd3-111-O2-CH3 -> AgCd3-111-O2-CH3OH (substrate=alloy)

[5841/9762] reaction_id=5841: AgCo3-111-O1-CH3 -> AgCo3-111-O1-CH3OH (substrate=alloy)

[5842/9762] reaction_id=5842: AgCr3-111-O1-CH3 -> AgCr3-111-O1-CH3OH (substrate=alloy)

[5843/9762] reaction_id=5843: AgCr3-111-O2-CH3 -> AgCr3-111-O2-CH3OH (substrate=alloy)

[5844/9762] reaction_id=5844: AgCu3-111-O1-CH3 -> AgCu3-111-O1-CH3OH (substrate=alloy)

[5845/9762] reaction_id=5845: AgCu3-111-O2-CH3 -> AgCu3-111-O2-CH3OH (substrate=alloy)

[5846/9762] reaction_id=5846: AgFe3-111-O1-CH3 -> AgFe3-111-O1-CH3OH (substrate=alloy)

[5847/9762] reaction_id=5847: AgFe3-111-O2-CH3 -> AgFe3-111-O2-CH3OH (substrate=alloy)

[5848/9762] reaction_id=5848: AgGa3-111-O1-CH3 -> AgGa3-111-O1-CH3OH (substrate=alloy)

[5849/9762] reaction_id=5849: AgGa3-111-O2-CH3 -> AgGa3-111-O2-CH3OH (substrate=alloy)

[5850/9762] reaction_id=5850: AgHf3-111-O1-CH3 -> AgHf3-111-O1-CH3OH (substrate=alloy)

[5851/9762] reaction_id=5851: AgHf3-111-O2-CH3 -> AgHf3-111-O2-CH3OH (substrate=alloy)

[5852/9762] reaction_id=5852: AgIn3-111-O1-CH3 -> AgIn3-111-O1-CH3OH (substrate=alloy)

[5853/9762] reaction_id=5853: AgIn3-111-O2-CH3 -> AgIn3-111-O2-CH3OH (substrate=alloy)

[5854/9762] reaction_id=5854: AgIr3-111-O1-CH3 -> AgIr3-111-O1-CH3OH (substrate=alloy)

[5855/9762] reaction_id=5855: AgIr3-111-O2-CH3 -> AgIr3-111-O2-CH3OH (substrate=alloy)

[5856/9762] reaction_id=5856: AgMo3-111-O1-CH3 -> AgMo3-111-O1-CH3OH (substrate=alloy)

[5857/9762] reaction_id=5857: AgNb3-111-O1-CH3 -> AgNb3-111-O1-CH3OH (substrate=alloy)

[5858/9762] reaction_id=5858: AgNb3-111-O2-CH3 -> AgNb3-111-O2-CH3OH (substrate=alloy)

[5859/9762] reaction_id=5859: AgNi3-111-O1-CH3 -> AgNi3-111-O1-CH3OH (substrate=alloy)

[5860/9762] reaction_id=5860: AgOs3-111-O2-CH3 -> AgOs3-111-O2-CH3OH (substrate=alloy)

[5861/9762] reaction_id=5861: AgPb3-111-O1-CH3 -> AgPb3-111-O1-CH3OH (substrate=alloy)

[5862/9762] reaction_id=5862: AgPb3-111-O2-CH3 -> AgPb3-111-O2-CH3OH (substrate=alloy)

[5863/9762] reaction_id=5863: AgPd3-111-O2-CH3 -> AgPd3-111-O2-CH3OH (substrate=alloy)

[5864/9762] reaction_id=5864: AgPt3-111-O1-CH3 -> AgPt3-111-O1-CH3OH (substrate=alloy)

[5865/9762] reaction_id=5865: AgPt3-111-O2-CH3 -> AgPt3-111-O2-CH3OH (substrate=alloy)

[5866/9762] reaction_id=5866: AgRe3-111-O1-CH3 -> AgRe3-111-O1-CH3OH (substrate=alloy)

[5867/9762] reaction_id=5867: AgRh3-111-O1-CH3 -> AgRh3-111-O1-CH3OH (substrate=alloy)

[5868/9762] reaction_id=5868: AgRh3-111-O2-CH3 -> AgRh3-111-O2-CH3OH (substrate=alloy)

[5869/9762] reaction_id=5869: AgRu3-111-O1-CH3 -> AgRu3-111-O1-CH3OH (substrate=alloy)

[5870/9762] reaction_id=5870: AgSc3-111-O1-CH3 -> AgSc3-111-O1-CH3OH (substrate=alloy)

[5871/9762] reaction_id=5871: AgSc3-111-O2-CH3 -> AgSc3-111-O2-CH3OH (substrate=alloy)

[5872/9762] reaction_id=5872: AgSn3-111-O1-CH3 -> AgSn3-111-O1-CH3OH (substrate=alloy)

[5873/9762] reaction_id=5873: AgSn3-111-O2-CH3 -> AgSn3-111-O2-CH3OH (substrate=alloy)

[5874/9762] reaction_id=5874: AgTa3-111-O1-CH3 -> AgTa3-111-O1-CH3OH (substrate=alloy)

[5875/9762] reaction_id=5875: AgTc3-111-O1-CH3 -> AgTc3-111-O1-CH3OH (substrate=alloy)

[5876/9762] reaction_id=5876: AgTi3-111-O1-CH3 -> AgTi3-111-O1-CH3OH (substrate=alloy)

[5877/9762] reaction_id=5877: AgTi3-111-O2-CH3 -> AgTi3-111-O2-CH3OH (substrate=alloy)

[5878/9762] reaction_id=5878: AgTl3-111-O1-CH3 -> AgTl3-111-O1-CH3OH (substrate=alloy)

[5879/9762] reaction_id=5879: AgTl3-111-O2-CH3 -> AgTl3-111-O2-CH3OH (substrate=alloy)

[5880/9762] reaction_id=5880: AgV3-111-O1-CH3 -> AgV3-111-O1-CH3OH (substrate=alloy)

[5881/9762] reaction_id=5881: AgV3-111-O2-CH3 -> AgV3-111-O2-CH3OH (substrate=alloy)

[5882/9762] reaction_id=5882: AgW3-111-O1-CH3 -> AgW3-111-O1-CH3OH (substrate=alloy)

[5883/9762] reaction_id=5883: AgY3-111-O1-CH3 -> AgY3-111-O1-CH3OH (substrate=alloy)

[5884/9762] reaction_id=5884: AgY3-111-O2-CH3 -> AgY3-111-O2-CH3OH (substrate=alloy)

[5885/9762] reaction_id=5885: AgZn3-111-O1-CH3 -> AgZn3-111-O1-CH3OH (substrate=alloy)

[5886/9762] reaction_id=5886: AgZn3-111-O2-CH3 -> AgZn3-111-O2-CH3OH (substrate=alloy)

[5887/9762] reaction_id=5887: AgZr3-111-O1-CH3 -> AgZr3-111-O1-CH3OH (substrate=alloy)

[5888/9762] reaction_id=5888: AgZr3-111-O2-CH3 -> AgZr3-111-O2-CH3OH (substrate=alloy)

[5889/9762] reaction_id=5889: Al2Au2-111-O1-CH3 -> Al2Au2-111-O1-CH3OH (substrate=alloy)

[5890/9762] reaction_id=5890: Al2Au2-111-O2-CH3 -> Al2Au2-111-O2-CH3OH (substrate=alloy)

[5891/9762] reaction_id=5891: Al2Bi2-111-O1-CH3 -> Al2Bi2-111-O1-CH3OH (substrate=alloy)

[5892/9762] reaction_id=5892: Al2Bi2-111-O2-CH3 -> Al2Bi2-111-O2-CH3OH (substrate=alloy)

[5893/9762] reaction_id=5893: Al2Cd2-111-O1-CH3 -> Al2Cd2-111-O1-CH3OH (substrate=alloy)

[5894/9762] reaction_id=5894: Al2Cd2-111-O2-CH3 -> Al2Cd2-111-O2-CH3OH (substrate=alloy)

[5895/9762] reaction_id=5895: Al2Co2-111-O1-CH3 -> Al2Co2-111-O1-CH3OH (substrate=alloy)

[5896/9762] reaction_id=5896: Al2Cr2-111-O1-CH3 -> Al2Cr2-111-O1-CH3OH (substrate=alloy)

[5897/9762] reaction_id=5897: Al2Cr2-111-O2-CH3 -> Al2Cr2-111-O2-CH3OH (substrate=alloy)

[5898/9762] reaction_id=5898: Al2Cu2-111-O1-CH3 -> Al2Cu2-111-O1-CH3OH (substrate=alloy)

[5899/9762] reaction_id=5899: Al2Cu2-111-O2-CH3 -> Al2Cu2-111-O2-CH3OH (substrate=alloy)

[5900/9762] reaction_id=5900: Al2Fe2-111-O1-CH3 -> Al2Fe2-111-O1-CH3OH (substrate=alloy)

[5901/9762] reaction_id=5901: Al2Fe2-111-O2-CH3 -> Al2Fe2-111-O2-CH3OH (substrate=alloy)

[5902/9762] reaction_id=5902: Al2Ga2-111-O2-CH3 -> Al2Ga2-111-O2-CH3OH (substrate=alloy)

[5903/9762] reaction_id=5903: Al2Hf2-111-O1-CH3 -> Al2Hf2-111-O1-CH3OH (substrate=alloy)

[5904/9762] reaction_id=5904: Al2Hf2-111-O2-CH3 -> Al2Hf2-111-O2-CH3OH (substrate=alloy)

[5905/9762] reaction_id=5905: Al2In2-111-O1-CH3 -> Al2In2-111-O1-CH3OH (substrate=alloy)

[5906/9762] reaction_id=5906: Al2In2-111-O2-CH3 -> Al2In2-111-O2-CH3OH (substrate=alloy)

[5907/9762] reaction_id=5907: Al2Ir2-111-O1-CH3 -> Al2Ir2-111-O1-CH3OH (substrate=alloy)

[5908/9762] reaction_id=5908: Al2Mn2-111-O1-CH3 -> Al2Mn2-111-O1-CH3OH (substrate=alloy)

[5909/9762] reaction_id=5909: Al2Mo2-111-O1-CH3 -> Al2Mo2-111-O1-CH3OH (substrate=alloy)

[5910/9762] reaction_id=5910: Al2Mo2-111-O2-CH3 -> Al2Mo2-111-O2-CH3OH (substrate=alloy)

[5911/9762] reaction_id=5911: Al2Nb2-111-O1-CH3 -> Al2Nb2-111-O1-CH3OH (substrate=alloy)

[5912/9762] reaction_id=5912: Al2Nb2-111-O2-CH3 -> Al2Nb2-111-O2-CH3OH (substrate=alloy)

[5913/9762] reaction_id=5913: Al2Ni2-111-O1-CH3 -> Al2Ni2-111-O1-CH3OH (substrate=alloy)

[5914/9762] reaction_id=5914: Al2Ni2-111-O2-CH3 -> Al2Ni2-111-O2-CH3OH (substrate=alloy)

[5915/9762] reaction_id=5915: Al2Os2-111-O1-CH3 -> Al2Os2-111-O1-CH3OH (substrate=alloy)

[5916/9762] reaction_id=5916: Al2Os2-111-O2-CH3 -> Al2Os2-111-O2-CH3OH (substrate=alloy)

[5917/9762] reaction_id=5917: Al2Pb2-111-O1-CH3 -> Al2Pb2-111-O1-CH3OH (substrate=alloy)

[5918/9762] reaction_id=5918: Al2Pb2-111-O2-CH3 -> Al2Pb2-111-O2-CH3OH (substrate=alloy)

[5919/9762] reaction_id=5919: Al2Pd2-111-O1-CH3 -> Al2Pd2-111-O1-CH3OH (substrate=alloy)

[5920/9762] reaction_id=5920: Al2Pt2-111-O1-CH3 -> Al2Pt2-111-O1-CH3OH (substrate=alloy)

[5921/9762] reaction_id=5921: Al2Re2-111-O2-CH3 -> Al2Re2-111-O2-CH3OH (substrate=alloy)

[5922/9762] reaction_id=5922: Al2Rh2-111-O2-CH3 -> Al2Rh2-111-O2-CH3OH (substrate=alloy)

[5923/9762] reaction_id=5923: Al2Ru2-111-O1-CH3 -> Al2Ru2-111-O1-CH3OH (substrate=alloy)

[5924/9762] reaction_id=5924: Al2Sc2-111-O1-CH3 -> Al2Sc2-111-O1-CH3OH (substrate=alloy)

[5925/9762] reaction_id=5925: Al2Sc2-111-O2-CH3 -> Al2Sc2-111-O2-CH3OH (substrate=alloy)

[5926/9762] reaction_id=5926: Al2Sn2-111-O1-CH3 -> Al2Sn2-111-O1-CH3OH (substrate=alloy)

[5927/9762] reaction_id=5927: Al2Sn2-111-O2-CH3 -> Al2Sn2-111-O2-CH3OH (substrate=alloy)

[5928/9762] reaction_id=5928: Al2Ta2-111-O1-CH3 -> Al2Ta2-111-O1-CH3OH (substrate=alloy)

[5929/9762] reaction_id=5929: Al2Ta2-111-O2-CH3 -> Al2Ta2-111-O2-CH3OH (substrate=alloy)

[5930/9762] reaction_id=5930: Al2Tc2-111-O2-CH3 -> Al2Tc2-111-O2-CH3OH (substrate=alloy)

[5931/9762] reaction_id=5931: Al2Ti2-111-O1-CH3 -> Al2Ti2-111-O1-CH3OH (substrate=alloy)

[5932/9762] reaction_id=5932: Al2Ti2-111-O2-CH3 -> Al2Ti2-111-O2-CH3OH (substrate=alloy)

[5933/9762] reaction_id=5933: Al2Tl2-111-O1-CH3 -> Al2Tl2-111-O1-CH3OH (substrate=alloy)

[5934/9762] reaction_id=5934: Al2Tl2-111-O2-CH3 -> Al2Tl2-111-O2-CH3OH (substrate=alloy)

[5935/9762] reaction_id=5935: Al2V2-111-O1-CH3 -> Al2V2-111-O1-CH3OH (substrate=alloy)

[5936/9762] reaction_id=5936: Al2W2-111-O1-CH3 -> Al2W2-111-O1-CH3OH (substrate=alloy)

[5937/9762] reaction_id=5937: Al2W2-111-O2-CH3 -> Al2W2-111-O2-CH3OH (substrate=alloy)

[5938/9762] reaction_id=5938: Al2Y2-111-O1-CH3 -> Al2Y2-111-O1-CH3OH (substrate=alloy)

[5939/9762] reaction_id=5939: Al2Y2-111-O2-CH3 -> Al2Y2-111-O2-CH3OH (substrate=alloy)

[5940/9762] reaction_id=5940: Al2Zn2-111-O1-CH3 -> Al2Zn2-111-O1-CH3OH (substrate=alloy)

[5941/9762] reaction_id=5941: Al2Zr2-111-O1-CH3 -> Al2Zr2-111-O1-CH3OH (substrate=alloy)

[5942/9762] reaction_id=5942: Al2Zr2-111-O2-CH3 -> Al2Zr2-111-O2-CH3OH (substrate=alloy)

[5943/9762] reaction_id=5943: Al3Au-111-O1-CH3 -> Al3Au-111-O1-CH3OH (substrate=alloy)

[5944/9762] reaction_id=5944: Al3Au-111-O2-CH3 -> Al3Au-111-O2-CH3OH (substrate=alloy)

[5945/9762] reaction_id=5945: Al3Bi-111-O1-CH3 -> Al3Bi-111-O1-CH3OH (substrate=alloy)

[5946/9762] reaction_id=5946: Al3Bi-111-O2-CH3 -> Al3Bi-111-O2-CH3OH (substrate=alloy)

[5947/9762] reaction_id=5947: Al3Cd-111-O1-CH3 -> Al3Cd-111-O1-CH3OH (substrate=alloy)

[5948/9762] reaction_id=5948: Al3Cd-111-O2-CH3 -> Al3Cd-111-O2-CH3OH (substrate=alloy)

[5949/9762] reaction_id=5949: Al3Co-111-O1-CH3 -> Al3Co-111-O1-CH3OH (substrate=alloy)

[5950/9762] reaction_id=5950: Al3Cr-111-O1-CH3 -> Al3Cr-111-O1-CH3OH (substrate=alloy)

[5951/9762] reaction_id=5951: Al3Cu-111-O1-CH3 -> Al3Cu-111-O1-CH3OH (substrate=alloy)

[5952/9762] reaction_id=5952: Al3Cu-111-O2-CH3 -> Al3Cu-111-O2-CH3OH (substrate=alloy)

[5953/9762] reaction_id=5953: Al3Fe-111-O1-CH3 -> Al3Fe-111-O1-CH3OH (substrate=alloy)

[5954/9762] reaction_id=5954: Al3Ga-111-O1-CH3 -> Al3Ga-111-O1-CH3OH (substrate=alloy)

[5955/9762] reaction_id=5955: Al3Ga-111-O2-CH3 -> Al3Ga-111-O2-CH3OH (substrate=alloy)

[5956/9762] reaction_id=5956: Al3Hf-111-O1-CH3 -> Al3Hf-111-O1-CH3OH (substrate=alloy)

[5957/9762] reaction_id=5957: Al3In-111-O1-CH3 -> Al3In-111-O1-CH3OH (substrate=alloy)

[5958/9762] reaction_id=5958: Al3In-111-O2-CH3 -> Al3In-111-O2-CH3OH (substrate=alloy)

[5959/9762] reaction_id=5959: Al3Ir-111-O1-CH3 -> Al3Ir-111-O1-CH3OH (substrate=alloy)

[5960/9762] reaction_id=5960: Al3Mn-111-O1-CH3 -> Al3Mn-111-O1-CH3OH (substrate=alloy)

[5961/9762] reaction_id=5961: Al3Mo-111-O1-CH3 -> Al3Mo-111-O1-CH3OH (substrate=alloy)

[5962/9762] reaction_id=5962: Al3Mo-111-O2-CH3 -> Al3Mo-111-O2-CH3OH (substrate=alloy)

[5963/9762] reaction_id=5963: Al3Nb-111-O1-CH3 -> Al3Nb-111-O1-CH3OH (substrate=alloy)

[5964/9762] reaction_id=5964: Al3Ni-111-O1-CH3 -> Al3Ni-111-O1-CH3OH (substrate=alloy)

[5965/9762] reaction_id=5965: Al3Ni-111-O2-CH3 -> Al3Ni-111-O2-CH3OH (substrate=alloy)

[5966/9762] reaction_id=5966: Al3Os-111-O2-CH3 -> Al3Os-111-O2-CH3OH (substrate=alloy)

[5967/9762] reaction_id=5967: Al3Pb-111-O1-CH3 -> Al3Pb-111-O1-CH3OH (substrate=alloy)

[5968/9762] reaction_id=5968: Al3Pb-111-O2-CH3 -> Al3Pb-111-O2-CH3OH (substrate=alloy)

[5969/9762] reaction_id=5969: Al3Pd-111-O2-CH3 -> Al3Pd-111-O2-CH3OH (substrate=alloy)

[5970/9762] reaction_id=5970: Al3Pt-111-O1-CH3 -> Al3Pt-111-O1-CH3OH (substrate=alloy)

[5971/9762] reaction_id=5971: Al3Pt-111-O2-CH3 -> Al3Pt-111-O2-CH3OH (substrate=alloy)

[5972/9762] reaction_id=5972: Al3Re-111-O1-CH3 -> Al3Re-111-O1-CH3OH (substrate=alloy)

[5973/9762] reaction_id=5973: Al3Rh-111-O2-CH3 -> Al3Rh-111-O2-CH3OH (substrate=alloy)

[5974/9762] reaction_id=5974: Al3Ru-111-O2-CH3 -> Al3Ru-111-O2-CH3OH (substrate=alloy)

[5975/9762] reaction_id=5975: Al3Sc-111-O1-CH3 -> Al3Sc-111-O1-CH3OH (substrate=alloy)

[5976/9762] reaction_id=5976: Al3Sc-111-O2-CH3 -> Al3Sc-111-O2-CH3OH (substrate=alloy)

[5977/9762] reaction_id=5977: Al3Sn-111-O1-CH3 -> Al3Sn-111-O1-CH3OH (substrate=alloy)

[5978/9762] reaction_id=5978: Al3Sn-111-O2-CH3 -> Al3Sn-111-O2-CH3OH (substrate=alloy)

[5979/9762] reaction_id=5979: Al3Ta-111-O1-CH3 -> Al3Ta-111-O1-CH3OH (substrate=alloy)

[5980/9762] reaction_id=5980: Al3Ta-111-O2-CH3 -> Al3Ta-111-O2-CH3OH (substrate=alloy)

[5981/9762] reaction_id=5981: Al3Tc-111-O1-CH3 -> Al3Tc-111-O1-CH3OH (substrate=alloy)

[5982/9762] reaction_id=5982: Al3Ti-111-O2-CH3 -> Al3Ti-111-O2-CH3OH (substrate=alloy)

[5983/9762] reaction_id=5983: Al3Tl-111-O1-CH3 -> Al3Tl-111-O1-CH3OH (substrate=alloy)

[5984/9762] reaction_id=5984: Al3Tl-111-O2-CH3 -> Al3Tl-111-O2-CH3OH (substrate=alloy)

[5985/9762] reaction_id=5985: Al3V-111-O1-CH3 -> Al3V-111-O1-CH3OH (substrate=alloy)

[5986/9762] reaction_id=5986: Al3W-111-O1-CH3 -> Al3W-111-O1-CH3OH (substrate=alloy)

[5987/9762] reaction_id=5987: Al3Y-111-O1-CH3 -> Al3Y-111-O1-CH3OH (substrate=alloy)

[5988/9762] reaction_id=5988: Al3Zn-111-O1-CH3 -> Al3Zn-111-O1-CH3OH (substrate=alloy)

[5989/9762] reaction_id=5989: Al3Zr-111-O1-CH3 -> Al3Zr-111-O1-CH3OH (substrate=alloy)

[5990/9762] reaction_id=5990: Al3Zr-111-O2-CH3 -> Al3Zr-111-O2-CH3OH (substrate=alloy)

[5991/9762] reaction_id=5991: AlAu3-111-O1-CH3 -> AlAu3-111-O1-CH3OH (substrate=alloy)

[5992/9762] reaction_id=5992: AlAu3-111-O2-CH3 -> AlAu3-111-O2-CH3OH (substrate=alloy)

[5993/9762] reaction_id=5993: AlBi3-111-O1-CH3 -> AlBi3-111-O1-CH3OH (substrate=alloy)

[5994/9762] reaction_id=5994: AlBi3-111-O2-CH3 -> AlBi3-111-O2-CH3OH (substrate=alloy)

[5995/9762] reaction_id=5995: AlCd3-111-O1-CH3 -> AlCd3-111-O1-CH3OH (substrate=alloy)

[5996/9762] reaction_id=5996: AlCd3-111-O2-CH3 -> AlCd3-111-O2-CH3OH (substrate=alloy)

[5997/9762] reaction_id=5997: AlCo3-111-O2-CH3 -> AlCo3-111-O2-CH3OH (substrate=alloy)

[5998/9762] reaction_id=5998: AlCr3-111-O1-CH3 -> AlCr3-111-O1-CH3OH (substrate=alloy)

[5999/9762] reaction_id=5999: AlCr3-111-O2-CH3 -> AlCr3-111-O2-CH3OH (substrate=alloy)

[6000/9762] reaction_id=6000: AlCu3-111-O1-CH3 -> AlCu3-111-O1-CH3OH (substrate=alloy)

[6001/9762] reaction_id=6001: AlCu3-111-O2-CH3 -> AlCu3-111-O2-CH3OH (substrate=alloy)

[6002/9762] reaction_id=6002: AlFe3-111-O1-CH3 -> AlFe3-111-O1-CH3OH (substrate=alloy)

[6003/9762] reaction_id=6003: AlFe3-111-O2-CH3 -> AlFe3-111-O2-CH3OH (substrate=alloy)

[6004/9762] reaction_id=6004: AlGa3-111-O1-CH3 -> AlGa3-111-O1-CH3OH (substrate=alloy)

[6005/9762] reaction_id=6005: AlGa3-111-O2-CH3 -> AlGa3-111-O2-CH3OH (substrate=alloy)

[6006/9762] reaction_id=6006: AlHf3-111-O1-CH3 -> AlHf3-111-O1-CH3OH (substrate=alloy)

[6007/9762] reaction_id=6007: AlHf3-111-O2-CH3 -> AlHf3-111-O2-CH3OH (substrate=alloy)

[6008/9762] reaction_id=6008: AlIn3-111-O1-CH3 -> AlIn3-111-O1-CH3OH (substrate=alloy)

[6009/9762] reaction_id=6009: AlIn3-111-O2-CH3 -> AlIn3-111-O2-CH3OH (substrate=alloy)

[6010/9762] reaction_id=6010: AlIr3-111-O1-CH3 -> AlIr3-111-O1-CH3OH (substrate=alloy)

[6011/9762] reaction_id=6011: AlIr3-111-O2-CH3 -> AlIr3-111-O2-CH3OH (substrate=alloy)

[6012/9762] reaction_id=6012: AlMo3-111-O1-CH3 -> AlMo3-111-O1-CH3OH (substrate=alloy)

[6013/9762] reaction_id=6013: AlMo3-111-O2-CH3 -> AlMo3-111-O2-CH3OH (substrate=alloy)

[6014/9762] reaction_id=6014: AlNb3-111-O1-CH3 -> AlNb3-111-O1-CH3OH (substrate=alloy)

[6015/9762] reaction_id=6015: AlNb3-111-O2-CH3 -> AlNb3-111-O2-CH3OH (substrate=alloy)

[6016/9762] reaction_id=6016: AlNi3-111-O2-CH3 -> AlNi3-111-O2-CH3OH (substrate=alloy)

[6017/9762] reaction_id=6017: AlOs3-111-O1-CH3 -> AlOs3-111-O1-CH3OH (substrate=alloy)

[6018/9762] reaction_id=6018: AlOs3-111-O2-CH3 -> AlOs3-111-O2-CH3OH (substrate=alloy)

[6019/9762] reaction_id=6019: AlPb3-111-O1-CH3 -> AlPb3-111-O1-CH3OH (substrate=alloy)

[6020/9762] reaction_id=6020: AlPb3-111-O2-CH3 -> AlPb3-111-O2-CH3OH (substrate=alloy)

[6021/9762] reaction_id=6021: AlPd3-111-O2-CH3 -> AlPd3-111-O2-CH3OH (substrate=alloy)

[6022/9762] reaction_id=6022: AlPt3-111-O1-CH3 -> AlPt3-111-O1-CH3OH (substrate=alloy)

[6023/9762] reaction_id=6023: AlPt3-111-O2-CH3 -> AlPt3-111-O2-CH3OH (substrate=alloy)

[6024/9762] reaction_id=6024: AlRe3-111-O2-CH3 -> AlRe3-111-O2-CH3OH (substrate=alloy)

[6025/9762] reaction_id=6025: AlRh3-111-O2-CH3 -> AlRh3-111-O2-CH3OH (substrate=alloy)

[6026/9762] reaction_id=6026: AlRu3-111-O1-CH3 -> AlRu3-111-O1-CH3OH (substrate=alloy)

[6027/9762] reaction_id=6027: AlRu3-111-O2-CH3 -> AlRu3-111-O2-CH3OH (substrate=alloy)

[6028/9762] reaction_id=6028: AlSc3-111-O1-CH3 -> AlSc3-111-O1-CH3OH (substrate=alloy)

[6029/9762] reaction_id=6029: AlSc3-111-O2-CH3 -> AlSc3-111-O2-CH3OH (substrate=alloy)

[6030/9762] reaction_id=6030: AlSn3-111-O1-CH3 -> AlSn3-111-O1-CH3OH (substrate=alloy)

[6031/9762] reaction_id=6031: AlSn3-111-O2-CH3 -> AlSn3-111-O2-CH3OH (substrate=alloy)

[6032/9762] reaction_id=6032: AlTa3-111-O1-CH3 -> AlTa3-111-O1-CH3OH (substrate=alloy)

[6033/9762] reaction_id=6033: AlTc3-111-O2-CH3 -> AlTc3-111-O2-CH3OH (substrate=alloy)

[6034/9762] reaction_id=6034: AlTi3-111-O1-CH3 -> AlTi3-111-O1-CH3OH (substrate=alloy)

[6035/9762] reaction_id=6035: AlTi3-111-O2-CH3 -> AlTi3-111-O2-CH3OH (substrate=alloy)

[6036/9762] reaction_id=6036: AlTl3-111-O1-CH3 -> AlTl3-111-O1-CH3OH (substrate=alloy)

[6037/9762] reaction_id=6037: AlTl3-111-O2-CH3 -> AlTl3-111-O2-CH3OH (substrate=alloy)

[6038/9762] reaction_id=6038: AlV3-111-O2-CH3 -> AlV3-111-O2-CH3OH (substrate=alloy)

[6039/9762] reaction_id=6039: AlW3-111-O1-CH3 -> AlW3-111-O1-CH3OH (substrate=alloy)

[6040/9762] reaction_id=6040: AlW3-111-O2-CH3 -> AlW3-111-O2-CH3OH (substrate=alloy)

[6041/9762] reaction_id=6041: AlY3-111-O1-CH3 -> AlY3-111-O1-CH3OH (substrate=alloy)

[6042/9762] reaction_id=6042: AlY3-111-O2-CH3 -> AlY3-111-O2-CH3OH (substrate=alloy)

[6043/9762] reaction_id=6043: AlZn3-111-O1-CH3 -> AlZn3-111-O1-CH3OH (substrate=alloy)

[6044/9762] reaction_id=6044: AlZn3-111-O2-CH3 -> AlZn3-111-O2-CH3OH (substrate=alloy)

[6045/9762] reaction_id=6045: AlZr3-111-O2-CH3 -> AlZr3-111-O2-CH3OH (substrate=alloy)

[6046/9762] reaction_id=6046: Au2Bi2-111-O1-CH3 -> Au2Bi2-111-O1-CH3OH (substrate=alloy)

[6047/9762] reaction_id=6047: Au2Bi2-111-O2-CH3 -> Au2Bi2-111-O2-CH3OH (substrate=alloy)

[6048/9762] reaction_id=6048: Au2Cd2-111-O1-CH3 -> Au2Cd2-111-O1-CH3OH (substrate=alloy)

[6049/9762] reaction_id=6049: Au2Cd2-111-O2-CH3 -> Au2Cd2-111-O2-CH3OH (substrate=alloy)

[6050/9762] reaction_id=6050: Au2Co2-111-O1-CH3 -> Au2Co2-111-O1-CH3OH (substrate=alloy)

[6051/9762] reaction_id=6051: Au2Co2-111-O2-CH3 -> Au2Co2-111-O2-CH3OH (substrate=alloy)

[6052/9762] reaction_id=6052: Au2Cr2-111-O1-CH3 -> Au2Cr2-111-O1-CH3OH (substrate=alloy)

[6053/9762] reaction_id=6053: Au2Cr2-111-O2-CH3 -> Au2Cr2-111-O2-CH3OH (substrate=alloy)

[6054/9762] reaction_id=6054: Au2Cu2-111-O1-CH3 -> Au2Cu2-111-O1-CH3OH (substrate=alloy)

[6055/9762] reaction_id=6055: Au2Cu2-111-O2-CH3 -> Au2Cu2-111-O2-CH3OH (substrate=alloy)

[6056/9762] reaction_id=6056: Au2Fe2-111-O1-CH3 -> Au2Fe2-111-O1-CH3OH (substrate=alloy)

[6057/9762] reaction_id=6057: Au2Fe2-111-O2-CH3 -> Au2Fe2-111-O2-CH3OH (substrate=alloy)

[6058/9762] reaction_id=6058: Au2Hf2-111-O1-CH3 -> Au2Hf2-111-O1-CH3OH (substrate=alloy)

[6059/9762] reaction_id=6059: Au2Hf2-111-O2-CH3 -> Au2Hf2-111-O2-CH3OH (substrate=alloy)

[6060/9762] reaction_id=6060: Au2In2-111-O1-CH3 -> Au2In2-111-O1-CH3OH (substrate=alloy)

[6061/9762] reaction_id=6061: Au2In2-111-O2-CH3 -> Au2In2-111-O2-CH3OH (substrate=alloy)

[6062/9762] reaction_id=6062: Au2Ir2-111-O1-CH3 -> Au2Ir2-111-O1-CH3OH (substrate=alloy)

[6063/9762] reaction_id=6063: Au2Mn2-111-O1-CH3 -> Au2Mn2-111-O1-CH3OH (substrate=alloy)

[6064/9762] reaction_id=6064: Au2Mn2-111-O2-CH3 -> Au2Mn2-111-O2-CH3OH (substrate=alloy)

[6065/9762] reaction_id=6065: Au2Mo2-111-O1-CH3 -> Au2Mo2-111-O1-CH3OH (substrate=alloy)

[6066/9762] reaction_id=6066: Au2Mo2-111-O2-CH3 -> Au2Mo2-111-O2-CH3OH (substrate=alloy)

[6067/9762] reaction_id=6067: Au2Nb2-111-O1-CH3 -> Au2Nb2-111-O1-CH3OH (substrate=alloy)

[6068/9762] reaction_id=6068: Au2Nb2-111-O2-CH3 -> Au2Nb2-111-O2-CH3OH (substrate=alloy)

[6069/9762] reaction_id=6069: Au2Ni2-111-O1-CH3 -> Au2Ni2-111-O1-CH3OH (substrate=alloy)

[6070/9762] reaction_id=6070: Au2Ni2-111-O2-CH3 -> Au2Ni2-111-O2-CH3OH (substrate=alloy)

[6071/9762] reaction_id=6071: Au2Pb2-111-O1-CH3 -> Au2Pb2-111-O1-CH3OH (substrate=alloy)

[6072/9762] reaction_id=6072: Au2Pb2-111-O2-CH3 -> Au2Pb2-111-O2-CH3OH (substrate=alloy)

[6073/9762] reaction_id=6073: Au2Pd2-111-O1-CH3 -> Au2Pd2-111-O1-CH3OH (substrate=alloy)

[6074/9762] reaction_id=6074: Au2Pt2-111-O2-CH3 -> Au2Pt2-111-O2-CH3OH (substrate=alloy)

[6075/9762] reaction_id=6075: Au2Re2-111-O1-CH3 -> Au2Re2-111-O1-CH3OH (substrate=alloy)

[6076/9762] reaction_id=6076: Au2Rh2-111-O1-CH3 -> Au2Rh2-111-O1-CH3OH (substrate=alloy)

[6077/9762] reaction_id=6077: Au2Ru2-111-O1-CH3 -> Au2Ru2-111-O1-CH3OH (substrate=alloy)

[6078/9762] reaction_id=6078: Au2Sc2-111-O1-CH3 -> Au2Sc2-111-O1-CH3OH (substrate=alloy)

[6079/9762] reaction_id=6079: Au2Sc2-111-O2-CH3 -> Au2Sc2-111-O2-CH3OH (substrate=alloy)

[6080/9762] reaction_id=6080: Au2Sn2-111-O1-CH3 -> Au2Sn2-111-O1-CH3OH (substrate=alloy)

[6081/9762] reaction_id=6081: Au2Sn2-111-O2-CH3 -> Au2Sn2-111-O2-CH3OH (substrate=alloy)

[6082/9762] reaction_id=6082: Au2Ta2-111-O1-CH3 -> Au2Ta2-111-O1-CH3OH (substrate=alloy)

[6083/9762] reaction_id=6083: Au2Ta2-111-O2-CH3 -> Au2Ta2-111-O2-CH3OH (substrate=alloy)

[6084/9762] reaction_id=6084: Au2Tc2-111-O1-CH3 -> Au2Tc2-111-O1-CH3OH (substrate=alloy)

[6085/9762] reaction_id=6085: Au2Tc2-111-O2-CH3 -> Au2Tc2-111-O2-CH3OH (substrate=alloy)

[6086/9762] reaction_id=6086: Au2Ti2-111-O1-CH3 -> Au2Ti2-111-O1-CH3OH (substrate=alloy)

[6087/9762] reaction_id=6087: Au2Ti2-111-O2-CH3 -> Au2Ti2-111-O2-CH3OH (substrate=alloy)

[6088/9762] reaction_id=6088: Au2Tl2-111-O1-CH3 -> Au2Tl2-111-O1-CH3OH (substrate=alloy)

[6089/9762] reaction_id=6089: Au2Tl2-111-O2-CH3 -> Au2Tl2-111-O2-CH3OH (substrate=alloy)

[6090/9762] reaction_id=6090: Au2V2-111-O1-CH3 -> Au2V2-111-O1-CH3OH (substrate=alloy)

[6091/9762] reaction_id=6091: Au2V2-111-O2-CH3 -> Au2V2-111-O2-CH3OH (substrate=alloy)

[6092/9762] reaction_id=6092: Au2W2-111-O1-CH3 -> Au2W2-111-O1-CH3OH (substrate=alloy)

[6093/9762] reaction_id=6093: Au2W2-111-O2-CH3 -> Au2W2-111-O2-CH3OH (substrate=alloy)

[6094/9762] reaction_id=6094: Au2Y2-111-O1-CH3 -> Au2Y2-111-O1-CH3OH (substrate=alloy)

[6095/9762] reaction_id=6095: Au2Y2-111-O2-CH3 -> Au2Y2-111-O2-CH3OH (substrate=alloy)

[6096/9762] reaction_id=6096: Au2Zn2-111-O2-CH3 -> Au2Zn2-111-O2-CH3OH (substrate=alloy)

[6097/9762] reaction_id=6097: Au2Zr2-111-O1-CH3 -> Au2Zr2-111-O1-CH3OH (substrate=alloy)

[6098/9762] reaction_id=6098: Au2Zr2-111-O2-CH3 -> Au2Zr2-111-O2-CH3OH (substrate=alloy)

[6099/9762] reaction_id=6099: Au3Bi-111-O1-CH3 -> Au3Bi-111-O1-CH3OH (substrate=alloy)

[6100/9762] reaction_id=6100: Au3Bi-111-O2-CH3 -> Au3Bi-111-O2-CH3OH (substrate=alloy)

[6101/9762] reaction_id=6101: Au3Cd-111-O1-CH3 -> Au3Cd-111-O1-CH3OH (substrate=alloy)

[6102/9762] reaction_id=6102: Au3Cd-111-O2-CH3 -> Au3Cd-111-O2-CH3OH (substrate=alloy)

[6103/9762] reaction_id=6103: Au3Co-111-O1-CH3 -> Au3Co-111-O1-CH3OH (substrate=alloy)

[6104/9762] reaction_id=6104: Au3Co-111-O2-CH3 -> Au3Co-111-O2-CH3OH (substrate=alloy)

[6105/9762] reaction_id=6105: Au3Cr-111-O1-CH3 -> Au3Cr-111-O1-CH3OH (substrate=alloy)

[6106/9762] reaction_id=6106: Au3Cr-111-O2-CH3 -> Au3Cr-111-O2-CH3OH (substrate=alloy)

[6107/9762] reaction_id=6107: Au3Cu-111-O1-CH3 -> Au3Cu-111-O1-CH3OH (substrate=alloy)

[6108/9762] reaction_id=6108: Au3Cu-111-O2-CH3 -> Au3Cu-111-O2-CH3OH (substrate=alloy)

[6109/9762] reaction_id=6109: Au3Fe-111-O1-CH3 -> Au3Fe-111-O1-CH3OH (substrate=alloy)

[6110/9762] reaction_id=6110: Au3Fe-111-O2-CH3 -> Au3Fe-111-O2-CH3OH (substrate=alloy)

[6111/9762] reaction_id=6111: Au3Ga-111-O1-CH3 -> Au3Ga-111-O1-CH3OH (substrate=alloy)

[6112/9762] reaction_id=6112: Au3Ga-111-O2-CH3 -> Au3Ga-111-O2-CH3OH (substrate=alloy)

[6113/9762] reaction_id=6113: Au3Hf-111-O1-CH3 -> Au3Hf-111-O1-CH3OH (substrate=alloy)

[6114/9762] reaction_id=6114: Au3Hf-111-O2-CH3 -> Au3Hf-111-O2-CH3OH (substrate=alloy)

[6115/9762] reaction_id=6115: Au3In-111-O1-CH3 -> Au3In-111-O1-CH3OH (substrate=alloy)

[6116/9762] reaction_id=6116: Au3In-111-O2-CH3 -> Au3In-111-O2-CH3OH (substrate=alloy)

[6117/9762] reaction_id=6117: Au3Ir-111-O1-CH3 -> Au3Ir-111-O1-CH3OH (substrate=alloy)

[6118/9762] reaction_id=6118: Au3Ir-111-O2-CH3 -> Au3Ir-111-O2-CH3OH (substrate=alloy)

[6119/9762] reaction_id=6119: Au3Mn-111-O1-CH3 -> Au3Mn-111-O1-CH3OH (substrate=alloy)

[6120/9762] reaction_id=6120: Au3Mn-111-O2-CH3 -> Au3Mn-111-O2-CH3OH (substrate=alloy)

[6121/9762] reaction_id=6121: Au3Mo-111-O1-CH3 -> Au3Mo-111-O1-CH3OH (substrate=alloy)

[6122/9762] reaction_id=6122: Au3Mo-111-O2-CH3 -> Au3Mo-111-O2-CH3OH (substrate=alloy)

[6123/9762] reaction_id=6123: Au3Nb-111-O1-CH3 -> Au3Nb-111-O1-CH3OH (substrate=alloy)

[6124/9762] reaction_id=6124: Au3Nb-111-O2-CH3 -> Au3Nb-111-O2-CH3OH (substrate=alloy)

[6125/9762] reaction_id=6125: Au3Ni-111-O1-CH3 -> Au3Ni-111-O1-CH3OH (substrate=alloy)

[6126/9762] reaction_id=6126: Au3Ni-111-O2-CH3 -> Au3Ni-111-O2-CH3OH (substrate=alloy)

[6127/9762] reaction_id=6127: Au3Os-111-O1-CH3 -> Au3Os-111-O1-CH3OH (substrate=alloy)

[6128/9762] reaction_id=6128: Au3Os-111-O2-CH3 -> Au3Os-111-O2-CH3OH (substrate=alloy)

[6129/9762] reaction_id=6129: Au3Pb-111-O2-CH3 -> Au3Pb-111-O2-CH3OH (substrate=alloy)

[6130/9762] reaction_id=6130: Au3Pd-111-O1-CH3 -> Au3Pd-111-O1-CH3OH (substrate=alloy)

[6131/9762] reaction_id=6131: Au3Pd-111-O2-CH3 -> Au3Pd-111-O2-CH3OH (substrate=alloy)

[6132/9762] reaction_id=6132: Au3Pt-111-O1-CH3 -> Au3Pt-111-O1-CH3OH (substrate=alloy)

[6133/9762] reaction_id=6133: Au3Pt-111-O2-CH3 -> Au3Pt-111-O2-CH3OH (substrate=alloy)

[6134/9762] reaction_id=6134: Au3Re-111-O1-CH3 -> Au3Re-111-O1-CH3OH (substrate=alloy)

[6135/9762] reaction_id=6135: Au3Re-111-O2-CH3 -> Au3Re-111-O2-CH3OH (substrate=alloy)

[6136/9762] reaction_id=6136: Au3Rh-111-O1-CH3 -> Au3Rh-111-O1-CH3OH (substrate=alloy)

[6137/9762] reaction_id=6137: Au3Rh-111-O2-CH3 -> Au3Rh-111-O2-CH3OH (substrate=alloy)

[6138/9762] reaction_id=6138: Au3Ru-111-O1-CH3 -> Au3Ru-111-O1-CH3OH (substrate=alloy)

[6139/9762] reaction_id=6139: Au3Ru-111-O2-CH3 -> Au3Ru-111-O2-CH3OH (substrate=alloy)

[6140/9762] reaction_id=6140: Au3Sc-111-O1-CH3 -> Au3Sc-111-O1-CH3OH (substrate=alloy)

[6141/9762] reaction_id=6141: Au3Sc-111-O2-CH3 -> Au3Sc-111-O2-CH3OH (substrate=alloy)

[6142/9762] reaction_id=6142: Au3Sn-111-O1-CH3 -> Au3Sn-111-O1-CH3OH (substrate=alloy)

[6143/9762] reaction_id=6143: Au3Sn-111-O2-CH3 -> Au3Sn-111-O2-CH3OH (substrate=alloy)

[6144/9762] reaction_id=6144: Au3Ta-111-O1-CH3 -> Au3Ta-111-O1-CH3OH (substrate=alloy)

[6145/9762] reaction_id=6145: Au3Ta-111-O2-CH3 -> Au3Ta-111-O2-CH3OH (substrate=alloy)

[6146/9762] reaction_id=6146: Au3Tc-111-O1-CH3 -> Au3Tc-111-O1-CH3OH (substrate=alloy)

[6147/9762] reaction_id=6147: Au3Tc-111-O2-CH3 -> Au3Tc-111-O2-CH3OH (substrate=alloy)

[6148/9762] reaction_id=6148: Au3Ti-111-O1-CH3 -> Au3Ti-111-O1-CH3OH (substrate=alloy)

[6149/9762] reaction_id=6149: Au3Ti-111-O2-CH3 -> Au3Ti-111-O2-CH3OH (substrate=alloy)

[6150/9762] reaction_id=6150: Au3Tl-111-O1-CH3 -> Au3Tl-111-O1-CH3OH (substrate=alloy)

[6151/9762] reaction_id=6151: Au3V-111-O1-CH3 -> Au3V-111-O1-CH3OH (substrate=alloy)

[6152/9762] reaction_id=6152: Au3V-111-O2-CH3 -> Au3V-111-O2-CH3OH (substrate=alloy)

[6153/9762] reaction_id=6153: Au3W-111-O1-CH3 -> Au3W-111-O1-CH3OH (substrate=alloy)

[6154/9762] reaction_id=6154: Au3W-111-O2-CH3 -> Au3W-111-O2-CH3OH (substrate=alloy)

[6155/9762] reaction_id=6155: Au3Y-111-O1-CH3 -> Au3Y-111-O1-CH3OH (substrate=alloy)

[6156/9762] reaction_id=6156: Au3Y-111-O2-CH3 -> Au3Y-111-O2-CH3OH (substrate=alloy)

[6157/9762] reaction_id=6157: Au3Zn-111-O1-CH3 -> Au3Zn-111-O1-CH3OH (substrate=alloy)

[6158/9762] reaction_id=6158: Au3Zn-111-O2-CH3 -> Au3Zn-111-O2-CH3OH (substrate=alloy)

[6159/9762] reaction_id=6159: Au3Zr-111-O1-CH3 -> Au3Zr-111-O1-CH3OH (substrate=alloy)

[6160/9762] reaction_id=6160: Au3Zr-111-O2-CH3 -> Au3Zr-111-O2-CH3OH (substrate=alloy)

[6161/9762] reaction_id=6161: AuBi3-111-O1-CH3 -> AuBi3-111-O1-CH3OH (substrate=alloy)

[6162/9762] reaction_id=6162: AuBi3-111-O2-CH3 -> AuBi3-111-O2-CH3OH (substrate=alloy)

[6163/9762] reaction_id=6163: AuCd3-111-O1-CH3 -> AuCd3-111-O1-CH3OH (substrate=alloy)

[6164/9762] reaction_id=6164: AuCd3-111-O2-CH3 -> AuCd3-111-O2-CH3OH (substrate=alloy)

[6165/9762] reaction_id=6165: AuCo3-111-O1-CH3 -> AuCo3-111-O1-CH3OH (substrate=alloy)

[6166/9762] reaction_id=6166: AuCo3-111-O2-CH3 -> AuCo3-111-O2-CH3OH (substrate=alloy)

[6167/9762] reaction_id=6167: AuCr3-111-O1-CH3 -> AuCr3-111-O1-CH3OH (substrate=alloy)

[6168/9762] reaction_id=6168: AuCr3-111-O2-CH3 -> AuCr3-111-O2-CH3OH (substrate=alloy)

[6169/9762] reaction_id=6169: AuCu3-111-O1-CH3 -> AuCu3-111-O1-CH3OH (substrate=alloy)

[6170/9762] reaction_id=6170: AuCu3-111-O2-CH3 -> AuCu3-111-O2-CH3OH (substrate=alloy)

[6171/9762] reaction_id=6171: AuFe3-111-O1-CH3 -> AuFe3-111-O1-CH3OH (substrate=alloy)

[6172/9762] reaction_id=6172: AuFe3-111-O2-CH3 -> AuFe3-111-O2-CH3OH (substrate=alloy)

[6173/9762] reaction_id=6173: AuGa3-111-O1-CH3 -> AuGa3-111-O1-CH3OH (substrate=alloy)

[6174/9762] reaction_id=6174: AuGa3-111-O2-CH3 -> AuGa3-111-O2-CH3OH (substrate=alloy)

[6175/9762] reaction_id=6175: AuHf3-111-O1-CH3 -> AuHf3-111-O1-CH3OH (substrate=alloy)

[6176/9762] reaction_id=6176: AuHf3-111-O2-CH3 -> AuHf3-111-O2-CH3OH (substrate=alloy)

[6177/9762] reaction_id=6177: AuIn3-111-O1-CH3 -> AuIn3-111-O1-CH3OH (substrate=alloy)

[6178/9762] reaction_id=6178: AuIn3-111-O2-CH3 -> AuIn3-111-O2-CH3OH (substrate=alloy)

[6179/9762] reaction_id=6179: AuIr3-111-O1-CH3 -> AuIr3-111-O1-CH3OH (substrate=alloy)

[6180/9762] reaction_id=6180: AuIr3-111-O2-CH3 -> AuIr3-111-O2-CH3OH (substrate=alloy)

[6181/9762] reaction_id=6181: AuMo3-111-O1-CH3 -> AuMo3-111-O1-CH3OH (substrate=alloy)

[6182/9762] reaction_id=6182: AuMo3-111-O2-CH3 -> AuMo3-111-O2-CH3OH (substrate=alloy)

[6183/9762] reaction_id=6183: AuNb3-111-O1-CH3 -> AuNb3-111-O1-CH3OH (substrate=alloy)

[6184/9762] reaction_id=6184: AuNb3-111-O2-CH3 -> AuNb3-111-O2-CH3OH (substrate=alloy)

[6185/9762] reaction_id=6185: AuNi3-111-O1-CH3 -> AuNi3-111-O1-CH3OH (substrate=alloy)

[6186/9762] reaction_id=6186: AuNi3-111-O2-CH3 -> AuNi3-111-O2-CH3OH (substrate=alloy)

[6187/9762] reaction_id=6187: AuOs3-111-O1-CH3 -> AuOs3-111-O1-CH3OH (substrate=alloy)

[6188/9762] reaction_id=6188: AuOs3-111-O2-CH3 -> AuOs3-111-O2-CH3OH (substrate=alloy)

[6189/9762] reaction_id=6189: AuPb3-111-O1-CH3 -> AuPb3-111-O1-CH3OH (substrate=alloy)

[6190/9762] reaction_id=6190: AuPb3-111-O2-CH3 -> AuPb3-111-O2-CH3OH (substrate=alloy)

[6191/9762] reaction_id=6191: AuPd3-111-O2-CH3 -> AuPd3-111-O2-CH3OH (substrate=alloy)

[6192/9762] reaction_id=6192: AuPt3-111-O1-CH3 -> AuPt3-111-O1-CH3OH (substrate=alloy)

[6193/9762] reaction_id=6193: AuPt3-111-O2-CH3 -> AuPt3-111-O2-CH3OH (substrate=alloy)

[6194/9762] reaction_id=6194: AuRe3-111-O1-CH3 -> AuRe3-111-O1-CH3OH (substrate=alloy)

[6195/9762] reaction_id=6195: AuRe3-111-O2-CH3 -> AuRe3-111-O2-CH3OH (substrate=alloy)

[6196/9762] reaction_id=6196: AuRh3-111-O1-CH3 -> AuRh3-111-O1-CH3OH (substrate=alloy)

[6197/9762] reaction_id=6197: AuRh3-111-O2-CH3 -> AuRh3-111-O2-CH3OH (substrate=alloy)

[6198/9762] reaction_id=6198: AuRu3-111-O1-CH3 -> AuRu3-111-O1-CH3OH (substrate=alloy)

[6199/9762] reaction_id=6199: AuRu3-111-O2-CH3 -> AuRu3-111-O2-CH3OH (substrate=alloy)

[6200/9762] reaction_id=6200: AuSc3-111-O1-CH3 -> AuSc3-111-O1-CH3OH (substrate=alloy)

[6201/9762] reaction_id=6201: AuSc3-111-O2-CH3 -> AuSc3-111-O2-CH3OH (substrate=alloy)

[6202/9762] reaction_id=6202: AuSn3-111-O1-CH3 -> AuSn3-111-O1-CH3OH (substrate=alloy)

[6203/9762] reaction_id=6203: AuSn3-111-O2-CH3 -> AuSn3-111-O2-CH3OH (substrate=alloy)

[6204/9762] reaction_id=6204: AuTa3-111-O1-CH3 -> AuTa3-111-O1-CH3OH (substrate=alloy)

[6205/9762] reaction_id=6205: AuTa3-111-O2-CH3 -> AuTa3-111-O2-CH3OH (substrate=alloy)

[6206/9762] reaction_id=6206: AuTc3-111-O1-CH3 -> AuTc3-111-O1-CH3OH (substrate=alloy)

[6207/9762] reaction_id=6207: AuTc3-111-O2-CH3 -> AuTc3-111-O2-CH3OH (substrate=alloy)

[6208/9762] reaction_id=6208: AuTi3-111-O1-CH3 -> AuTi3-111-O1-CH3OH (substrate=alloy)

[6209/9762] reaction_id=6209: AuTi3-111-O2-CH3 -> AuTi3-111-O2-CH3OH (substrate=alloy)

[6210/9762] reaction_id=6210: AuTl3-111-O1-CH3 -> AuTl3-111-O1-CH3OH (substrate=alloy)

[6211/9762] reaction_id=6211: AuTl3-111-O2-CH3 -> AuTl3-111-O2-CH3OH (substrate=alloy)

[6212/9762] reaction_id=6212: AuV3-111-O1-CH3 -> AuV3-111-O1-CH3OH (substrate=alloy)

[6213/9762] reaction_id=6213: AuV3-111-O2-CH3 -> AuV3-111-O2-CH3OH (substrate=alloy)

[6214/9762] reaction_id=6214: AuW3-111-O1-CH3 -> AuW3-111-O1-CH3OH (substrate=alloy)

[6215/9762] reaction_id=6215: AuW3-111-O2-CH3 -> AuW3-111-O2-CH3OH (substrate=alloy)

[6216/9762] reaction_id=6216: AuY3-111-O1-CH3 -> AuY3-111-O1-CH3OH (substrate=alloy)

[6217/9762] reaction_id=6217: AuZn3-111-O1-CH3 -> AuZn3-111-O1-CH3OH (substrate=alloy)

[6218/9762] reaction_id=6218: AuZn3-111-O2-CH3 -> AuZn3-111-O2-CH3OH (substrate=alloy)

[6219/9762] reaction_id=6219: AuZr3-111-O1-CH3 -> AuZr3-111-O1-CH3OH (substrate=alloy)

[6220/9762] reaction_id=6220: AuZr3-111-O2-CH3 -> AuZr3-111-O2-CH3OH (substrate=alloy)

[6221/9762] reaction_id=6221: Bi2Cd2-111-O1-CH3 -> Bi2Cd2-111-O1-CH3OH (substrate=alloy)

[6222/9762] reaction_id=6222: Bi2Cd2-111-O2-CH3 -> Bi2Cd2-111-O2-CH3OH (substrate=alloy)

[6223/9762] reaction_id=6223: Bi2Cr2-111-O1-CH3 -> Bi2Cr2-111-O1-CH3OH (substrate=alloy)

[6224/9762] reaction_id=6224: Bi2Cr2-111-O2-CH3 -> Bi2Cr2-111-O2-CH3OH (substrate=alloy)

[6225/9762] reaction_id=6225: Bi2Cu2-111-O2-CH3 -> Bi2Cu2-111-O2-CH3OH (substrate=alloy)

[6226/9762] reaction_id=6226: Bi2Ga2-111-O1-CH3 -> Bi2Ga2-111-O1-CH3OH (substrate=alloy)

[6227/9762] reaction_id=6227: Bi2Ga2-111-O2-CH3 -> Bi2Ga2-111-O2-CH3OH (substrate=alloy)

[6228/9762] reaction_id=6228: Bi2Hf2-111-O1-CH3 -> Bi2Hf2-111-O1-CH3OH (substrate=alloy)

[6229/9762] reaction_id=6229: Bi2Hf2-111-O2-CH3 -> Bi2Hf2-111-O2-CH3OH (substrate=alloy)

[6230/9762] reaction_id=6230: Bi2In2-111-O1-CH3 -> Bi2In2-111-O1-CH3OH (substrate=alloy)

[6231/9762] reaction_id=6231: Bi2In2-111-O2-CH3 -> Bi2In2-111-O2-CH3OH (substrate=alloy)

[6232/9762] reaction_id=6232: Bi2Ir2-111-O1-CH3 -> Bi2Ir2-111-O1-CH3OH (substrate=alloy)

[6233/9762] reaction_id=6233: Bi2Ir2-111-O2-CH3 -> Bi2Ir2-111-O2-CH3OH (substrate=alloy)

[6234/9762] reaction_id=6234: Bi2Mn2-111-O1-CH3 -> Bi2Mn2-111-O1-CH3OH (substrate=alloy)

[6235/9762] reaction_id=6235: Bi2Mo2-111-O1-CH3 -> Bi2Mo2-111-O1-CH3OH (substrate=alloy)

[6236/9762] reaction_id=6236: Bi2Mo2-111-O2-CH3 -> Bi2Mo2-111-O2-CH3OH (substrate=alloy)

[6237/9762] reaction_id=6237: Bi2Nb2-111-O1-CH3 -> Bi2Nb2-111-O1-CH3OH (substrate=alloy)

[6238/9762] reaction_id=6238: Bi2Os2-111-O1-CH3 -> Bi2Os2-111-O1-CH3OH (substrate=alloy)

[6239/9762] reaction_id=6239: Bi2Os2-111-O2-CH3 -> Bi2Os2-111-O2-CH3OH (substrate=alloy)

[6240/9762] reaction_id=6240: Bi2Pb2-111-O1-CH3 -> Bi2Pb2-111-O1-CH3OH (substrate=alloy)

[6241/9762] reaction_id=6241: Bi2Pb2-111-O2-CH3 -> Bi2Pb2-111-O2-CH3OH (substrate=alloy)

[6242/9762] reaction_id=6242: Bi2Pd2-111-O2-CH3 -> Bi2Pd2-111-O2-CH3OH (substrate=alloy)

[6243/9762] reaction_id=6243: Bi2Pt2-111-O1-CH3 -> Bi2Pt2-111-O1-CH3OH (substrate=alloy)

[6244/9762] reaction_id=6244: Bi2Pt2-111-O2-CH3 -> Bi2Pt2-111-O2-CH3OH (substrate=alloy)

[6245/9762] reaction_id=6245: Bi2Re2-111-O1-CH3 -> Bi2Re2-111-O1-CH3OH (substrate=alloy)

[6246/9762] reaction_id=6246: Bi2Re2-111-O2-CH3 -> Bi2Re2-111-O2-CH3OH (substrate=alloy)

[6247/9762] reaction_id=6247: Bi2Rh2-111-O1-CH3 -> Bi2Rh2-111-O1-CH3OH (substrate=alloy)

[6248/9762] reaction_id=6248: Bi2Rh2-111-O2-CH3 -> Bi2Rh2-111-O2-CH3OH (substrate=alloy)

[6249/9762] reaction_id=6249: Bi2Ru2-111-O2-CH3 -> Bi2Ru2-111-O2-CH3OH (substrate=alloy)

[6250/9762] reaction_id=6250: Bi2Sc2-111-O1-CH3 -> Bi2Sc2-111-O1-CH3OH (substrate=alloy)

[6251/9762] reaction_id=6251: Bi2Sc2-111-O2-CH3 -> Bi2Sc2-111-O2-CH3OH (substrate=alloy)

[6252/9762] reaction_id=6252: Bi2Sn2-111-O1-CH3 -> Bi2Sn2-111-O1-CH3OH (substrate=alloy)

[6253/9762] reaction_id=6253: Bi2Sn2-111-O2-CH3 -> Bi2Sn2-111-O2-CH3OH (substrate=alloy)

[6254/9762] reaction_id=6254: Bi2Ta2-111-O1-CH3 -> Bi2Ta2-111-O1-CH3OH (substrate=alloy)

[6255/9762] reaction_id=6255: Bi2Ta2-111-O2-CH3 -> Bi2Ta2-111-O2-CH3OH (substrate=alloy)

[6256/9762] reaction_id=6256: Bi2Tc2-111-O1-CH3 -> Bi2Tc2-111-O1-CH3OH (substrate=alloy)

[6257/9762] reaction_id=6257: Bi2Tc2-111-O2-CH3 -> Bi2Tc2-111-O2-CH3OH (substrate=alloy)

[6258/9762] reaction_id=6258: Bi2Ti2-111-O1-CH3 -> Bi2Ti2-111-O1-CH3OH (substrate=alloy)

[6259/9762] reaction_id=6259: Bi2Tl2-111-O2-CH3 -> Bi2Tl2-111-O2-CH3OH (substrate=alloy)

[6260/9762] reaction_id=6260: Bi2V2-111-O1-CH3 -> Bi2V2-111-O1-CH3OH (substrate=alloy)

[6261/9762] reaction_id=6261: Bi2V2-111-O2-CH3 -> Bi2V2-111-O2-CH3OH (substrate=alloy)

[6262/9762] reaction_id=6262: Bi2W2-111-O1-CH3 -> Bi2W2-111-O1-CH3OH (substrate=alloy)

[6263/9762] reaction_id=6263: Bi2W2-111-O2-CH3 -> Bi2W2-111-O2-CH3OH (substrate=alloy)

[6264/9762] reaction_id=6264: Bi2Y2-111-O1-CH3 -> Bi2Y2-111-O1-CH3OH (substrate=alloy)

[6265/9762] reaction_id=6265: Bi2Y2-111-O2-CH3 -> Bi2Y2-111-O2-CH3OH (substrate=alloy)

[6266/9762] reaction_id=6266: Bi2Zn2-111-O1-CH3 -> Bi2Zn2-111-O1-CH3OH (substrate=alloy)

[6267/9762] reaction_id=6267: Bi2Zn2-111-O2-CH3 -> Bi2Zn2-111-O2-CH3OH (substrate=alloy)

[6268/9762] reaction_id=6268: Bi2Zr2-111-O1-CH3 -> Bi2Zr2-111-O1-CH3OH (substrate=alloy)

[6269/9762] reaction_id=6269: Bi2Zr2-111-O2-CH3 -> Bi2Zr2-111-O2-CH3OH (substrate=alloy)

[6270/9762] reaction_id=6270: Bi3Cd-111-O2-CH3 -> Bi3Cd-111-O2-CH3OH (substrate=alloy)

[6271/9762] reaction_id=6271: Bi3Cu-111-O1-CH3 -> Bi3Cu-111-O1-CH3OH (substrate=alloy)

[6272/9762] reaction_id=6272: Bi3Cu-111-O2-CH3 -> Bi3Cu-111-O2-CH3OH (substrate=alloy)

[6273/9762] reaction_id=6273: Bi3Ga-111-O2-CH3 -> Bi3Ga-111-O2-CH3OH (substrate=alloy)

[6274/9762] reaction_id=6274: Bi3Hf-111-O1-CH3 -> Bi3Hf-111-O1-CH3OH (substrate=alloy)

[6275/9762] reaction_id=6275: Bi3Hf-111-O2-CH3 -> Bi3Hf-111-O2-CH3OH (substrate=alloy)

[6276/9762] reaction_id=6276: Bi3Ir-111-O1-CH3 -> Bi3Ir-111-O1-CH3OH (substrate=alloy)

[6277/9762] reaction_id=6277: Bi3Ir-111-O2-CH3 -> Bi3Ir-111-O2-CH3OH (substrate=alloy)

[6278/9762] reaction_id=6278: Bi3Nb-111-O1-CH3 -> Bi3Nb-111-O1-CH3OH (substrate=alloy)

[6279/9762] reaction_id=6279: Bi3Nb-111-O2-CH3 -> Bi3Nb-111-O2-CH3OH (substrate=alloy)

[6280/9762] reaction_id=6280: Bi3Os-111-O1-CH3 -> Bi3Os-111-O1-CH3OH (substrate=alloy)

[6281/9762] reaction_id=6281: Bi3Os-111-O2-CH3 -> Bi3Os-111-O2-CH3OH (substrate=alloy)

[6282/9762] reaction_id=6282: Bi3Pb-111-O1-CH3 -> Bi3Pb-111-O1-CH3OH (substrate=alloy)

[6283/9762] reaction_id=6283: Bi3Pb-111-O2-CH3 -> Bi3Pb-111-O2-CH3OH (substrate=alloy)

[6284/9762] reaction_id=6284: Bi3Pd-111-O1-CH3 -> Bi3Pd-111-O1-CH3OH (substrate=alloy)

[6285/9762] reaction_id=6285: Bi3Pd-111-O2-CH3 -> Bi3Pd-111-O2-CH3OH (substrate=alloy)

[6286/9762] reaction_id=6286: Bi3Pt-111-O2-CH3 -> Bi3Pt-111-O2-CH3OH (substrate=alloy)

[6287/9762] reaction_id=6287: Bi3Re-111-O1-CH3 -> Bi3Re-111-O1-CH3OH (substrate=alloy)

[6288/9762] reaction_id=6288: Bi3Re-111-O2-CH3 -> Bi3Re-111-O2-CH3OH (substrate=alloy)

[6289/9762] reaction_id=6289: Bi3Rh-111-O1-CH3 -> Bi3Rh-111-O1-CH3OH (substrate=alloy)

[6290/9762] reaction_id=6290: Bi3Rh-111-O2-CH3 -> Bi3Rh-111-O2-CH3OH (substrate=alloy)

[6291/9762] reaction_id=6291: Bi3Ru-111-O1-CH3 -> Bi3Ru-111-O1-CH3OH (substrate=alloy)

[6292/9762] reaction_id=6292: Bi3Ru-111-O2-CH3 -> Bi3Ru-111-O2-CH3OH (substrate=alloy)

[6293/9762] reaction_id=6293: Bi3Sn-111-O1-CH3 -> Bi3Sn-111-O1-CH3OH (substrate=alloy)

[6294/9762] reaction_id=6294: Bi3Sn-111-O2-CH3 -> Bi3Sn-111-O2-CH3OH (substrate=alloy)

[6295/9762] reaction_id=6295: Bi3Ta-111-O1-CH3 -> Bi3Ta-111-O1-CH3OH (substrate=alloy)

[6296/9762] reaction_id=6296: Bi3Ta-111-O2-CH3 -> Bi3Ta-111-O2-CH3OH (substrate=alloy)

[6297/9762] reaction_id=6297: Bi3Tc-111-O1-CH3 -> Bi3Tc-111-O1-CH3OH (substrate=alloy)

[6298/9762] reaction_id=6298: Bi3Tc-111-O2-CH3 -> Bi3Tc-111-O2-CH3OH (substrate=alloy)

[6299/9762] reaction_id=6299: Bi3Tl-111-O1-CH3 -> Bi3Tl-111-O1-CH3OH (substrate=alloy)

[6300/9762] reaction_id=6300: Bi3Tl-111-O2-CH3 -> Bi3Tl-111-O2-CH3OH (substrate=alloy)

[6301/9762] reaction_id=6301: Bi3W-111-O1-CH3 -> Bi3W-111-O1-CH3OH (substrate=alloy)

[6302/9762] reaction_id=6302: Bi3W-111-O2-CH3 -> Bi3W-111-O2-CH3OH (substrate=alloy)

[6303/9762] reaction_id=6303: Bi3Zn-111-O1-CH3 -> Bi3Zn-111-O1-CH3OH (substrate=alloy)

[6304/9762] reaction_id=6304: Bi3Zn-111-O2-CH3 -> Bi3Zn-111-O2-CH3OH (substrate=alloy)

[6305/9762] reaction_id=6305: BiCd3-111-O1-CH3 -> BiCd3-111-O1-CH3OH (substrate=alloy)

[6306/9762] reaction_id=6306: BiCd3-111-O2-CH3 -> BiCd3-111-O2-CH3OH (substrate=alloy)

[6307/9762] reaction_id=6307: BiCr3-111-O1-CH3 -> BiCr3-111-O1-CH3OH (substrate=alloy)

[6308/9762] reaction_id=6308: BiCr3-111-O2-CH3 -> BiCr3-111-O2-CH3OH (substrate=alloy)

[6309/9762] reaction_id=6309: BiCu3-111-O1-CH3 -> BiCu3-111-O1-CH3OH (substrate=alloy)

[6310/9762] reaction_id=6310: BiCu3-111-O2-CH3 -> BiCu3-111-O2-CH3OH (substrate=alloy)

[6311/9762] reaction_id=6311: BiGa3-111-O1-CH3 -> BiGa3-111-O1-CH3OH (substrate=alloy)

[6312/9762] reaction_id=6312: BiHf3-111-O1-CH3 -> BiHf3-111-O1-CH3OH (substrate=alloy)

[6313/9762] reaction_id=6313: BiHf3-111-O2-CH3 -> BiHf3-111-O2-CH3OH (substrate=alloy)

[6314/9762] reaction_id=6314: BiIr3-111-O1-CH3 -> BiIr3-111-O1-CH3OH (substrate=alloy)

[6315/9762] reaction_id=6315: BiMo3-111-O1-CH3 -> BiMo3-111-O1-CH3OH (substrate=alloy)

[6316/9762] reaction_id=6316: BiMo3-111-O2-CH3 -> BiMo3-111-O2-CH3OH (substrate=alloy)

[6317/9762] reaction_id=6317: BiOs3-111-O1-CH3 -> BiOs3-111-O1-CH3OH (substrate=alloy)

[6318/9762] reaction_id=6318: BiOs3-111-O2-CH3 -> BiOs3-111-O2-CH3OH (substrate=alloy)

[6319/9762] reaction_id=6319: BiPb3-111-O1-CH3 -> BiPb3-111-O1-CH3OH (substrate=alloy)

[6320/9762] reaction_id=6320: BiPb3-111-O2-CH3 -> BiPb3-111-O2-CH3OH (substrate=alloy)

[6321/9762] reaction_id=6321: BiPd3-111-O1-CH3 -> BiPd3-111-O1-CH3OH (substrate=alloy)

[6322/9762] reaction_id=6322: BiPd3-111-O2-CH3 -> BiPd3-111-O2-CH3OH (substrate=alloy)

[6323/9762] reaction_id=6323: BiPt3-111-O1-CH3 -> BiPt3-111-O1-CH3OH (substrate=alloy)

[6324/9762] reaction_id=6324: BiRe3-111-O1-CH3 -> BiRe3-111-O1-CH3OH (substrate=alloy)

[6325/9762] reaction_id=6325: BiRe3-111-O2-CH3 -> BiRe3-111-O2-CH3OH (substrate=alloy)

[6326/9762] reaction_id=6326: BiRh3-111-O1-CH3 -> BiRh3-111-O1-CH3OH (substrate=alloy)

[6327/9762] reaction_id=6327: BiRh3-111-O2-CH3 -> BiRh3-111-O2-CH3OH (substrate=alloy)

[6328/9762] reaction_id=6328: BiRu3-111-O1-CH3 -> BiRu3-111-O1-CH3OH (substrate=alloy)

[6329/9762] reaction_id=6329: BiRu3-111-O2-CH3 -> BiRu3-111-O2-CH3OH (substrate=alloy)

[6330/9762] reaction_id=6330: BiSn3-111-O1-CH3 -> BiSn3-111-O1-CH3OH (substrate=alloy)

[6331/9762] reaction_id=6331: BiTc3-111-O1-CH3 -> BiTc3-111-O1-CH3OH (substrate=alloy)

[6332/9762] reaction_id=6332: BiTc3-111-O2-CH3 -> BiTc3-111-O2-CH3OH (substrate=alloy)

[6333/9762] reaction_id=6333: BiZn3-111-O1-CH3 -> BiZn3-111-O1-CH3OH (substrate=alloy)

[6334/9762] reaction_id=6334: BiZn3-111-O2-CH3 -> BiZn3-111-O2-CH3OH (substrate=alloy)

[6335/9762] reaction_id=6335: Cd2Co2-111-O1-CH3 -> Cd2Co2-111-O1-CH3OH (substrate=alloy)

[6336/9762] reaction_id=6336: Cd2Co2-111-O2-CH3 -> Cd2Co2-111-O2-CH3OH (substrate=alloy)

[6337/9762] reaction_id=6337: Cd2Cu2-111-O1-CH3 -> Cd2Cu2-111-O1-CH3OH (substrate=alloy)

[6338/9762] reaction_id=6338: Cd2Cu2-111-O2-CH3 -> Cd2Cu2-111-O2-CH3OH (substrate=alloy)

[6339/9762] reaction_id=6339: Cd2Fe2-111-O1-CH3 -> Cd2Fe2-111-O1-CH3OH (substrate=alloy)

[6340/9762] reaction_id=6340: Cd2Fe2-111-O2-CH3 -> Cd2Fe2-111-O2-CH3OH (substrate=alloy)

[6341/9762] reaction_id=6341: Cd2Ga2-111-O1-CH3 -> Cd2Ga2-111-O1-CH3OH (substrate=alloy)

[6342/9762] reaction_id=6342: Cd2Ga2-111-O2-CH3 -> Cd2Ga2-111-O2-CH3OH (substrate=alloy)

[6343/9762] reaction_id=6343: Cd2Hf2-111-O1-CH3 -> Cd2Hf2-111-O1-CH3OH (substrate=alloy)

[6344/9762] reaction_id=6344: Cd2Hf2-111-O2-CH3 -> Cd2Hf2-111-O2-CH3OH (substrate=alloy)

[6345/9762] reaction_id=6345: Cd2In2-111-O1-CH3 -> Cd2In2-111-O1-CH3OH (substrate=alloy)

[6346/9762] reaction_id=6346: Cd2In2-111-O2-CH3 -> Cd2In2-111-O2-CH3OH (substrate=alloy)

[6347/9762] reaction_id=6347: Cd2Ir2-111-O1-CH3 -> Cd2Ir2-111-O1-CH3OH (substrate=alloy)

[6348/9762] reaction_id=6348: Cd2Ir2-111-O2-CH3 -> Cd2Ir2-111-O2-CH3OH (substrate=alloy)

[6349/9762] reaction_id=6349: Cd2Mn2-111-O1-CH3 -> Cd2Mn2-111-O1-CH3OH (substrate=alloy)

[6350/9762] reaction_id=6350: Cd2Mn2-111-O2-CH3 -> Cd2Mn2-111-O2-CH3OH (substrate=alloy)

[6351/9762] reaction_id=6351: Cd2Mo2-111-O1-CH3 -> Cd2Mo2-111-O1-CH3OH (substrate=alloy)

[6352/9762] reaction_id=6352: Cd2Mo2-111-O2-CH3 -> Cd2Mo2-111-O2-CH3OH (substrate=alloy)

[6353/9762] reaction_id=6353: Cd2Nb2-111-O1-CH3 -> Cd2Nb2-111-O1-CH3OH (substrate=alloy)

[6354/9762] reaction_id=6354: Cd2Nb2-111-O2-CH3 -> Cd2Nb2-111-O2-CH3OH (substrate=alloy)

[6355/9762] reaction_id=6355: Cd2Ni2-111-O1-CH3 -> Cd2Ni2-111-O1-CH3OH (substrate=alloy)

[6356/9762] reaction_id=6356: Cd2Ni2-111-O2-CH3 -> Cd2Ni2-111-O2-CH3OH (substrate=alloy)

[6357/9762] reaction_id=6357: Cd2Os2-111-O1-CH3 -> Cd2Os2-111-O1-CH3OH (substrate=alloy)

[6358/9762] reaction_id=6358: Cd2Os2-111-O2-CH3 -> Cd2Os2-111-O2-CH3OH (substrate=alloy)

[6359/9762] reaction_id=6359: Cd2Pb2-111-O1-CH3 -> Cd2Pb2-111-O1-CH3OH (substrate=alloy)

[6360/9762] reaction_id=6360: Cd2Pb2-111-O2-CH3 -> Cd2Pb2-111-O2-CH3OH (substrate=alloy)

[6361/9762] reaction_id=6361: Cd2Pd2-111-O1-CH3 -> Cd2Pd2-111-O1-CH3OH (substrate=alloy)

[6362/9762] reaction_id=6362: Cd2Pd2-111-O2-CH3 -> Cd2Pd2-111-O2-CH3OH (substrate=alloy)

[6363/9762] reaction_id=6363: Cd2Pt2-111-O1-CH3 -> Cd2Pt2-111-O1-CH3OH (substrate=alloy)

[6364/9762] reaction_id=6364: Cd2Pt2-111-O2-CH3 -> Cd2Pt2-111-O2-CH3OH (substrate=alloy)

[6365/9762] reaction_id=6365: Cd2Re2-111-O1-CH3 -> Cd2Re2-111-O1-CH3OH (substrate=alloy)

[6366/9762] reaction_id=6366: Cd2Re2-111-O2-CH3 -> Cd2Re2-111-O2-CH3OH (substrate=alloy)

[6367/9762] reaction_id=6367: Cd2Rh2-111-O1-CH3 -> Cd2Rh2-111-O1-CH3OH (substrate=alloy)

[6368/9762] reaction_id=6368: Cd2Rh2-111-O2-CH3 -> Cd2Rh2-111-O2-CH3OH (substrate=alloy)

[6369/9762] reaction_id=6369: Cd2Ru2-111-O1-CH3 -> Cd2Ru2-111-O1-CH3OH (substrate=alloy)

[6370/9762] reaction_id=6370: Cd2Ru2-111-O2-CH3 -> Cd2Ru2-111-O2-CH3OH (substrate=alloy)

[6371/9762] reaction_id=6371: Cd2Sc2-111-O1-CH3 -> Cd2Sc2-111-O1-CH3OH (substrate=alloy)

[6372/9762] reaction_id=6372: Cd2Sc2-111-O2-CH3 -> Cd2Sc2-111-O2-CH3OH (substrate=alloy)

[6373/9762] reaction_id=6373: Cd2Sn2-111-O1-CH3 -> Cd2Sn2-111-O1-CH3OH (substrate=alloy)

[6374/9762] reaction_id=6374: Cd2Sn2-111-O2-CH3 -> Cd2Sn2-111-O2-CH3OH (substrate=alloy)

[6375/9762] reaction_id=6375: Cd2Ta2-111-O1-CH3 -> Cd2Ta2-111-O1-CH3OH (substrate=alloy)

[6376/9762] reaction_id=6376: Cd2Ta2-111-O2-CH3 -> Cd2Ta2-111-O2-CH3OH (substrate=alloy)

[6377/9762] reaction_id=6377: Cd2Tc2-111-O1-CH3 -> Cd2Tc2-111-O1-CH3OH (substrate=alloy)

[6378/9762] reaction_id=6378: Cd2Tc2-111-O2-CH3 -> Cd2Tc2-111-O2-CH3OH (substrate=alloy)

[6379/9762] reaction_id=6379: Cd2Ti2-111-O1-CH3 -> Cd2Ti2-111-O1-CH3OH (substrate=alloy)

[6380/9762] reaction_id=6380: Cd2Ti2-111-O2-CH3 -> Cd2Ti2-111-O2-CH3OH (substrate=alloy)

[6381/9762] reaction_id=6381: Cd2Tl2-111-O1-CH3 -> Cd2Tl2-111-O1-CH3OH (substrate=alloy)

[6382/9762] reaction_id=6382: Cd2V2-111-O1-CH3 -> Cd2V2-111-O1-CH3OH (substrate=alloy)

[6383/9762] reaction_id=6383: Cd2V2-111-O2-CH3 -> Cd2V2-111-O2-CH3OH (substrate=alloy)

[6384/9762] reaction_id=6384: Cd2W2-111-O1-CH3 -> Cd2W2-111-O1-CH3OH (substrate=alloy)

[6385/9762] reaction_id=6385: Cd2W2-111-O2-CH3 -> Cd2W2-111-O2-CH3OH (substrate=alloy)

[6386/9762] reaction_id=6386: Cd2Y2-111-O1-CH3 -> Cd2Y2-111-O1-CH3OH (substrate=alloy)

[6387/9762] reaction_id=6387: Cd2Zn2-111-O1-CH3 -> Cd2Zn2-111-O1-CH3OH (substrate=alloy)

[6388/9762] reaction_id=6388: Cd2Zn2-111-O2-CH3 -> Cd2Zn2-111-O2-CH3OH (substrate=alloy)

[6389/9762] reaction_id=6389: Cd2Zr2-111-O1-CH3 -> Cd2Zr2-111-O1-CH3OH (substrate=alloy)

[6390/9762] reaction_id=6390: Cd2Zr2-111-O2-CH3 -> Cd2Zr2-111-O2-CH3OH (substrate=alloy)

[6391/9762] reaction_id=6391: Cd3Co-111-O1-CH3 -> Cd3Co-111-O1-CH3OH (substrate=alloy)

[6392/9762] reaction_id=6392: Cd3Co-111-O2-CH3 -> Cd3Co-111-O2-CH3OH (substrate=alloy)

[6393/9762] reaction_id=6393: Cd3Cr-111-O1-CH3 -> Cd3Cr-111-O1-CH3OH (substrate=alloy)

[6394/9762] reaction_id=6394: Cd3Cr-111-O2-CH3 -> Cd3Cr-111-O2-CH3OH (substrate=alloy)

[6395/9762] reaction_id=6395: Cd3Cu-111-O1-CH3 -> Cd3Cu-111-O1-CH3OH (substrate=alloy)

[6396/9762] reaction_id=6396: Cd3Cu-111-O2-CH3 -> Cd3Cu-111-O2-CH3OH (substrate=alloy)

[6397/9762] reaction_id=6397: Cd3Fe-111-O1-CH3 -> Cd3Fe-111-O1-CH3OH (substrate=alloy)

[6398/9762] reaction_id=6398: Cd3Fe-111-O2-CH3 -> Cd3Fe-111-O2-CH3OH (substrate=alloy)

[6399/9762] reaction_id=6399: Cd3Ga-111-O1-CH3 -> Cd3Ga-111-O1-CH3OH (substrate=alloy)

[6400/9762] reaction_id=6400: Cd3Ga-111-O2-CH3 -> Cd3Ga-111-O2-CH3OH (substrate=alloy)

[6401/9762] reaction_id=6401: Cd3Hf-111-O1-CH3 -> Cd3Hf-111-O1-CH3OH (substrate=alloy)

[6402/9762] reaction_id=6402: Cd3Hf-111-O2-CH3 -> Cd3Hf-111-O2-CH3OH (substrate=alloy)

[6403/9762] reaction_id=6403: Cd3In-111-O1-CH3 -> Cd3In-111-O1-CH3OH (substrate=alloy)

[6404/9762] reaction_id=6404: Cd3In-111-O2-CH3 -> Cd3In-111-O2-CH3OH (substrate=alloy)

[6405/9762] reaction_id=6405: Cd3Ir-111-O1-CH3 -> Cd3Ir-111-O1-CH3OH (substrate=alloy)

[6406/9762] reaction_id=6406: Cd3Ir-111-O2-CH3 -> Cd3Ir-111-O2-CH3OH (substrate=alloy)

[6407/9762] reaction_id=6407: Cd3Mn-111-O1-CH3 -> Cd3Mn-111-O1-CH3OH (substrate=alloy)

[6408/9762] reaction_id=6408: Cd3Mn-111-O2-CH3 -> Cd3Mn-111-O2-CH3OH (substrate=alloy)

[6409/9762] reaction_id=6409: Cd3Mo-111-O1-CH3 -> Cd3Mo-111-O1-CH3OH (substrate=alloy)

[6410/9762] reaction_id=6410: Cd3Mo-111-O2-CH3 -> Cd3Mo-111-O2-CH3OH (substrate=alloy)

[6411/9762] reaction_id=6411: Cd3Nb-111-O1-CH3 -> Cd3Nb-111-O1-CH3OH (substrate=alloy)

[6412/9762] reaction_id=6412: Cd3Nb-111-O2-CH3 -> Cd3Nb-111-O2-CH3OH (substrate=alloy)

[6413/9762] reaction_id=6413: Cd3Ni-111-O1-CH3 -> Cd3Ni-111-O1-CH3OH (substrate=alloy)

[6414/9762] reaction_id=6414: Cd3Ni-111-O2-CH3 -> Cd3Ni-111-O2-CH3OH (substrate=alloy)

[6415/9762] reaction_id=6415: Cd3Os-111-O1-CH3 -> Cd3Os-111-O1-CH3OH (substrate=alloy)

[6416/9762] reaction_id=6416: Cd3Os-111-O2-CH3 -> Cd3Os-111-O2-CH3OH (substrate=alloy)

[6417/9762] reaction_id=6417: Cd3Pb-111-O1-CH3 -> Cd3Pb-111-O1-CH3OH (substrate=alloy)

[6418/9762] reaction_id=6418: Cd3Pd-111-O1-CH3 -> Cd3Pd-111-O1-CH3OH (substrate=alloy)

[6419/9762] reaction_id=6419: Cd3Pd-111-O2-CH3 -> Cd3Pd-111-O2-CH3OH (substrate=alloy)

[6420/9762] reaction_id=6420: Cd3Pt-111-O1-CH3 -> Cd3Pt-111-O1-CH3OH (substrate=alloy)

[6421/9762] reaction_id=6421: Cd3Pt-111-O2-CH3 -> Cd3Pt-111-O2-CH3OH (substrate=alloy)

[6422/9762] reaction_id=6422: Cd3Re-111-O1-CH3 -> Cd3Re-111-O1-CH3OH (substrate=alloy)

[6423/9762] reaction_id=6423: Cd3Re-111-O2-CH3 -> Cd3Re-111-O2-CH3OH (substrate=alloy)

[6424/9762] reaction_id=6424: Cd3Rh-111-O1-CH3 -> Cd3Rh-111-O1-CH3OH (substrate=alloy)

[6425/9762] reaction_id=6425: Cd3Rh-111-O2-CH3 -> Cd3Rh-111-O2-CH3OH (substrate=alloy)

[6426/9762] reaction_id=6426: Cd3Ru-111-O1-CH3 -> Cd3Ru-111-O1-CH3OH (substrate=alloy)

[6427/9762] reaction_id=6427: Cd3Ru-111-O2-CH3 -> Cd3Ru-111-O2-CH3OH (substrate=alloy)

[6428/9762] reaction_id=6428: Cd3Sc-111-O1-CH3 -> Cd3Sc-111-O1-CH3OH (substrate=alloy)

[6429/9762] reaction_id=6429: Cd3Sc-111-O2-CH3 -> Cd3Sc-111-O2-CH3OH (substrate=alloy)

[6430/9762] reaction_id=6430: Cd3Sn-111-O1-CH3 -> Cd3Sn-111-O1-CH3OH (substrate=alloy)

[6431/9762] reaction_id=6431: Cd3Sn-111-O2-CH3 -> Cd3Sn-111-O2-CH3OH (substrate=alloy)

[6432/9762] reaction_id=6432: Cd3Ta-111-O1-CH3 -> Cd3Ta-111-O1-CH3OH (substrate=alloy)

[6433/9762] reaction_id=6433: Cd3Ta-111-O2-CH3 -> Cd3Ta-111-O2-CH3OH (substrate=alloy)

[6434/9762] reaction_id=6434: Cd3Tc-111-O1-CH3 -> Cd3Tc-111-O1-CH3OH (substrate=alloy)

[6435/9762] reaction_id=6435: Cd3Tc-111-O2-CH3 -> Cd3Tc-111-O2-CH3OH (substrate=alloy)

[6436/9762] reaction_id=6436: Cd3Ti-111-O1-CH3 -> Cd3Ti-111-O1-CH3OH (substrate=alloy)

[6437/9762] reaction_id=6437: Cd3Ti-111-O2-CH3 -> Cd3Ti-111-O2-CH3OH (substrate=alloy)

[6438/9762] reaction_id=6438: Cd3Tl-111-O2-CH3 -> Cd3Tl-111-O2-CH3OH (substrate=alloy)

[6439/9762] reaction_id=6439: Cd3V-111-O1-CH3 -> Cd3V-111-O1-CH3OH (substrate=alloy)

[6440/9762] reaction_id=6440: Cd3V-111-O2-CH3 -> Cd3V-111-O2-CH3OH (substrate=alloy)

[6441/9762] reaction_id=6441: Cd3W-111-O1-CH3 -> Cd3W-111-O1-CH3OH (substrate=alloy)

[6442/9762] reaction_id=6442: Cd3W-111-O2-CH3 -> Cd3W-111-O2-CH3OH (substrate=alloy)

[6443/9762] reaction_id=6443: Cd3Y-111-O1-CH3 -> Cd3Y-111-O1-CH3OH (substrate=alloy)

[6444/9762] reaction_id=6444: Cd3Y-111-O2-CH3 -> Cd3Y-111-O2-CH3OH (substrate=alloy)

[6445/9762] reaction_id=6445: Cd3Zn-111-O1-CH3 -> Cd3Zn-111-O1-CH3OH (substrate=alloy)

[6446/9762] reaction_id=6446: Cd3Zn-111-O2-CH3 -> Cd3Zn-111-O2-CH3OH (substrate=alloy)

[6447/9762] reaction_id=6447: Cd3Zr-111-O1-CH3 -> Cd3Zr-111-O1-CH3OH (substrate=alloy)

[6448/9762] reaction_id=6448: Cd3Zr-111-O2-CH3 -> Cd3Zr-111-O2-CH3OH (substrate=alloy)

[6449/9762] reaction_id=6449: CdCo3-111-O1-CH3 -> CdCo3-111-O1-CH3OH (substrate=alloy)

[6450/9762] reaction_id=6450: CdCo3-111-O2-CH3 -> CdCo3-111-O2-CH3OH (substrate=alloy)

[6451/9762] reaction_id=6451: CdCr3-111-O1-CH3 -> CdCr3-111-O1-CH3OH (substrate=alloy)

[6452/9762] reaction_id=6452: CdCr3-111-O2-CH3 -> CdCr3-111-O2-CH3OH (substrate=alloy)

[6453/9762] reaction_id=6453: CdCu3-111-O2-CH3 -> CdCu3-111-O2-CH3OH (substrate=alloy)

[6454/9762] reaction_id=6454: CdFe3-111-O1-CH3 -> CdFe3-111-O1-CH3OH (substrate=alloy)

[6455/9762] reaction_id=6455: CdGa3-111-O1-CH3 -> CdGa3-111-O1-CH3OH (substrate=alloy)

[6456/9762] reaction_id=6456: CdGa3-111-O2-CH3 -> CdGa3-111-O2-CH3OH (substrate=alloy)

[6457/9762] reaction_id=6457: CdHf3-111-O1-CH3 -> CdHf3-111-O1-CH3OH (substrate=alloy)

[6458/9762] reaction_id=6458: CdHf3-111-O2-CH3 -> CdHf3-111-O2-CH3OH (substrate=alloy)

[6459/9762] reaction_id=6459: CdIn3-111-O1-CH3 -> CdIn3-111-O1-CH3OH (substrate=alloy)

[6460/9762] reaction_id=6460: CdIn3-111-O2-CH3 -> CdIn3-111-O2-CH3OH (substrate=alloy)

[6461/9762] reaction_id=6461: CdIr3-111-O2-CH3 -> CdIr3-111-O2-CH3OH (substrate=alloy)

[6462/9762] reaction_id=6462: CdMo3-111-O1-CH3 -> CdMo3-111-O1-CH3OH (substrate=alloy)

[6463/9762] reaction_id=6463: CdNb3-111-O2-CH3 -> CdNb3-111-O2-CH3OH (substrate=alloy)

[6464/9762] reaction_id=6464: CdNi3-111-O1-CH3 -> CdNi3-111-O1-CH3OH (substrate=alloy)

[6465/9762] reaction_id=6465: CdNi3-111-O2-CH3 -> CdNi3-111-O2-CH3OH (substrate=alloy)

[6466/9762] reaction_id=6466: CdOs3-111-O1-CH3 -> CdOs3-111-O1-CH3OH (substrate=alloy)

[6467/9762] reaction_id=6467: CdOs3-111-O2-CH3 -> CdOs3-111-O2-CH3OH (substrate=alloy)

[6468/9762] reaction_id=6468: CdPb3-111-O1-CH3 -> CdPb3-111-O1-CH3OH (substrate=alloy)

[6469/9762] reaction_id=6469: CdPb3-111-O2-CH3 -> CdPb3-111-O2-CH3OH (substrate=alloy)

[6470/9762] reaction_id=6470: CdPd3-111-O1-CH3 -> CdPd3-111-O1-CH3OH (substrate=alloy)

[6471/9762] reaction_id=6471: CdPd3-111-O2-CH3 -> CdPd3-111-O2-CH3OH (substrate=alloy)

[6472/9762] reaction_id=6472: CdPt3-111-O2-CH3 -> CdPt3-111-O2-CH3OH (substrate=alloy)

[6473/9762] reaction_id=6473: CdRe3-111-O1-CH3 -> CdRe3-111-O1-CH3OH (substrate=alloy)

[6474/9762] reaction_id=6474: CdRe3-111-O2-CH3 -> CdRe3-111-O2-CH3OH (substrate=alloy)

[6475/9762] reaction_id=6475: CdRh3-111-O1-CH3 -> CdRh3-111-O1-CH3OH (substrate=alloy)

[6476/9762] reaction_id=6476: CdRu3-111-O1-CH3 -> CdRu3-111-O1-CH3OH (substrate=alloy)

[6477/9762] reaction_id=6477: CdSc3-111-O1-CH3 -> CdSc3-111-O1-CH3OH (substrate=alloy)

[6478/9762] reaction_id=6478: CdSc3-111-O2-CH3 -> CdSc3-111-O2-CH3OH (substrate=alloy)

[6479/9762] reaction_id=6479: CdSn3-111-O1-CH3 -> CdSn3-111-O1-CH3OH (substrate=alloy)

[6480/9762] reaction_id=6480: CdSn3-111-O2-CH3 -> CdSn3-111-O2-CH3OH (substrate=alloy)

[6481/9762] reaction_id=6481: CdTa3-111-O1-CH3 -> CdTa3-111-O1-CH3OH (substrate=alloy)

[6482/9762] reaction_id=6482: CdTc3-111-O1-CH3 -> CdTc3-111-O1-CH3OH (substrate=alloy)

[6483/9762] reaction_id=6483: CdTc3-111-O2-CH3 -> CdTc3-111-O2-CH3OH (substrate=alloy)

[6484/9762] reaction_id=6484: CdTi3-111-O1-CH3 -> CdTi3-111-O1-CH3OH (substrate=alloy)

[6485/9762] reaction_id=6485: CdTi3-111-O2-CH3 -> CdTi3-111-O2-CH3OH (substrate=alloy)

[6486/9762] reaction_id=6486: CdTl3-111-O1-CH3 -> CdTl3-111-O1-CH3OH (substrate=alloy)

[6487/9762] reaction_id=6487: CdTl3-111-O2-CH3 -> CdTl3-111-O2-CH3OH (substrate=alloy)

[6488/9762] reaction_id=6488: CdV3-111-O1-CH3 -> CdV3-111-O1-CH3OH (substrate=alloy)

[6489/9762] reaction_id=6489: CdV3-111-O2-CH3 -> CdV3-111-O2-CH3OH (substrate=alloy)

[6490/9762] reaction_id=6490: CdW3-111-O1-CH3 -> CdW3-111-O1-CH3OH (substrate=alloy)

[6491/9762] reaction_id=6491: CdY3-111-O1-CH3 -> CdY3-111-O1-CH3OH (substrate=alloy)

[6492/9762] reaction_id=6492: CdY3-111-O2-CH3 -> CdY3-111-O2-CH3OH (substrate=alloy)

[6493/9762] reaction_id=6493: CdZn3-111-O1-CH3 -> CdZn3-111-O1-CH3OH (substrate=alloy)

[6494/9762] reaction_id=6494: CdZn3-111-O2-CH3 -> CdZn3-111-O2-CH3OH (substrate=alloy)

[6495/9762] reaction_id=6495: CdZr3-111-O1-CH3 -> CdZr3-111-O1-CH3OH (substrate=alloy)

[6496/9762] reaction_id=6496: CdZr3-111-O2-CH3 -> CdZr3-111-O2-CH3OH (substrate=alloy)

[6497/9762] reaction_id=6497: Co2Cr2-111-O1-CH3 -> Co2Cr2-111-O1-CH3OH (substrate=alloy)

[6498/9762] reaction_id=6498: Co2Cr2-111-O2-CH3 -> Co2Cr2-111-O2-CH3OH (substrate=alloy)

[6499/9762] reaction_id=6499: Co2Cu2-111-O1-CH3 -> Co2Cu2-111-O1-CH3OH (substrate=alloy)

[6500/9762] reaction_id=6500: Co2Cu2-111-O2-CH3 -> Co2Cu2-111-O2-CH3OH (substrate=alloy)

[6501/9762] reaction_id=6501: Co2Fe2-111-O1-CH3 -> Co2Fe2-111-O1-CH3OH (substrate=alloy)

[6502/9762] reaction_id=6502: Co2Fe2-111-O2-CH3 -> Co2Fe2-111-O2-CH3OH (substrate=alloy)

[6503/9762] reaction_id=6503: Co2Ga2-111-O1-CH3 -> Co2Ga2-111-O1-CH3OH (substrate=alloy)

[6504/9762] reaction_id=6504: Co2Ga2-111-O2-CH3 -> Co2Ga2-111-O2-CH3OH (substrate=alloy)

[6505/9762] reaction_id=6505: Co2Hf2-111-O1-CH3 -> Co2Hf2-111-O1-CH3OH (substrate=alloy)

[6506/9762] reaction_id=6506: Co2Hf2-111-O2-CH3 -> Co2Hf2-111-O2-CH3OH (substrate=alloy)

[6507/9762] reaction_id=6507: Co2In2-111-O1-CH3 -> Co2In2-111-O1-CH3OH (substrate=alloy)

[6508/9762] reaction_id=6508: Co2In2-111-O2-CH3 -> Co2In2-111-O2-CH3OH (substrate=alloy)

[6509/9762] reaction_id=6509: Co2Ir2-111-O1-CH3 -> Co2Ir2-111-O1-CH3OH (substrate=alloy)

[6510/9762] reaction_id=6510: Co2Ir2-111-O2-CH3 -> Co2Ir2-111-O2-CH3OH (substrate=alloy)

[6511/9762] reaction_id=6511: Co2Mo2-111-O1-CH3 -> Co2Mo2-111-O1-CH3OH (substrate=alloy)

[6512/9762] reaction_id=6512: Co2Mo2-111-O2-CH3 -> Co2Mo2-111-O2-CH3OH (substrate=alloy)

[6513/9762] reaction_id=6513: Co2Ni2-111-O1-CH3 -> Co2Ni2-111-O1-CH3OH (substrate=alloy)

[6514/9762] reaction_id=6514: Co2Ni2-111-O2-CH3 -> Co2Ni2-111-O2-CH3OH (substrate=alloy)

[6515/9762] reaction_id=6515: Co2Os2-111-O1-CH3 -> Co2Os2-111-O1-CH3OH (substrate=alloy)

[6516/9762] reaction_id=6516: Co2Os2-111-O2-CH3 -> Co2Os2-111-O2-CH3OH (substrate=alloy)

[6517/9762] reaction_id=6517: Co2Pb2-111-O1-CH3 -> Co2Pb2-111-O1-CH3OH (substrate=alloy)

[6518/9762] reaction_id=6518: Co2Pb2-111-O2-CH3 -> Co2Pb2-111-O2-CH3OH (substrate=alloy)

[6519/9762] reaction_id=6519: Co2Pd2-111-O1-CH3 -> Co2Pd2-111-O1-CH3OH (substrate=alloy)

[6520/9762] reaction_id=6520: Co2Pd2-111-O2-CH3 -> Co2Pd2-111-O2-CH3OH (substrate=alloy)

[6521/9762] reaction_id=6521: Co2Pt2-111-O1-CH3 -> Co2Pt2-111-O1-CH3OH (substrate=alloy)

[6522/9762] reaction_id=6522: Co2Pt2-111-O2-CH3 -> Co2Pt2-111-O2-CH3OH (substrate=alloy)

[6523/9762] reaction_id=6523: Co2Re2-111-O1-CH3 -> Co2Re2-111-O1-CH3OH (substrate=alloy)

[6524/9762] reaction_id=6524: Co2Re2-111-O2-CH3 -> Co2Re2-111-O2-CH3OH (substrate=alloy)

[6525/9762] reaction_id=6525: Co2Rh2-111-O1-CH3 -> Co2Rh2-111-O1-CH3OH (substrate=alloy)

[6526/9762] reaction_id=6526: Co2Rh2-111-O2-CH3 -> Co2Rh2-111-O2-CH3OH (substrate=alloy)

[6527/9762] reaction_id=6527: Co2Ru2-111-O1-CH3 -> Co2Ru2-111-O1-CH3OH (substrate=alloy)

[6528/9762] reaction_id=6528: Co2Ru2-111-O2-CH3 -> Co2Ru2-111-O2-CH3OH (substrate=alloy)

[6529/9762] reaction_id=6529: Co2Sc2-111-O1-CH3 -> Co2Sc2-111-O1-CH3OH (substrate=alloy)

[6530/9762] reaction_id=6530: Co2Sc2-111-O2-CH3 -> Co2Sc2-111-O2-CH3OH (substrate=alloy)

[6531/9762] reaction_id=6531: Co2Sn2-111-O1-CH3 -> Co2Sn2-111-O1-CH3OH (substrate=alloy)

[6532/9762] reaction_id=6532: Co2Sn2-111-O2-CH3 -> Co2Sn2-111-O2-CH3OH (substrate=alloy)

[6533/9762] reaction_id=6533: Co2Ti2-111-O1-CH3 -> Co2Ti2-111-O1-CH3OH (substrate=alloy)

[6534/9762] reaction_id=6534: Co2Ti2-111-O2-CH3 -> Co2Ti2-111-O2-CH3OH (substrate=alloy)

[6535/9762] reaction_id=6535: Co2Tl2-111-O1-CH3 -> Co2Tl2-111-O1-CH3OH (substrate=alloy)

[6536/9762] reaction_id=6536: Co2Tl2-111-O2-CH3 -> Co2Tl2-111-O2-CH3OH (substrate=alloy)

[6537/9762] reaction_id=6537: Co2V2-111-O1-CH3 -> Co2V2-111-O1-CH3OH (substrate=alloy)

[6538/9762] reaction_id=6538: Co2V2-111-O2-CH3 -> Co2V2-111-O2-CH3OH (substrate=alloy)

[6539/9762] reaction_id=6539: Co2W2-111-O1-CH3 -> Co2W2-111-O1-CH3OH (substrate=alloy)

[6540/9762] reaction_id=6540: Co2W2-111-O2-CH3 -> Co2W2-111-O2-CH3OH (substrate=alloy)

[6541/9762] reaction_id=6541: Co2Y2-111-O1-CH3 -> Co2Y2-111-O1-CH3OH (substrate=alloy)

[6542/9762] reaction_id=6542: Co2Zn2-111-O1-CH3 -> Co2Zn2-111-O1-CH3OH (substrate=alloy)

[6543/9762] reaction_id=6543: Co2Zn2-111-O2-CH3 -> Co2Zn2-111-O2-CH3OH (substrate=alloy)

[6544/9762] reaction_id=6544: Co2Zr2-111-O1-CH3 -> Co2Zr2-111-O1-CH3OH (substrate=alloy)

[6545/9762] reaction_id=6545: Co2Zr2-111-O2-CH3 -> Co2Zr2-111-O2-CH3OH (substrate=alloy)

[6546/9762] reaction_id=6546: Co3Cu-111-O1-CH3 -> Co3Cu-111-O1-CH3OH (substrate=alloy)

[6547/9762] reaction_id=6547: Co3Cu-111-O2-CH3 -> Co3Cu-111-O2-CH3OH (substrate=alloy)

[6548/9762] reaction_id=6548: Co3Fe-111-O1-CH3 -> Co3Fe-111-O1-CH3OH (substrate=alloy)

[6549/9762] reaction_id=6549: Co3Fe-111-O2-CH3 -> Co3Fe-111-O2-CH3OH (substrate=alloy)

[6550/9762] reaction_id=6550: Co3Ga-111-O1-CH3 -> Co3Ga-111-O1-CH3OH (substrate=alloy)

[6551/9762] reaction_id=6551: Co3Ga-111-O2-CH3 -> Co3Ga-111-O2-CH3OH (substrate=alloy)

[6552/9762] reaction_id=6552: Co3Hf-111-O1-CH3 -> Co3Hf-111-O1-CH3OH (substrate=alloy)

[6553/9762] reaction_id=6553: Co3Hf-111-O2-CH3 -> Co3Hf-111-O2-CH3OH (substrate=alloy)

[6554/9762] reaction_id=6554: Co3In-111-O1-CH3 -> Co3In-111-O1-CH3OH (substrate=alloy)

[6555/9762] reaction_id=6555: Co3In-111-O2-CH3 -> Co3In-111-O2-CH3OH (substrate=alloy)

[6556/9762] reaction_id=6556: Co3Ir-111-O1-CH3 -> Co3Ir-111-O1-CH3OH (substrate=alloy)

[6557/9762] reaction_id=6557: Co3Ir-111-O2-CH3 -> Co3Ir-111-O2-CH3OH (substrate=alloy)

[6558/9762] reaction_id=6558: Co3Mo-111-O1-CH3 -> Co3Mo-111-O1-CH3OH (substrate=alloy)

[6559/9762] reaction_id=6559: Co3Mo-111-O2-CH3 -> Co3Mo-111-O2-CH3OH (substrate=alloy)

[6560/9762] reaction_id=6560: Co3Nb-111-O1-CH3 -> Co3Nb-111-O1-CH3OH (substrate=alloy)

[6561/9762] reaction_id=6561: Co3Nb-111-O2-CH3 -> Co3Nb-111-O2-CH3OH (substrate=alloy)

[6562/9762] reaction_id=6562: Co3Ni-111-O1-CH3 -> Co3Ni-111-O1-CH3OH (substrate=alloy)

[6563/9762] reaction_id=6563: Co3Ni-111-O2-CH3 -> Co3Ni-111-O2-CH3OH (substrate=alloy)

[6564/9762] reaction_id=6564: Co3Os-111-O1-CH3 -> Co3Os-111-O1-CH3OH (substrate=alloy)

[6565/9762] reaction_id=6565: Co3Os-111-O2-CH3 -> Co3Os-111-O2-CH3OH (substrate=alloy)

[6566/9762] reaction_id=6566: Co3Pb-111-O1-CH3 -> Co3Pb-111-O1-CH3OH (substrate=alloy)

[6567/9762] reaction_id=6567: Co3Pb-111-O2-CH3 -> Co3Pb-111-O2-CH3OH (substrate=alloy)

[6568/9762] reaction_id=6568: Co3Pd-111-O1-CH3 -> Co3Pd-111-O1-CH3OH (substrate=alloy)

[6569/9762] reaction_id=6569: Co3Pd-111-O2-CH3 -> Co3Pd-111-O2-CH3OH (substrate=alloy)

[6570/9762] reaction_id=6570: Co3Pt-111-O1-CH3 -> Co3Pt-111-O1-CH3OH (substrate=alloy)

[6571/9762] reaction_id=6571: Co3Pt-111-O2-CH3 -> Co3Pt-111-O2-CH3OH (substrate=alloy)

[6572/9762] reaction_id=6572: Co3Re-111-O1-CH3 -> Co3Re-111-O1-CH3OH (substrate=alloy)

[6573/9762] reaction_id=6573: Co3Re-111-O2-CH3 -> Co3Re-111-O2-CH3OH (substrate=alloy)

[6574/9762] reaction_id=6574: Co3Rh-111-O1-CH3 -> Co3Rh-111-O1-CH3OH (substrate=alloy)

[6575/9762] reaction_id=6575: Co3Rh-111-O2-CH3 -> Co3Rh-111-O2-CH3OH (substrate=alloy)

[6576/9762] reaction_id=6576: Co3Ru-111-O1-CH3 -> Co3Ru-111-O1-CH3OH (substrate=alloy)

[6577/9762] reaction_id=6577: Co3Ru-111-O2-CH3 -> Co3Ru-111-O2-CH3OH (substrate=alloy)

[6578/9762] reaction_id=6578: Co3Sc-111-O1-CH3 -> Co3Sc-111-O1-CH3OH (substrate=alloy)

[6579/9762] reaction_id=6579: Co3Sc-111-O2-CH3 -> Co3Sc-111-O2-CH3OH (substrate=alloy)

[6580/9762] reaction_id=6580: Co3Sn-111-O1-CH3 -> Co3Sn-111-O1-CH3OH (substrate=alloy)

[6581/9762] reaction_id=6581: Co3Sn-111-O2-CH3 -> Co3Sn-111-O2-CH3OH (substrate=alloy)

[6582/9762] reaction_id=6582: Co3Ta-111-O1-CH3 -> Co3Ta-111-O1-CH3OH (substrate=alloy)

[6583/9762] reaction_id=6583: Co3Ta-111-O2-CH3 -> Co3Ta-111-O2-CH3OH (substrate=alloy)

[6584/9762] reaction_id=6584: Co3Tc-111-O1-CH3 -> Co3Tc-111-O1-CH3OH (substrate=alloy)

[6585/9762] reaction_id=6585: Co3Tc-111-O2-CH3 -> Co3Tc-111-O2-CH3OH (substrate=alloy)

[6586/9762] reaction_id=6586: Co3Ti-111-O1-CH3 -> Co3Ti-111-O1-CH3OH (substrate=alloy)

[6587/9762] reaction_id=6587: Co3Ti-111-O2-CH3 -> Co3Ti-111-O2-CH3OH (substrate=alloy)

[6588/9762] reaction_id=6588: Co3Tl-111-O1-CH3 -> Co3Tl-111-O1-CH3OH (substrate=alloy)

[6589/9762] reaction_id=6589: Co3Tl-111-O2-CH3 -> Co3Tl-111-O2-CH3OH (substrate=alloy)

[6590/9762] reaction_id=6590: Co3V-111-O1-CH3 -> Co3V-111-O1-CH3OH (substrate=alloy)

[6591/9762] reaction_id=6591: Co3V-111-O2-CH3 -> Co3V-111-O2-CH3OH (substrate=alloy)

[6592/9762] reaction_id=6592: Co3W-111-O1-CH3 -> Co3W-111-O1-CH3OH (substrate=alloy)

[6593/9762] reaction_id=6593: Co3W-111-O2-CH3 -> Co3W-111-O2-CH3OH (substrate=alloy)

[6594/9762] reaction_id=6594: Co3Y-111-O1-CH3 -> Co3Y-111-O1-CH3OH (substrate=alloy)

[6595/9762] reaction_id=6595: Co3Y-111-O2-CH3 -> Co3Y-111-O2-CH3OH (substrate=alloy)

[6596/9762] reaction_id=6596: Co3Zn-111-O1-CH3 -> Co3Zn-111-O1-CH3OH (substrate=alloy)

[6597/9762] reaction_id=6597: Co3Zn-111-O2-CH3 -> Co3Zn-111-O2-CH3OH (substrate=alloy)

[6598/9762] reaction_id=6598: Co3Zr-111-O1-CH3 -> Co3Zr-111-O1-CH3OH (substrate=alloy)

[6599/9762] reaction_id=6599: Co3Zr-111-O2-CH3 -> Co3Zr-111-O2-CH3OH (substrate=alloy)

[6600/9762] reaction_id=6600: CoCr3-111-O1-CH3 -> CoCr3-111-O1-CH3OH (substrate=alloy)

[6601/9762] reaction_id=6601: CoCr3-111-O2-CH3 -> CoCr3-111-O2-CH3OH (substrate=alloy)

[6602/9762] reaction_id=6602: CoCu3-111-O1-CH3 -> CoCu3-111-O1-CH3OH (substrate=alloy)

[6603/9762] reaction_id=6603: CoCu3-111-O2-CH3 -> CoCu3-111-O2-CH3OH (substrate=alloy)

[6604/9762] reaction_id=6604: CoHf3-111-O1-CH3 -> CoHf3-111-O1-CH3OH (substrate=alloy)

[6605/9762] reaction_id=6605: CoHf3-111-O2-CH3 -> CoHf3-111-O2-CH3OH (substrate=alloy)

[6606/9762] reaction_id=6606: CoIn3-111-O1-CH3 -> CoIn3-111-O1-CH3OH (substrate=alloy)

[6607/9762] reaction_id=6607: CoIn3-111-O2-CH3 -> CoIn3-111-O2-CH3OH (substrate=alloy)

[6608/9762] reaction_id=6608: CoIr3-111-O1-CH3 -> CoIr3-111-O1-CH3OH (substrate=alloy)

[6609/9762] reaction_id=6609: CoIr3-111-O2-CH3 -> CoIr3-111-O2-CH3OH (substrate=alloy)

[6610/9762] reaction_id=6610: CoMn3-111-O1-CH3 -> CoMn3-111-O1-CH3OH (substrate=alloy)

[6611/9762] reaction_id=6611: CoMn3-111-O2-CH3 -> CoMn3-111-O2-CH3OH (substrate=alloy)

[6612/9762] reaction_id=6612: CoMo3-111-O1-CH3 -> CoMo3-111-O1-CH3OH (substrate=alloy)

[6613/9762] reaction_id=6613: CoMo3-111-O2-CH3 -> CoMo3-111-O2-CH3OH (substrate=alloy)

[6614/9762] reaction_id=6614: CoNb3-111-O1-CH3 -> CoNb3-111-O1-CH3OH (substrate=alloy)

[6615/9762] reaction_id=6615: CoNb3-111-O2-CH3 -> CoNb3-111-O2-CH3OH (substrate=alloy)

[6616/9762] reaction_id=6616: CoNi3-111-O1-CH3 -> CoNi3-111-O1-CH3OH (substrate=alloy)

[6617/9762] reaction_id=6617: CoNi3-111-O2-CH3 -> CoNi3-111-O2-CH3OH (substrate=alloy)

[6618/9762] reaction_id=6618: CoOs3-111-O1-CH3 -> CoOs3-111-O1-CH3OH (substrate=alloy)

[6619/9762] reaction_id=6619: CoOs3-111-O2-CH3 -> CoOs3-111-O2-CH3OH (substrate=alloy)

[6620/9762] reaction_id=6620: CoPd3-111-O1-CH3 -> CoPd3-111-O1-CH3OH (substrate=alloy)

[6621/9762] reaction_id=6621: CoPd3-111-O2-CH3 -> CoPd3-111-O2-CH3OH (substrate=alloy)

[6622/9762] reaction_id=6622: CoRe3-111-O1-CH3 -> CoRe3-111-O1-CH3OH (substrate=alloy)

[6623/9762] reaction_id=6623: CoRe3-111-O2-CH3 -> CoRe3-111-O2-CH3OH (substrate=alloy)

[6624/9762] reaction_id=6624: CoRu3-111-O1-CH3 -> CoRu3-111-O1-CH3OH (substrate=alloy)

[6625/9762] reaction_id=6625: CoRu3-111-O2-CH3 -> CoRu3-111-O2-CH3OH (substrate=alloy)

[6626/9762] reaction_id=6626: CoSn3-111-O1-CH3 -> CoSn3-111-O1-CH3OH (substrate=alloy)

[6627/9762] reaction_id=6627: CoSn3-111-O2-CH3 -> CoSn3-111-O2-CH3OH (substrate=alloy)

[6628/9762] reaction_id=6628: CoTc3-111-O1-CH3 -> CoTc3-111-O1-CH3OH (substrate=alloy)

[6629/9762] reaction_id=6629: CoTc3-111-O2-CH3 -> CoTc3-111-O2-CH3OH (substrate=alloy)

[6630/9762] reaction_id=6630: CoTi3-111-O1-CH3 -> CoTi3-111-O1-CH3OH (substrate=alloy)

[6631/9762] reaction_id=6631: CoTi3-111-O2-CH3 -> CoTi3-111-O2-CH3OH (substrate=alloy)

[6632/9762] reaction_id=6632: CoV3-111-O1-CH3 -> CoV3-111-O1-CH3OH (substrate=alloy)

[6633/9762] reaction_id=6633: CoV3-111-O2-CH3 -> CoV3-111-O2-CH3OH (substrate=alloy)

[6634/9762] reaction_id=6634: CoW3-111-O1-CH3 -> CoW3-111-O1-CH3OH (substrate=alloy)

[6635/9762] reaction_id=6635: CoW3-111-O2-CH3 -> CoW3-111-O2-CH3OH (substrate=alloy)

[6636/9762] reaction_id=6636: CoZn3-111-O1-CH3 -> CoZn3-111-O1-CH3OH (substrate=alloy)

[6637/9762] reaction_id=6637: CoZn3-111-O2-CH3 -> CoZn3-111-O2-CH3OH (substrate=alloy)

[6638/9762] reaction_id=6638: CoZr3-111-O1-CH3 -> CoZr3-111-O1-CH3OH (substrate=alloy)

[6639/9762] reaction_id=6639: CoZr3-111-O2-CH3 -> CoZr3-111-O2-CH3OH (substrate=alloy)

[6640/9762] reaction_id=6640: Cr2Cu2-111-O1-CH3 -> Cr2Cu2-111-O1-CH3OH (substrate=alloy)

[6641/9762] reaction_id=6641: Cr2Cu2-111-O2-CH3 -> Cr2Cu2-111-O2-CH3OH (substrate=alloy)

[6642/9762] reaction_id=6642: Cr2Fe2-111-O1-CH3 -> Cr2Fe2-111-O1-CH3OH (substrate=alloy)

[6643/9762] reaction_id=6643: Cr2Fe2-111-O2-CH3 -> Cr2Fe2-111-O2-CH3OH (substrate=alloy)

[6644/9762] reaction_id=6644: Cr2Ga2-111-O1-CH3 -> Cr2Ga2-111-O1-CH3OH (substrate=alloy)

[6645/9762] reaction_id=6645: Cr2Ga2-111-O2-CH3 -> Cr2Ga2-111-O2-CH3OH (substrate=alloy)

[6646/9762] reaction_id=6646: Cr2Hf2-111-O1-CH3 -> Cr2Hf2-111-O1-CH3OH (substrate=alloy)

[6647/9762] reaction_id=6647: Cr2Hf2-111-O2-CH3 -> Cr2Hf2-111-O2-CH3OH (substrate=alloy)

[6648/9762] reaction_id=6648: Cr2In2-111-O1-CH3 -> Cr2In2-111-O1-CH3OH (substrate=alloy)

[6649/9762] reaction_id=6649: Cr2In2-111-O2-CH3 -> Cr2In2-111-O2-CH3OH (substrate=alloy)

[6650/9762] reaction_id=6650: Cr2Ir2-111-O1-CH3 -> Cr2Ir2-111-O1-CH3OH (substrate=alloy)

[6651/9762] reaction_id=6651: Cr2Ir2-111-O2-CH3 -> Cr2Ir2-111-O2-CH3OH (substrate=alloy)

[6652/9762] reaction_id=6652: Cr2Mn2-111-O1-CH3 -> Cr2Mn2-111-O1-CH3OH (substrate=alloy)

[6653/9762] reaction_id=6653: Cr2Mn2-111-O2-CH3 -> Cr2Mn2-111-O2-CH3OH (substrate=alloy)

[6654/9762] reaction_id=6654: Cr2Mo2-111-O1-CH3 -> Cr2Mo2-111-O1-CH3OH (substrate=alloy)

[6655/9762] reaction_id=6655: Cr2Mo2-111-O2-CH3 -> Cr2Mo2-111-O2-CH3OH (substrate=alloy)

[6656/9762] reaction_id=6656: Cr2Nb2-111-O2-CH3 -> Cr2Nb2-111-O2-CH3OH (substrate=alloy)

[6657/9762] reaction_id=6657: Cr2Ni2-111-O1-CH3 -> Cr2Ni2-111-O1-CH3OH (substrate=alloy)

[6658/9762] reaction_id=6658: Cr2Ni2-111-O2-CH3 -> Cr2Ni2-111-O2-CH3OH (substrate=alloy)

[6659/9762] reaction_id=6659: Cr2Os2-111-O1-CH3 -> Cr2Os2-111-O1-CH3OH (substrate=alloy)

[6660/9762] reaction_id=6660: Cr2Os2-111-O2-CH3 -> Cr2Os2-111-O2-CH3OH (substrate=alloy)

[6661/9762] reaction_id=6661: Cr2Pb2-111-O1-CH3 -> Cr2Pb2-111-O1-CH3OH (substrate=alloy)

[6662/9762] reaction_id=6662: Cr2Pb2-111-O2-CH3 -> Cr2Pb2-111-O2-CH3OH (substrate=alloy)

[6663/9762] reaction_id=6663: Cr2Pd2-111-O1-CH3 -> Cr2Pd2-111-O1-CH3OH (substrate=alloy)

[6664/9762] reaction_id=6664: Cr2Pd2-111-O2-CH3 -> Cr2Pd2-111-O2-CH3OH (substrate=alloy)

[6665/9762] reaction_id=6665: Cr2Pt2-111-O1-CH3 -> Cr2Pt2-111-O1-CH3OH (substrate=alloy)

[6666/9762] reaction_id=6666: Cr2Pt2-111-O2-CH3 -> Cr2Pt2-111-O2-CH3OH (substrate=alloy)

[6667/9762] reaction_id=6667: Cr2Re2-111-O1-CH3 -> Cr2Re2-111-O1-CH3OH (substrate=alloy)

[6668/9762] reaction_id=6668: Cr2Re2-111-O2-CH3 -> Cr2Re2-111-O2-CH3OH (substrate=alloy)

[6669/9762] reaction_id=6669: Cr2Rh2-111-O2-CH3 -> Cr2Rh2-111-O2-CH3OH (substrate=alloy)

[6670/9762] reaction_id=6670: Cr2Ru2-111-O2-CH3 -> Cr2Ru2-111-O2-CH3OH (substrate=alloy)

[6671/9762] reaction_id=6671: Cr2Sc2-111-O1-CH3 -> Cr2Sc2-111-O1-CH3OH (substrate=alloy)

[6672/9762] reaction_id=6672: Cr2Sc2-111-O2-CH3 -> Cr2Sc2-111-O2-CH3OH (substrate=alloy)

[6673/9762] reaction_id=6673: Cr2Sn2-111-O2-CH3 -> Cr2Sn2-111-O2-CH3OH (substrate=alloy)

[6674/9762] reaction_id=6674: Cr2Ta2-111-O2-CH3 -> Cr2Ta2-111-O2-CH3OH (substrate=alloy)

[6675/9762] reaction_id=6675: Cr2Tc2-111-O2-CH3 -> Cr2Tc2-111-O2-CH3OH (substrate=alloy)

[6676/9762] reaction_id=6676: Cr2Ti2-111-O2-CH3 -> Cr2Ti2-111-O2-CH3OH (substrate=alloy)

[6677/9762] reaction_id=6677: Cr2Tl2-111-O1-CH3 -> Cr2Tl2-111-O1-CH3OH (substrate=alloy)

[6678/9762] reaction_id=6678: Cr2Tl2-111-O2-CH3 -> Cr2Tl2-111-O2-CH3OH (substrate=alloy)

[6679/9762] reaction_id=6679: Cr2V2-111-O1-CH3 -> Cr2V2-111-O1-CH3OH (substrate=alloy)

[6680/9762] reaction_id=6680: Cr2W2-111-O1-CH3 -> Cr2W2-111-O1-CH3OH (substrate=alloy)

[6681/9762] reaction_id=6681: Cr2Y2-111-O1-CH3 -> Cr2Y2-111-O1-CH3OH (substrate=alloy)

[6682/9762] reaction_id=6682: Cr2Y2-111-O2-CH3 -> Cr2Y2-111-O2-CH3OH (substrate=alloy)

[6683/9762] reaction_id=6683: Cr2Zn2-111-O1-CH3 -> Cr2Zn2-111-O1-CH3OH (substrate=alloy)

[6684/9762] reaction_id=6684: Cr2Zn2-111-O2-CH3 -> Cr2Zn2-111-O2-CH3OH (substrate=alloy)

[6685/9762] reaction_id=6685: Cr2Zr2-111-O2-CH3 -> Cr2Zr2-111-O2-CH3OH (substrate=alloy)

[6686/9762] reaction_id=6686: Cr3Cu-111-O1-CH3 -> Cr3Cu-111-O1-CH3OH (substrate=alloy)

[6687/9762] reaction_id=6687: Cr3Cu-111-O2-CH3 -> Cr3Cu-111-O2-CH3OH (substrate=alloy)

[6688/9762] reaction_id=6688: Cr3Ga-111-O1-CH3 -> Cr3Ga-111-O1-CH3OH (substrate=alloy)

[6689/9762] reaction_id=6689: Cr3Ga-111-O2-CH3 -> Cr3Ga-111-O2-CH3OH (substrate=alloy)

[6690/9762] reaction_id=6690: Cr3Hf-111-O1-CH3 -> Cr3Hf-111-O1-CH3OH (substrate=alloy)

[6691/9762] reaction_id=6691: Cr3Hf-111-O2-CH3 -> Cr3Hf-111-O2-CH3OH (substrate=alloy)

[6692/9762] reaction_id=6692: Cr3In-111-O1-CH3 -> Cr3In-111-O1-CH3OH (substrate=alloy)

[6693/9762] reaction_id=6693: Cr3In-111-O2-CH3 -> Cr3In-111-O2-CH3OH (substrate=alloy)

[6694/9762] reaction_id=6694: Cr3Ir-111-O1-CH3 -> Cr3Ir-111-O1-CH3OH (substrate=alloy)

[6695/9762] reaction_id=6695: Cr3Ir-111-O2-CH3 -> Cr3Ir-111-O2-CH3OH (substrate=alloy)

[6696/9762] reaction_id=6696: Cr3Mo-111-O1-CH3 -> Cr3Mo-111-O1-CH3OH (substrate=alloy)

[6697/9762] reaction_id=6697: Cr3Mo-111-O2-CH3 -> Cr3Mo-111-O2-CH3OH (substrate=alloy)

[6698/9762] reaction_id=6698: Cr3Nb-111-O1-CH3 -> Cr3Nb-111-O1-CH3OH (substrate=alloy)

[6699/9762] reaction_id=6699: Cr3Nb-111-O2-CH3 -> Cr3Nb-111-O2-CH3OH (substrate=alloy)

[6700/9762] reaction_id=6700: Cr3Os-111-O1-CH3 -> Cr3Os-111-O1-CH3OH (substrate=alloy)

[6701/9762] reaction_id=6701: Cr3Os-111-O2-CH3 -> Cr3Os-111-O2-CH3OH (substrate=alloy)

[6702/9762] reaction_id=6702: Cr3Pb-111-O1-CH3 -> Cr3Pb-111-O1-CH3OH (substrate=alloy)

[6703/9762] reaction_id=6703: Cr3Pb-111-O2-CH3 -> Cr3Pb-111-O2-CH3OH (substrate=alloy)

[6704/9762] reaction_id=6704: Cr3Pd-111-O1-CH3 -> Cr3Pd-111-O1-CH3OH (substrate=alloy)

[6705/9762] reaction_id=6705: Cr3Pd-111-O2-CH3 -> Cr3Pd-111-O2-CH3OH (substrate=alloy)

[6706/9762] reaction_id=6706: Cr3Pt-111-O1-CH3 -> Cr3Pt-111-O1-CH3OH (substrate=alloy)

[6707/9762] reaction_id=6707: Cr3Pt-111-O2-CH3 -> Cr3Pt-111-O2-CH3OH (substrate=alloy)

[6708/9762] reaction_id=6708: Cr3Re-111-O1-CH3 -> Cr3Re-111-O1-CH3OH (substrate=alloy)

[6709/9762] reaction_id=6709: Cr3Re-111-O2-CH3 -> Cr3Re-111-O2-CH3OH (substrate=alloy)

[6710/9762] reaction_id=6710: Cr3Rh-111-O1-CH3 -> Cr3Rh-111-O1-CH3OH (substrate=alloy)

[6711/9762] reaction_id=6711: Cr3Rh-111-O2-CH3 -> Cr3Rh-111-O2-CH3OH (substrate=alloy)

[6712/9762] reaction_id=6712: Cr3Ru-111-O1-CH3 -> Cr3Ru-111-O1-CH3OH (substrate=alloy)

[6713/9762] reaction_id=6713: Cr3Ru-111-O2-CH3 -> Cr3Ru-111-O2-CH3OH (substrate=alloy)

[6714/9762] reaction_id=6714: Cr3Sc-111-O1-CH3 -> Cr3Sc-111-O1-CH3OH (substrate=alloy)

[6715/9762] reaction_id=6715: Cr3Sc-111-O2-CH3 -> Cr3Sc-111-O2-CH3OH (substrate=alloy)

[6716/9762] reaction_id=6716: Cr3Sn-111-O1-CH3 -> Cr3Sn-111-O1-CH3OH (substrate=alloy)

[6717/9762] reaction_id=6717: Cr3Sn-111-O2-CH3 -> Cr3Sn-111-O2-CH3OH (substrate=alloy)

[6718/9762] reaction_id=6718: Cr3Ta-111-O1-CH3 -> Cr3Ta-111-O1-CH3OH (substrate=alloy)

[6719/9762] reaction_id=6719: Cr3Ta-111-O2-CH3 -> Cr3Ta-111-O2-CH3OH (substrate=alloy)

[6720/9762] reaction_id=6720: Cr3Tc-111-O1-CH3 -> Cr3Tc-111-O1-CH3OH (substrate=alloy)

[6721/9762] reaction_id=6721: Cr3Tc-111-O2-CH3 -> Cr3Tc-111-O2-CH3OH (substrate=alloy)

[6722/9762] reaction_id=6722: Cr3Ti-111-O1-CH3 -> Cr3Ti-111-O1-CH3OH (substrate=alloy)

[6723/9762] reaction_id=6723: Cr3Ti-111-O2-CH3 -> Cr3Ti-111-O2-CH3OH (substrate=alloy)

[6724/9762] reaction_id=6724: Cr3Tl-111-O1-CH3 -> Cr3Tl-111-O1-CH3OH (substrate=alloy)

[6725/9762] reaction_id=6725: Cr3Tl-111-O2-CH3 -> Cr3Tl-111-O2-CH3OH (substrate=alloy)

[6726/9762] reaction_id=6726: Cr3V-111-O1-CH3 -> Cr3V-111-O1-CH3OH (substrate=alloy)

[6727/9762] reaction_id=6727: Cr3V-111-O2-CH3 -> Cr3V-111-O2-CH3OH (substrate=alloy)

[6728/9762] reaction_id=6728: Cr3W-111-O1-CH3 -> Cr3W-111-O1-CH3OH (substrate=alloy)

[6729/9762] reaction_id=6729: Cr3W-111-O2-CH3 -> Cr3W-111-O2-CH3OH (substrate=alloy)

[6730/9762] reaction_id=6730: Cr3Y-111-O1-CH3 -> Cr3Y-111-O1-CH3OH (substrate=alloy)

[6731/9762] reaction_id=6731: Cr3Y-111-O2-CH3 -> Cr3Y-111-O2-CH3OH (substrate=alloy)

[6732/9762] reaction_id=6732: Cr3Zn-111-O1-CH3 -> Cr3Zn-111-O1-CH3OH (substrate=alloy)

[6733/9762] reaction_id=6733: Cr3Zn-111-O2-CH3 -> Cr3Zn-111-O2-CH3OH (substrate=alloy)

[6734/9762] reaction_id=6734: Cr3Zr-111-O1-CH3 -> Cr3Zr-111-O1-CH3OH (substrate=alloy)

[6735/9762] reaction_id=6735: Cr3Zr-111-O2-CH3 -> Cr3Zr-111-O2-CH3OH (substrate=alloy)

[6736/9762] reaction_id=6736: CrCu3-111-O1-CH3 -> CrCu3-111-O1-CH3OH (substrate=alloy)

[6737/9762] reaction_id=6737: CrCu3-111-O2-CH3 -> CrCu3-111-O2-CH3OH (substrate=alloy)

[6738/9762] reaction_id=6738: CrGa3-111-O1-CH3 -> CrGa3-111-O1-CH3OH (substrate=alloy)

[6739/9762] reaction_id=6739: CrGa3-111-O2-CH3 -> CrGa3-111-O2-CH3OH (substrate=alloy)

[6740/9762] reaction_id=6740: CrHf3-111-O1-CH3 -> CrHf3-111-O1-CH3OH (substrate=alloy)

[6741/9762] reaction_id=6741: CrHf3-111-O2-CH3 -> CrHf3-111-O2-CH3OH (substrate=alloy)

[6742/9762] reaction_id=6742: CrIn3-111-O1-CH3 -> CrIn3-111-O1-CH3OH (substrate=alloy)

[6743/9762] reaction_id=6743: CrIn3-111-O2-CH3 -> CrIn3-111-O2-CH3OH (substrate=alloy)

[6744/9762] reaction_id=6744: CrIr3-111-O1-CH3 -> CrIr3-111-O1-CH3OH (substrate=alloy)

[6745/9762] reaction_id=6745: CrIr3-111-O2-CH3 -> CrIr3-111-O2-CH3OH (substrate=alloy)

[6746/9762] reaction_id=6746: CrMo3-111-O1-CH3 -> CrMo3-111-O1-CH3OH (substrate=alloy)

[6747/9762] reaction_id=6747: CrMo3-111-O2-CH3 -> CrMo3-111-O2-CH3OH (substrate=alloy)

[6748/9762] reaction_id=6748: CrNb3-111-O1-CH3 -> CrNb3-111-O1-CH3OH (substrate=alloy)

[6749/9762] reaction_id=6749: CrNb3-111-O2-CH3 -> CrNb3-111-O2-CH3OH (substrate=alloy)

[6750/9762] reaction_id=6750: CrNi3-111-O1-CH3 -> CrNi3-111-O1-CH3OH (substrate=alloy)

[6751/9762] reaction_id=6751: CrNi3-111-O2-CH3 -> CrNi3-111-O2-CH3OH (substrate=alloy)

[6752/9762] reaction_id=6752: CrOs3-111-O1-CH3 -> CrOs3-111-O1-CH3OH (substrate=alloy)

[6753/9762] reaction_id=6753: CrOs3-111-O2-CH3 -> CrOs3-111-O2-CH3OH (substrate=alloy)

[6754/9762] reaction_id=6754: CrPb3-111-O1-CH3 -> CrPb3-111-O1-CH3OH (substrate=alloy)

[6755/9762] reaction_id=6755: CrPb3-111-O2-CH3 -> CrPb3-111-O2-CH3OH (substrate=alloy)

[6756/9762] reaction_id=6756: CrPd3-111-O1-CH3 -> CrPd3-111-O1-CH3OH (substrate=alloy)

[6757/9762] reaction_id=6757: CrPd3-111-O2-CH3 -> CrPd3-111-O2-CH3OH (substrate=alloy)

[6758/9762] reaction_id=6758: CrPt3-111-O1-CH3 -> CrPt3-111-O1-CH3OH (substrate=alloy)

[6759/9762] reaction_id=6759: CrPt3-111-O2-CH3 -> CrPt3-111-O2-CH3OH (substrate=alloy)

[6760/9762] reaction_id=6760: CrRe3-111-O1-CH3 -> CrRe3-111-O1-CH3OH (substrate=alloy)

[6761/9762] reaction_id=6761: CrRe3-111-O2-CH3 -> CrRe3-111-O2-CH3OH (substrate=alloy)

[6762/9762] reaction_id=6762: CrRh3-111-O1-CH3 -> CrRh3-111-O1-CH3OH (substrate=alloy)

[6763/9762] reaction_id=6763: CrRh3-111-O2-CH3 -> CrRh3-111-O2-CH3OH (substrate=alloy)

[6764/9762] reaction_id=6764: CrRu3-111-O1-CH3 -> CrRu3-111-O1-CH3OH (substrate=alloy)

[6765/9762] reaction_id=6765: CrRu3-111-O2-CH3 -> CrRu3-111-O2-CH3OH (substrate=alloy)

[6766/9762] reaction_id=6766: CrSc3-111-O1-CH3 -> CrSc3-111-O1-CH3OH (substrate=alloy)

[6767/9762] reaction_id=6767: CrSc3-111-O2-CH3 -> CrSc3-111-O2-CH3OH (substrate=alloy)

[6768/9762] reaction_id=6768: CrSn3-111-O1-CH3 -> CrSn3-111-O1-CH3OH (substrate=alloy)

[6769/9762] reaction_id=6769: CrSn3-111-O2-CH3 -> CrSn3-111-O2-CH3OH (substrate=alloy)

[6770/9762] reaction_id=6770: CrTa3-111-O1-CH3 -> CrTa3-111-O1-CH3OH (substrate=alloy)

[6771/9762] reaction_id=6771: CrTa3-111-O2-CH3 -> CrTa3-111-O2-CH3OH (substrate=alloy)

[6772/9762] reaction_id=6772: CrTc3-111-O1-CH3 -> CrTc3-111-O1-CH3OH (substrate=alloy)

[6773/9762] reaction_id=6773: CrTc3-111-O2-CH3 -> CrTc3-111-O2-CH3OH (substrate=alloy)

[6774/9762] reaction_id=6774: CrTi3-111-O1-CH3 -> CrTi3-111-O1-CH3OH (substrate=alloy)

[6775/9762] reaction_id=6775: CrTi3-111-O2-CH3 -> CrTi3-111-O2-CH3OH (substrate=alloy)

[6776/9762] reaction_id=6776: CrTl3-111-O1-CH3 -> CrTl3-111-O1-CH3OH (substrate=alloy)

[6777/9762] reaction_id=6777: CrTl3-111-O2-CH3 -> CrTl3-111-O2-CH3OH (substrate=alloy)

[6778/9762] reaction_id=6778: CrV3-111-O1-CH3 -> CrV3-111-O1-CH3OH (substrate=alloy)

[6779/9762] reaction_id=6779: CrV3-111-O2-CH3 -> CrV3-111-O2-CH3OH (substrate=alloy)

[6780/9762] reaction_id=6780: CrW3-111-O1-CH3 -> CrW3-111-O1-CH3OH (substrate=alloy)

[6781/9762] reaction_id=6781: CrW3-111-O2-CH3 -> CrW3-111-O2-CH3OH (substrate=alloy)

[6782/9762] reaction_id=6782: CrY3-111-O1-CH3 -> CrY3-111-O1-CH3OH (substrate=alloy)

[6783/9762] reaction_id=6783: CrY3-111-O2-CH3 -> CrY3-111-O2-CH3OH (substrate=alloy)

[6784/9762] reaction_id=6784: CrZn3-111-O1-CH3 -> CrZn3-111-O1-CH3OH (substrate=alloy)

[6785/9762] reaction_id=6785: CrZn3-111-O2-CH3 -> CrZn3-111-O2-CH3OH (substrate=alloy)

[6786/9762] reaction_id=6786: CrZr3-111-O1-CH3 -> CrZr3-111-O1-CH3OH (substrate=alloy)

[6787/9762] reaction_id=6787: CrZr3-111-O2-CH3 -> CrZr3-111-O2-CH3OH (substrate=alloy)

[6788/9762] reaction_id=6788: Cu2Fe2-111-O1-CH3 -> Cu2Fe2-111-O1-CH3OH (substrate=alloy)

[6789/9762] reaction_id=6789: Cu2Fe2-111-O2-CH3 -> Cu2Fe2-111-O2-CH3OH (substrate=alloy)

[6790/9762] reaction_id=6790: Cu2Ga2-111-O1-CH3 -> Cu2Ga2-111-O1-CH3OH (substrate=alloy)

[6791/9762] reaction_id=6791: Cu2Ga2-111-O2-CH3 -> Cu2Ga2-111-O2-CH3OH (substrate=alloy)

[6792/9762] reaction_id=6792: Cu2Hf2-111-O1-CH3 -> Cu2Hf2-111-O1-CH3OH (substrate=alloy)

[6793/9762] reaction_id=6793: Cu2Hf2-111-O2-CH3 -> Cu2Hf2-111-O2-CH3OH (substrate=alloy)

[6794/9762] reaction_id=6794: Cu2In2-111-O1-CH3 -> Cu2In2-111-O1-CH3OH (substrate=alloy)

[6795/9762] reaction_id=6795: Cu2In2-111-O2-CH3 -> Cu2In2-111-O2-CH3OH (substrate=alloy)

[6796/9762] reaction_id=6796: Cu2Ir2-111-O1-CH3 -> Cu2Ir2-111-O1-CH3OH (substrate=alloy)

[6797/9762] reaction_id=6797: Cu2Ir2-111-O2-CH3 -> Cu2Ir2-111-O2-CH3OH (substrate=alloy)

[6798/9762] reaction_id=6798: Cu2Mn2-111-O1-CH3 -> Cu2Mn2-111-O1-CH3OH (substrate=alloy)

[6799/9762] reaction_id=6799: Cu2Mn2-111-O2-CH3 -> Cu2Mn2-111-O2-CH3OH (substrate=alloy)

[6800/9762] reaction_id=6800: Cu2Mo2-111-O1-CH3 -> Cu2Mo2-111-O1-CH3OH (substrate=alloy)

[6801/9762] reaction_id=6801: Cu2Mo2-111-O2-CH3 -> Cu2Mo2-111-O2-CH3OH (substrate=alloy)

[6802/9762] reaction_id=6802: Cu2Nb2-111-O1-CH3 -> Cu2Nb2-111-O1-CH3OH (substrate=alloy)

[6803/9762] reaction_id=6803: Cu2Nb2-111-O2-CH3 -> Cu2Nb2-111-O2-CH3OH (substrate=alloy)

[6804/9762] reaction_id=6804: Cu2Ni2-111-O1-CH3 -> Cu2Ni2-111-O1-CH3OH (substrate=alloy)

[6805/9762] reaction_id=6805: Cu2Ni2-111-O2-CH3 -> Cu2Ni2-111-O2-CH3OH (substrate=alloy)

[6806/9762] reaction_id=6806: Cu2Os2-111-O1-CH3 -> Cu2Os2-111-O1-CH3OH (substrate=alloy)

[6807/9762] reaction_id=6807: Cu2Os2-111-O2-CH3 -> Cu2Os2-111-O2-CH3OH (substrate=alloy)

[6808/9762] reaction_id=6808: Cu2Pb2-111-O1-CH3 -> Cu2Pb2-111-O1-CH3OH (substrate=alloy)

[6809/9762] reaction_id=6809: Cu2Pb2-111-O2-CH3 -> Cu2Pb2-111-O2-CH3OH (substrate=alloy)

[6810/9762] reaction_id=6810: Cu2Pd2-111-O1-CH3 -> Cu2Pd2-111-O1-CH3OH (substrate=alloy)

[6811/9762] reaction_id=6811: Cu2Pd2-111-O2-CH3 -> Cu2Pd2-111-O2-CH3OH (substrate=alloy)

[6812/9762] reaction_id=6812: Cu2Pt2-111-O1-CH3 -> Cu2Pt2-111-O1-CH3OH (substrate=alloy)

[6813/9762] reaction_id=6813: Cu2Pt2-111-O2-CH3 -> Cu2Pt2-111-O2-CH3OH (substrate=alloy)

[6814/9762] reaction_id=6814: Cu2Re2-111-O1-CH3 -> Cu2Re2-111-O1-CH3OH (substrate=alloy)

[6815/9762] reaction_id=6815: Cu2Re2-111-O2-CH3 -> Cu2Re2-111-O2-CH3OH (substrate=alloy)

[6816/9762] reaction_id=6816: Cu2Rh2-111-O1-CH3 -> Cu2Rh2-111-O1-CH3OH (substrate=alloy)

[6817/9762] reaction_id=6817: Cu2Rh2-111-O2-CH3 -> Cu2Rh2-111-O2-CH3OH (substrate=alloy)

[6818/9762] reaction_id=6818: Cu2Ru2-111-O1-CH3 -> Cu2Ru2-111-O1-CH3OH (substrate=alloy)

[6819/9762] reaction_id=6819: Cu2Ru2-111-O2-CH3 -> Cu2Ru2-111-O2-CH3OH (substrate=alloy)

[6820/9762] reaction_id=6820: Cu2Sc2-111-O1-CH3 -> Cu2Sc2-111-O1-CH3OH (substrate=alloy)

[6821/9762] reaction_id=6821: Cu2Sc2-111-O2-CH3 -> Cu2Sc2-111-O2-CH3OH (substrate=alloy)

[6822/9762] reaction_id=6822: Cu2Sn2-111-O1-CH3 -> Cu2Sn2-111-O1-CH3OH (substrate=alloy)

[6823/9762] reaction_id=6823: Cu2Sn2-111-O2-CH3 -> Cu2Sn2-111-O2-CH3OH (substrate=alloy)

[6824/9762] reaction_id=6824: Cu2Ta2-111-O1-CH3 -> Cu2Ta2-111-O1-CH3OH (substrate=alloy)

[6825/9762] reaction_id=6825: Cu2Ta2-111-O2-CH3 -> Cu2Ta2-111-O2-CH3OH (substrate=alloy)

[6826/9762] reaction_id=6826: Cu2Tc2-111-O1-CH3 -> Cu2Tc2-111-O1-CH3OH (substrate=alloy)

[6827/9762] reaction_id=6827: Cu2Tc2-111-O2-CH3 -> Cu2Tc2-111-O2-CH3OH (substrate=alloy)

[6828/9762] reaction_id=6828: Cu2Ti2-111-O1-CH3 -> Cu2Ti2-111-O1-CH3OH (substrate=alloy)

[6829/9762] reaction_id=6829: Cu2Ti2-111-O2-CH3 -> Cu2Ti2-111-O2-CH3OH (substrate=alloy)

[6830/9762] reaction_id=6830: Cu2Tl2-111-O1-CH3 -> Cu2Tl2-111-O1-CH3OH (substrate=alloy)

[6831/9762] reaction_id=6831: Cu2Tl2-111-O2-CH3 -> Cu2Tl2-111-O2-CH3OH (substrate=alloy)

[6832/9762] reaction_id=6832: Cu2V2-111-O1-CH3 -> Cu2V2-111-O1-CH3OH (substrate=alloy)

[6833/9762] reaction_id=6833: Cu2V2-111-O2-CH3 -> Cu2V2-111-O2-CH3OH (substrate=alloy)

[6834/9762] reaction_id=6834: Cu2W2-111-O1-CH3 -> Cu2W2-111-O1-CH3OH (substrate=alloy)

[6835/9762] reaction_id=6835: Cu2W2-111-O2-CH3 -> Cu2W2-111-O2-CH3OH (substrate=alloy)

[6836/9762] reaction_id=6836: Cu2Y2-111-O1-CH3 -> Cu2Y2-111-O1-CH3OH (substrate=alloy)

[6837/9762] reaction_id=6837: Cu2Y2-111-O2-CH3 -> Cu2Y2-111-O2-CH3OH (substrate=alloy)

[6838/9762] reaction_id=6838: Cu2Zn2-111-O1-CH3 -> Cu2Zn2-111-O1-CH3OH (substrate=alloy)

[6839/9762] reaction_id=6839: Cu2Zn2-111-O2-CH3 -> Cu2Zn2-111-O2-CH3OH (substrate=alloy)

[6840/9762] reaction_id=6840: Cu2Zr2-111-O1-CH3 -> Cu2Zr2-111-O1-CH3OH (substrate=alloy)

[6841/9762] reaction_id=6841: Cu2Zr2-111-O2-CH3 -> Cu2Zr2-111-O2-CH3OH (substrate=alloy)

[6842/9762] reaction_id=6842: Cu3Fe-111-O1-CH3 -> Cu3Fe-111-O1-CH3OH (substrate=alloy)

[6843/9762] reaction_id=6843: Cu3Fe-111-O2-CH3 -> Cu3Fe-111-O2-CH3OH (substrate=alloy)

[6844/9762] reaction_id=6844: Cu3Ga-111-O1-CH3 -> Cu3Ga-111-O1-CH3OH (substrate=alloy)

[6845/9762] reaction_id=6845: Cu3Ga-111-O2-CH3 -> Cu3Ga-111-O2-CH3OH (substrate=alloy)

[6846/9762] reaction_id=6846: Cu3Hf-111-O1-CH3 -> Cu3Hf-111-O1-CH3OH (substrate=alloy)

[6847/9762] reaction_id=6847: Cu3Hf-111-O2-CH3 -> Cu3Hf-111-O2-CH3OH (substrate=alloy)

[6848/9762] reaction_id=6848: Cu3In-111-O1-CH3 -> Cu3In-111-O1-CH3OH (substrate=alloy)

[6849/9762] reaction_id=6849: Cu3In-111-O2-CH3 -> Cu3In-111-O2-CH3OH (substrate=alloy)

[6850/9762] reaction_id=6850: Cu3Ir-111-O1-CH3 -> Cu3Ir-111-O1-CH3OH (substrate=alloy)

[6851/9762] reaction_id=6851: Cu3Ir-111-O2-CH3 -> Cu3Ir-111-O2-CH3OH (substrate=alloy)

[6852/9762] reaction_id=6852: Cu3Mn-111-O1-CH3 -> Cu3Mn-111-O1-CH3OH (substrate=alloy)

[6853/9762] reaction_id=6853: Cu3Mn-111-O2-CH3 -> Cu3Mn-111-O2-CH3OH (substrate=alloy)

[6854/9762] reaction_id=6854: Cu3Mo-111-O1-CH3 -> Cu3Mo-111-O1-CH3OH (substrate=alloy)

[6855/9762] reaction_id=6855: Cu3Mo-111-O2-CH3 -> Cu3Mo-111-O2-CH3OH (substrate=alloy)

[6856/9762] reaction_id=6856: Cu3Nb-111-O1-CH3 -> Cu3Nb-111-O1-CH3OH (substrate=alloy)

[6857/9762] reaction_id=6857: Cu3Nb-111-O2-CH3 -> Cu3Nb-111-O2-CH3OH (substrate=alloy)

[6858/9762] reaction_id=6858: Cu3Ni-111-O1-CH3 -> Cu3Ni-111-O1-CH3OH (substrate=alloy)

[6859/9762] reaction_id=6859: Cu3Ni-111-O2-CH3 -> Cu3Ni-111-O2-CH3OH (substrate=alloy)

[6860/9762] reaction_id=6860: Cu3Os-111-O1-CH3 -> Cu3Os-111-O1-CH3OH (substrate=alloy)

[6861/9762] reaction_id=6861: Cu3Os-111-O2-CH3 -> Cu3Os-111-O2-CH3OH (substrate=alloy)

[6862/9762] reaction_id=6862: Cu3Pb-111-O1-CH3 -> Cu3Pb-111-O1-CH3OH (substrate=alloy)

[6863/9762] reaction_id=6863: Cu3Pb-111-O2-CH3 -> Cu3Pb-111-O2-CH3OH (substrate=alloy)

[6864/9762] reaction_id=6864: Cu3Pd-111-O1-CH3 -> Cu3Pd-111-O1-CH3OH (substrate=alloy)

[6865/9762] reaction_id=6865: Cu3Pd-111-O2-CH3 -> Cu3Pd-111-O2-CH3OH (substrate=alloy)

[6866/9762] reaction_id=6866: Cu3Pt-111-O1-CH3 -> Cu3Pt-111-O1-CH3OH (substrate=alloy)

[6867/9762] reaction_id=6867: Cu3Pt-111-O2-CH3 -> Cu3Pt-111-O2-CH3OH (substrate=alloy)

[6868/9762] reaction_id=6868: Cu3Re-111-O1-CH3 -> Cu3Re-111-O1-CH3OH (substrate=alloy)

[6869/9762] reaction_id=6869: Cu3Re-111-O2-CH3 -> Cu3Re-111-O2-CH3OH (substrate=alloy)

[6870/9762] reaction_id=6870: Cu3Rh-111-O1-CH3 -> Cu3Rh-111-O1-CH3OH (substrate=alloy)

[6871/9762] reaction_id=6871: Cu3Ru-111-O1-CH3 -> Cu3Ru-111-O1-CH3OH (substrate=alloy)

[6872/9762] reaction_id=6872: Cu3Ru-111-O2-CH3 -> Cu3Ru-111-O2-CH3OH (substrate=alloy)

[6873/9762] reaction_id=6873: Cu3Sc-111-O1-CH3 -> Cu3Sc-111-O1-CH3OH (substrate=alloy)

[6874/9762] reaction_id=6874: Cu3Sc-111-O2-CH3 -> Cu3Sc-111-O2-CH3OH (substrate=alloy)

[6875/9762] reaction_id=6875: Cu3Sn-111-O1-CH3 -> Cu3Sn-111-O1-CH3OH (substrate=alloy)

[6876/9762] reaction_id=6876: Cu3Ta-111-O1-CH3 -> Cu3Ta-111-O1-CH3OH (substrate=alloy)

[6877/9762] reaction_id=6877: Cu3Ta-111-O2-CH3 -> Cu3Ta-111-O2-CH3OH (substrate=alloy)

[6878/9762] reaction_id=6878: Cu3Tc-111-O1-CH3 -> Cu3Tc-111-O1-CH3OH (substrate=alloy)

[6879/9762] reaction_id=6879: Cu3Tc-111-O2-CH3 -> Cu3Tc-111-O2-CH3OH (substrate=alloy)

[6880/9762] reaction_id=6880: Cu3Ti-111-O1-CH3 -> Cu3Ti-111-O1-CH3OH (substrate=alloy)

[6881/9762] reaction_id=6881: Cu3Ti-111-O2-CH3 -> Cu3Ti-111-O2-CH3OH (substrate=alloy)

[6882/9762] reaction_id=6882: Cu3V-111-O1-CH3 -> Cu3V-111-O1-CH3OH (substrate=alloy)

[6883/9762] reaction_id=6883: Cu3V-111-O2-CH3 -> Cu3V-111-O2-CH3OH (substrate=alloy)

[6884/9762] reaction_id=6884: Cu3W-111-O1-CH3 -> Cu3W-111-O1-CH3OH (substrate=alloy)

[6885/9762] reaction_id=6885: Cu3W-111-O2-CH3 -> Cu3W-111-O2-CH3OH (substrate=alloy)

[6886/9762] reaction_id=6886: Cu3Y-111-O1-CH3 -> Cu3Y-111-O1-CH3OH (substrate=alloy)

[6887/9762] reaction_id=6887: Cu3Y-111-O2-CH3 -> Cu3Y-111-O2-CH3OH (substrate=alloy)

[6888/9762] reaction_id=6888: Cu3Zn-111-O1-CH3 -> Cu3Zn-111-O1-CH3OH (substrate=alloy)

[6889/9762] reaction_id=6889: Cu3Zn-111-O2-CH3 -> Cu3Zn-111-O2-CH3OH (substrate=alloy)

[6890/9762] reaction_id=6890: Cu3Zr-111-O1-CH3 -> Cu3Zr-111-O1-CH3OH (substrate=alloy)

[6891/9762] reaction_id=6891: Cu3Zr-111-O2-CH3 -> Cu3Zr-111-O2-CH3OH (substrate=alloy)

[6892/9762] reaction_id=6892: CuFe3-111-O1-CH3 -> CuFe3-111-O1-CH3OH (substrate=alloy)

[6893/9762] reaction_id=6893: CuFe3-111-O2-CH3 -> CuFe3-111-O2-CH3OH (substrate=alloy)

[6894/9762] reaction_id=6894: CuGa3-111-O1-CH3 -> CuGa3-111-O1-CH3OH (substrate=alloy)

[6895/9762] reaction_id=6895: CuGa3-111-O2-CH3 -> CuGa3-111-O2-CH3OH (substrate=alloy)

[6896/9762] reaction_id=6896: CuHf3-111-O1-CH3 -> CuHf3-111-O1-CH3OH (substrate=alloy)

[6897/9762] reaction_id=6897: CuHf3-111-O2-CH3 -> CuHf3-111-O2-CH3OH (substrate=alloy)

[6898/9762] reaction_id=6898: CuIn3-111-O1-CH3 -> CuIn3-111-O1-CH3OH (substrate=alloy)

[6899/9762] reaction_id=6899: CuIn3-111-O2-CH3 -> CuIn3-111-O2-CH3OH (substrate=alloy)

[6900/9762] reaction_id=6900: CuIr3-111-O1-CH3 -> CuIr3-111-O1-CH3OH (substrate=alloy)

[6901/9762] reaction_id=6901: CuIr3-111-O2-CH3 -> CuIr3-111-O2-CH3OH (substrate=alloy)

[6902/9762] reaction_id=6902: CuMo3-111-O1-CH3 -> CuMo3-111-O1-CH3OH (substrate=alloy)

[6903/9762] reaction_id=6903: CuMo3-111-O2-CH3 -> CuMo3-111-O2-CH3OH (substrate=alloy)

[6904/9762] reaction_id=6904: CuNb3-111-O1-CH3 -> CuNb3-111-O1-CH3OH (substrate=alloy)

[6905/9762] reaction_id=6905: CuNb3-111-O2-CH3 -> CuNb3-111-O2-CH3OH (substrate=alloy)

[6906/9762] reaction_id=6906: CuNi3-111-O1-CH3 -> CuNi3-111-O1-CH3OH (substrate=alloy)

[6907/9762] reaction_id=6907: CuNi3-111-O2-CH3 -> CuNi3-111-O2-CH3OH (substrate=alloy)

[6908/9762] reaction_id=6908: CuOs3-111-O1-CH3 -> CuOs3-111-O1-CH3OH (substrate=alloy)

[6909/9762] reaction_id=6909: CuOs3-111-O2-CH3 -> CuOs3-111-O2-CH3OH (substrate=alloy)

[6910/9762] reaction_id=6910: CuPb3-111-O1-CH3 -> CuPb3-111-O1-CH3OH (substrate=alloy)

[6911/9762] reaction_id=6911: CuPd3-111-O1-CH3 -> CuPd3-111-O1-CH3OH (substrate=alloy)

[6912/9762] reaction_id=6912: CuPd3-111-O2-CH3 -> CuPd3-111-O2-CH3OH (substrate=alloy)

[6913/9762] reaction_id=6913: CuPt3-111-O1-CH3 -> CuPt3-111-O1-CH3OH (substrate=alloy)

[6914/9762] reaction_id=6914: CuPt3-111-O2-CH3 -> CuPt3-111-O2-CH3OH (substrate=alloy)

[6915/9762] reaction_id=6915: CuRe3-111-O1-CH3 -> CuRe3-111-O1-CH3OH (substrate=alloy)

[6916/9762] reaction_id=6916: CuRe3-111-O2-CH3 -> CuRe3-111-O2-CH3OH (substrate=alloy)

[6917/9762] reaction_id=6917: CuRh3-111-O1-CH3 -> CuRh3-111-O1-CH3OH (substrate=alloy)

[6918/9762] reaction_id=6918: CuRh3-111-O2-CH3 -> CuRh3-111-O2-CH3OH (substrate=alloy)

[6919/9762] reaction_id=6919: CuRu3-111-O1-CH3 -> CuRu3-111-O1-CH3OH (substrate=alloy)

[6920/9762] reaction_id=6920: CuRu3-111-O2-CH3 -> CuRu3-111-O2-CH3OH (substrate=alloy)

[6921/9762] reaction_id=6921: CuSc3-111-O1-CH3 -> CuSc3-111-O1-CH3OH (substrate=alloy)

[6922/9762] reaction_id=6922: CuSc3-111-O2-CH3 -> CuSc3-111-O2-CH3OH (substrate=alloy)

[6923/9762] reaction_id=6923: CuSn3-111-O1-CH3 -> CuSn3-111-O1-CH3OH (substrate=alloy)

[6924/9762] reaction_id=6924: CuSn3-111-O2-CH3 -> CuSn3-111-O2-CH3OH (substrate=alloy)

[6925/9762] reaction_id=6925: CuTa3-111-O1-CH3 -> CuTa3-111-O1-CH3OH (substrate=alloy)

[6926/9762] reaction_id=6926: CuTa3-111-O2-CH3 -> CuTa3-111-O2-CH3OH (substrate=alloy)

[6927/9762] reaction_id=6927: CuTc3-111-O1-CH3 -> CuTc3-111-O1-CH3OH (substrate=alloy)

[6928/9762] reaction_id=6928: CuTc3-111-O2-CH3 -> CuTc3-111-O2-CH3OH (substrate=alloy)

[6929/9762] reaction_id=6929: CuTi3-111-O1-CH3 -> CuTi3-111-O1-CH3OH (substrate=alloy)

[6930/9762] reaction_id=6930: CuTi3-111-O2-CH3 -> CuTi3-111-O2-CH3OH (substrate=alloy)

[6931/9762] reaction_id=6931: CuTl3-111-O1-CH3 -> CuTl3-111-O1-CH3OH (substrate=alloy)

[6932/9762] reaction_id=6932: CuTl3-111-O2-CH3 -> CuTl3-111-O2-CH3OH (substrate=alloy)

[6933/9762] reaction_id=6933: CuV3-111-O1-CH3 -> CuV3-111-O1-CH3OH (substrate=alloy)

[6934/9762] reaction_id=6934: CuV3-111-O2-CH3 -> CuV3-111-O2-CH3OH (substrate=alloy)

[6935/9762] reaction_id=6935: CuW3-111-O1-CH3 -> CuW3-111-O1-CH3OH (substrate=alloy)

[6936/9762] reaction_id=6936: CuW3-111-O2-CH3 -> CuW3-111-O2-CH3OH (substrate=alloy)

[6937/9762] reaction_id=6937: CuY3-111-O1-CH3 -> CuY3-111-O1-CH3OH (substrate=alloy)

[6938/9762] reaction_id=6938: CuY3-111-O2-CH3 -> CuY3-111-O2-CH3OH (substrate=alloy)

[6939/9762] reaction_id=6939: CuZn3-111-O1-CH3 -> CuZn3-111-O1-CH3OH (substrate=alloy)

[6940/9762] reaction_id=6940: CuZn3-111-O2-CH3 -> CuZn3-111-O2-CH3OH (substrate=alloy)

[6941/9762] reaction_id=6941: CuZr3-111-O1-CH3 -> CuZr3-111-O1-CH3OH (substrate=alloy)

[6942/9762] reaction_id=6942: CuZr3-111-O2-CH3 -> CuZr3-111-O2-CH3OH (substrate=alloy)

[6943/9762] reaction_id=6943: Fe2Ga2-111-O1-CH3 -> Fe2Ga2-111-O1-CH3OH (substrate=alloy)

[6944/9762] reaction_id=6944: Fe2Ga2-111-O2-CH3 -> Fe2Ga2-111-O2-CH3OH (substrate=alloy)

[6945/9762] reaction_id=6945: Fe2Hf2-111-O1-CH3 -> Fe2Hf2-111-O1-CH3OH (substrate=alloy)

[6946/9762] reaction_id=6946: Fe2Hf2-111-O2-CH3 -> Fe2Hf2-111-O2-CH3OH (substrate=alloy)

[6947/9762] reaction_id=6947: Fe2In2-111-O1-CH3 -> Fe2In2-111-O1-CH3OH (substrate=alloy)

[6948/9762] reaction_id=6948: Fe2In2-111-O2-CH3 -> Fe2In2-111-O2-CH3OH (substrate=alloy)

[6949/9762] reaction_id=6949: Fe2Ir2-111-O1-CH3 -> Fe2Ir2-111-O1-CH3OH (substrate=alloy)

[6950/9762] reaction_id=6950: Fe2Ir2-111-O2-CH3 -> Fe2Ir2-111-O2-CH3OH (substrate=alloy)

[6951/9762] reaction_id=6951: Fe2Nb2-111-O1-CH3 -> Fe2Nb2-111-O1-CH3OH (substrate=alloy)

[6952/9762] reaction_id=6952: Fe2Nb2-111-O2-CH3 -> Fe2Nb2-111-O2-CH3OH (substrate=alloy)

[6953/9762] reaction_id=6953: Fe2Ni2-111-O1-CH3 -> Fe2Ni2-111-O1-CH3OH (substrate=alloy)

[6954/9762] reaction_id=6954: Fe2Ni2-111-O2-CH3 -> Fe2Ni2-111-O2-CH3OH (substrate=alloy)

[6955/9762] reaction_id=6955: Fe2Os2-111-O1-CH3 -> Fe2Os2-111-O1-CH3OH (substrate=alloy)

[6956/9762] reaction_id=6956: Fe2Os2-111-O2-CH3 -> Fe2Os2-111-O2-CH3OH (substrate=alloy)

[6957/9762] reaction_id=6957: Fe2Pb2-111-O1-CH3 -> Fe2Pb2-111-O1-CH3OH (substrate=alloy)

[6958/9762] reaction_id=6958: Fe2Pb2-111-O2-CH3 -> Fe2Pb2-111-O2-CH3OH (substrate=alloy)

[6959/9762] reaction_id=6959: Fe2Pd2-111-O1-CH3 -> Fe2Pd2-111-O1-CH3OH (substrate=alloy)

[6960/9762] reaction_id=6960: Fe2Pd2-111-O2-CH3 -> Fe2Pd2-111-O2-CH3OH (substrate=alloy)

[6961/9762] reaction_id=6961: Fe2Pt2-111-O1-CH3 -> Fe2Pt2-111-O1-CH3OH (substrate=alloy)

[6962/9762] reaction_id=6962: Fe2Pt2-111-O2-CH3 -> Fe2Pt2-111-O2-CH3OH (substrate=alloy)

[6963/9762] reaction_id=6963: Fe2Rh2-111-O1-CH3 -> Fe2Rh2-111-O1-CH3OH (substrate=alloy)

[6964/9762] reaction_id=6964: Fe2Rh2-111-O2-CH3 -> Fe2Rh2-111-O2-CH3OH (substrate=alloy)

[6965/9762] reaction_id=6965: Fe2Ru2-111-O1-CH3 -> Fe2Ru2-111-O1-CH3OH (substrate=alloy)

[6966/9762] reaction_id=6966: Fe2Ru2-111-O2-CH3 -> Fe2Ru2-111-O2-CH3OH (substrate=alloy)

[6967/9762] reaction_id=6967: Fe2Sc2-111-O1-CH3 -> Fe2Sc2-111-O1-CH3OH (substrate=alloy)

[6968/9762] reaction_id=6968: Fe2Sc2-111-O2-CH3 -> Fe2Sc2-111-O2-CH3OH (substrate=alloy)

[6969/9762] reaction_id=6969: Fe2Sn2-111-O1-CH3 -> Fe2Sn2-111-O1-CH3OH (substrate=alloy)

[6970/9762] reaction_id=6970: Fe2Sn2-111-O2-CH3 -> Fe2Sn2-111-O2-CH3OH (substrate=alloy)

[6971/9762] reaction_id=6971: Fe2Ta2-111-O1-CH3 -> Fe2Ta2-111-O1-CH3OH (substrate=alloy)

[6972/9762] reaction_id=6972: Fe2Ta2-111-O2-CH3 -> Fe2Ta2-111-O2-CH3OH (substrate=alloy)

[6973/9762] reaction_id=6973: Fe2Tc2-111-O1-CH3 -> Fe2Tc2-111-O1-CH3OH (substrate=alloy)

[6974/9762] reaction_id=6974: Fe2Tc2-111-O2-CH3 -> Fe2Tc2-111-O2-CH3OH (substrate=alloy)

[6975/9762] reaction_id=6975: Fe2Ti2-111-O1-CH3 -> Fe2Ti2-111-O1-CH3OH (substrate=alloy)

[6976/9762] reaction_id=6976: Fe2Ti2-111-O2-CH3 -> Fe2Ti2-111-O2-CH3OH (substrate=alloy)

[6977/9762] reaction_id=6977: Fe2Tl2-111-O1-CH3 -> Fe2Tl2-111-O1-CH3OH (substrate=alloy)

[6978/9762] reaction_id=6978: Fe2Tl2-111-O2-CH3 -> Fe2Tl2-111-O2-CH3OH (substrate=alloy)

[6979/9762] reaction_id=6979: Fe2V2-111-O1-CH3 -> Fe2V2-111-O1-CH3OH (substrate=alloy)

[6980/9762] reaction_id=6980: Fe2V2-111-O2-CH3 -> Fe2V2-111-O2-CH3OH (substrate=alloy)

[6981/9762] reaction_id=6981: Fe2W2-111-O1-CH3 -> Fe2W2-111-O1-CH3OH (substrate=alloy)

[6982/9762] reaction_id=6982: Fe2W2-111-O2-CH3 -> Fe2W2-111-O2-CH3OH (substrate=alloy)

[6983/9762] reaction_id=6983: Fe2Y2-111-O1-CH3 -> Fe2Y2-111-O1-CH3OH (substrate=alloy)

[6984/9762] reaction_id=6984: Fe2Y2-111-O2-CH3 -> Fe2Y2-111-O2-CH3OH (substrate=alloy)

[6985/9762] reaction_id=6985: Fe2Zn2-111-O1-CH3 -> Fe2Zn2-111-O1-CH3OH (substrate=alloy)

[6986/9762] reaction_id=6986: Fe2Zn2-111-O2-CH3 -> Fe2Zn2-111-O2-CH3OH (substrate=alloy)

[6987/9762] reaction_id=6987: Fe2Zr2-111-O1-CH3 -> Fe2Zr2-111-O1-CH3OH (substrate=alloy)

[6988/9762] reaction_id=6988: Fe2Zr2-111-O2-CH3 -> Fe2Zr2-111-O2-CH3OH (substrate=alloy)

[6989/9762] reaction_id=6989: Fe3Ga-111-O1-CH3 -> Fe3Ga-111-O1-CH3OH (substrate=alloy)

[6990/9762] reaction_id=6990: Fe3Ga-111-O2-CH3 -> Fe3Ga-111-O2-CH3OH (substrate=alloy)

[6991/9762] reaction_id=6991: Fe3Hf-111-O1-CH3 -> Fe3Hf-111-O1-CH3OH (substrate=alloy)

[6992/9762] reaction_id=6992: Fe3Hf-111-O2-CH3 -> Fe3Hf-111-O2-CH3OH (substrate=alloy)

[6993/9762] reaction_id=6993: Fe3In-111-O1-CH3 -> Fe3In-111-O1-CH3OH (substrate=alloy)

[6994/9762] reaction_id=6994: Fe3In-111-O2-CH3 -> Fe3In-111-O2-CH3OH (substrate=alloy)

[6995/9762] reaction_id=6995: Fe3Ir-111-O1-CH3 -> Fe3Ir-111-O1-CH3OH (substrate=alloy)

[6996/9762] reaction_id=6996: Fe3Ir-111-O2-CH3 -> Fe3Ir-111-O2-CH3OH (substrate=alloy)

[6997/9762] reaction_id=6997: Fe3Mo-111-O1-CH3 -> Fe3Mo-111-O1-CH3OH (substrate=alloy)

[6998/9762] reaction_id=6998: Fe3Mo-111-O2-CH3 -> Fe3Mo-111-O2-CH3OH (substrate=alloy)

[6999/9762] reaction_id=6999: Fe3Nb-111-O1-CH3 -> Fe3Nb-111-O1-CH3OH (substrate=alloy)

[7000/9762] reaction_id=7000: Fe3Nb-111-O2-CH3 -> Fe3Nb-111-O2-CH3OH (substrate=alloy)

[7001/9762] reaction_id=7001: Fe3Ni-111-O1-CH3 -> Fe3Ni-111-O1-CH3OH (substrate=alloy)

[7002/9762] reaction_id=7002: Fe3Ni-111-O2-CH3 -> Fe3Ni-111-O2-CH3OH (substrate=alloy)

[7003/9762] reaction_id=7003: Fe3Pb-111-O1-CH3 -> Fe3Pb-111-O1-CH3OH (substrate=alloy)

[7004/9762] reaction_id=7004: Fe3Pb-111-O2-CH3 -> Fe3Pb-111-O2-CH3OH (substrate=alloy)

[7005/9762] reaction_id=7005: Fe3Pd-111-O1-CH3 -> Fe3Pd-111-O1-CH3OH (substrate=alloy)

[7006/9762] reaction_id=7006: Fe3Pd-111-O2-CH3 -> Fe3Pd-111-O2-CH3OH (substrate=alloy)

[7007/9762] reaction_id=7007: Fe3Ru-111-O1-CH3 -> Fe3Ru-111-O1-CH3OH (substrate=alloy)

[7008/9762] reaction_id=7008: Fe3Ru-111-O2-CH3 -> Fe3Ru-111-O2-CH3OH (substrate=alloy)

[7009/9762] reaction_id=7009: Fe3Sc-111-O1-CH3 -> Fe3Sc-111-O1-CH3OH (substrate=alloy)

[7010/9762] reaction_id=7010: Fe3Sc-111-O2-CH3 -> Fe3Sc-111-O2-CH3OH (substrate=alloy)

[7011/9762] reaction_id=7011: Fe3Sn-111-O1-CH3 -> Fe3Sn-111-O1-CH3OH (substrate=alloy)

[7012/9762] reaction_id=7012: Fe3Sn-111-O2-CH3 -> Fe3Sn-111-O2-CH3OH (substrate=alloy)

[7013/9762] reaction_id=7013: Fe3Ta-111-O1-CH3 -> Fe3Ta-111-O1-CH3OH (substrate=alloy)

[7014/9762] reaction_id=7014: Fe3Ta-111-O2-CH3 -> Fe3Ta-111-O2-CH3OH (substrate=alloy)

[7015/9762] reaction_id=7015: Fe3Ti-111-O1-CH3 -> Fe3Ti-111-O1-CH3OH (substrate=alloy)

[7016/9762] reaction_id=7016: Fe3Ti-111-O2-CH3 -> Fe3Ti-111-O2-CH3OH (substrate=alloy)

[7017/9762] reaction_id=7017: Fe3Tl-111-O1-CH3 -> Fe3Tl-111-O1-CH3OH (substrate=alloy)

[7018/9762] reaction_id=7018: Fe3Tl-111-O2-CH3 -> Fe3Tl-111-O2-CH3OH (substrate=alloy)

[7019/9762] reaction_id=7019: Fe3V-111-O1-CH3 -> Fe3V-111-O1-CH3OH (substrate=alloy)

[7020/9762] reaction_id=7020: Fe3V-111-O2-CH3 -> Fe3V-111-O2-CH3OH (substrate=alloy)

[7021/9762] reaction_id=7021: Fe3W-111-O1-CH3 -> Fe3W-111-O1-CH3OH (substrate=alloy)

[7022/9762] reaction_id=7022: Fe3W-111-O2-CH3 -> Fe3W-111-O2-CH3OH (substrate=alloy)

[7023/9762] reaction_id=7023: Fe3Y-111-O1-CH3 -> Fe3Y-111-O1-CH3OH (substrate=alloy)

[7024/9762] reaction_id=7024: Fe3Y-111-O2-CH3 -> Fe3Y-111-O2-CH3OH (substrate=alloy)

[7025/9762] reaction_id=7025: Fe3Zn-111-O1-CH3 -> Fe3Zn-111-O1-CH3OH (substrate=alloy)

[7026/9762] reaction_id=7026: Fe3Zn-111-O2-CH3 -> Fe3Zn-111-O2-CH3OH (substrate=alloy)

[7027/9762] reaction_id=7027: Fe3Zr-111-O1-CH3 -> Fe3Zr-111-O1-CH3OH (substrate=alloy)

[7028/9762] reaction_id=7028: Fe3Zr-111-O2-CH3 -> Fe3Zr-111-O2-CH3OH (substrate=alloy)

[7029/9762] reaction_id=7029: FeGa3-111-O1-CH3 -> FeGa3-111-O1-CH3OH (substrate=alloy)

[7030/9762] reaction_id=7030: FeGa3-111-O2-CH3 -> FeGa3-111-O2-CH3OH (substrate=alloy)

[7031/9762] reaction_id=7031: FeIn3-111-O1-CH3 -> FeIn3-111-O1-CH3OH (substrate=alloy)

[7032/9762] reaction_id=7032: FeIn3-111-O2-CH3 -> FeIn3-111-O2-CH3OH (substrate=alloy)

[7033/9762] reaction_id=7033: FeIr3-111-O1-CH3 -> FeIr3-111-O1-CH3OH (substrate=alloy)

[7034/9762] reaction_id=7034: FeIr3-111-O2-CH3 -> FeIr3-111-O2-CH3OH (substrate=alloy)

[7035/9762] reaction_id=7035: FeMn3-111-O1-CH3 -> FeMn3-111-O1-CH3OH (substrate=alloy)

[7036/9762] reaction_id=7036: FeMn3-111-O2-CH3 -> FeMn3-111-O2-CH3OH (substrate=alloy)

[7037/9762] reaction_id=7037: FeMo3-111-O1-CH3 -> FeMo3-111-O1-CH3OH (substrate=alloy)

[7038/9762] reaction_id=7038: FeMo3-111-O2-CH3 -> FeMo3-111-O2-CH3OH (substrate=alloy)

[7039/9762] reaction_id=7039: FeNb3-111-O1-CH3 -> FeNb3-111-O1-CH3OH (substrate=alloy)

[7040/9762] reaction_id=7040: FeNb3-111-O2-CH3 -> FeNb3-111-O2-CH3OH (substrate=alloy)

[7041/9762] reaction_id=7041: FeNi3-111-O1-CH3 -> FeNi3-111-O1-CH3OH (substrate=alloy)

[7042/9762] reaction_id=7042: FeNi3-111-O2-CH3 -> FeNi3-111-O2-CH3OH (substrate=alloy)

[7043/9762] reaction_id=7043: FeOs3-111-O1-CH3 -> FeOs3-111-O1-CH3OH (substrate=alloy)

[7044/9762] reaction_id=7044: FeOs3-111-O2-CH3 -> FeOs3-111-O2-CH3OH (substrate=alloy)

[7045/9762] reaction_id=7045: FePb3-111-O1-CH3 -> FePb3-111-O1-CH3OH (substrate=alloy)

[7046/9762] reaction_id=7046: FePb3-111-O2-CH3 -> FePb3-111-O2-CH3OH (substrate=alloy)

[7047/9762] reaction_id=7047: FePd3-111-O1-CH3 -> FePd3-111-O1-CH3OH (substrate=alloy)

[7048/9762] reaction_id=7048: FePd3-111-O2-CH3 -> FePd3-111-O2-CH3OH (substrate=alloy)

[7049/9762] reaction_id=7049: FePt3-111-O1-CH3 -> FePt3-111-O1-CH3OH (substrate=alloy)

[7050/9762] reaction_id=7050: FePt3-111-O2-CH3 -> FePt3-111-O2-CH3OH (substrate=alloy)

[7051/9762] reaction_id=7051: FeRe3-111-O1-CH3 -> FeRe3-111-O1-CH3OH (substrate=alloy)

[7052/9762] reaction_id=7052: FeRe3-111-O2-CH3 -> FeRe3-111-O2-CH3OH (substrate=alloy)

[7053/9762] reaction_id=7053: FeRh3-111-O1-CH3 -> FeRh3-111-O1-CH3OH (substrate=alloy)

[7054/9762] reaction_id=7054: FeRh3-111-O2-CH3 -> FeRh3-111-O2-CH3OH (substrate=alloy)

[7055/9762] reaction_id=7055: FeRu3-111-O1-CH3 -> FeRu3-111-O1-CH3OH (substrate=alloy)

[7056/9762] reaction_id=7056: FeRu3-111-O2-CH3 -> FeRu3-111-O2-CH3OH (substrate=alloy)

[7057/9762] reaction_id=7057: FeSc3-111-O1-CH3 -> FeSc3-111-O1-CH3OH (substrate=alloy)

[7058/9762] reaction_id=7058: FeSc3-111-O2-CH3 -> FeSc3-111-O2-CH3OH (substrate=alloy)

[7059/9762] reaction_id=7059: FeSn3-111-O1-CH3 -> FeSn3-111-O1-CH3OH (substrate=alloy)

[7060/9762] reaction_id=7060: FeSn3-111-O2-CH3 -> FeSn3-111-O2-CH3OH (substrate=alloy)

[7061/9762] reaction_id=7061: FeTa3-111-O1-CH3 -> FeTa3-111-O1-CH3OH (substrate=alloy)

[7062/9762] reaction_id=7062: FeTa3-111-O2-CH3 -> FeTa3-111-O2-CH3OH (substrate=alloy)

[7063/9762] reaction_id=7063: FeTc3-111-O1-CH3 -> FeTc3-111-O1-CH3OH (substrate=alloy)

[7064/9762] reaction_id=7064: FeTc3-111-O2-CH3 -> FeTc3-111-O2-CH3OH (substrate=alloy)

[7065/9762] reaction_id=7065: FeTl3-111-O1-CH3 -> FeTl3-111-O1-CH3OH (substrate=alloy)

[7066/9762] reaction_id=7066: FeTl3-111-O2-CH3 -> FeTl3-111-O2-CH3OH (substrate=alloy)

[7067/9762] reaction_id=7067: FeV3-111-O1-CH3 -> FeV3-111-O1-CH3OH (substrate=alloy)

[7068/9762] reaction_id=7068: FeV3-111-O2-CH3 -> FeV3-111-O2-CH3OH (substrate=alloy)

[7069/9762] reaction_id=7069: FeW3-111-O1-CH3 -> FeW3-111-O1-CH3OH (substrate=alloy)

[7070/9762] reaction_id=7070: FeW3-111-O2-CH3 -> FeW3-111-O2-CH3OH (substrate=alloy)

[7071/9762] reaction_id=7071: FeZn3-111-O1-CH3 -> FeZn3-111-O1-CH3OH (substrate=alloy)

[7072/9762] reaction_id=7072: FeZn3-111-O2-CH3 -> FeZn3-111-O2-CH3OH (substrate=alloy)

[7073/9762] reaction_id=7073: FeZr3-111-O1-CH3 -> FeZr3-111-O1-CH3OH (substrate=alloy)

[7074/9762] reaction_id=7074: FeZr3-111-O2-CH3 -> FeZr3-111-O2-CH3OH (substrate=alloy)

[7075/9762] reaction_id=7075: Ga2Hf2-111-O1-CH3 -> Ga2Hf2-111-O1-CH3OH (substrate=alloy)

[7076/9762] reaction_id=7076: Ga2Hf2-111-O2-CH3 -> Ga2Hf2-111-O2-CH3OH (substrate=alloy)

[7077/9762] reaction_id=7077: Ga2In2-111-O1-CH3 -> Ga2In2-111-O1-CH3OH (substrate=alloy)

[7078/9762] reaction_id=7078: Ga2In2-111-O2-CH3 -> Ga2In2-111-O2-CH3OH (substrate=alloy)

[7079/9762] reaction_id=7079: Ga2Ir2-111-O1-CH3 -> Ga2Ir2-111-O1-CH3OH (substrate=alloy)

[7080/9762] reaction_id=7080: Ga2Ir2-111-O2-CH3 -> Ga2Ir2-111-O2-CH3OH (substrate=alloy)

[7081/9762] reaction_id=7081: Ga2Mn2-111-O1-CH3 -> Ga2Mn2-111-O1-CH3OH (substrate=alloy)

[7082/9762] reaction_id=7082: Ga2Mn2-111-O2-CH3 -> Ga2Mn2-111-O2-CH3OH (substrate=alloy)

[7083/9762] reaction_id=7083: Ga2Mo2-111-O1-CH3 -> Ga2Mo2-111-O1-CH3OH (substrate=alloy)

[7084/9762] reaction_id=7084: Ga2Mo2-111-O2-CH3 -> Ga2Mo2-111-O2-CH3OH (substrate=alloy)

[7085/9762] reaction_id=7085: Ga2Nb2-111-O1-CH3 -> Ga2Nb2-111-O1-CH3OH (substrate=alloy)

[7086/9762] reaction_id=7086: Ga2Nb2-111-O2-CH3 -> Ga2Nb2-111-O2-CH3OH (substrate=alloy)

[7087/9762] reaction_id=7087: Ga2Ni2-111-O1-CH3 -> Ga2Ni2-111-O1-CH3OH (substrate=alloy)

[7088/9762] reaction_id=7088: Ga2Ni2-111-O2-CH3 -> Ga2Ni2-111-O2-CH3OH (substrate=alloy)

[7089/9762] reaction_id=7089: Ga2Os2-111-O1-CH3 -> Ga2Os2-111-O1-CH3OH (substrate=alloy)

[7090/9762] reaction_id=7090: Ga2Os2-111-O2-CH3 -> Ga2Os2-111-O2-CH3OH (substrate=alloy)

[7091/9762] reaction_id=7091: Ga2Pb2-111-O1-CH3 -> Ga2Pb2-111-O1-CH3OH (substrate=alloy)

[7092/9762] reaction_id=7092: Ga2Pd2-111-O1-CH3 -> Ga2Pd2-111-O1-CH3OH (substrate=alloy)

[7093/9762] reaction_id=7093: Ga2Pd2-111-O2-CH3 -> Ga2Pd2-111-O2-CH3OH (substrate=alloy)

[7094/9762] reaction_id=7094: Ga2Pt2-111-O1-CH3 -> Ga2Pt2-111-O1-CH3OH (substrate=alloy)

[7095/9762] reaction_id=7095: Ga2Pt2-111-O2-CH3 -> Ga2Pt2-111-O2-CH3OH (substrate=alloy)

[7096/9762] reaction_id=7096: Ga2Re2-111-O1-CH3 -> Ga2Re2-111-O1-CH3OH (substrate=alloy)

[7097/9762] reaction_id=7097: Ga2Re2-111-O2-CH3 -> Ga2Re2-111-O2-CH3OH (substrate=alloy)

[7098/9762] reaction_id=7098: Ga2Rh2-111-O1-CH3 -> Ga2Rh2-111-O1-CH3OH (substrate=alloy)

[7099/9762] reaction_id=7099: Ga2Rh2-111-O2-CH3 -> Ga2Rh2-111-O2-CH3OH (substrate=alloy)

[7100/9762] reaction_id=7100: Ga2Sc2-111-O1-CH3 -> Ga2Sc2-111-O1-CH3OH (substrate=alloy)

[7101/9762] reaction_id=7101: Ga2Sc2-111-O2-CH3 -> Ga2Sc2-111-O2-CH3OH (substrate=alloy)

[7102/9762] reaction_id=7102: Ga2Sn2-111-O1-CH3 -> Ga2Sn2-111-O1-CH3OH (substrate=alloy)

[7103/9762] reaction_id=7103: Ga2Sn2-111-O2-CH3 -> Ga2Sn2-111-O2-CH3OH (substrate=alloy)

[7104/9762] reaction_id=7104: Ga2Ta2-111-O1-CH3 -> Ga2Ta2-111-O1-CH3OH (substrate=alloy)

[7105/9762] reaction_id=7105: Ga2Ta2-111-O2-CH3 -> Ga2Ta2-111-O2-CH3OH (substrate=alloy)

[7106/9762] reaction_id=7106: Ga2Tc2-111-O1-CH3 -> Ga2Tc2-111-O1-CH3OH (substrate=alloy)

[7107/9762] reaction_id=7107: Ga2Tc2-111-O2-CH3 -> Ga2Tc2-111-O2-CH3OH (substrate=alloy)

[7108/9762] reaction_id=7108: Ga2Ti2-111-O1-CH3 -> Ga2Ti2-111-O1-CH3OH (substrate=alloy)

[7109/9762] reaction_id=7109: Ga2Ti2-111-O2-CH3 -> Ga2Ti2-111-O2-CH3OH (substrate=alloy)

[7110/9762] reaction_id=7110: Ga2Tl2-111-O1-CH3 -> Ga2Tl2-111-O1-CH3OH (substrate=alloy)

[7111/9762] reaction_id=7111: Ga2Tl2-111-O2-CH3 -> Ga2Tl2-111-O2-CH3OH (substrate=alloy)

[7112/9762] reaction_id=7112: Ga2V2-111-O1-CH3 -> Ga2V2-111-O1-CH3OH (substrate=alloy)

[7113/9762] reaction_id=7113: Ga2V2-111-O2-CH3 -> Ga2V2-111-O2-CH3OH (substrate=alloy)

[7114/9762] reaction_id=7114: Ga2W2-111-O1-CH3 -> Ga2W2-111-O1-CH3OH (substrate=alloy)

[7115/9762] reaction_id=7115: Ga2W2-111-O2-CH3 -> Ga2W2-111-O2-CH3OH (substrate=alloy)

[7116/9762] reaction_id=7116: Ga2Y2-111-O1-CH3 -> Ga2Y2-111-O1-CH3OH (substrate=alloy)

[7117/9762] reaction_id=7117: Ga2Zn2-111-O1-CH3 -> Ga2Zn2-111-O1-CH3OH (substrate=alloy)

[7118/9762] reaction_id=7118: Ga2Zn2-111-O2-CH3 -> Ga2Zn2-111-O2-CH3OH (substrate=alloy)

[7119/9762] reaction_id=7119: Ga2Zr2-111-O1-CH3 -> Ga2Zr2-111-O1-CH3OH (substrate=alloy)

[7120/9762] reaction_id=7120: Ga2Zr2-111-O2-CH3 -> Ga2Zr2-111-O2-CH3OH (substrate=alloy)

[7121/9762] reaction_id=7121: Ga3Hf-111-O1-CH3 -> Ga3Hf-111-O1-CH3OH (substrate=alloy)

[7122/9762] reaction_id=7122: Ga3Hf-111-O2-CH3 -> Ga3Hf-111-O2-CH3OH (substrate=alloy)

[7123/9762] reaction_id=7123: Ga3In-111-O1-CH3 -> Ga3In-111-O1-CH3OH (substrate=alloy)

[7124/9762] reaction_id=7124: Ga3In-111-O2-CH3 -> Ga3In-111-O2-CH3OH (substrate=alloy)

[7125/9762] reaction_id=7125: Ga3Ir-111-O1-CH3 -> Ga3Ir-111-O1-CH3OH (substrate=alloy)

[7126/9762] reaction_id=7126: Ga3Ir-111-O2-CH3 -> Ga3Ir-111-O2-CH3OH (substrate=alloy)

[7127/9762] reaction_id=7127: Ga3Mn-111-O1-CH3 -> Ga3Mn-111-O1-CH3OH (substrate=alloy)

[7128/9762] reaction_id=7128: Ga3Mn-111-O2-CH3 -> Ga3Mn-111-O2-CH3OH (substrate=alloy)

[7129/9762] reaction_id=7129: Ga3Mo-111-O1-CH3 -> Ga3Mo-111-O1-CH3OH (substrate=alloy)

[7130/9762] reaction_id=7130: Ga3Mo-111-O2-CH3 -> Ga3Mo-111-O2-CH3OH (substrate=alloy)

[7131/9762] reaction_id=7131: Ga3Nb-111-O1-CH3 -> Ga3Nb-111-O1-CH3OH (substrate=alloy)

[7132/9762] reaction_id=7132: Ga3Nb-111-O2-CH3 -> Ga3Nb-111-O2-CH3OH (substrate=alloy)

[7133/9762] reaction_id=7133: Ga3Ni-111-O1-CH3 -> Ga3Ni-111-O1-CH3OH (substrate=alloy)

[7134/9762] reaction_id=7134: Ga3Ni-111-O2-CH3 -> Ga3Ni-111-O2-CH3OH (substrate=alloy)

[7135/9762] reaction_id=7135: Ga3Os-111-O1-CH3 -> Ga3Os-111-O1-CH3OH (substrate=alloy)

[7136/9762] reaction_id=7136: Ga3Os-111-O2-CH3 -> Ga3Os-111-O2-CH3OH (substrate=alloy)

[7137/9762] reaction_id=7137: Ga3Pb-111-O1-CH3 -> Ga3Pb-111-O1-CH3OH (substrate=alloy)

[7138/9762] reaction_id=7138: Ga3Pb-111-O2-CH3 -> Ga3Pb-111-O2-CH3OH (substrate=alloy)

[7139/9762] reaction_id=7139: Ga3Pd-111-O1-CH3 -> Ga3Pd-111-O1-CH3OH (substrate=alloy)

[7140/9762] reaction_id=7140: Ga3Pd-111-O2-CH3 -> Ga3Pd-111-O2-CH3OH (substrate=alloy)

[7141/9762] reaction_id=7141: Ga3Pt-111-O1-CH3 -> Ga3Pt-111-O1-CH3OH (substrate=alloy)

[7142/9762] reaction_id=7142: Ga3Pt-111-O2-CH3 -> Ga3Pt-111-O2-CH3OH (substrate=alloy)

[7143/9762] reaction_id=7143: Ga3Re-111-O1-CH3 -> Ga3Re-111-O1-CH3OH (substrate=alloy)

[7144/9762] reaction_id=7144: Ga3Re-111-O2-CH3 -> Ga3Re-111-O2-CH3OH (substrate=alloy)

[7145/9762] reaction_id=7145: Ga3Rh-111-O1-CH3 -> Ga3Rh-111-O1-CH3OH (substrate=alloy)

[7146/9762] reaction_id=7146: Ga3Rh-111-O2-CH3 -> Ga3Rh-111-O2-CH3OH (substrate=alloy)

[7147/9762] reaction_id=7147: Ga3Ru-111-O1-CH3 -> Ga3Ru-111-O1-CH3OH (substrate=alloy)

[7148/9762] reaction_id=7148: Ga3Ru-111-O2-CH3 -> Ga3Ru-111-O2-CH3OH (substrate=alloy)

[7149/9762] reaction_id=7149: Ga3Sc-111-O1-CH3 -> Ga3Sc-111-O1-CH3OH (substrate=alloy)

[7150/9762] reaction_id=7150: Ga3Sc-111-O2-CH3 -> Ga3Sc-111-O2-CH3OH (substrate=alloy)

[7151/9762] reaction_id=7151: Ga3Sn-111-O1-CH3 -> Ga3Sn-111-O1-CH3OH (substrate=alloy)

[7152/9762] reaction_id=7152: Ga3Sn-111-O2-CH3 -> Ga3Sn-111-O2-CH3OH (substrate=alloy)

[7153/9762] reaction_id=7153: Ga3Ta-111-O1-CH3 -> Ga3Ta-111-O1-CH3OH (substrate=alloy)

[7154/9762] reaction_id=7154: Ga3Ta-111-O2-CH3 -> Ga3Ta-111-O2-CH3OH (substrate=alloy)

[7155/9762] reaction_id=7155: Ga3Tc-111-O1-CH3 -> Ga3Tc-111-O1-CH3OH (substrate=alloy)

[7156/9762] reaction_id=7156: Ga3Tc-111-O2-CH3 -> Ga3Tc-111-O2-CH3OH (substrate=alloy)

[7157/9762] reaction_id=7157: Ga3Ti-111-O1-CH3 -> Ga3Ti-111-O1-CH3OH (substrate=alloy)

[7158/9762] reaction_id=7158: Ga3Ti-111-O2-CH3 -> Ga3Ti-111-O2-CH3OH (substrate=alloy)

[7159/9762] reaction_id=7159: Ga3Tl-111-O1-CH3 -> Ga3Tl-111-O1-CH3OH (substrate=alloy)

[7160/9762] reaction_id=7160: Ga3Tl-111-O2-CH3 -> Ga3Tl-111-O2-CH3OH (substrate=alloy)

[7161/9762] reaction_id=7161: Ga3V-111-O1-CH3 -> Ga3V-111-O1-CH3OH (substrate=alloy)

[7162/9762] reaction_id=7162: Ga3V-111-O2-CH3 -> Ga3V-111-O2-CH3OH (substrate=alloy)

[7163/9762] reaction_id=7163: Ga3W-111-O1-CH3 -> Ga3W-111-O1-CH3OH (substrate=alloy)

[7164/9762] reaction_id=7164: Ga3W-111-O2-CH3 -> Ga3W-111-O2-CH3OH (substrate=alloy)

[7165/9762] reaction_id=7165: Ga3Y-111-O1-CH3 -> Ga3Y-111-O1-CH3OH (substrate=alloy)

[7166/9762] reaction_id=7166: Ga3Y-111-O2-CH3 -> Ga3Y-111-O2-CH3OH (substrate=alloy)

[7167/9762] reaction_id=7167: Ga3Zn-111-O1-CH3 -> Ga3Zn-111-O1-CH3OH (substrate=alloy)

[7168/9762] reaction_id=7168: Ga3Zn-111-O2-CH3 -> Ga3Zn-111-O2-CH3OH (substrate=alloy)

[7169/9762] reaction_id=7169: Ga3Zr-111-O1-CH3 -> Ga3Zr-111-O1-CH3OH (substrate=alloy)

[7170/9762] reaction_id=7170: Ga3Zr-111-O2-CH3 -> Ga3Zr-111-O2-CH3OH (substrate=alloy)

[7171/9762] reaction_id=7171: GaHf3-111-O1-CH3 -> GaHf3-111-O1-CH3OH (substrate=alloy)

[7172/9762] reaction_id=7172: GaHf3-111-O2-CH3 -> GaHf3-111-O2-CH3OH (substrate=alloy)

[7173/9762] reaction_id=7173: GaIn3-111-O1-CH3 -> GaIn3-111-O1-CH3OH (substrate=alloy)

[7174/9762] reaction_id=7174: GaIn3-111-O2-CH3 -> GaIn3-111-O2-CH3OH (substrate=alloy)

[7175/9762] reaction_id=7175: GaIr3-111-O1-CH3 -> GaIr3-111-O1-CH3OH (substrate=alloy)

[7176/9762] reaction_id=7176: GaIr3-111-O2-CH3 -> GaIr3-111-O2-CH3OH (substrate=alloy)

[7177/9762] reaction_id=7177: GaMo3-111-O1-CH3 -> GaMo3-111-O1-CH3OH (substrate=alloy)

[7178/9762] reaction_id=7178: GaMo3-111-O2-CH3 -> GaMo3-111-O2-CH3OH (substrate=alloy)

[7179/9762] reaction_id=7179: GaNb3-111-O1-CH3 -> GaNb3-111-O1-CH3OH (substrate=alloy)

[7180/9762] reaction_id=7180: GaNb3-111-O2-CH3 -> GaNb3-111-O2-CH3OH (substrate=alloy)

[7181/9762] reaction_id=7181: GaNi3-111-O1-CH3 -> GaNi3-111-O1-CH3OH (substrate=alloy)

[7182/9762] reaction_id=7182: GaNi3-111-O2-CH3 -> GaNi3-111-O2-CH3OH (substrate=alloy)

[7183/9762] reaction_id=7183: GaOs3-111-O1-CH3 -> GaOs3-111-O1-CH3OH (substrate=alloy)

[7184/9762] reaction_id=7184: GaOs3-111-O2-CH3 -> GaOs3-111-O2-CH3OH (substrate=alloy)

[7185/9762] reaction_id=7185: GaPb3-111-O1-CH3 -> GaPb3-111-O1-CH3OH (substrate=alloy)

[7186/9762] reaction_id=7186: GaPb3-111-O2-CH3 -> GaPb3-111-O2-CH3OH (substrate=alloy)

[7187/9762] reaction_id=7187: GaPd3-111-O1-CH3 -> GaPd3-111-O1-CH3OH (substrate=alloy)

[7188/9762] reaction_id=7188: GaPd3-111-O2-CH3 -> GaPd3-111-O2-CH3OH (substrate=alloy)

[7189/9762] reaction_id=7189: GaPt3-111-O1-CH3 -> GaPt3-111-O1-CH3OH (substrate=alloy)

[7190/9762] reaction_id=7190: GaPt3-111-O2-CH3 -> GaPt3-111-O2-CH3OH (substrate=alloy)

[7191/9762] reaction_id=7191: GaRe3-111-O1-CH3 -> GaRe3-111-O1-CH3OH (substrate=alloy)

[7192/9762] reaction_id=7192: GaRe3-111-O2-CH3 -> GaRe3-111-O2-CH3OH (substrate=alloy)

[7193/9762] reaction_id=7193: GaRh3-111-O1-CH3 -> GaRh3-111-O1-CH3OH (substrate=alloy)

[7194/9762] reaction_id=7194: GaRh3-111-O2-CH3 -> GaRh3-111-O2-CH3OH (substrate=alloy)

[7195/9762] reaction_id=7195: GaRu3-111-O1-CH3 -> GaRu3-111-O1-CH3OH (substrate=alloy)

[7196/9762] reaction_id=7196: GaRu3-111-O2-CH3 -> GaRu3-111-O2-CH3OH (substrate=alloy)

[7197/9762] reaction_id=7197: GaSc3-111-O1-CH3 -> GaSc3-111-O1-CH3OH (substrate=alloy)

[7198/9762] reaction_id=7198: GaSc3-111-O2-CH3 -> GaSc3-111-O2-CH3OH (substrate=alloy)

[7199/9762] reaction_id=7199: GaSn3-111-O1-CH3 -> GaSn3-111-O1-CH3OH (substrate=alloy)

[7200/9762] reaction_id=7200: GaSn3-111-O2-CH3 -> GaSn3-111-O2-CH3OH (substrate=alloy)

[7201/9762] reaction_id=7201: GaTa3-111-O1-CH3 -> GaTa3-111-O1-CH3OH (substrate=alloy)

[7202/9762] reaction_id=7202: GaTa3-111-O2-CH3 -> GaTa3-111-O2-CH3OH (substrate=alloy)

[7203/9762] reaction_id=7203: GaTc3-111-O1-CH3 -> GaTc3-111-O1-CH3OH (substrate=alloy)

[7204/9762] reaction_id=7204: GaTc3-111-O2-CH3 -> GaTc3-111-O2-CH3OH (substrate=alloy)

[7205/9762] reaction_id=7205: GaTi3-111-O1-CH3 -> GaTi3-111-O1-CH3OH (substrate=alloy)

[7206/9762] reaction_id=7206: GaTi3-111-O2-CH3 -> GaTi3-111-O2-CH3OH (substrate=alloy)

[7207/9762] reaction_id=7207: GaTl3-111-O2-CH3 -> GaTl3-111-O2-CH3OH (substrate=alloy)

[7208/9762] reaction_id=7208: GaV3-111-O1-CH3 -> GaV3-111-O1-CH3OH (substrate=alloy)

[7209/9762] reaction_id=7209: GaV3-111-O2-CH3 -> GaV3-111-O2-CH3OH (substrate=alloy)

[7210/9762] reaction_id=7210: GaW3-111-O1-CH3 -> GaW3-111-O1-CH3OH (substrate=alloy)

[7211/9762] reaction_id=7211: GaW3-111-O2-CH3 -> GaW3-111-O2-CH3OH (substrate=alloy)

[7212/9762] reaction_id=7212: GaY3-111-O1-CH3 -> GaY3-111-O1-CH3OH (substrate=alloy)

[7213/9762] reaction_id=7213: GaZn3-111-O1-CH3 -> GaZn3-111-O1-CH3OH (substrate=alloy)

[7214/9762] reaction_id=7214: GaZn3-111-O2-CH3 -> GaZn3-111-O2-CH3OH (substrate=alloy)

[7215/9762] reaction_id=7215: GaZr3-111-O1-CH3 -> GaZr3-111-O1-CH3OH (substrate=alloy)

[7216/9762] reaction_id=7216: GaZr3-111-O2-CH3 -> GaZr3-111-O2-CH3OH (substrate=alloy)

[7217/9762] reaction_id=7217: Hf2In2-111-O1-CH3 -> Hf2In2-111-O1-CH3OH (substrate=alloy)

[7218/9762] reaction_id=7218: Hf2In2-111-O2-CH3 -> Hf2In2-111-O2-CH3OH (substrate=alloy)

[7219/9762] reaction_id=7219: Hf2Ir2-111-O1-CH3 -> Hf2Ir2-111-O1-CH3OH (substrate=alloy)

[7220/9762] reaction_id=7220: Hf2Ir2-111-O2-CH3 -> Hf2Ir2-111-O2-CH3OH (substrate=alloy)

[7221/9762] reaction_id=7221: Hf2Mo2-111-O1-CH3 -> Hf2Mo2-111-O1-CH3OH (substrate=alloy)

[7222/9762] reaction_id=7222: Hf2Mo2-111-O2-CH3 -> Hf2Mo2-111-O2-CH3OH (substrate=alloy)

[7223/9762] reaction_id=7223: Hf2Nb2-111-O1-CH3 -> Hf2Nb2-111-O1-CH3OH (substrate=alloy)

[7224/9762] reaction_id=7224: Hf2Nb2-111-O2-CH3 -> Hf2Nb2-111-O2-CH3OH (substrate=alloy)

[7225/9762] reaction_id=7225: Hf2Ni2-111-O1-CH3 -> Hf2Ni2-111-O1-CH3OH (substrate=alloy)

[7226/9762] reaction_id=7226: Hf2Ni2-111-O2-CH3 -> Hf2Ni2-111-O2-CH3OH (substrate=alloy)

[7227/9762] reaction_id=7227: Hf2Os2-111-O1-CH3 -> Hf2Os2-111-O1-CH3OH (substrate=alloy)

[7228/9762] reaction_id=7228: Hf2Os2-111-O2-CH3 -> Hf2Os2-111-O2-CH3OH (substrate=alloy)

[7229/9762] reaction_id=7229: Hf2Pb2-111-O2-CH3 -> Hf2Pb2-111-O2-CH3OH (substrate=alloy)

[7230/9762] reaction_id=7230: Hf2Pd2-111-O1-CH3 -> Hf2Pd2-111-O1-CH3OH (substrate=alloy)

[7231/9762] reaction_id=7231: Hf2Pd2-111-O2-CH3 -> Hf2Pd2-111-O2-CH3OH (substrate=alloy)

[7232/9762] reaction_id=7232: Hf2Pt2-111-O1-CH3 -> Hf2Pt2-111-O1-CH3OH (substrate=alloy)

[7233/9762] reaction_id=7233: Hf2Pt2-111-O2-CH3 -> Hf2Pt2-111-O2-CH3OH (substrate=alloy)

[7234/9762] reaction_id=7234: Hf2Re2-111-O1-CH3 -> Hf2Re2-111-O1-CH3OH (substrate=alloy)

[7235/9762] reaction_id=7235: Hf2Re2-111-O2-CH3 -> Hf2Re2-111-O2-CH3OH (substrate=alloy)

[7236/9762] reaction_id=7236: Hf2Rh2-111-O1-CH3 -> Hf2Rh2-111-O1-CH3OH (substrate=alloy)

[7237/9762] reaction_id=7237: Hf2Rh2-111-O2-CH3 -> Hf2Rh2-111-O2-CH3OH (substrate=alloy)

[7238/9762] reaction_id=7238: Hf2Ru2-111-O1-CH3 -> Hf2Ru2-111-O1-CH3OH (substrate=alloy)

[7239/9762] reaction_id=7239: Hf2Ru2-111-O2-CH3 -> Hf2Ru2-111-O2-CH3OH (substrate=alloy)

[7240/9762] reaction_id=7240: Hf2Sc2-111-O1-CH3 -> Hf2Sc2-111-O1-CH3OH (substrate=alloy)

[7241/9762] reaction_id=7241: Hf2Sc2-111-O2-CH3 -> Hf2Sc2-111-O2-CH3OH (substrate=alloy)

[7242/9762] reaction_id=7242: Hf2Sn2-111-O1-CH3 -> Hf2Sn2-111-O1-CH3OH (substrate=alloy)

[7243/9762] reaction_id=7243: Hf2Sn2-111-O2-CH3 -> Hf2Sn2-111-O2-CH3OH (substrate=alloy)

[7244/9762] reaction_id=7244: Hf2Ta2-111-O1-CH3 -> Hf2Ta2-111-O1-CH3OH (substrate=alloy)

[7245/9762] reaction_id=7245: Hf2Ta2-111-O2-CH3 -> Hf2Ta2-111-O2-CH3OH (substrate=alloy)

[7246/9762] reaction_id=7246: Hf2Tc2-111-O1-CH3 -> Hf2Tc2-111-O1-CH3OH (substrate=alloy)

[7247/9762] reaction_id=7247: Hf2Tc2-111-O2-CH3 -> Hf2Tc2-111-O2-CH3OH (substrate=alloy)

[7248/9762] reaction_id=7248: Hf2Ti2-111-O1-CH3 -> Hf2Ti2-111-O1-CH3OH (substrate=alloy)

[7249/9762] reaction_id=7249: Hf2Ti2-111-O2-CH3 -> Hf2Ti2-111-O2-CH3OH (substrate=alloy)

[7250/9762] reaction_id=7250: Hf2Tl2-111-O2-CH3 -> Hf2Tl2-111-O2-CH3OH (substrate=alloy)

[7251/9762] reaction_id=7251: Hf2V2-111-O1-CH3 -> Hf2V2-111-O1-CH3OH (substrate=alloy)

[7252/9762] reaction_id=7252: Hf2V2-111-O2-CH3 -> Hf2V2-111-O2-CH3OH (substrate=alloy)

[7253/9762] reaction_id=7253: Hf2W2-111-O1-CH3 -> Hf2W2-111-O1-CH3OH (substrate=alloy)

[7254/9762] reaction_id=7254: Hf2W2-111-O2-CH3 -> Hf2W2-111-O2-CH3OH (substrate=alloy)

[7255/9762] reaction_id=7255: Hf2Y2-111-O1-CH3 -> Hf2Y2-111-O1-CH3OH (substrate=alloy)

[7256/9762] reaction_id=7256: Hf2Zn2-111-O1-CH3 -> Hf2Zn2-111-O1-CH3OH (substrate=alloy)

[7257/9762] reaction_id=7257: Hf2Zn2-111-O2-CH3 -> Hf2Zn2-111-O2-CH3OH (substrate=alloy)

[7258/9762] reaction_id=7258: Hf2Zr2-111-O1-CH3 -> Hf2Zr2-111-O1-CH3OH (substrate=alloy)

[7259/9762] reaction_id=7259: Hf2Zr2-111-O2-CH3 -> Hf2Zr2-111-O2-CH3OH (substrate=alloy)

[7260/9762] reaction_id=7260: Hf3In-111-O1-CH3 -> Hf3In-111-O1-CH3OH (substrate=alloy)

[7261/9762] reaction_id=7261: Hf3In-111-O2-CH3 -> Hf3In-111-O2-CH3OH (substrate=alloy)

[7262/9762] reaction_id=7262: Hf3Ir-111-O1-CH3 -> Hf3Ir-111-O1-CH3OH (substrate=alloy)

[7263/9762] reaction_id=7263: Hf3Ir-111-O2-CH3 -> Hf3Ir-111-O2-CH3OH (substrate=alloy)

[7264/9762] reaction_id=7264: Hf3Mn-111-O1-CH3 -> Hf3Mn-111-O1-CH3OH (substrate=alloy)

[7265/9762] reaction_id=7265: Hf3Mn-111-O2-CH3 -> Hf3Mn-111-O2-CH3OH (substrate=alloy)

[7266/9762] reaction_id=7266: Hf3Mo-111-O1-CH3 -> Hf3Mo-111-O1-CH3OH (substrate=alloy)

[7267/9762] reaction_id=7267: Hf3Mo-111-O2-CH3 -> Hf3Mo-111-O2-CH3OH (substrate=alloy)

[7268/9762] reaction_id=7268: Hf3Nb-111-O1-CH3 -> Hf3Nb-111-O1-CH3OH (substrate=alloy)

[7269/9762] reaction_id=7269: Hf3Nb-111-O2-CH3 -> Hf3Nb-111-O2-CH3OH (substrate=alloy)

[7270/9762] reaction_id=7270: Hf3Ni-111-O1-CH3 -> Hf3Ni-111-O1-CH3OH (substrate=alloy)

[7271/9762] reaction_id=7271: Hf3Ni-111-O2-CH3 -> Hf3Ni-111-O2-CH3OH (substrate=alloy)

[7272/9762] reaction_id=7272: Hf3Os-111-O1-CH3 -> Hf3Os-111-O1-CH3OH (substrate=alloy)

[7273/9762] reaction_id=7273: Hf3Os-111-O2-CH3 -> Hf3Os-111-O2-CH3OH (substrate=alloy)

[7274/9762] reaction_id=7274: Hf3Pb-111-O1-CH3 -> Hf3Pb-111-O1-CH3OH (substrate=alloy)

[7275/9762] reaction_id=7275: Hf3Pb-111-O2-CH3 -> Hf3Pb-111-O2-CH3OH (substrate=alloy)

[7276/9762] reaction_id=7276: Hf3Pd-111-O1-CH3 -> Hf3Pd-111-O1-CH3OH (substrate=alloy)

[7277/9762] reaction_id=7277: Hf3Pd-111-O2-CH3 -> Hf3Pd-111-O2-CH3OH (substrate=alloy)

[7278/9762] reaction_id=7278: Hf3Pt-111-O1-CH3 -> Hf3Pt-111-O1-CH3OH (substrate=alloy)

[7279/9762] reaction_id=7279: Hf3Pt-111-O2-CH3 -> Hf3Pt-111-O2-CH3OH (substrate=alloy)

[7280/9762] reaction_id=7280: Hf3Re-111-O1-CH3 -> Hf3Re-111-O1-CH3OH (substrate=alloy)

[7281/9762] reaction_id=7281: Hf3Re-111-O2-CH3 -> Hf3Re-111-O2-CH3OH (substrate=alloy)

[7282/9762] reaction_id=7282: Hf3Rh-111-O1-CH3 -> Hf3Rh-111-O1-CH3OH (substrate=alloy)

[7283/9762] reaction_id=7283: Hf3Rh-111-O2-CH3 -> Hf3Rh-111-O2-CH3OH (substrate=alloy)

[7284/9762] reaction_id=7284: Hf3Ru-111-O1-CH3 -> Hf3Ru-111-O1-CH3OH (substrate=alloy)

[7285/9762] reaction_id=7285: Hf3Ru-111-O2-CH3 -> Hf3Ru-111-O2-CH3OH (substrate=alloy)

[7286/9762] reaction_id=7286: Hf3Sc-111-O1-CH3 -> Hf3Sc-111-O1-CH3OH (substrate=alloy)

[7287/9762] reaction_id=7287: Hf3Sc-111-O2-CH3 -> Hf3Sc-111-O2-CH3OH (substrate=alloy)

[7288/9762] reaction_id=7288: Hf3Sn-111-O1-CH3 -> Hf3Sn-111-O1-CH3OH (substrate=alloy)

[7289/9762] reaction_id=7289: Hf3Sn-111-O2-CH3 -> Hf3Sn-111-O2-CH3OH (substrate=alloy)

[7290/9762] reaction_id=7290: Hf3Ta-111-O1-CH3 -> Hf3Ta-111-O1-CH3OH (substrate=alloy)

[7291/9762] reaction_id=7291: Hf3Ta-111-O2-CH3 -> Hf3Ta-111-O2-CH3OH (substrate=alloy)

[7292/9762] reaction_id=7292: Hf3Tc-111-O1-CH3 -> Hf3Tc-111-O1-CH3OH (substrate=alloy)

[7293/9762] reaction_id=7293: Hf3Tc-111-O2-CH3 -> Hf3Tc-111-O2-CH3OH (substrate=alloy)

[7294/9762] reaction_id=7294: Hf3Ti-111-O1-CH3 -> Hf3Ti-111-O1-CH3OH (substrate=alloy)

[7295/9762] reaction_id=7295: Hf3Ti-111-O2-CH3 -> Hf3Ti-111-O2-CH3OH (substrate=alloy)

[7296/9762] reaction_id=7296: Hf3Tl-111-O2-CH3 -> Hf3Tl-111-O2-CH3OH (substrate=alloy)

[7297/9762] reaction_id=7297: Hf3V-111-O1-CH3 -> Hf3V-111-O1-CH3OH (substrate=alloy)

[7298/9762] reaction_id=7298: Hf3V-111-O2-CH3 -> Hf3V-111-O2-CH3OH (substrate=alloy)

[7299/9762] reaction_id=7299: Hf3W-111-O1-CH3 -> Hf3W-111-O1-CH3OH (substrate=alloy)

[7300/9762] reaction_id=7300: Hf3W-111-O2-CH3 -> Hf3W-111-O2-CH3OH (substrate=alloy)

[7301/9762] reaction_id=7301: Hf3Y-111-O1-CH3 -> Hf3Y-111-O1-CH3OH (substrate=alloy)

[7302/9762] reaction_id=7302: Hf3Zn-111-O1-CH3 -> Hf3Zn-111-O1-CH3OH (substrate=alloy)

[7303/9762] reaction_id=7303: Hf3Zn-111-O2-CH3 -> Hf3Zn-111-O2-CH3OH (substrate=alloy)

[7304/9762] reaction_id=7304: Hf3Zr-111-O1-CH3 -> Hf3Zr-111-O1-CH3OH (substrate=alloy)

[7305/9762] reaction_id=7305: Hf3Zr-111-O2-CH3 -> Hf3Zr-111-O2-CH3OH (substrate=alloy)

[7306/9762] reaction_id=7306: HfIn3-111-O1-CH3 -> HfIn3-111-O1-CH3OH (substrate=alloy)

[7307/9762] reaction_id=7307: HfIn3-111-O2-CH3 -> HfIn3-111-O2-CH3OH (substrate=alloy)

[7308/9762] reaction_id=7308: HfIr3-111-O1-CH3 -> HfIr3-111-O1-CH3OH (substrate=alloy)

[7309/9762] reaction_id=7309: HfIr3-111-O2-CH3 -> HfIr3-111-O2-CH3OH (substrate=alloy)

[7310/9762] reaction_id=7310: HfMo3-111-O1-CH3 -> HfMo3-111-O1-CH3OH (substrate=alloy)

[7311/9762] reaction_id=7311: HfMo3-111-O2-CH3 -> HfMo3-111-O2-CH3OH (substrate=alloy)

[7312/9762] reaction_id=7312: HfNb3-111-O1-CH3 -> HfNb3-111-O1-CH3OH (substrate=alloy)

[7313/9762] reaction_id=7313: HfNb3-111-O2-CH3 -> HfNb3-111-O2-CH3OH (substrate=alloy)

[7314/9762] reaction_id=7314: HfNi3-111-O1-CH3 -> HfNi3-111-O1-CH3OH (substrate=alloy)

[7315/9762] reaction_id=7315: HfNi3-111-O2-CH3 -> HfNi3-111-O2-CH3OH (substrate=alloy)

[7316/9762] reaction_id=7316: HfOs3-111-O1-CH3 -> HfOs3-111-O1-CH3OH (substrate=alloy)

[7317/9762] reaction_id=7317: HfOs3-111-O2-CH3 -> HfOs3-111-O2-CH3OH (substrate=alloy)

[7318/9762] reaction_id=7318: HfPb3-111-O1-CH3 -> HfPb3-111-O1-CH3OH (substrate=alloy)

[7319/9762] reaction_id=7319: HfPb3-111-O2-CH3 -> HfPb3-111-O2-CH3OH (substrate=alloy)

[7320/9762] reaction_id=7320: HfPd3-111-O1-CH3 -> HfPd3-111-O1-CH3OH (substrate=alloy)

[7321/9762] reaction_id=7321: HfPd3-111-O2-CH3 -> HfPd3-111-O2-CH3OH (substrate=alloy)

[7322/9762] reaction_id=7322: HfPt3-111-O1-CH3 -> HfPt3-111-O1-CH3OH (substrate=alloy)

[7323/9762] reaction_id=7323: HfPt3-111-O2-CH3 -> HfPt3-111-O2-CH3OH (substrate=alloy)

[7324/9762] reaction_id=7324: HfRe3-111-O1-CH3 -> HfRe3-111-O1-CH3OH (substrate=alloy)

[7325/9762] reaction_id=7325: HfRe3-111-O2-CH3 -> HfRe3-111-O2-CH3OH (substrate=alloy)

[7326/9762] reaction_id=7326: HfRh3-111-O1-CH3 -> HfRh3-111-O1-CH3OH (substrate=alloy)

[7327/9762] reaction_id=7327: HfRh3-111-O2-CH3 -> HfRh3-111-O2-CH3OH (substrate=alloy)

[7328/9762] reaction_id=7328: HfRu3-111-O1-CH3 -> HfRu3-111-O1-CH3OH (substrate=alloy)

[7329/9762] reaction_id=7329: HfRu3-111-O2-CH3 -> HfRu3-111-O2-CH3OH (substrate=alloy)

[7330/9762] reaction_id=7330: HfSc3-111-O1-CH3 -> HfSc3-111-O1-CH3OH (substrate=alloy)

[7331/9762] reaction_id=7331: HfSc3-111-O2-CH3 -> HfSc3-111-O2-CH3OH (substrate=alloy)

[7332/9762] reaction_id=7332: HfSn3-111-O1-CH3 -> HfSn3-111-O1-CH3OH (substrate=alloy)

[7333/9762] reaction_id=7333: HfSn3-111-O2-CH3 -> HfSn3-111-O2-CH3OH (substrate=alloy)

[7334/9762] reaction_id=7334: HfTc3-111-O1-CH3 -> HfTc3-111-O1-CH3OH (substrate=alloy)

[7335/9762] reaction_id=7335: HfTc3-111-O2-CH3 -> HfTc3-111-O2-CH3OH (substrate=alloy)

[7336/9762] reaction_id=7336: HfTi3-111-O1-CH3 -> HfTi3-111-O1-CH3OH (substrate=alloy)

[7337/9762] reaction_id=7337: HfTi3-111-O2-CH3 -> HfTi3-111-O2-CH3OH (substrate=alloy)

[7338/9762] reaction_id=7338: HfTl3-111-O1-CH3 -> HfTl3-111-O1-CH3OH (substrate=alloy)

[7339/9762] reaction_id=7339: HfTl3-111-O2-CH3 -> HfTl3-111-O2-CH3OH (substrate=alloy)

[7340/9762] reaction_id=7340: HfV3-111-O1-CH3 -> HfV3-111-O1-CH3OH (substrate=alloy)

[7341/9762] reaction_id=7341: HfV3-111-O2-CH3 -> HfV3-111-O2-CH3OH (substrate=alloy)

[7342/9762] reaction_id=7342: HfW3-111-O1-CH3 -> HfW3-111-O1-CH3OH (substrate=alloy)

[7343/9762] reaction_id=7343: HfW3-111-O2-CH3 -> HfW3-111-O2-CH3OH (substrate=alloy)

[7344/9762] reaction_id=7344: HfY3-111-O1-CH3 -> HfY3-111-O1-CH3OH (substrate=alloy)

[7345/9762] reaction_id=7345: HfZn3-111-O1-CH3 -> HfZn3-111-O1-CH3OH (substrate=alloy)

[7346/9762] reaction_id=7346: HfZn3-111-O2-CH3 -> HfZn3-111-O2-CH3OH (substrate=alloy)

[7347/9762] reaction_id=7347: HfZr3-111-O1-CH3 -> HfZr3-111-O1-CH3OH (substrate=alloy)

[7348/9762] reaction_id=7348: HfZr3-111-O2-CH3 -> HfZr3-111-O2-CH3OH (substrate=alloy)

[7349/9762] reaction_id=7349: In2Ir2-111-O1-CH3 -> In2Ir2-111-O1-CH3OH (substrate=alloy)

[7350/9762] reaction_id=7350: In2Ir2-111-O2-CH3 -> In2Ir2-111-O2-CH3OH (substrate=alloy)

[7351/9762] reaction_id=7351: In2Mn2-111-O1-CH3 -> In2Mn2-111-O1-CH3OH (substrate=alloy)

[7352/9762] reaction_id=7352: In2Mn2-111-O2-CH3 -> In2Mn2-111-O2-CH3OH (substrate=alloy)

[7353/9762] reaction_id=7353: In2Mo2-111-O1-CH3 -> In2Mo2-111-O1-CH3OH (substrate=alloy)

[7354/9762] reaction_id=7354: In2Mo2-111-O2-CH3 -> In2Mo2-111-O2-CH3OH (substrate=alloy)

[7355/9762] reaction_id=7355: In2Nb2-111-O1-CH3 -> In2Nb2-111-O1-CH3OH (substrate=alloy)

[7356/9762] reaction_id=7356: In2Nb2-111-O2-CH3 -> In2Nb2-111-O2-CH3OH (substrate=alloy)

[7357/9762] reaction_id=7357: In2Ni2-111-O1-CH3 -> In2Ni2-111-O1-CH3OH (substrate=alloy)

[7358/9762] reaction_id=7358: In2Ni2-111-O2-CH3 -> In2Ni2-111-O2-CH3OH (substrate=alloy)

[7359/9762] reaction_id=7359: In2Os2-111-O1-CH3 -> In2Os2-111-O1-CH3OH (substrate=alloy)

[7360/9762] reaction_id=7360: In2Os2-111-O2-CH3 -> In2Os2-111-O2-CH3OH (substrate=alloy)

[7361/9762] reaction_id=7361: In2Pb2-111-O1-CH3 -> In2Pb2-111-O1-CH3OH (substrate=alloy)

[7362/9762] reaction_id=7362: In2Pd2-111-O1-CH3 -> In2Pd2-111-O1-CH3OH (substrate=alloy)

[7363/9762] reaction_id=7363: In2Pd2-111-O2-CH3 -> In2Pd2-111-O2-CH3OH (substrate=alloy)

[7364/9762] reaction_id=7364: In2Pt2-111-O1-CH3 -> In2Pt2-111-O1-CH3OH (substrate=alloy)

[7365/9762] reaction_id=7365: In2Pt2-111-O2-CH3 -> In2Pt2-111-O2-CH3OH (substrate=alloy)

[7366/9762] reaction_id=7366: In2Re2-111-O1-CH3 -> In2Re2-111-O1-CH3OH (substrate=alloy)

[7367/9762] reaction_id=7367: In2Re2-111-O2-CH3 -> In2Re2-111-O2-CH3OH (substrate=alloy)

[7368/9762] reaction_id=7368: In2Rh2-111-O1-CH3 -> In2Rh2-111-O1-CH3OH (substrate=alloy)

[7369/9762] reaction_id=7369: In2Rh2-111-O2-CH3 -> In2Rh2-111-O2-CH3OH (substrate=alloy)

[7370/9762] reaction_id=7370: In2Ru2-111-O1-CH3 -> In2Ru2-111-O1-CH3OH (substrate=alloy)

[7371/9762] reaction_id=7371: In2Ru2-111-O2-CH3 -> In2Ru2-111-O2-CH3OH (substrate=alloy)

[7372/9762] reaction_id=7372: In2Sc2-111-O1-CH3 -> In2Sc2-111-O1-CH3OH (substrate=alloy)

[7373/9762] reaction_id=7373: In2Sc2-111-O2-CH3 -> In2Sc2-111-O2-CH3OH (substrate=alloy)

[7374/9762] reaction_id=7374: In2Sn2-111-O1-CH3 -> In2Sn2-111-O1-CH3OH (substrate=alloy)

[7375/9762] reaction_id=7375: In2Sn2-111-O2-CH3 -> In2Sn2-111-O2-CH3OH (substrate=alloy)

[7376/9762] reaction_id=7376: In2Ta2-111-O1-CH3 -> In2Ta2-111-O1-CH3OH (substrate=alloy)

[7377/9762] reaction_id=7377: In2Ta2-111-O2-CH3 -> In2Ta2-111-O2-CH3OH (substrate=alloy)

[7378/9762] reaction_id=7378: In2Tc2-111-O1-CH3 -> In2Tc2-111-O1-CH3OH (substrate=alloy)

[7379/9762] reaction_id=7379: In2Tc2-111-O2-CH3 -> In2Tc2-111-O2-CH3OH (substrate=alloy)

[7380/9762] reaction_id=7380: In2Ti2-111-O1-CH3 -> In2Ti2-111-O1-CH3OH (substrate=alloy)

[7381/9762] reaction_id=7381: In2Ti2-111-O2-CH3 -> In2Ti2-111-O2-CH3OH (substrate=alloy)

[7382/9762] reaction_id=7382: In2Tl2-111-O2-CH3 -> In2Tl2-111-O2-CH3OH (substrate=alloy)

[7383/9762] reaction_id=7383: In2V2-111-O1-CH3 -> In2V2-111-O1-CH3OH (substrate=alloy)

[7384/9762] reaction_id=7384: In2V2-111-O2-CH3 -> In2V2-111-O2-CH3OH (substrate=alloy)

[7385/9762] reaction_id=7385: In2W2-111-O1-CH3 -> In2W2-111-O1-CH3OH (substrate=alloy)

[7386/9762] reaction_id=7386: In2W2-111-O2-CH3 -> In2W2-111-O2-CH3OH (substrate=alloy)

[7387/9762] reaction_id=7387: In2Y2-111-O1-CH3 -> In2Y2-111-O1-CH3OH (substrate=alloy)

[7388/9762] reaction_id=7388: In2Zn2-111-O1-CH3 -> In2Zn2-111-O1-CH3OH (substrate=alloy)

[7389/9762] reaction_id=7389: In2Zn2-111-O2-CH3 -> In2Zn2-111-O2-CH3OH (substrate=alloy)

[7390/9762] reaction_id=7390: In2Zr2-111-O1-CH3 -> In2Zr2-111-O1-CH3OH (substrate=alloy)

[7391/9762] reaction_id=7391: In2Zr2-111-O2-CH3 -> In2Zr2-111-O2-CH3OH (substrate=alloy)

[7392/9762] reaction_id=7392: In3Ir-111-O1-CH3 -> In3Ir-111-O1-CH3OH (substrate=alloy)

[7393/9762] reaction_id=7393: In3Ir-111-O2-CH3 -> In3Ir-111-O2-CH3OH (substrate=alloy)

[7394/9762] reaction_id=7394: In3Mn-111-O1-CH3 -> In3Mn-111-O1-CH3OH (substrate=alloy)

[7395/9762] reaction_id=7395: In3Mn-111-O2-CH3 -> In3Mn-111-O2-CH3OH (substrate=alloy)

[7396/9762] reaction_id=7396: In3Mo-111-O1-CH3 -> In3Mo-111-O1-CH3OH (substrate=alloy)

[7397/9762] reaction_id=7397: In3Mo-111-O2-CH3 -> In3Mo-111-O2-CH3OH (substrate=alloy)

[7398/9762] reaction_id=7398: In3Nb-111-O1-CH3 -> In3Nb-111-O1-CH3OH (substrate=alloy)

[7399/9762] reaction_id=7399: In3Nb-111-O2-CH3 -> In3Nb-111-O2-CH3OH (substrate=alloy)

[7400/9762] reaction_id=7400: In3Ni-111-O1-CH3 -> In3Ni-111-O1-CH3OH (substrate=alloy)

[7401/9762] reaction_id=7401: In3Ni-111-O2-CH3 -> In3Ni-111-O2-CH3OH (substrate=alloy)

[7402/9762] reaction_id=7402: In3Os-111-O1-CH3 -> In3Os-111-O1-CH3OH (substrate=alloy)

[7403/9762] reaction_id=7403: In3Os-111-O2-CH3 -> In3Os-111-O2-CH3OH (substrate=alloy)

[7404/9762] reaction_id=7404: In3Pb-111-O2-CH3 -> In3Pb-111-O2-CH3OH (substrate=alloy)

[7405/9762] reaction_id=7405: In3Pd-111-O1-CH3 -> In3Pd-111-O1-CH3OH (substrate=alloy)

[7406/9762] reaction_id=7406: In3Pd-111-O2-CH3 -> In3Pd-111-O2-CH3OH (substrate=alloy)

[7407/9762] reaction_id=7407: In3Pt-111-O1-CH3 -> In3Pt-111-O1-CH3OH (substrate=alloy)

[7408/9762] reaction_id=7408: In3Pt-111-O2-CH3 -> In3Pt-111-O2-CH3OH (substrate=alloy)

[7409/9762] reaction_id=7409: In3Re-111-O1-CH3 -> In3Re-111-O1-CH3OH (substrate=alloy)

[7410/9762] reaction_id=7410: In3Re-111-O2-CH3 -> In3Re-111-O2-CH3OH (substrate=alloy)

[7411/9762] reaction_id=7411: In3Rh-111-O1-CH3 -> In3Rh-111-O1-CH3OH (substrate=alloy)

[7412/9762] reaction_id=7412: In3Rh-111-O2-CH3 -> In3Rh-111-O2-CH3OH (substrate=alloy)

[7413/9762] reaction_id=7413: In3Ru-111-O1-CH3 -> In3Ru-111-O1-CH3OH (substrate=alloy)

[7414/9762] reaction_id=7414: In3Ru-111-O2-CH3 -> In3Ru-111-O2-CH3OH (substrate=alloy)

[7415/9762] reaction_id=7415: In3Sc-111-O1-CH3 -> In3Sc-111-O1-CH3OH (substrate=alloy)

[7416/9762] reaction_id=7416: In3Sc-111-O2-CH3 -> In3Sc-111-O2-CH3OH (substrate=alloy)

[7417/9762] reaction_id=7417: In3Sn-111-O1-CH3 -> In3Sn-111-O1-CH3OH (substrate=alloy)

[7418/9762] reaction_id=7418: In3Sn-111-O2-CH3 -> In3Sn-111-O2-CH3OH (substrate=alloy)

[7419/9762] reaction_id=7419: In3Ta-111-O1-CH3 -> In3Ta-111-O1-CH3OH (substrate=alloy)

[7420/9762] reaction_id=7420: In3Ta-111-O2-CH3 -> In3Ta-111-O2-CH3OH (substrate=alloy)

[7421/9762] reaction_id=7421: In3Tc-111-O1-CH3 -> In3Tc-111-O1-CH3OH (substrate=alloy)

[7422/9762] reaction_id=7422: In3Tc-111-O2-CH3 -> In3Tc-111-O2-CH3OH (substrate=alloy)

[7423/9762] reaction_id=7423: In3Ti-111-O1-CH3 -> In3Ti-111-O1-CH3OH (substrate=alloy)

[7424/9762] reaction_id=7424: In3Ti-111-O2-CH3 -> In3Ti-111-O2-CH3OH (substrate=alloy)

[7425/9762] reaction_id=7425: In3Tl-111-O2-CH3 -> In3Tl-111-O2-CH3OH (substrate=alloy)

[7426/9762] reaction_id=7426: In3V-111-O1-CH3 -> In3V-111-O1-CH3OH (substrate=alloy)

[7427/9762] reaction_id=7427: In3V-111-O2-CH3 -> In3V-111-O2-CH3OH (substrate=alloy)

[7428/9762] reaction_id=7428: In3W-111-O1-CH3 -> In3W-111-O1-CH3OH (substrate=alloy)

[7429/9762] reaction_id=7429: In3W-111-O2-CH3 -> In3W-111-O2-CH3OH (substrate=alloy)

[7430/9762] reaction_id=7430: In3Y-111-O2-CH3 -> In3Y-111-O2-CH3OH (substrate=alloy)

[7431/9762] reaction_id=7431: In3Zn-111-O1-CH3 -> In3Zn-111-O1-CH3OH (substrate=alloy)

[7432/9762] reaction_id=7432: In3Zn-111-O2-CH3 -> In3Zn-111-O2-CH3OH (substrate=alloy)

[7433/9762] reaction_id=7433: In3Zr-111-O1-CH3 -> In3Zr-111-O1-CH3OH (substrate=alloy)

[7434/9762] reaction_id=7434: In3Zr-111-O2-CH3 -> In3Zr-111-O2-CH3OH (substrate=alloy)

[7435/9762] reaction_id=7435: InIr3-111-O1-CH3 -> InIr3-111-O1-CH3OH (substrate=alloy)

[7436/9762] reaction_id=7436: InIr3-111-O2-CH3 -> InIr3-111-O2-CH3OH (substrate=alloy)

[7437/9762] reaction_id=7437: InMo3-111-O1-CH3 -> InMo3-111-O1-CH3OH (substrate=alloy)

[7438/9762] reaction_id=7438: InMo3-111-O2-CH3 -> InMo3-111-O2-CH3OH (substrate=alloy)

[7439/9762] reaction_id=7439: InNb3-111-O1-CH3 -> InNb3-111-O1-CH3OH (substrate=alloy)

[7440/9762] reaction_id=7440: InNb3-111-O2-CH3 -> InNb3-111-O2-CH3OH (substrate=alloy)

[7441/9762] reaction_id=7441: InNi3-111-O1-CH3 -> InNi3-111-O1-CH3OH (substrate=alloy)

[7442/9762] reaction_id=7442: InNi3-111-O2-CH3 -> InNi3-111-O2-CH3OH (substrate=alloy)

[7443/9762] reaction_id=7443: InOs3-111-O1-CH3 -> InOs3-111-O1-CH3OH (substrate=alloy)

[7444/9762] reaction_id=7444: InOs3-111-O2-CH3 -> InOs3-111-O2-CH3OH (substrate=alloy)

[7445/9762] reaction_id=7445: InPb3-111-O1-CH3 -> InPb3-111-O1-CH3OH (substrate=alloy)

[7446/9762] reaction_id=7446: InPd3-111-O1-CH3 -> InPd3-111-O1-CH3OH (substrate=alloy)

[7447/9762] reaction_id=7447: InPd3-111-O2-CH3 -> InPd3-111-O2-CH3OH (substrate=alloy)

[7448/9762] reaction_id=7448: InPt3-111-O1-CH3 -> InPt3-111-O1-CH3OH (substrate=alloy)

[7449/9762] reaction_id=7449: InPt3-111-O2-CH3 -> InPt3-111-O2-CH3OH (substrate=alloy)

[7450/9762] reaction_id=7450: InRe3-111-O1-CH3 -> InRe3-111-O1-CH3OH (substrate=alloy)

[7451/9762] reaction_id=7451: InRe3-111-O2-CH3 -> InRe3-111-O2-CH3OH (substrate=alloy)

[7452/9762] reaction_id=7452: InRh3-111-O1-CH3 -> InRh3-111-O1-CH3OH (substrate=alloy)

[7453/9762] reaction_id=7453: InRh3-111-O2-CH3 -> InRh3-111-O2-CH3OH (substrate=alloy)

[7454/9762] reaction_id=7454: InRu3-111-O1-CH3 -> InRu3-111-O1-CH3OH (substrate=alloy)

[7455/9762] reaction_id=7455: InRu3-111-O2-CH3 -> InRu3-111-O2-CH3OH (substrate=alloy)

[7456/9762] reaction_id=7456: InSc3-111-O1-CH3 -> InSc3-111-O1-CH3OH (substrate=alloy)

[7457/9762] reaction_id=7457: InSc3-111-O2-CH3 -> InSc3-111-O2-CH3OH (substrate=alloy)

[7458/9762] reaction_id=7458: InSn3-111-O1-CH3 -> InSn3-111-O1-CH3OH (substrate=alloy)

[7459/9762] reaction_id=7459: InSn3-111-O2-CH3 -> InSn3-111-O2-CH3OH (substrate=alloy)

[7460/9762] reaction_id=7460: InTa3-111-O1-CH3 -> InTa3-111-O1-CH3OH (substrate=alloy)

[7461/9762] reaction_id=7461: InTa3-111-O2-CH3 -> InTa3-111-O2-CH3OH (substrate=alloy)

[7462/9762] reaction_id=7462: InTc3-111-O1-CH3 -> InTc3-111-O1-CH3OH (substrate=alloy)

[7463/9762] reaction_id=7463: InTc3-111-O2-CH3 -> InTc3-111-O2-CH3OH (substrate=alloy)

[7464/9762] reaction_id=7464: InTi3-111-O1-CH3 -> InTi3-111-O1-CH3OH (substrate=alloy)

[7465/9762] reaction_id=7465: InTi3-111-O2-CH3 -> InTi3-111-O2-CH3OH (substrate=alloy)

[7466/9762] reaction_id=7466: InTl3-111-O2-CH3 -> InTl3-111-O2-CH3OH (substrate=alloy)

[7467/9762] reaction_id=7467: InV3-111-O1-CH3 -> InV3-111-O1-CH3OH (substrate=alloy)

[7468/9762] reaction_id=7468: InV3-111-O2-CH3 -> InV3-111-O2-CH3OH (substrate=alloy)

[7469/9762] reaction_id=7469: InW3-111-O1-CH3 -> InW3-111-O1-CH3OH (substrate=alloy)

[7470/9762] reaction_id=7470: InW3-111-O2-CH3 -> InW3-111-O2-CH3OH (substrate=alloy)

[7471/9762] reaction_id=7471: InY3-111-O1-CH3 -> InY3-111-O1-CH3OH (substrate=alloy)

[7472/9762] reaction_id=7472: InY3-111-O2-CH3 -> InY3-111-O2-CH3OH (substrate=alloy)

[7473/9762] reaction_id=7473: InZn3-111-O1-CH3 -> InZn3-111-O1-CH3OH (substrate=alloy)

[7474/9762] reaction_id=7474: InZn3-111-O2-CH3 -> InZn3-111-O2-CH3OH (substrate=alloy)

[7475/9762] reaction_id=7475: InZr3-111-O1-CH3 -> InZr3-111-O1-CH3OH (substrate=alloy)

[7476/9762] reaction_id=7476: InZr3-111-O2-CH3 -> InZr3-111-O2-CH3OH (substrate=alloy)

[7477/9762] reaction_id=7477: Ir2Mn2-111-O1-CH3 -> Ir2Mn2-111-O1-CH3OH (substrate=alloy)

[7478/9762] reaction_id=7478: Ir2Mn2-111-O2-CH3 -> Ir2Mn2-111-O2-CH3OH (substrate=alloy)

[7479/9762] reaction_id=7479: Ir2Mo2-111-O1-CH3 -> Ir2Mo2-111-O1-CH3OH (substrate=alloy)

[7480/9762] reaction_id=7480: Ir2Mo2-111-O2-CH3 -> Ir2Mo2-111-O2-CH3OH (substrate=alloy)

[7481/9762] reaction_id=7481: Ir2Nb2-111-O1-CH3 -> Ir2Nb2-111-O1-CH3OH (substrate=alloy)

[7482/9762] reaction_id=7482: Ir2Nb2-111-O2-CH3 -> Ir2Nb2-111-O2-CH3OH (substrate=alloy)

[7483/9762] reaction_id=7483: Ir2Ni2-111-O1-CH3 -> Ir2Ni2-111-O1-CH3OH (substrate=alloy)

[7484/9762] reaction_id=7484: Ir2Ni2-111-O2-CH3 -> Ir2Ni2-111-O2-CH3OH (substrate=alloy)

[7485/9762] reaction_id=7485: Ir2Os2-111-O1-CH3 -> Ir2Os2-111-O1-CH3OH (substrate=alloy)

[7486/9762] reaction_id=7486: Ir2Os2-111-O2-CH3 -> Ir2Os2-111-O2-CH3OH (substrate=alloy)

[7487/9762] reaction_id=7487: Ir2Pb2-111-O1-CH3 -> Ir2Pb2-111-O1-CH3OH (substrate=alloy)

[7488/9762] reaction_id=7488: Ir2Pb2-111-O2-CH3 -> Ir2Pb2-111-O2-CH3OH (substrate=alloy)

[7489/9762] reaction_id=7489: Ir2Pd2-111-O1-CH3 -> Ir2Pd2-111-O1-CH3OH (substrate=alloy)

[7490/9762] reaction_id=7490: Ir2Pd2-111-O2-CH3 -> Ir2Pd2-111-O2-CH3OH (substrate=alloy)

[7491/9762] reaction_id=7491: Ir2Pt2-111-O1-CH3 -> Ir2Pt2-111-O1-CH3OH (substrate=alloy)

[7492/9762] reaction_id=7492: Ir2Pt2-111-O2-CH3 -> Ir2Pt2-111-O2-CH3OH (substrate=alloy)

[7493/9762] reaction_id=7493: Ir2Re2-111-O1-CH3 -> Ir2Re2-111-O1-CH3OH (substrate=alloy)

[7494/9762] reaction_id=7494: Ir2Re2-111-O2-CH3 -> Ir2Re2-111-O2-CH3OH (substrate=alloy)

[7495/9762] reaction_id=7495: Ir2Rh2-111-O1-CH3 -> Ir2Rh2-111-O1-CH3OH (substrate=alloy)

[7496/9762] reaction_id=7496: Ir2Rh2-111-O2-CH3 -> Ir2Rh2-111-O2-CH3OH (substrate=alloy)

[7497/9762] reaction_id=7497: Ir2Ru2-111-O1-CH3 -> Ir2Ru2-111-O1-CH3OH (substrate=alloy)

[7498/9762] reaction_id=7498: Ir2Ru2-111-O2-CH3 -> Ir2Ru2-111-O2-CH3OH (substrate=alloy)

[7499/9762] reaction_id=7499: Ir2Sc2-111-O1-CH3 -> Ir2Sc2-111-O1-CH3OH (substrate=alloy)

[7500/9762] reaction_id=7500: Ir2Sc2-111-O2-CH3 -> Ir2Sc2-111-O2-CH3OH (substrate=alloy)

[7501/9762] reaction_id=7501: Ir2Sn2-111-O1-CH3 -> Ir2Sn2-111-O1-CH3OH (substrate=alloy)

[7502/9762] reaction_id=7502: Ir2Sn2-111-O2-CH3 -> Ir2Sn2-111-O2-CH3OH (substrate=alloy)

[7503/9762] reaction_id=7503: Ir2Ta2-111-O1-CH3 -> Ir2Ta2-111-O1-CH3OH (substrate=alloy)

[7504/9762] reaction_id=7504: Ir2Ta2-111-O2-CH3 -> Ir2Ta2-111-O2-CH3OH (substrate=alloy)

[7505/9762] reaction_id=7505: Ir2Tc2-111-O1-CH3 -> Ir2Tc2-111-O1-CH3OH (substrate=alloy)

[7506/9762] reaction_id=7506: Ir2Tc2-111-O2-CH3 -> Ir2Tc2-111-O2-CH3OH (substrate=alloy)

[7507/9762] reaction_id=7507: Ir2Ti2-111-O1-CH3 -> Ir2Ti2-111-O1-CH3OH (substrate=alloy)

[7508/9762] reaction_id=7508: Ir2Ti2-111-O2-CH3 -> Ir2Ti2-111-O2-CH3OH (substrate=alloy)

[7509/9762] reaction_id=7509: Ir2Tl2-111-O1-CH3 -> Ir2Tl2-111-O1-CH3OH (substrate=alloy)

[7510/9762] reaction_id=7510: Ir2Tl2-111-O2-CH3 -> Ir2Tl2-111-O2-CH3OH (substrate=alloy)

[7511/9762] reaction_id=7511: Ir2V2-111-O1-CH3 -> Ir2V2-111-O1-CH3OH (substrate=alloy)

[7512/9762] reaction_id=7512: Ir2V2-111-O2-CH3 -> Ir2V2-111-O2-CH3OH (substrate=alloy)

[7513/9762] reaction_id=7513: Ir2W2-111-O1-CH3 -> Ir2W2-111-O1-CH3OH (substrate=alloy)

[7514/9762] reaction_id=7514: Ir2W2-111-O2-CH3 -> Ir2W2-111-O2-CH3OH (substrate=alloy)

[7515/9762] reaction_id=7515: Ir2Y2-111-O1-CH3 -> Ir2Y2-111-O1-CH3OH (substrate=alloy)

[7516/9762] reaction_id=7516: Ir2Y2-111-O2-CH3 -> Ir2Y2-111-O2-CH3OH (substrate=alloy)

[7517/9762] reaction_id=7517: Ir2Zn2-111-O1-CH3 -> Ir2Zn2-111-O1-CH3OH (substrate=alloy)

[7518/9762] reaction_id=7518: Ir2Zn2-111-O2-CH3 -> Ir2Zn2-111-O2-CH3OH (substrate=alloy)

[7519/9762] reaction_id=7519: Ir2Zr2-111-O1-CH3 -> Ir2Zr2-111-O1-CH3OH (substrate=alloy)

[7520/9762] reaction_id=7520: Ir2Zr2-111-O2-CH3 -> Ir2Zr2-111-O2-CH3OH (substrate=alloy)

[7521/9762] reaction_id=7521: Ir3Mn-111-O1-CH3 -> Ir3Mn-111-O1-CH3OH (substrate=alloy)

[7522/9762] reaction_id=7522: Ir3Mn-111-O2-CH3 -> Ir3Mn-111-O2-CH3OH (substrate=alloy)

[7523/9762] reaction_id=7523: Ir3Mo-111-O1-CH3 -> Ir3Mo-111-O1-CH3OH (substrate=alloy)

[7524/9762] reaction_id=7524: Ir3Mo-111-O2-CH3 -> Ir3Mo-111-O2-CH3OH (substrate=alloy)

[7525/9762] reaction_id=7525: Ir3Nb-111-O1-CH3 -> Ir3Nb-111-O1-CH3OH (substrate=alloy)

[7526/9762] reaction_id=7526: Ir3Nb-111-O2-CH3 -> Ir3Nb-111-O2-CH3OH (substrate=alloy)

[7527/9762] reaction_id=7527: Ir3Ni-111-O1-CH3 -> Ir3Ni-111-O1-CH3OH (substrate=alloy)

[7528/9762] reaction_id=7528: Ir3Ni-111-O2-CH3 -> Ir3Ni-111-O2-CH3OH (substrate=alloy)

[7529/9762] reaction_id=7529: Ir3Os-111-O1-CH3 -> Ir3Os-111-O1-CH3OH (substrate=alloy)

[7530/9762] reaction_id=7530: Ir3Os-111-O2-CH3 -> Ir3Os-111-O2-CH3OH (substrate=alloy)

[7531/9762] reaction_id=7531: Ir3Pb-111-O2-CH3 -> Ir3Pb-111-O2-CH3OH (substrate=alloy)

[7532/9762] reaction_id=7532: Ir3Pd-111-O1-CH3 -> Ir3Pd-111-O1-CH3OH (substrate=alloy)

[7533/9762] reaction_id=7533: Ir3Pd-111-O2-CH3 -> Ir3Pd-111-O2-CH3OH (substrate=alloy)

[7534/9762] reaction_id=7534: Ir3Pt-111-O1-CH3 -> Ir3Pt-111-O1-CH3OH (substrate=alloy)

[7535/9762] reaction_id=7535: Ir3Pt-111-O2-CH3 -> Ir3Pt-111-O2-CH3OH (substrate=alloy)

[7536/9762] reaction_id=7536: Ir3Re-111-O1-CH3 -> Ir3Re-111-O1-CH3OH (substrate=alloy)

[7537/9762] reaction_id=7537: Ir3Re-111-O2-CH3 -> Ir3Re-111-O2-CH3OH (substrate=alloy)

[7538/9762] reaction_id=7538: Ir3Rh-111-O1-CH3 -> Ir3Rh-111-O1-CH3OH (substrate=alloy)

[7539/9762] reaction_id=7539: Ir3Rh-111-O2-CH3 -> Ir3Rh-111-O2-CH3OH (substrate=alloy)

[7540/9762] reaction_id=7540: Ir3Ru-111-O1-CH3 -> Ir3Ru-111-O1-CH3OH (substrate=alloy)

[7541/9762] reaction_id=7541: Ir3Ru-111-O2-CH3 -> Ir3Ru-111-O2-CH3OH (substrate=alloy)

[7542/9762] reaction_id=7542: Ir3Sc-111-O1-CH3 -> Ir3Sc-111-O1-CH3OH (substrate=alloy)

[7543/9762] reaction_id=7543: Ir3Sc-111-O2-CH3 -> Ir3Sc-111-O2-CH3OH (substrate=alloy)

[7544/9762] reaction_id=7544: Ir3Sn-111-O1-CH3 -> Ir3Sn-111-O1-CH3OH (substrate=alloy)

[7545/9762] reaction_id=7545: Ir3Sn-111-O2-CH3 -> Ir3Sn-111-O2-CH3OH (substrate=alloy)

[7546/9762] reaction_id=7546: Ir3Ta-111-O1-CH3 -> Ir3Ta-111-O1-CH3OH (substrate=alloy)

[7547/9762] reaction_id=7547: Ir3Ta-111-O2-CH3 -> Ir3Ta-111-O2-CH3OH (substrate=alloy)

[7548/9762] reaction_id=7548: Ir3Tc-111-O1-CH3 -> Ir3Tc-111-O1-CH3OH (substrate=alloy)

[7549/9762] reaction_id=7549: Ir3Tc-111-O2-CH3 -> Ir3Tc-111-O2-CH3OH (substrate=alloy)

[7550/9762] reaction_id=7550: Ir3Ti-111-O1-CH3 -> Ir3Ti-111-O1-CH3OH (substrate=alloy)

[7551/9762] reaction_id=7551: Ir3Ti-111-O2-CH3 -> Ir3Ti-111-O2-CH3OH (substrate=alloy)

[7552/9762] reaction_id=7552: Ir3Tl-111-O2-CH3 -> Ir3Tl-111-O2-CH3OH (substrate=alloy)

[7553/9762] reaction_id=7553: Ir3V-111-O1-CH3 -> Ir3V-111-O1-CH3OH (substrate=alloy)

[7554/9762] reaction_id=7554: Ir3V-111-O2-CH3 -> Ir3V-111-O2-CH3OH (substrate=alloy)

[7555/9762] reaction_id=7555: Ir3W-111-O1-CH3 -> Ir3W-111-O1-CH3OH (substrate=alloy)

[7556/9762] reaction_id=7556: Ir3W-111-O2-CH3 -> Ir3W-111-O2-CH3OH (substrate=alloy)

[7557/9762] reaction_id=7557: Ir3Y-111-O1-CH3 -> Ir3Y-111-O1-CH3OH (substrate=alloy)

[7558/9762] reaction_id=7558: Ir3Zn-111-O1-CH3 -> Ir3Zn-111-O1-CH3OH (substrate=alloy)

[7559/9762] reaction_id=7559: Ir3Zn-111-O2-CH3 -> Ir3Zn-111-O2-CH3OH (substrate=alloy)

[7560/9762] reaction_id=7560: Ir3Zr-111-O1-CH3 -> Ir3Zr-111-O1-CH3OH (substrate=alloy)

[7561/9762] reaction_id=7561: Ir3Zr-111-O2-CH3 -> Ir3Zr-111-O2-CH3OH (substrate=alloy)

[7562/9762] reaction_id=7562: IrMo3-111-O1-CH3 -> IrMo3-111-O1-CH3OH (substrate=alloy)

[7563/9762] reaction_id=7563: IrMo3-111-O2-CH3 -> IrMo3-111-O2-CH3OH (substrate=alloy)

[7564/9762] reaction_id=7564: IrNb3-111-O1-CH3 -> IrNb3-111-O1-CH3OH (substrate=alloy)

[7565/9762] reaction_id=7565: IrNb3-111-O2-CH3 -> IrNb3-111-O2-CH3OH (substrate=alloy)

[7566/9762] reaction_id=7566: IrNi3-111-O1-CH3 -> IrNi3-111-O1-CH3OH (substrate=alloy)

[7567/9762] reaction_id=7567: IrNi3-111-O2-CH3 -> IrNi3-111-O2-CH3OH (substrate=alloy)

[7568/9762] reaction_id=7568: IrOs3-111-O1-CH3 -> IrOs3-111-O1-CH3OH (substrate=alloy)

[7569/9762] reaction_id=7569: IrOs3-111-O2-CH3 -> IrOs3-111-O2-CH3OH (substrate=alloy)

[7570/9762] reaction_id=7570: IrPb3-111-O1-CH3 -> IrPb3-111-O1-CH3OH (substrate=alloy)

[7571/9762] reaction_id=7571: IrPb3-111-O2-CH3 -> IrPb3-111-O2-CH3OH (substrate=alloy)

[7572/9762] reaction_id=7572: IrPd3-111-O1-CH3 -> IrPd3-111-O1-CH3OH (substrate=alloy)

[7573/9762] reaction_id=7573: IrPd3-111-O2-CH3 -> IrPd3-111-O2-CH3OH (substrate=alloy)

[7574/9762] reaction_id=7574: IrPt3-111-O1-CH3 -> IrPt3-111-O1-CH3OH (substrate=alloy)

[7575/9762] reaction_id=7575: IrPt3-111-O2-CH3 -> IrPt3-111-O2-CH3OH (substrate=alloy)

[7576/9762] reaction_id=7576: IrRe3-111-O1-CH3 -> IrRe3-111-O1-CH3OH (substrate=alloy)

[7577/9762] reaction_id=7577: IrRe3-111-O2-CH3 -> IrRe3-111-O2-CH3OH (substrate=alloy)

[7578/9762] reaction_id=7578: IrRh3-111-O1-CH3 -> IrRh3-111-O1-CH3OH (substrate=alloy)

[7579/9762] reaction_id=7579: IrRh3-111-O2-CH3 -> IrRh3-111-O2-CH3OH (substrate=alloy)

[7580/9762] reaction_id=7580: IrRu3-111-O1-CH3 -> IrRu3-111-O1-CH3OH (substrate=alloy)

[7581/9762] reaction_id=7581: IrRu3-111-O2-CH3 -> IrRu3-111-O2-CH3OH (substrate=alloy)

[7582/9762] reaction_id=7582: IrSc3-111-O1-CH3 -> IrSc3-111-O1-CH3OH (substrate=alloy)

[7583/9762] reaction_id=7583: IrSc3-111-O2-CH3 -> IrSc3-111-O2-CH3OH (substrate=alloy)

[7584/9762] reaction_id=7584: IrSn3-111-O1-CH3 -> IrSn3-111-O1-CH3OH (substrate=alloy)

[7585/9762] reaction_id=7585: IrSn3-111-O2-CH3 -> IrSn3-111-O2-CH3OH (substrate=alloy)

[7586/9762] reaction_id=7586: IrTa3-111-O1-CH3 -> IrTa3-111-O1-CH3OH (substrate=alloy)

[7587/9762] reaction_id=7587: IrTa3-111-O2-CH3 -> IrTa3-111-O2-CH3OH (substrate=alloy)

[7588/9762] reaction_id=7588: IrTc3-111-O1-CH3 -> IrTc3-111-O1-CH3OH (substrate=alloy)

[7589/9762] reaction_id=7589: IrTc3-111-O2-CH3 -> IrTc3-111-O2-CH3OH (substrate=alloy)

[7590/9762] reaction_id=7590: IrTi3-111-O1-CH3 -> IrTi3-111-O1-CH3OH (substrate=alloy)

[7591/9762] reaction_id=7591: IrTi3-111-O2-CH3 -> IrTi3-111-O2-CH3OH (substrate=alloy)

[7592/9762] reaction_id=7592: IrTl3-111-O1-CH3 -> IrTl3-111-O1-CH3OH (substrate=alloy)

[7593/9762] reaction_id=7593: IrTl3-111-O2-CH3 -> IrTl3-111-O2-CH3OH (substrate=alloy)

[7594/9762] reaction_id=7594: IrV3-111-O1-CH3 -> IrV3-111-O1-CH3OH (substrate=alloy)

[7595/9762] reaction_id=7595: IrV3-111-O2-CH3 -> IrV3-111-O2-CH3OH (substrate=alloy)

[7596/9762] reaction_id=7596: IrW3-111-O1-CH3 -> IrW3-111-O1-CH3OH (substrate=alloy)

[7597/9762] reaction_id=7597: IrW3-111-O2-CH3 -> IrW3-111-O2-CH3OH (substrate=alloy)

[7598/9762] reaction_id=7598: IrY3-111-O1-CH3 -> IrY3-111-O1-CH3OH (substrate=alloy)

[7599/9762] reaction_id=7599: IrY3-111-O2-CH3 -> IrY3-111-O2-CH3OH (substrate=alloy)

[7600/9762] reaction_id=7600: IrZn3-111-O1-CH3 -> IrZn3-111-O1-CH3OH (substrate=alloy)

[7601/9762] reaction_id=7601: IrZn3-111-O2-CH3 -> IrZn3-111-O2-CH3OH (substrate=alloy)

[7602/9762] reaction_id=7602: IrZr3-111-O1-CH3 -> IrZr3-111-O1-CH3OH (substrate=alloy)

[7603/9762] reaction_id=7603: IrZr3-111-O2-CH3 -> IrZr3-111-O2-CH3OH (substrate=alloy)

[7604/9762] reaction_id=7604: Mn2Mo2-111-O1-CH3 -> Mn2Mo2-111-O1-CH3OH (substrate=alloy)

[7605/9762] reaction_id=7605: Mn2Mo2-111-O2-CH3 -> Mn2Mo2-111-O2-CH3OH (substrate=alloy)

[7606/9762] reaction_id=7606: Mn2Nb2-111-O1-CH3 -> Mn2Nb2-111-O1-CH3OH (substrate=alloy)

[7607/9762] reaction_id=7607: Mn2Nb2-111-O2-CH3 -> Mn2Nb2-111-O2-CH3OH (substrate=alloy)

[7608/9762] reaction_id=7608: Mn2Ni2-111-O1-CH3 -> Mn2Ni2-111-O1-CH3OH (substrate=alloy)

[7609/9762] reaction_id=7609: Mn2Ni2-111-O2-CH3 -> Mn2Ni2-111-O2-CH3OH (substrate=alloy)

[7610/9762] reaction_id=7610: Mn2Pb2-111-O1-CH3 -> Mn2Pb2-111-O1-CH3OH (substrate=alloy)

[7611/9762] reaction_id=7611: Mn2Pb2-111-O2-CH3 -> Mn2Pb2-111-O2-CH3OH (substrate=alloy)

[7612/9762] reaction_id=7612: Mn2Pd2-111-O1-CH3 -> Mn2Pd2-111-O1-CH3OH (substrate=alloy)

[7613/9762] reaction_id=7613: Mn2Pd2-111-O2-CH3 -> Mn2Pd2-111-O2-CH3OH (substrate=alloy)

[7614/9762] reaction_id=7614: Mn2Pt2-111-O1-CH3 -> Mn2Pt2-111-O1-CH3OH (substrate=alloy)

[7615/9762] reaction_id=7615: Mn2Pt2-111-O2-CH3 -> Mn2Pt2-111-O2-CH3OH (substrate=alloy)

[7616/9762] reaction_id=7616: Mn2Re2-111-O1-CH3 -> Mn2Re2-111-O1-CH3OH (substrate=alloy)

[7617/9762] reaction_id=7617: Mn2Re2-111-O2-CH3 -> Mn2Re2-111-O2-CH3OH (substrate=alloy)

[7618/9762] reaction_id=7618: Mn2Rh2-111-O1-CH3 -> Mn2Rh2-111-O1-CH3OH (substrate=alloy)

[7619/9762] reaction_id=7619: Mn2Rh2-111-O2-CH3 -> Mn2Rh2-111-O2-CH3OH (substrate=alloy)

[7620/9762] reaction_id=7620: Mn2Ru2-111-O1-CH3 -> Mn2Ru2-111-O1-CH3OH (substrate=alloy)

[7621/9762] reaction_id=7621: Mn2Ru2-111-O2-CH3 -> Mn2Ru2-111-O2-CH3OH (substrate=alloy)

[7622/9762] reaction_id=7622: Mn2Sc2-111-O1-CH3 -> Mn2Sc2-111-O1-CH3OH (substrate=alloy)

[7623/9762] reaction_id=7623: Mn2Sc2-111-O2-CH3 -> Mn2Sc2-111-O2-CH3OH (substrate=alloy)

[7624/9762] reaction_id=7624: Mn2Sn2-111-O1-CH3 -> Mn2Sn2-111-O1-CH3OH (substrate=alloy)

[7625/9762] reaction_id=7625: Mn2Sn2-111-O2-CH3 -> Mn2Sn2-111-O2-CH3OH (substrate=alloy)

[7626/9762] reaction_id=7626: Mn2Ta2-111-O1-CH3 -> Mn2Ta2-111-O1-CH3OH (substrate=alloy)

[7627/9762] reaction_id=7627: Mn2Ta2-111-O2-CH3 -> Mn2Ta2-111-O2-CH3OH (substrate=alloy)

[7628/9762] reaction_id=7628: Mn2Ti2-111-O1-CH3 -> Mn2Ti2-111-O1-CH3OH (substrate=alloy)

[7629/9762] reaction_id=7629: Mn2Ti2-111-O2-CH3 -> Mn2Ti2-111-O2-CH3OH (substrate=alloy)

[7630/9762] reaction_id=7630: Mn2Tl2-111-O1-CH3 -> Mn2Tl2-111-O1-CH3OH (substrate=alloy)

[7631/9762] reaction_id=7631: Mn2Tl2-111-O2-CH3 -> Mn2Tl2-111-O2-CH3OH (substrate=alloy)

[7632/9762] reaction_id=7632: Mn2V2-111-O1-CH3 -> Mn2V2-111-O1-CH3OH (substrate=alloy)

[7633/9762] reaction_id=7633: Mn2V2-111-O2-CH3 -> Mn2V2-111-O2-CH3OH (substrate=alloy)

[7634/9762] reaction_id=7634: Mn2W2-111-O1-CH3 -> Mn2W2-111-O1-CH3OH (substrate=alloy)

[7635/9762] reaction_id=7635: Mn2W2-111-O2-CH3 -> Mn2W2-111-O2-CH3OH (substrate=alloy)

[7636/9762] reaction_id=7636: Mn2Y2-111-O1-CH3 -> Mn2Y2-111-O1-CH3OH (substrate=alloy)

[7637/9762] reaction_id=7637: Mn2Y2-111-O2-CH3 -> Mn2Y2-111-O2-CH3OH (substrate=alloy)

[7638/9762] reaction_id=7638: Mn2Zn2-111-O1-CH3 -> Mn2Zn2-111-O1-CH3OH (substrate=alloy)

[7639/9762] reaction_id=7639: Mn2Zn2-111-O2-CH3 -> Mn2Zn2-111-O2-CH3OH (substrate=alloy)

[7640/9762] reaction_id=7640: Mn2Zr2-111-O1-CH3 -> Mn2Zr2-111-O1-CH3OH (substrate=alloy)

[7641/9762] reaction_id=7641: Mn2Zr2-111-O2-CH3 -> Mn2Zr2-111-O2-CH3OH (substrate=alloy)

[7642/9762] reaction_id=7642: Mn3Mo-111-O1-CH3 -> Mn3Mo-111-O1-CH3OH (substrate=alloy)

[7643/9762] reaction_id=7643: Mn3Mo-111-O2-CH3 -> Mn3Mo-111-O2-CH3OH (substrate=alloy)

[7644/9762] reaction_id=7644: Mn3Ni-111-O1-CH3 -> Mn3Ni-111-O1-CH3OH (substrate=alloy)

[7645/9762] reaction_id=7645: Mn3Ni-111-O2-CH3 -> Mn3Ni-111-O2-CH3OH (substrate=alloy)

[7646/9762] reaction_id=7646: Mn3Os-111-O1-CH3 -> Mn3Os-111-O1-CH3OH (substrate=alloy)

[7647/9762] reaction_id=7647: Mn3Os-111-O2-CH3 -> Mn3Os-111-O2-CH3OH (substrate=alloy)

[7648/9762] reaction_id=7648: Mn3Re-111-O1-CH3 -> Mn3Re-111-O1-CH3OH (substrate=alloy)

[7649/9762] reaction_id=7649: Mn3Re-111-O2-CH3 -> Mn3Re-111-O2-CH3OH (substrate=alloy)

[7650/9762] reaction_id=7650: Mn3Tc-111-O1-CH3 -> Mn3Tc-111-O1-CH3OH (substrate=alloy)

[7651/9762] reaction_id=7651: Mn3Tc-111-O2-CH3 -> Mn3Tc-111-O2-CH3OH (substrate=alloy)

[7652/9762] reaction_id=7652: Mn3V-111-O1-CH3 -> Mn3V-111-O1-CH3OH (substrate=alloy)

[7653/9762] reaction_id=7653: Mn3V-111-O2-CH3 -> Mn3V-111-O2-CH3OH (substrate=alloy)

[7654/9762] reaction_id=7654: Mn3W-111-O1-CH3 -> Mn3W-111-O1-CH3OH (substrate=alloy)

[7655/9762] reaction_id=7655: Mn3W-111-O2-CH3 -> Mn3W-111-O2-CH3OH (substrate=alloy)

[7656/9762] reaction_id=7656: MnMo3-111-O1-CH3 -> MnMo3-111-O1-CH3OH (substrate=alloy)

[7657/9762] reaction_id=7657: MnMo3-111-O2-CH3 -> MnMo3-111-O2-CH3OH (substrate=alloy)

[7658/9762] reaction_id=7658: MnNb3-111-O1-CH3 -> MnNb3-111-O1-CH3OH (substrate=alloy)

[7659/9762] reaction_id=7659: MnNb3-111-O2-CH3 -> MnNb3-111-O2-CH3OH (substrate=alloy)

[7660/9762] reaction_id=7660: MnNi3-111-O1-CH3 -> MnNi3-111-O1-CH3OH (substrate=alloy)

[7661/9762] reaction_id=7661: MnNi3-111-O2-CH3 -> MnNi3-111-O2-CH3OH (substrate=alloy)

[7662/9762] reaction_id=7662: MnOs3-111-O1-CH3 -> MnOs3-111-O1-CH3OH (substrate=alloy)

[7663/9762] reaction_id=7663: MnOs3-111-O2-CH3 -> MnOs3-111-O2-CH3OH (substrate=alloy)

[7664/9762] reaction_id=7664: MnPb3-111-O1-CH3 -> MnPb3-111-O1-CH3OH (substrate=alloy)

[7665/9762] reaction_id=7665: MnPb3-111-O2-CH3 -> MnPb3-111-O2-CH3OH (substrate=alloy)

[7666/9762] reaction_id=7666: MnPd3-111-O1-CH3 -> MnPd3-111-O1-CH3OH (substrate=alloy)

[7667/9762] reaction_id=7667: MnPd3-111-O2-CH3 -> MnPd3-111-O2-CH3OH (substrate=alloy)

[7668/9762] reaction_id=7668: MnPt3-111-O1-CH3 -> MnPt3-111-O1-CH3OH (substrate=alloy)

[7669/9762] reaction_id=7669: MnPt3-111-O2-CH3 -> MnPt3-111-O2-CH3OH (substrate=alloy)

[7670/9762] reaction_id=7670: MnRe3-111-O1-CH3 -> MnRe3-111-O1-CH3OH (substrate=alloy)

[7671/9762] reaction_id=7671: MnRe3-111-O2-CH3 -> MnRe3-111-O2-CH3OH (substrate=alloy)

[7672/9762] reaction_id=7672: MnRh3-111-O1-CH3 -> MnRh3-111-O1-CH3OH (substrate=alloy)

[7673/9762] reaction_id=7673: MnRh3-111-O2-CH3 -> MnRh3-111-O2-CH3OH (substrate=alloy)

[7674/9762] reaction_id=7674: MnRu3-111-O1-CH3 -> MnRu3-111-O1-CH3OH (substrate=alloy)

[7675/9762] reaction_id=7675: MnRu3-111-O2-CH3 -> MnRu3-111-O2-CH3OH (substrate=alloy)

[7676/9762] reaction_id=7676: MnSn3-111-O1-CH3 -> MnSn3-111-O1-CH3OH (substrate=alloy)

[7677/9762] reaction_id=7677: MnSn3-111-O2-CH3 -> MnSn3-111-O2-CH3OH (substrate=alloy)

[7678/9762] reaction_id=7678: MnTa3-111-O1-CH3 -> MnTa3-111-O1-CH3OH (substrate=alloy)

[7679/9762] reaction_id=7679: MnTa3-111-O2-CH3 -> MnTa3-111-O2-CH3OH (substrate=alloy)

[7680/9762] reaction_id=7680: MnTc3-111-O1-CH3 -> MnTc3-111-O1-CH3OH (substrate=alloy)

[7681/9762] reaction_id=7681: MnTc3-111-O2-CH3 -> MnTc3-111-O2-CH3OH (substrate=alloy)

[7682/9762] reaction_id=7682: MnTi3-111-O1-CH3 -> MnTi3-111-O1-CH3OH (substrate=alloy)

[7683/9762] reaction_id=7683: MnTi3-111-O2-CH3 -> MnTi3-111-O2-CH3OH (substrate=alloy)

[7684/9762] reaction_id=7684: MnTl3-111-O2-CH3 -> MnTl3-111-O2-CH3OH (substrate=alloy)

[7685/9762] reaction_id=7685: MnW3-111-O1-CH3 -> MnW3-111-O1-CH3OH (substrate=alloy)

[7686/9762] reaction_id=7686: MnW3-111-O2-CH3 -> MnW3-111-O2-CH3OH (substrate=alloy)

[7687/9762] reaction_id=7687: MnY3-111-O1-CH3 -> MnY3-111-O1-CH3OH (substrate=alloy)

[7688/9762] reaction_id=7688: MnY3-111-O2-CH3 -> MnY3-111-O2-CH3OH (substrate=alloy)

[7689/9762] reaction_id=7689: MnZn3-111-O1-CH3 -> MnZn3-111-O1-CH3OH (substrate=alloy)

[7690/9762] reaction_id=7690: MnZn3-111-O2-CH3 -> MnZn3-111-O2-CH3OH (substrate=alloy)

[7691/9762] reaction_id=7691: MnZr3-111-O1-CH3 -> MnZr3-111-O1-CH3OH (substrate=alloy)

[7692/9762] reaction_id=7692: MnZr3-111-O2-CH3 -> MnZr3-111-O2-CH3OH (substrate=alloy)

[7693/9762] reaction_id=7693: Mo2Nb2-111-O1-CH3 -> Mo2Nb2-111-O1-CH3OH (substrate=alloy)

[7694/9762] reaction_id=7694: Mo2Nb2-111-O2-CH3 -> Mo2Nb2-111-O2-CH3OH (substrate=alloy)

[7695/9762] reaction_id=7695: Mo2Ni2-111-O1-CH3 -> Mo2Ni2-111-O1-CH3OH (substrate=alloy)

[7696/9762] reaction_id=7696: Mo2Ni2-111-O2-CH3 -> Mo2Ni2-111-O2-CH3OH (substrate=alloy)

[7697/9762] reaction_id=7697: Mo2Os2-111-O1-CH3 -> Mo2Os2-111-O1-CH3OH (substrate=alloy)

[7698/9762] reaction_id=7698: Mo2Os2-111-O2-CH3 -> Mo2Os2-111-O2-CH3OH (substrate=alloy)

[7699/9762] reaction_id=7699: Mo2Pb2-111-O1-CH3 -> Mo2Pb2-111-O1-CH3OH (substrate=alloy)

[7700/9762] reaction_id=7700: Mo2Pb2-111-O2-CH3 -> Mo2Pb2-111-O2-CH3OH (substrate=alloy)

[7701/9762] reaction_id=7701: Mo2Pd2-111-O1-CH3 -> Mo2Pd2-111-O1-CH3OH (substrate=alloy)

[7702/9762] reaction_id=7702: Mo2Pd2-111-O2-CH3 -> Mo2Pd2-111-O2-CH3OH (substrate=alloy)

[7703/9762] reaction_id=7703: Mo2Pt2-111-O1-CH3 -> Mo2Pt2-111-O1-CH3OH (substrate=alloy)

[7704/9762] reaction_id=7704: Mo2Pt2-111-O2-CH3 -> Mo2Pt2-111-O2-CH3OH (substrate=alloy)

[7705/9762] reaction_id=7705: Mo2Re2-111-O1-CH3 -> Mo2Re2-111-O1-CH3OH (substrate=alloy)

[7706/9762] reaction_id=7706: Mo2Re2-111-O2-CH3 -> Mo2Re2-111-O2-CH3OH (substrate=alloy)

[7707/9762] reaction_id=7707: Mo2Rh2-111-O1-CH3 -> Mo2Rh2-111-O1-CH3OH (substrate=alloy)

[7708/9762] reaction_id=7708: Mo2Rh2-111-O2-CH3 -> Mo2Rh2-111-O2-CH3OH (substrate=alloy)

[7709/9762] reaction_id=7709: Mo2Ru2-111-O1-CH3 -> Mo2Ru2-111-O1-CH3OH (substrate=alloy)

[7710/9762] reaction_id=7710: Mo2Ru2-111-O2-CH3 -> Mo2Ru2-111-O2-CH3OH (substrate=alloy)

[7711/9762] reaction_id=7711: Mo2Sc2-111-O1-CH3 -> Mo2Sc2-111-O1-CH3OH (substrate=alloy)

[7712/9762] reaction_id=7712: Mo2Sc2-111-O2-CH3 -> Mo2Sc2-111-O2-CH3OH (substrate=alloy)

[7713/9762] reaction_id=7713: Mo2Sn2-111-O1-CH3 -> Mo2Sn2-111-O1-CH3OH (substrate=alloy)

[7714/9762] reaction_id=7714: Mo2Sn2-111-O2-CH3 -> Mo2Sn2-111-O2-CH3OH (substrate=alloy)

[7715/9762] reaction_id=7715: Mo2Ta2-111-O1-CH3 -> Mo2Ta2-111-O1-CH3OH (substrate=alloy)

[7716/9762] reaction_id=7716: Mo2Ta2-111-O2-CH3 -> Mo2Ta2-111-O2-CH3OH (substrate=alloy)

[7717/9762] reaction_id=7717: Mo2Tc2-111-O1-CH3 -> Mo2Tc2-111-O1-CH3OH (substrate=alloy)

[7718/9762] reaction_id=7718: Mo2Tc2-111-O2-CH3 -> Mo2Tc2-111-O2-CH3OH (substrate=alloy)

[7719/9762] reaction_id=7719: Mo2Ti2-111-O1-CH3 -> Mo2Ti2-111-O1-CH3OH (substrate=alloy)

[7720/9762] reaction_id=7720: Mo2Ti2-111-O2-CH3 -> Mo2Ti2-111-O2-CH3OH (substrate=alloy)

[7721/9762] reaction_id=7721: Mo2V2-111-O1-CH3 -> Mo2V2-111-O1-CH3OH (substrate=alloy)

[7722/9762] reaction_id=7722: Mo2V2-111-O2-CH3 -> Mo2V2-111-O2-CH3OH (substrate=alloy)

[7723/9762] reaction_id=7723: Mo2W2-111-O1-CH3 -> Mo2W2-111-O1-CH3OH (substrate=alloy)

[7724/9762] reaction_id=7724: Mo2W2-111-O2-CH3 -> Mo2W2-111-O2-CH3OH (substrate=alloy)

[7725/9762] reaction_id=7725: Mo2Y2-111-O1-CH3 -> Mo2Y2-111-O1-CH3OH (substrate=alloy)

[7726/9762] reaction_id=7726: Mo2Y2-111-O2-CH3 -> Mo2Y2-111-O2-CH3OH (substrate=alloy)

[7727/9762] reaction_id=7727: Mo2Zn2-111-O1-CH3 -> Mo2Zn2-111-O1-CH3OH (substrate=alloy)

[7728/9762] reaction_id=7728: Mo2Zn2-111-O2-CH3 -> Mo2Zn2-111-O2-CH3OH (substrate=alloy)

[7729/9762] reaction_id=7729: Mo2Zr2-111-O1-CH3 -> Mo2Zr2-111-O1-CH3OH (substrate=alloy)

[7730/9762] reaction_id=7730: Mo2Zr2-111-O2-CH3 -> Mo2Zr2-111-O2-CH3OH (substrate=alloy)

[7731/9762] reaction_id=7731: Mo3Nb-111-O1-CH3 -> Mo3Nb-111-O1-CH3OH (substrate=alloy)

[7732/9762] reaction_id=7732: Mo3Nb-111-O2-CH3 -> Mo3Nb-111-O2-CH3OH (substrate=alloy)

[7733/9762] reaction_id=7733: Mo3Ni-111-O1-CH3 -> Mo3Ni-111-O1-CH3OH (substrate=alloy)

[7734/9762] reaction_id=7734: Mo3Ni-111-O2-CH3 -> Mo3Ni-111-O2-CH3OH (substrate=alloy)

[7735/9762] reaction_id=7735: Mo3Os-111-O1-CH3 -> Mo3Os-111-O1-CH3OH (substrate=alloy)

[7736/9762] reaction_id=7736: Mo3Os-111-O2-CH3 -> Mo3Os-111-O2-CH3OH (substrate=alloy)

[7737/9762] reaction_id=7737: Mo3Pb-111-O2-CH3 -> Mo3Pb-111-O2-CH3OH (substrate=alloy)

[7738/9762] reaction_id=7738: Mo3Pd-111-O1-CH3 -> Mo3Pd-111-O1-CH3OH (substrate=alloy)

[7739/9762] reaction_id=7739: Mo3Pd-111-O2-CH3 -> Mo3Pd-111-O2-CH3OH (substrate=alloy)

[7740/9762] reaction_id=7740: Mo3Pt-111-O1-CH3 -> Mo3Pt-111-O1-CH3OH (substrate=alloy)

[7741/9762] reaction_id=7741: Mo3Pt-111-O2-CH3 -> Mo3Pt-111-O2-CH3OH (substrate=alloy)

[7742/9762] reaction_id=7742: Mo3Re-111-O1-CH3 -> Mo3Re-111-O1-CH3OH (substrate=alloy)

[7743/9762] reaction_id=7743: Mo3Re-111-O2-CH3 -> Mo3Re-111-O2-CH3OH (substrate=alloy)

[7744/9762] reaction_id=7744: Mo3Rh-111-O1-CH3 -> Mo3Rh-111-O1-CH3OH (substrate=alloy)

[7745/9762] reaction_id=7745: Mo3Rh-111-O2-CH3 -> Mo3Rh-111-O2-CH3OH (substrate=alloy)

[7746/9762] reaction_id=7746: Mo3Ru-111-O1-CH3 -> Mo3Ru-111-O1-CH3OH (substrate=alloy)

[7747/9762] reaction_id=7747: Mo3Ru-111-O2-CH3 -> Mo3Ru-111-O2-CH3OH (substrate=alloy)

[7748/9762] reaction_id=7748: Mo3Sc-111-O1-CH3 -> Mo3Sc-111-O1-CH3OH (substrate=alloy)

[7749/9762] reaction_id=7749: Mo3Sc-111-O2-CH3 -> Mo3Sc-111-O2-CH3OH (substrate=alloy)

[7750/9762] reaction_id=7750: Mo3Sn-111-O1-CH3 -> Mo3Sn-111-O1-CH3OH (substrate=alloy)

[7751/9762] reaction_id=7751: Mo3Sn-111-O2-CH3 -> Mo3Sn-111-O2-CH3OH (substrate=alloy)

[7752/9762] reaction_id=7752: Mo3Ta-111-O1-CH3 -> Mo3Ta-111-O1-CH3OH (substrate=alloy)

[7753/9762] reaction_id=7753: Mo3Ta-111-O2-CH3 -> Mo3Ta-111-O2-CH3OH (substrate=alloy)

[7754/9762] reaction_id=7754: Mo3Tc-111-O1-CH3 -> Mo3Tc-111-O1-CH3OH (substrate=alloy)

[7755/9762] reaction_id=7755: Mo3Tc-111-O2-CH3 -> Mo3Tc-111-O2-CH3OH (substrate=alloy)

[7756/9762] reaction_id=7756: Mo3Ti-111-O1-CH3 -> Mo3Ti-111-O1-CH3OH (substrate=alloy)

[7757/9762] reaction_id=7757: Mo3Ti-111-O2-CH3 -> Mo3Ti-111-O2-CH3OH (substrate=alloy)

[7758/9762] reaction_id=7758: Mo3Tl-111-O1-CH3 -> Mo3Tl-111-O1-CH3OH (substrate=alloy)

[7759/9762] reaction_id=7759: Mo3Tl-111-O2-CH3 -> Mo3Tl-111-O2-CH3OH (substrate=alloy)

[7760/9762] reaction_id=7760: Mo3V-111-O1-CH3 -> Mo3V-111-O1-CH3OH (substrate=alloy)

[7761/9762] reaction_id=7761: Mo3V-111-O2-CH3 -> Mo3V-111-O2-CH3OH (substrate=alloy)

[7762/9762] reaction_id=7762: Mo3W-111-O1-CH3 -> Mo3W-111-O1-CH3OH (substrate=alloy)

[7763/9762] reaction_id=7763: Mo3W-111-O2-CH3 -> Mo3W-111-O2-CH3OH (substrate=alloy)

[7764/9762] reaction_id=7764: Mo3Y-111-O1-CH3 -> Mo3Y-111-O1-CH3OH (substrate=alloy)

[7765/9762] reaction_id=7765: Mo3Y-111-O2-CH3 -> Mo3Y-111-O2-CH3OH (substrate=alloy)

[7766/9762] reaction_id=7766: Mo3Zn-111-O1-CH3 -> Mo3Zn-111-O1-CH3OH (substrate=alloy)

[7767/9762] reaction_id=7767: Mo3Zn-111-O2-CH3 -> Mo3Zn-111-O2-CH3OH (substrate=alloy)

[7768/9762] reaction_id=7768: Mo3Zr-111-O1-CH3 -> Mo3Zr-111-O1-CH3OH (substrate=alloy)

[7769/9762] reaction_id=7769: Mo3Zr-111-O2-CH3 -> Mo3Zr-111-O2-CH3OH (substrate=alloy)

[7770/9762] reaction_id=7770: MoNb3-111-O1-CH3 -> MoNb3-111-O1-CH3OH (substrate=alloy)

[7771/9762] reaction_id=7771: MoNb3-111-O2-CH3 -> MoNb3-111-O2-CH3OH (substrate=alloy)

[7772/9762] reaction_id=7772: MoNi3-111-O1-CH3 -> MoNi3-111-O1-CH3OH (substrate=alloy)

[7773/9762] reaction_id=7773: MoNi3-111-O2-CH3 -> MoNi3-111-O2-CH3OH (substrate=alloy)

[7774/9762] reaction_id=7774: MoOs3-111-O1-CH3 -> MoOs3-111-O1-CH3OH (substrate=alloy)

[7775/9762] reaction_id=7775: MoOs3-111-O2-CH3 -> MoOs3-111-O2-CH3OH (substrate=alloy)

[7776/9762] reaction_id=7776: MoPb3-111-O1-CH3 -> MoPb3-111-O1-CH3OH (substrate=alloy)

[7777/9762] reaction_id=7777: MoPb3-111-O2-CH3 -> MoPb3-111-O2-CH3OH (substrate=alloy)

[7778/9762] reaction_id=7778: MoPd3-111-O1-CH3 -> MoPd3-111-O1-CH3OH (substrate=alloy)

[7779/9762] reaction_id=7779: MoPd3-111-O2-CH3 -> MoPd3-111-O2-CH3OH (substrate=alloy)

[7780/9762] reaction_id=7780: MoPt3-111-O1-CH3 -> MoPt3-111-O1-CH3OH (substrate=alloy)

[7781/9762] reaction_id=7781: MoPt3-111-O2-CH3 -> MoPt3-111-O2-CH3OH (substrate=alloy)

[7782/9762] reaction_id=7782: MoRe3-111-O1-CH3 -> MoRe3-111-O1-CH3OH (substrate=alloy)

[7783/9762] reaction_id=7783: MoRe3-111-O2-CH3 -> MoRe3-111-O2-CH3OH (substrate=alloy)

[7784/9762] reaction_id=7784: MoRh3-111-O1-CH3 -> MoRh3-111-O1-CH3OH (substrate=alloy)

[7785/9762] reaction_id=7785: MoRh3-111-O2-CH3 -> MoRh3-111-O2-CH3OH (substrate=alloy)

[7786/9762] reaction_id=7786: MoRu3-111-O1-CH3 -> MoRu3-111-O1-CH3OH (substrate=alloy)

[7787/9762] reaction_id=7787: MoRu3-111-O2-CH3 -> MoRu3-111-O2-CH3OH (substrate=alloy)

[7788/9762] reaction_id=7788: MoSc3-111-O1-CH3 -> MoSc3-111-O1-CH3OH (substrate=alloy)

[7789/9762] reaction_id=7789: MoSc3-111-O2-CH3 -> MoSc3-111-O2-CH3OH (substrate=alloy)

[7790/9762] reaction_id=7790: MoSn3-111-O1-CH3 -> MoSn3-111-O1-CH3OH (substrate=alloy)

[7791/9762] reaction_id=7791: MoSn3-111-O2-CH3 -> MoSn3-111-O2-CH3OH (substrate=alloy)

[7792/9762] reaction_id=7792: MoTa3-111-O1-CH3 -> MoTa3-111-O1-CH3OH (substrate=alloy)

[7793/9762] reaction_id=7793: MoTa3-111-O2-CH3 -> MoTa3-111-O2-CH3OH (substrate=alloy)

[7794/9762] reaction_id=7794: MoTc3-111-O1-CH3 -> MoTc3-111-O1-CH3OH (substrate=alloy)

[7795/9762] reaction_id=7795: MoTc3-111-O2-CH3 -> MoTc3-111-O2-CH3OH (substrate=alloy)

[7796/9762] reaction_id=7796: MoTi3-111-O1-CH3 -> MoTi3-111-O1-CH3OH (substrate=alloy)

[7797/9762] reaction_id=7797: MoTi3-111-O2-CH3 -> MoTi3-111-O2-CH3OH (substrate=alloy)

[7798/9762] reaction_id=7798: MoTl3-111-O1-CH3 -> MoTl3-111-O1-CH3OH (substrate=alloy)

[7799/9762] reaction_id=7799: MoTl3-111-O2-CH3 -> MoTl3-111-O2-CH3OH (substrate=alloy)

[7800/9762] reaction_id=7800: MoV3-111-O1-CH3 -> MoV3-111-O1-CH3OH (substrate=alloy)

[7801/9762] reaction_id=7801: MoV3-111-O2-CH3 -> MoV3-111-O2-CH3OH (substrate=alloy)

[7802/9762] reaction_id=7802: MoW3-111-O1-CH3 -> MoW3-111-O1-CH3OH (substrate=alloy)

[7803/9762] reaction_id=7803: MoW3-111-O2-CH3 -> MoW3-111-O2-CH3OH (substrate=alloy)

[7804/9762] reaction_id=7804: MoY3-111-O1-CH3 -> MoY3-111-O1-CH3OH (substrate=alloy)

[7805/9762] reaction_id=7805: MoY3-111-O2-CH3 -> MoY3-111-O2-CH3OH (substrate=alloy)

[7806/9762] reaction_id=7806: MoZn3-111-O1-CH3 -> MoZn3-111-O1-CH3OH (substrate=alloy)

[7807/9762] reaction_id=7807: MoZn3-111-O2-CH3 -> MoZn3-111-O2-CH3OH (substrate=alloy)

[7808/9762] reaction_id=7808: MoZr3-111-O1-CH3 -> MoZr3-111-O1-CH3OH (substrate=alloy)

[7809/9762] reaction_id=7809: MoZr3-111-O2-CH3 -> MoZr3-111-O2-CH3OH (substrate=alloy)

[7810/9762] reaction_id=7810: Nb2Ni2-111-O1-CH3 -> Nb2Ni2-111-O1-CH3OH (substrate=alloy)

[7811/9762] reaction_id=7811: Nb2Ni2-111-O2-CH3 -> Nb2Ni2-111-O2-CH3OH (substrate=alloy)

[7812/9762] reaction_id=7812: Nb2Os2-111-O1-CH3 -> Nb2Os2-111-O1-CH3OH (substrate=alloy)

[7813/9762] reaction_id=7813: Nb2Os2-111-O2-CH3 -> Nb2Os2-111-O2-CH3OH (substrate=alloy)

[7814/9762] reaction_id=7814: Nb2Pb2-111-O1-CH3 -> Nb2Pb2-111-O1-CH3OH (substrate=alloy)

[7815/9762] reaction_id=7815: Nb2Pb2-111-O2-CH3 -> Nb2Pb2-111-O2-CH3OH (substrate=alloy)

[7816/9762] reaction_id=7816: Nb2Pd2-111-O1-CH3 -> Nb2Pd2-111-O1-CH3OH (substrate=alloy)

[7817/9762] reaction_id=7817: Nb2Pd2-111-O2-CH3 -> Nb2Pd2-111-O2-CH3OH (substrate=alloy)

[7818/9762] reaction_id=7818: Nb2Pt2-111-O1-CH3 -> Nb2Pt2-111-O1-CH3OH (substrate=alloy)

[7819/9762] reaction_id=7819: Nb2Pt2-111-O2-CH3 -> Nb2Pt2-111-O2-CH3OH (substrate=alloy)

[7820/9762] reaction_id=7820: Nb2Re2-111-O1-CH3 -> Nb2Re2-111-O1-CH3OH (substrate=alloy)

[7821/9762] reaction_id=7821: Nb2Re2-111-O2-CH3 -> Nb2Re2-111-O2-CH3OH (substrate=alloy)

[7822/9762] reaction_id=7822: Nb2Rh2-111-O1-CH3 -> Nb2Rh2-111-O1-CH3OH (substrate=alloy)

[7823/9762] reaction_id=7823: Nb2Rh2-111-O2-CH3 -> Nb2Rh2-111-O2-CH3OH (substrate=alloy)

[7824/9762] reaction_id=7824: Nb2Ru2-111-O1-CH3 -> Nb2Ru2-111-O1-CH3OH (substrate=alloy)

[7825/9762] reaction_id=7825: Nb2Ru2-111-O2-CH3 -> Nb2Ru2-111-O2-CH3OH (substrate=alloy)

[7826/9762] reaction_id=7826: Nb2Sc2-111-O1-CH3 -> Nb2Sc2-111-O1-CH3OH (substrate=alloy)

[7827/9762] reaction_id=7827: Nb2Sc2-111-O2-CH3 -> Nb2Sc2-111-O2-CH3OH (substrate=alloy)

[7828/9762] reaction_id=7828: Nb2Sn2-111-O1-CH3 -> Nb2Sn2-111-O1-CH3OH (substrate=alloy)

[7829/9762] reaction_id=7829: Nb2Sn2-111-O2-CH3 -> Nb2Sn2-111-O2-CH3OH (substrate=alloy)

[7830/9762] reaction_id=7830: Nb2Ta2-111-O1-CH3 -> Nb2Ta2-111-O1-CH3OH (substrate=alloy)

[7831/9762] reaction_id=7831: Nb2Ta2-111-O2-CH3 -> Nb2Ta2-111-O2-CH3OH (substrate=alloy)

[7832/9762] reaction_id=7832: Nb2Tc2-111-O1-CH3 -> Nb2Tc2-111-O1-CH3OH (substrate=alloy)

[7833/9762] reaction_id=7833: Nb2Tc2-111-O2-CH3 -> Nb2Tc2-111-O2-CH3OH (substrate=alloy)

[7834/9762] reaction_id=7834: Nb2Ti2-111-O1-CH3 -> Nb2Ti2-111-O1-CH3OH (substrate=alloy)

[7835/9762] reaction_id=7835: Nb2Ti2-111-O2-CH3 -> Nb2Ti2-111-O2-CH3OH (substrate=alloy)

[7836/9762] reaction_id=7836: Nb2Tl2-111-O2-CH3 -> Nb2Tl2-111-O2-CH3OH (substrate=alloy)

[7837/9762] reaction_id=7837: Nb2V2-111-O1-CH3 -> Nb2V2-111-O1-CH3OH (substrate=alloy)

[7838/9762] reaction_id=7838: Nb2V2-111-O2-CH3 -> Nb2V2-111-O2-CH3OH (substrate=alloy)

[7839/9762] reaction_id=7839: Nb2W2-111-O1-CH3 -> Nb2W2-111-O1-CH3OH (substrate=alloy)

[7840/9762] reaction_id=7840: Nb2W2-111-O2-CH3 -> Nb2W2-111-O2-CH3OH (substrate=alloy)

[7841/9762] reaction_id=7841: Nb2Y2-111-O1-CH3 -> Nb2Y2-111-O1-CH3OH (substrate=alloy)

[7842/9762] reaction_id=7842: Nb2Y2-111-O2-CH3 -> Nb2Y2-111-O2-CH3OH (substrate=alloy)

[7843/9762] reaction_id=7843: Nb2Zn2-111-O1-CH3 -> Nb2Zn2-111-O1-CH3OH (substrate=alloy)

[7844/9762] reaction_id=7844: Nb2Zn2-111-O2-CH3 -> Nb2Zn2-111-O2-CH3OH (substrate=alloy)

[7845/9762] reaction_id=7845: Nb2Zr2-111-O1-CH3 -> Nb2Zr2-111-O1-CH3OH (substrate=alloy)

[7846/9762] reaction_id=7846: Nb2Zr2-111-O2-CH3 -> Nb2Zr2-111-O2-CH3OH (substrate=alloy)

[7847/9762] reaction_id=7847: Nb3Ni-111-O1-CH3 -> Nb3Ni-111-O1-CH3OH (substrate=alloy)

[7848/9762] reaction_id=7848: Nb3Ni-111-O2-CH3 -> Nb3Ni-111-O2-CH3OH (substrate=alloy)

[7849/9762] reaction_id=7849: Nb3Os-111-O1-CH3 -> Nb3Os-111-O1-CH3OH (substrate=alloy)

[7850/9762] reaction_id=7850: Nb3Os-111-O2-CH3 -> Nb3Os-111-O2-CH3OH (substrate=alloy)

[7851/9762] reaction_id=7851: Nb3Pb-111-O2-CH3 -> Nb3Pb-111-O2-CH3OH (substrate=alloy)

[7852/9762] reaction_id=7852: Nb3Pd-111-O1-CH3 -> Nb3Pd-111-O1-CH3OH (substrate=alloy)

[7853/9762] reaction_id=7853: Nb3Pd-111-O2-CH3 -> Nb3Pd-111-O2-CH3OH (substrate=alloy)

[7854/9762] reaction_id=7854: Nb3Pt-111-O1-CH3 -> Nb3Pt-111-O1-CH3OH (substrate=alloy)

[7855/9762] reaction_id=7855: Nb3Pt-111-O2-CH3 -> Nb3Pt-111-O2-CH3OH (substrate=alloy)

[7856/9762] reaction_id=7856: Nb3Re-111-O1-CH3 -> Nb3Re-111-O1-CH3OH (substrate=alloy)

[7857/9762] reaction_id=7857: Nb3Re-111-O2-CH3 -> Nb3Re-111-O2-CH3OH (substrate=alloy)

[7858/9762] reaction_id=7858: Nb3Rh-111-O1-CH3 -> Nb3Rh-111-O1-CH3OH (substrate=alloy)

[7859/9762] reaction_id=7859: Nb3Rh-111-O2-CH3 -> Nb3Rh-111-O2-CH3OH (substrate=alloy)

[7860/9762] reaction_id=7860: Nb3Ru-111-O1-CH3 -> Nb3Ru-111-O1-CH3OH (substrate=alloy)

[7861/9762] reaction_id=7861: Nb3Ru-111-O2-CH3 -> Nb3Ru-111-O2-CH3OH (substrate=alloy)

[7862/9762] reaction_id=7862: Nb3Sc-111-O1-CH3 -> Nb3Sc-111-O1-CH3OH (substrate=alloy)

[7863/9762] reaction_id=7863: Nb3Sc-111-O2-CH3 -> Nb3Sc-111-O2-CH3OH (substrate=alloy)

[7864/9762] reaction_id=7864: Nb3Sn-111-O1-CH3 -> Nb3Sn-111-O1-CH3OH (substrate=alloy)

[7865/9762] reaction_id=7865: Nb3Sn-111-O2-CH3 -> Nb3Sn-111-O2-CH3OH (substrate=alloy)

[7866/9762] reaction_id=7866: Nb3Ta-111-O1-CH3 -> Nb3Ta-111-O1-CH3OH (substrate=alloy)

[7867/9762] reaction_id=7867: Nb3Ta-111-O2-CH3 -> Nb3Ta-111-O2-CH3OH (substrate=alloy)

[7868/9762] reaction_id=7868: Nb3Tc-111-O1-CH3 -> Nb3Tc-111-O1-CH3OH (substrate=alloy)

[7869/9762] reaction_id=7869: Nb3Tc-111-O2-CH3 -> Nb3Tc-111-O2-CH3OH (substrate=alloy)

[7870/9762] reaction_id=7870: Nb3Ti-111-O1-CH3 -> Nb3Ti-111-O1-CH3OH (substrate=alloy)

[7871/9762] reaction_id=7871: Nb3Ti-111-O2-CH3 -> Nb3Ti-111-O2-CH3OH (substrate=alloy)

[7872/9762] reaction_id=7872: Nb3Tl-111-O2-CH3 -> Nb3Tl-111-O2-CH3OH (substrate=alloy)

[7873/9762] reaction_id=7873: Nb3V-111-O1-CH3 -> Nb3V-111-O1-CH3OH (substrate=alloy)

[7874/9762] reaction_id=7874: Nb3V-111-O2-CH3 -> Nb3V-111-O2-CH3OH (substrate=alloy)

[7875/9762] reaction_id=7875: Nb3W-111-O1-CH3 -> Nb3W-111-O1-CH3OH (substrate=alloy)

[7876/9762] reaction_id=7876: Nb3W-111-O2-CH3 -> Nb3W-111-O2-CH3OH (substrate=alloy)

[7877/9762] reaction_id=7877: Nb3Y-111-O1-CH3 -> Nb3Y-111-O1-CH3OH (substrate=alloy)

[7878/9762] reaction_id=7878: Nb3Y-111-O2-CH3 -> Nb3Y-111-O2-CH3OH (substrate=alloy)

[7879/9762] reaction_id=7879: Nb3Zn-111-O1-CH3 -> Nb3Zn-111-O1-CH3OH (substrate=alloy)

[7880/9762] reaction_id=7880: Nb3Zn-111-O2-CH3 -> Nb3Zn-111-O2-CH3OH (substrate=alloy)

[7881/9762] reaction_id=7881: Nb3Zr-111-O1-CH3 -> Nb3Zr-111-O1-CH3OH (substrate=alloy)

[7882/9762] reaction_id=7882: Nb3Zr-111-O2-CH3 -> Nb3Zr-111-O2-CH3OH (substrate=alloy)

[7883/9762] reaction_id=7883: NbNi3-111-O1-CH3 -> NbNi3-111-O1-CH3OH (substrate=alloy)

[7884/9762] reaction_id=7884: NbNi3-111-O2-CH3 -> NbNi3-111-O2-CH3OH (substrate=alloy)

[7885/9762] reaction_id=7885: NbOs3-111-O1-CH3 -> NbOs3-111-O1-CH3OH (substrate=alloy)

[7886/9762] reaction_id=7886: NbOs3-111-O2-CH3 -> NbOs3-111-O2-CH3OH (substrate=alloy)

[7887/9762] reaction_id=7887: NbPb3-111-O1-CH3 -> NbPb3-111-O1-CH3OH (substrate=alloy)

[7888/9762] reaction_id=7888: NbPb3-111-O2-CH3 -> NbPb3-111-O2-CH3OH (substrate=alloy)

[7889/9762] reaction_id=7889: NbPd3-111-O1-CH3 -> NbPd3-111-O1-CH3OH (substrate=alloy)

[7890/9762] reaction_id=7890: NbPd3-111-O2-CH3 -> NbPd3-111-O2-CH3OH (substrate=alloy)

[7891/9762] reaction_id=7891: NbPt3-111-O1-CH3 -> NbPt3-111-O1-CH3OH (substrate=alloy)

[7892/9762] reaction_id=7892: NbPt3-111-O2-CH3 -> NbPt3-111-O2-CH3OH (substrate=alloy)

[7893/9762] reaction_id=7893: NbRe3-111-O1-CH3 -> NbRe3-111-O1-CH3OH (substrate=alloy)

[7894/9762] reaction_id=7894: NbRe3-111-O2-CH3 -> NbRe3-111-O2-CH3OH (substrate=alloy)

[7895/9762] reaction_id=7895: NbRh3-111-O1-CH3 -> NbRh3-111-O1-CH3OH (substrate=alloy)

[7896/9762] reaction_id=7896: NbRh3-111-O2-CH3 -> NbRh3-111-O2-CH3OH (substrate=alloy)

[7897/9762] reaction_id=7897: NbRu3-111-O1-CH3 -> NbRu3-111-O1-CH3OH (substrate=alloy)

[7898/9762] reaction_id=7898: NbRu3-111-O2-CH3 -> NbRu3-111-O2-CH3OH (substrate=alloy)

[7899/9762] reaction_id=7899: NbSc3-111-O1-CH3 -> NbSc3-111-O1-CH3OH (substrate=alloy)

[7900/9762] reaction_id=7900: NbSc3-111-O2-CH3 -> NbSc3-111-O2-CH3OH (substrate=alloy)

[7901/9762] reaction_id=7901: NbSn3-111-O1-CH3 -> NbSn3-111-O1-CH3OH (substrate=alloy)

[7902/9762] reaction_id=7902: NbSn3-111-O2-CH3 -> NbSn3-111-O2-CH3OH (substrate=alloy)

[7903/9762] reaction_id=7903: NbTa3-111-O1-CH3 -> NbTa3-111-O1-CH3OH (substrate=alloy)

[7904/9762] reaction_id=7904: NbTa3-111-O2-CH3 -> NbTa3-111-O2-CH3OH (substrate=alloy)

[7905/9762] reaction_id=7905: NbTc3-111-O1-CH3 -> NbTc3-111-O1-CH3OH (substrate=alloy)

[7906/9762] reaction_id=7906: NbTc3-111-O2-CH3 -> NbTc3-111-O2-CH3OH (substrate=alloy)

[7907/9762] reaction_id=7907: NbTi3-111-O1-CH3 -> NbTi3-111-O1-CH3OH (substrate=alloy)

[7908/9762] reaction_id=7908: NbTi3-111-O2-CH3 -> NbTi3-111-O2-CH3OH (substrate=alloy)

[7909/9762] reaction_id=7909: NbTl3-111-O1-CH3 -> NbTl3-111-O1-CH3OH (substrate=alloy)

[7910/9762] reaction_id=7910: NbTl3-111-O2-CH3 -> NbTl3-111-O2-CH3OH (substrate=alloy)

[7911/9762] reaction_id=7911: NbV3-111-O1-CH3 -> NbV3-111-O1-CH3OH (substrate=alloy)

[7912/9762] reaction_id=7912: NbV3-111-O2-CH3 -> NbV3-111-O2-CH3OH (substrate=alloy)

[7913/9762] reaction_id=7913: NbW3-111-O1-CH3 -> NbW3-111-O1-CH3OH (substrate=alloy)

[7914/9762] reaction_id=7914: NbW3-111-O2-CH3 -> NbW3-111-O2-CH3OH (substrate=alloy)

[7915/9762] reaction_id=7915: NbY3-111-O1-CH3 -> NbY3-111-O1-CH3OH (substrate=alloy)

[7916/9762] reaction_id=7916: NbY3-111-O2-CH3 -> NbY3-111-O2-CH3OH (substrate=alloy)

[7917/9762] reaction_id=7917: NbZn3-111-O1-CH3 -> NbZn3-111-O1-CH3OH (substrate=alloy)

[7918/9762] reaction_id=7918: NbZn3-111-O2-CH3 -> NbZn3-111-O2-CH3OH (substrate=alloy)

[7919/9762] reaction_id=7919: NbZr3-111-O1-CH3 -> NbZr3-111-O1-CH3OH (substrate=alloy)

[7920/9762] reaction_id=7920: NbZr3-111-O2-CH3 -> NbZr3-111-O2-CH3OH (substrate=alloy)

[7921/9762] reaction_id=7921: Ni2Os2-111-O1-CH3 -> Ni2Os2-111-O1-CH3OH (substrate=alloy)

[7922/9762] reaction_id=7922: Ni2Os2-111-O2-CH3 -> Ni2Os2-111-O2-CH3OH (substrate=alloy)

[7923/9762] reaction_id=7923: Ni2Pb2-111-O1-CH3 -> Ni2Pb2-111-O1-CH3OH (substrate=alloy)

[7924/9762] reaction_id=7924: Ni2Pb2-111-O2-CH3 -> Ni2Pb2-111-O2-CH3OH (substrate=alloy)

[7925/9762] reaction_id=7925: Ni2Pd2-111-O1-CH3 -> Ni2Pd2-111-O1-CH3OH (substrate=alloy)

[7926/9762] reaction_id=7926: Ni2Pd2-111-O2-CH3 -> Ni2Pd2-111-O2-CH3OH (substrate=alloy)

[7927/9762] reaction_id=7927: Ni2Pt2-111-O1-CH3 -> Ni2Pt2-111-O1-CH3OH (substrate=alloy)

[7928/9762] reaction_id=7928: Ni2Pt2-111-O2-CH3 -> Ni2Pt2-111-O2-CH3OH (substrate=alloy)

[7929/9762] reaction_id=7929: Ni2Re2-111-O1-CH3 -> Ni2Re2-111-O1-CH3OH (substrate=alloy)

[7930/9762] reaction_id=7930: Ni2Re2-111-O2-CH3 -> Ni2Re2-111-O2-CH3OH (substrate=alloy)

[7931/9762] reaction_id=7931: Ni2Rh2-111-O1-CH3 -> Ni2Rh2-111-O1-CH3OH (substrate=alloy)

[7932/9762] reaction_id=7932: Ni2Rh2-111-O2-CH3 -> Ni2Rh2-111-O2-CH3OH (substrate=alloy)

[7933/9762] reaction_id=7933: Ni2Ru2-111-O1-CH3 -> Ni2Ru2-111-O1-CH3OH (substrate=alloy)

[7934/9762] reaction_id=7934: Ni2Ru2-111-O2-CH3 -> Ni2Ru2-111-O2-CH3OH (substrate=alloy)

[7935/9762] reaction_id=7935: Ni2Sn2-111-O1-CH3 -> Ni2Sn2-111-O1-CH3OH (substrate=alloy)

[7936/9762] reaction_id=7936: Ni2Sn2-111-O2-CH3 -> Ni2Sn2-111-O2-CH3OH (substrate=alloy)

[7937/9762] reaction_id=7937: Ni2Ta2-111-O1-CH3 -> Ni2Ta2-111-O1-CH3OH (substrate=alloy)

[7938/9762] reaction_id=7938: Ni2Ta2-111-O2-CH3 -> Ni2Ta2-111-O2-CH3OH (substrate=alloy)

[7939/9762] reaction_id=7939: Ni2Ti2-111-O1-CH3 -> Ni2Ti2-111-O1-CH3OH (substrate=alloy)

[7940/9762] reaction_id=7940: Ni2Ti2-111-O2-CH3 -> Ni2Ti2-111-O2-CH3OH (substrate=alloy)

[7941/9762] reaction_id=7941: Ni2Tl2-111-O1-CH3 -> Ni2Tl2-111-O1-CH3OH (substrate=alloy)

[7942/9762] reaction_id=7942: Ni2V2-111-O1-CH3 -> Ni2V2-111-O1-CH3OH (substrate=alloy)

[7943/9762] reaction_id=7943: Ni2V2-111-O2-CH3 -> Ni2V2-111-O2-CH3OH (substrate=alloy)

[7944/9762] reaction_id=7944: Ni2W2-111-O1-CH3 -> Ni2W2-111-O1-CH3OH (substrate=alloy)

[7945/9762] reaction_id=7945: Ni2W2-111-O2-CH3 -> Ni2W2-111-O2-CH3OH (substrate=alloy)

[7946/9762] reaction_id=7946: Ni2Y2-111-O1-CH3 -> Ni2Y2-111-O1-CH3OH (substrate=alloy)

[7947/9762] reaction_id=7947: Ni2Zn2-111-O1-CH3 -> Ni2Zn2-111-O1-CH3OH (substrate=alloy)

[7948/9762] reaction_id=7948: Ni2Zn2-111-O2-CH3 -> Ni2Zn2-111-O2-CH3OH (substrate=alloy)

[7949/9762] reaction_id=7949: Ni2Zr2-111-O1-CH3 -> Ni2Zr2-111-O1-CH3OH (substrate=alloy)

[7950/9762] reaction_id=7950: Ni2Zr2-111-O2-CH3 -> Ni2Zr2-111-O2-CH3OH (substrate=alloy)

[7951/9762] reaction_id=7951: Ni3Os-111-O1-CH3 -> Ni3Os-111-O1-CH3OH (substrate=alloy)

[7952/9762] reaction_id=7952: Ni3Os-111-O2-CH3 -> Ni3Os-111-O2-CH3OH (substrate=alloy)

[7953/9762] reaction_id=7953: Ni3Pb-111-O1-CH3 -> Ni3Pb-111-O1-CH3OH (substrate=alloy)

[7954/9762] reaction_id=7954: Ni3Pb-111-O2-CH3 -> Ni3Pb-111-O2-CH3OH (substrate=alloy)

[7955/9762] reaction_id=7955: Ni3Pd-111-O1-CH3 -> Ni3Pd-111-O1-CH3OH (substrate=alloy)

[7956/9762] reaction_id=7956: Ni3Pd-111-O2-CH3 -> Ni3Pd-111-O2-CH3OH (substrate=alloy)

[7957/9762] reaction_id=7957: Ni3Pt-111-O1-CH3 -> Ni3Pt-111-O1-CH3OH (substrate=alloy)

[7958/9762] reaction_id=7958: Ni3Pt-111-O2-CH3 -> Ni3Pt-111-O2-CH3OH (substrate=alloy)

[7959/9762] reaction_id=7959: Ni3Re-111-O1-CH3 -> Ni3Re-111-O1-CH3OH (substrate=alloy)

[7960/9762] reaction_id=7960: Ni3Re-111-O2-CH3 -> Ni3Re-111-O2-CH3OH (substrate=alloy)

[7961/9762] reaction_id=7961: Ni3Rh-111-O1-CH3 -> Ni3Rh-111-O1-CH3OH (substrate=alloy)

[7962/9762] reaction_id=7962: Ni3Rh-111-O2-CH3 -> Ni3Rh-111-O2-CH3OH (substrate=alloy)

[7963/9762] reaction_id=7963: Ni3Ru-111-O1-CH3 -> Ni3Ru-111-O1-CH3OH (substrate=alloy)

[7964/9762] reaction_id=7964: Ni3Ru-111-O2-CH3 -> Ni3Ru-111-O2-CH3OH (substrate=alloy)

[7965/9762] reaction_id=7965: Ni3Sc-111-O1-CH3 -> Ni3Sc-111-O1-CH3OH (substrate=alloy)

[7966/9762] reaction_id=7966: Ni3Sc-111-O2-CH3 -> Ni3Sc-111-O2-CH3OH (substrate=alloy)

[7967/9762] reaction_id=7967: Ni3Sn-111-O1-CH3 -> Ni3Sn-111-O1-CH3OH (substrate=alloy)

[7968/9762] reaction_id=7968: Ni3Sn-111-O2-CH3 -> Ni3Sn-111-O2-CH3OH (substrate=alloy)

[7969/9762] reaction_id=7969: Ni3Ta-111-O1-CH3 -> Ni3Ta-111-O1-CH3OH (substrate=alloy)

[7970/9762] reaction_id=7970: Ni3Ta-111-O2-CH3 -> Ni3Ta-111-O2-CH3OH (substrate=alloy)

[7971/9762] reaction_id=7971: Ni3Tc-111-O1-CH3 -> Ni3Tc-111-O1-CH3OH (substrate=alloy)

[7972/9762] reaction_id=7972: Ni3Tc-111-O2-CH3 -> Ni3Tc-111-O2-CH3OH (substrate=alloy)

[7973/9762] reaction_id=7973: Ni3Ti-111-O1-CH3 -> Ni3Ti-111-O1-CH3OH (substrate=alloy)

[7974/9762] reaction_id=7974: Ni3Ti-111-O2-CH3 -> Ni3Ti-111-O2-CH3OH (substrate=alloy)

[7975/9762] reaction_id=7975: Ni3Tl-111-O1-CH3 -> Ni3Tl-111-O1-CH3OH (substrate=alloy)

[7976/9762] reaction_id=7976: Ni3Tl-111-O2-CH3 -> Ni3Tl-111-O2-CH3OH (substrate=alloy)

[7977/9762] reaction_id=7977: Ni3V-111-O1-CH3 -> Ni3V-111-O1-CH3OH (substrate=alloy)

[7978/9762] reaction_id=7978: Ni3V-111-O2-CH3 -> Ni3V-111-O2-CH3OH (substrate=alloy)

[7979/9762] reaction_id=7979: Ni3W-111-O1-CH3 -> Ni3W-111-O1-CH3OH (substrate=alloy)

[7980/9762] reaction_id=7980: Ni3W-111-O2-CH3 -> Ni3W-111-O2-CH3OH (substrate=alloy)

[7981/9762] reaction_id=7981: Ni3Y-111-O1-CH3 -> Ni3Y-111-O1-CH3OH (substrate=alloy)

[7982/9762] reaction_id=7982: Ni3Y-111-O2-CH3 -> Ni3Y-111-O2-CH3OH (substrate=alloy)

[7983/9762] reaction_id=7983: Ni3Zn-111-O1-CH3 -> Ni3Zn-111-O1-CH3OH (substrate=alloy)

[7984/9762] reaction_id=7984: Ni3Zn-111-O2-CH3 -> Ni3Zn-111-O2-CH3OH (substrate=alloy)

[7985/9762] reaction_id=7985: Ni3Zr-111-O1-CH3 -> Ni3Zr-111-O1-CH3OH (substrate=alloy)

[7986/9762] reaction_id=7986: Ni3Zr-111-O2-CH3 -> Ni3Zr-111-O2-CH3OH (substrate=alloy)

[7987/9762] reaction_id=7987: NiOs3-111-O1-CH3 -> NiOs3-111-O1-CH3OH (substrate=alloy)

[7988/9762] reaction_id=7988: NiOs3-111-O2-CH3 -> NiOs3-111-O2-CH3OH (substrate=alloy)

[7989/9762] reaction_id=7989: NiPb3-111-O1-CH3 -> NiPb3-111-O1-CH3OH (substrate=alloy)

[7990/9762] reaction_id=7990: NiPb3-111-O2-CH3 -> NiPb3-111-O2-CH3OH (substrate=alloy)

[7991/9762] reaction_id=7991: NiPd3-111-O1-CH3 -> NiPd3-111-O1-CH3OH (substrate=alloy)

[7992/9762] reaction_id=7992: NiPd3-111-O2-CH3 -> NiPd3-111-O2-CH3OH (substrate=alloy)

[7993/9762] reaction_id=7993: NiPt3-111-O1-CH3 -> NiPt3-111-O1-CH3OH (substrate=alloy)

[7994/9762] reaction_id=7994: NiPt3-111-O2-CH3 -> NiPt3-111-O2-CH3OH (substrate=alloy)

[7995/9762] reaction_id=7995: NiRe3-111-O1-CH3 -> NiRe3-111-O1-CH3OH (substrate=alloy)

[7996/9762] reaction_id=7996: NiRe3-111-O2-CH3 -> NiRe3-111-O2-CH3OH (substrate=alloy)

[7997/9762] reaction_id=7997: NiRh3-111-O1-CH3 -> NiRh3-111-O1-CH3OH (substrate=alloy)

[7998/9762] reaction_id=7998: NiRh3-111-O2-CH3 -> NiRh3-111-O2-CH3OH (substrate=alloy)

[7999/9762] reaction_id=7999: NiRu3-111-O1-CH3 -> NiRu3-111-O1-CH3OH (substrate=alloy)

[8000/9762] reaction_id=8000: NiRu3-111-O2-CH3 -> NiRu3-111-O2-CH3OH (substrate=alloy)

[8001/9762] reaction_id=8001: NiSn3-111-O1-CH3 -> NiSn3-111-O1-CH3OH (substrate=alloy)

[8002/9762] reaction_id=8002: NiSn3-111-O2-CH3 -> NiSn3-111-O2-CH3OH (substrate=alloy)

[8003/9762] reaction_id=8003: NiTa3-111-O1-CH3 -> NiTa3-111-O1-CH3OH (substrate=alloy)

[8004/9762] reaction_id=8004: NiTa3-111-O2-CH3 -> NiTa3-111-O2-CH3OH (substrate=alloy)

[8005/9762] reaction_id=8005: NiTc3-111-O1-CH3 -> NiTc3-111-O1-CH3OH (substrate=alloy)

[8006/9762] reaction_id=8006: NiTc3-111-O2-CH3 -> NiTc3-111-O2-CH3OH (substrate=alloy)

[8007/9762] reaction_id=8007: NiTi3-111-O1-CH3 -> NiTi3-111-O1-CH3OH (substrate=alloy)

[8008/9762] reaction_id=8008: NiTi3-111-O2-CH3 -> NiTi3-111-O2-CH3OH (substrate=alloy)

[8009/9762] reaction_id=8009: NiTl3-111-O1-CH3 -> NiTl3-111-O1-CH3OH (substrate=alloy)

[8010/9762] reaction_id=8010: NiTl3-111-O2-CH3 -> NiTl3-111-O2-CH3OH (substrate=alloy)

[8011/9762] reaction_id=8011: NiV3-111-O1-CH3 -> NiV3-111-O1-CH3OH (substrate=alloy)

[8012/9762] reaction_id=8012: NiV3-111-O2-CH3 -> NiV3-111-O2-CH3OH (substrate=alloy)

[8013/9762] reaction_id=8013: NiW3-111-O1-CH3 -> NiW3-111-O1-CH3OH (substrate=alloy)

[8014/9762] reaction_id=8014: NiW3-111-O2-CH3 -> NiW3-111-O2-CH3OH (substrate=alloy)

[8015/9762] reaction_id=8015: NiY3-111-O1-CH3 -> NiY3-111-O1-CH3OH (substrate=alloy)

[8016/9762] reaction_id=8016: NiY3-111-O2-CH3 -> NiY3-111-O2-CH3OH (substrate=alloy)

[8017/9762] reaction_id=8017: NiZn3-111-O1-CH3 -> NiZn3-111-O1-CH3OH (substrate=alloy)

[8018/9762] reaction_id=8018: NiZn3-111-O2-CH3 -> NiZn3-111-O2-CH3OH (substrate=alloy)

[8019/9762] reaction_id=8019: NiZr3-111-O1-CH3 -> NiZr3-111-O1-CH3OH (substrate=alloy)

[8020/9762] reaction_id=8020: NiZr3-111-O2-CH3 -> NiZr3-111-O2-CH3OH (substrate=alloy)

[8021/9762] reaction_id=8021: Os2Pb2-111-O1-CH3 -> Os2Pb2-111-O1-CH3OH (substrate=alloy)

[8022/9762] reaction_id=8022: Os2Pb2-111-O2-CH3 -> Os2Pb2-111-O2-CH3OH (substrate=alloy)

[8023/9762] reaction_id=8023: Os2Pd2-111-O1-CH3 -> Os2Pd2-111-O1-CH3OH (substrate=alloy)

[8024/9762] reaction_id=8024: Os2Pd2-111-O2-CH3 -> Os2Pd2-111-O2-CH3OH (substrate=alloy)

[8025/9762] reaction_id=8025: Os2Pt2-111-O1-CH3 -> Os2Pt2-111-O1-CH3OH (substrate=alloy)

[8026/9762] reaction_id=8026: Os2Pt2-111-O2-CH3 -> Os2Pt2-111-O2-CH3OH (substrate=alloy)

[8027/9762] reaction_id=8027: Os2Re2-111-O1-CH3 -> Os2Re2-111-O1-CH3OH (substrate=alloy)

[8028/9762] reaction_id=8028: Os2Re2-111-O2-CH3 -> Os2Re2-111-O2-CH3OH (substrate=alloy)

[8029/9762] reaction_id=8029: Os2Rh2-111-O1-CH3 -> Os2Rh2-111-O1-CH3OH (substrate=alloy)

[8030/9762] reaction_id=8030: Os2Rh2-111-O2-CH3 -> Os2Rh2-111-O2-CH3OH (substrate=alloy)

[8031/9762] reaction_id=8031: Os2Ru2-111-O1-CH3 -> Os2Ru2-111-O1-CH3OH (substrate=alloy)

[8032/9762] reaction_id=8032: Os2Ru2-111-O2-CH3 -> Os2Ru2-111-O2-CH3OH (substrate=alloy)

[8033/9762] reaction_id=8033: Os2Sc2-111-O1-CH3 -> Os2Sc2-111-O1-CH3OH (substrate=alloy)

[8034/9762] reaction_id=8034: Os2Sc2-111-O2-CH3 -> Os2Sc2-111-O2-CH3OH (substrate=alloy)

[8035/9762] reaction_id=8035: Os2Sn2-111-O1-CH3 -> Os2Sn2-111-O1-CH3OH (substrate=alloy)

[8036/9762] reaction_id=8036: Os2Sn2-111-O2-CH3 -> Os2Sn2-111-O2-CH3OH (substrate=alloy)

[8037/9762] reaction_id=8037: Os2Ta2-111-O1-CH3 -> Os2Ta2-111-O1-CH3OH (substrate=alloy)

[8038/9762] reaction_id=8038: Os2Ta2-111-O2-CH3 -> Os2Ta2-111-O2-CH3OH (substrate=alloy)

[8039/9762] reaction_id=8039: Os2Tc2-111-O1-CH3 -> Os2Tc2-111-O1-CH3OH (substrate=alloy)

[8040/9762] reaction_id=8040: Os2Tc2-111-O2-CH3 -> Os2Tc2-111-O2-CH3OH (substrate=alloy)

[8041/9762] reaction_id=8041: Os2Ti2-111-O1-CH3 -> Os2Ti2-111-O1-CH3OH (substrate=alloy)

[8042/9762] reaction_id=8042: Os2Ti2-111-O2-CH3 -> Os2Ti2-111-O2-CH3OH (substrate=alloy)

[8043/9762] reaction_id=8043: Os2Tl2-111-O1-CH3 -> Os2Tl2-111-O1-CH3OH (substrate=alloy)

[8044/9762] reaction_id=8044: Os2Tl2-111-O2-CH3 -> Os2Tl2-111-O2-CH3OH (substrate=alloy)

[8045/9762] reaction_id=8045: Os2V2-111-O1-CH3 -> Os2V2-111-O1-CH3OH (substrate=alloy)

[8046/9762] reaction_id=8046: Os2V2-111-O2-CH3 -> Os2V2-111-O2-CH3OH (substrate=alloy)

[8047/9762] reaction_id=8047: Os2W2-111-O1-CH3 -> Os2W2-111-O1-CH3OH (substrate=alloy)

[8048/9762] reaction_id=8048: Os2W2-111-O2-CH3 -> Os2W2-111-O2-CH3OH (substrate=alloy)

[8049/9762] reaction_id=8049: Os2Y2-111-O1-CH3 -> Os2Y2-111-O1-CH3OH (substrate=alloy)

[8050/9762] reaction_id=8050: Os2Y2-111-O2-CH3 -> Os2Y2-111-O2-CH3OH (substrate=alloy)

[8051/9762] reaction_id=8051: Os2Zn2-111-O1-CH3 -> Os2Zn2-111-O1-CH3OH (substrate=alloy)

[8052/9762] reaction_id=8052: Os2Zn2-111-O2-CH3 -> Os2Zn2-111-O2-CH3OH (substrate=alloy)

[8053/9762] reaction_id=8053: Os2Zr2-111-O1-CH3 -> Os2Zr2-111-O1-CH3OH (substrate=alloy)

[8054/9762] reaction_id=8054: Os2Zr2-111-O2-CH3 -> Os2Zr2-111-O2-CH3OH (substrate=alloy)

[8055/9762] reaction_id=8055: Os3Pb-111-O1-CH3 -> Os3Pb-111-O1-CH3OH (substrate=alloy)

[8056/9762] reaction_id=8056: Os3Pb-111-O2-CH3 -> Os3Pb-111-O2-CH3OH (substrate=alloy)

[8057/9762] reaction_id=8057: Os3Pd-111-O1-CH3 -> Os3Pd-111-O1-CH3OH (substrate=alloy)

[8058/9762] reaction_id=8058: Os3Pd-111-O2-CH3 -> Os3Pd-111-O2-CH3OH (substrate=alloy)

[8059/9762] reaction_id=8059: Os3Pt-111-O1-CH3 -> Os3Pt-111-O1-CH3OH (substrate=alloy)

[8060/9762] reaction_id=8060: Os3Pt-111-O2-CH3 -> Os3Pt-111-O2-CH3OH (substrate=alloy)

[8061/9762] reaction_id=8061: Os3Re-111-O1-CH3 -> Os3Re-111-O1-CH3OH (substrate=alloy)

[8062/9762] reaction_id=8062: Os3Re-111-O2-CH3 -> Os3Re-111-O2-CH3OH (substrate=alloy)

[8063/9762] reaction_id=8063: Os3Rh-111-O1-CH3 -> Os3Rh-111-O1-CH3OH (substrate=alloy)

[8064/9762] reaction_id=8064: Os3Rh-111-O2-CH3 -> Os3Rh-111-O2-CH3OH (substrate=alloy)

[8065/9762] reaction_id=8065: Os3Ru-111-O1-CH3 -> Os3Ru-111-O1-CH3OH (substrate=alloy)

[8066/9762] reaction_id=8066: Os3Ru-111-O2-CH3 -> Os3Ru-111-O2-CH3OH (substrate=alloy)

[8067/9762] reaction_id=8067: Os3Sc-111-O1-CH3 -> Os3Sc-111-O1-CH3OH (substrate=alloy)

[8068/9762] reaction_id=8068: Os3Sc-111-O2-CH3 -> Os3Sc-111-O2-CH3OH (substrate=alloy)

[8069/9762] reaction_id=8069: Os3Sn-111-O1-CH3 -> Os3Sn-111-O1-CH3OH (substrate=alloy)

[8070/9762] reaction_id=8070: Os3Sn-111-O2-CH3 -> Os3Sn-111-O2-CH3OH (substrate=alloy)

[8071/9762] reaction_id=8071: Os3Ta-111-O1-CH3 -> Os3Ta-111-O1-CH3OH (substrate=alloy)

[8072/9762] reaction_id=8072: Os3Ta-111-O2-CH3 -> Os3Ta-111-O2-CH3OH (substrate=alloy)

[8073/9762] reaction_id=8073: Os3Tc-111-O1-CH3 -> Os3Tc-111-O1-CH3OH (substrate=alloy)

[8074/9762] reaction_id=8074: Os3Tc-111-O2-CH3 -> Os3Tc-111-O2-CH3OH (substrate=alloy)

[8075/9762] reaction_id=8075: Os3Ti-111-O1-CH3 -> Os3Ti-111-O1-CH3OH (substrate=alloy)

[8076/9762] reaction_id=8076: Os3Ti-111-O2-CH3 -> Os3Ti-111-O2-CH3OH (substrate=alloy)

[8077/9762] reaction_id=8077: Os3Tl-111-O2-CH3 -> Os3Tl-111-O2-CH3OH (substrate=alloy)

[8078/9762] reaction_id=8078: Os3V-111-O1-CH3 -> Os3V-111-O1-CH3OH (substrate=alloy)

[8079/9762] reaction_id=8079: Os3V-111-O2-CH3 -> Os3V-111-O2-CH3OH (substrate=alloy)

[8080/9762] reaction_id=8080: Os3W-111-O1-CH3 -> Os3W-111-O1-CH3OH (substrate=alloy)

[8081/9762] reaction_id=8081: Os3W-111-O2-CH3 -> Os3W-111-O2-CH3OH (substrate=alloy)

[8082/9762] reaction_id=8082: Os3Y-111-O1-CH3 -> Os3Y-111-O1-CH3OH (substrate=alloy)

[8083/9762] reaction_id=8083: Os3Zn-111-O1-CH3 -> Os3Zn-111-O1-CH3OH (substrate=alloy)

[8084/9762] reaction_id=8084: Os3Zn-111-O2-CH3 -> Os3Zn-111-O2-CH3OH (substrate=alloy)

[8085/9762] reaction_id=8085: Os3Zr-111-O1-CH3 -> Os3Zr-111-O1-CH3OH (substrate=alloy)

[8086/9762] reaction_id=8086: Os3Zr-111-O2-CH3 -> Os3Zr-111-O2-CH3OH (substrate=alloy)

[8087/9762] reaction_id=8087: OsPb3-111-O1-CH3 -> OsPb3-111-O1-CH3OH (substrate=alloy)

[8088/9762] reaction_id=8088: OsPb3-111-O2-CH3 -> OsPb3-111-O2-CH3OH (substrate=alloy)

[8089/9762] reaction_id=8089: OsPd3-111-O1-CH3 -> OsPd3-111-O1-CH3OH (substrate=alloy)

[8090/9762] reaction_id=8090: OsPd3-111-O2-CH3 -> OsPd3-111-O2-CH3OH (substrate=alloy)

[8091/9762] reaction_id=8091: OsPt3-111-O1-CH3 -> OsPt3-111-O1-CH3OH (substrate=alloy)

[8092/9762] reaction_id=8092: OsPt3-111-O2-CH3 -> OsPt3-111-O2-CH3OH (substrate=alloy)

[8093/9762] reaction_id=8093: OsRe3-111-O1-CH3 -> OsRe3-111-O1-CH3OH (substrate=alloy)

[8094/9762] reaction_id=8094: OsRe3-111-O2-CH3 -> OsRe3-111-O2-CH3OH (substrate=alloy)

[8095/9762] reaction_id=8095: OsRh3-111-O1-CH3 -> OsRh3-111-O1-CH3OH (substrate=alloy)

[8096/9762] reaction_id=8096: OsRh3-111-O2-CH3 -> OsRh3-111-O2-CH3OH (substrate=alloy)

[8097/9762] reaction_id=8097: OsRu3-111-O1-CH3 -> OsRu3-111-O1-CH3OH (substrate=alloy)

[8098/9762] reaction_id=8098: OsRu3-111-O2-CH3 -> OsRu3-111-O2-CH3OH (substrate=alloy)

[8099/9762] reaction_id=8099: OsSc3-111-O1-CH3 -> OsSc3-111-O1-CH3OH (substrate=alloy)

[8100/9762] reaction_id=8100: OsSc3-111-O2-CH3 -> OsSc3-111-O2-CH3OH (substrate=alloy)

[8101/9762] reaction_id=8101: OsSn3-111-O1-CH3 -> OsSn3-111-O1-CH3OH (substrate=alloy)

[8102/9762] reaction_id=8102: OsSn3-111-O2-CH3 -> OsSn3-111-O2-CH3OH (substrate=alloy)

[8103/9762] reaction_id=8103: OsTa3-111-O1-CH3 -> OsTa3-111-O1-CH3OH (substrate=alloy)

[8104/9762] reaction_id=8104: OsTa3-111-O2-CH3 -> OsTa3-111-O2-CH3OH (substrate=alloy)

[8105/9762] reaction_id=8105: OsTc3-111-O1-CH3 -> OsTc3-111-O1-CH3OH (substrate=alloy)

[8106/9762] reaction_id=8106: OsTc3-111-O2-CH3 -> OsTc3-111-O2-CH3OH (substrate=alloy)

[8107/9762] reaction_id=8107: OsTi3-111-O1-CH3 -> OsTi3-111-O1-CH3OH (substrate=alloy)

[8108/9762] reaction_id=8108: OsTi3-111-O2-CH3 -> OsTi3-111-O2-CH3OH (substrate=alloy)

[8109/9762] reaction_id=8109: OsTl3-111-O1-CH3 -> OsTl3-111-O1-CH3OH (substrate=alloy)

[8110/9762] reaction_id=8110: OsTl3-111-O2-CH3 -> OsTl3-111-O2-CH3OH (substrate=alloy)

[8111/9762] reaction_id=8111: OsV3-111-O1-CH3 -> OsV3-111-O1-CH3OH (substrate=alloy)

[8112/9762] reaction_id=8112: OsV3-111-O2-CH3 -> OsV3-111-O2-CH3OH (substrate=alloy)

[8113/9762] reaction_id=8113: OsW3-111-O1-CH3 -> OsW3-111-O1-CH3OH (substrate=alloy)

[8114/9762] reaction_id=8114: OsW3-111-O2-CH3 -> OsW3-111-O2-CH3OH (substrate=alloy)

[8115/9762] reaction_id=8115: OsY3-111-O1-CH3 -> OsY3-111-O1-CH3OH (substrate=alloy)

[8116/9762] reaction_id=8116: OsY3-111-O2-CH3 -> OsY3-111-O2-CH3OH (substrate=alloy)

[8117/9762] reaction_id=8117: OsZn3-111-O1-CH3 -> OsZn3-111-O1-CH3OH (substrate=alloy)

[8118/9762] reaction_id=8118: OsZn3-111-O2-CH3 -> OsZn3-111-O2-CH3OH (substrate=alloy)

[8119/9762] reaction_id=8119: OsZr3-111-O1-CH3 -> OsZr3-111-O1-CH3OH (substrate=alloy)

[8120/9762] reaction_id=8120: OsZr3-111-O2-CH3 -> OsZr3-111-O2-CH3OH (substrate=alloy)

[8121/9762] reaction_id=8121: Pb2Pd2-111-O1-CH3 -> Pb2Pd2-111-O1-CH3OH (substrate=alloy)

[8122/9762] reaction_id=8122: Pb2Pd2-111-O2-CH3 -> Pb2Pd2-111-O2-CH3OH (substrate=alloy)

[8123/9762] reaction_id=8123: Pb2Pt2-111-O1-CH3 -> Pb2Pt2-111-O1-CH3OH (substrate=alloy)

[8124/9762] reaction_id=8124: Pb2Pt2-111-O2-CH3 -> Pb2Pt2-111-O2-CH3OH (substrate=alloy)

[8125/9762] reaction_id=8125: Pb2Re2-111-O1-CH3 -> Pb2Re2-111-O1-CH3OH (substrate=alloy)

[8126/9762] reaction_id=8126: Pb2Re2-111-O2-CH3 -> Pb2Re2-111-O2-CH3OH (substrate=alloy)

[8127/9762] reaction_id=8127: Pb2Rh2-111-O1-CH3 -> Pb2Rh2-111-O1-CH3OH (substrate=alloy)

[8128/9762] reaction_id=8128: Pb2Rh2-111-O2-CH3 -> Pb2Rh2-111-O2-CH3OH (substrate=alloy)

[8129/9762] reaction_id=8129: Pb2Ru2-111-O1-CH3 -> Pb2Ru2-111-O1-CH3OH (substrate=alloy)

[8130/9762] reaction_id=8130: Pb2Ru2-111-O2-CH3 -> Pb2Ru2-111-O2-CH3OH (substrate=alloy)

[8131/9762] reaction_id=8131: Pb2Sc2-111-O1-CH3 -> Pb2Sc2-111-O1-CH3OH (substrate=alloy)

[8132/9762] reaction_id=8132: Pb2Sc2-111-O2-CH3 -> Pb2Sc2-111-O2-CH3OH (substrate=alloy)

[8133/9762] reaction_id=8133: Pb2Sn2-111-O1-CH3 -> Pb2Sn2-111-O1-CH3OH (substrate=alloy)

[8134/9762] reaction_id=8134: Pb2Ta2-111-O1-CH3 -> Pb2Ta2-111-O1-CH3OH (substrate=alloy)

[8135/9762] reaction_id=8135: Pb2Ta2-111-O2-CH3 -> Pb2Ta2-111-O2-CH3OH (substrate=alloy)

[8136/9762] reaction_id=8136: Pb2Tc2-111-O1-CH3 -> Pb2Tc2-111-O1-CH3OH (substrate=alloy)

[8137/9762] reaction_id=8137: Pb2Tc2-111-O2-CH3 -> Pb2Tc2-111-O2-CH3OH (substrate=alloy)

[8138/9762] reaction_id=8138: Pb2Ti2-111-O1-CH3 -> Pb2Ti2-111-O1-CH3OH (substrate=alloy)

[8139/9762] reaction_id=8139: Pb2Tl2-111-O2-CH3 -> Pb2Tl2-111-O2-CH3OH (substrate=alloy)

[8140/9762] reaction_id=8140: Pb2V2-111-O1-CH3 -> Pb2V2-111-O1-CH3OH (substrate=alloy)

[8141/9762] reaction_id=8141: Pb2V2-111-O2-CH3 -> Pb2V2-111-O2-CH3OH (substrate=alloy)

[8142/9762] reaction_id=8142: Pb2W2-111-O1-CH3 -> Pb2W2-111-O1-CH3OH (substrate=alloy)

[8143/9762] reaction_id=8143: Pb2W2-111-O2-CH3 -> Pb2W2-111-O2-CH3OH (substrate=alloy)

[8144/9762] reaction_id=8144: Pb2Y2-111-O1-CH3 -> Pb2Y2-111-O1-CH3OH (substrate=alloy)

[8145/9762] reaction_id=8145: Pb2Y2-111-O2-CH3 -> Pb2Y2-111-O2-CH3OH (substrate=alloy)

[8146/9762] reaction_id=8146: Pb2Zn2-111-O1-CH3 -> Pb2Zn2-111-O1-CH3OH (substrate=alloy)

[8147/9762] reaction_id=8147: Pb2Zn2-111-O2-CH3 -> Pb2Zn2-111-O2-CH3OH (substrate=alloy)

[8148/9762] reaction_id=8148: Pb2Zr2-111-O1-CH3 -> Pb2Zr2-111-O1-CH3OH (substrate=alloy)

[8149/9762] reaction_id=8149: Pb3Pd-111-O1-CH3 -> Pb3Pd-111-O1-CH3OH (substrate=alloy)

[8150/9762] reaction_id=8150: Pb3Pd-111-O2-CH3 -> Pb3Pd-111-O2-CH3OH (substrate=alloy)

[8151/9762] reaction_id=8151: Pb3Pt-111-O1-CH3 -> Pb3Pt-111-O1-CH3OH (substrate=alloy)

[8152/9762] reaction_id=8152: Pb3Pt-111-O2-CH3 -> Pb3Pt-111-O2-CH3OH (substrate=alloy)

[8153/9762] reaction_id=8153: Pb3Re-111-O1-CH3 -> Pb3Re-111-O1-CH3OH (substrate=alloy)

[8154/9762] reaction_id=8154: Pb3Re-111-O2-CH3 -> Pb3Re-111-O2-CH3OH (substrate=alloy)

[8155/9762] reaction_id=8155: Pb3Rh-111-O1-CH3 -> Pb3Rh-111-O1-CH3OH (substrate=alloy)

[8156/9762] reaction_id=8156: Pb3Rh-111-O2-CH3 -> Pb3Rh-111-O2-CH3OH (substrate=alloy)

[8157/9762] reaction_id=8157: Pb3Ru-111-O1-CH3 -> Pb3Ru-111-O1-CH3OH (substrate=alloy)

[8158/9762] reaction_id=8158: Pb3Ru-111-O2-CH3 -> Pb3Ru-111-O2-CH3OH (substrate=alloy)

[8159/9762] reaction_id=8159: Pb3Sc-111-O1-CH3 -> Pb3Sc-111-O1-CH3OH (substrate=alloy)

[8160/9762] reaction_id=8160: Pb3Sc-111-O2-CH3 -> Pb3Sc-111-O2-CH3OH (substrate=alloy)

[8161/9762] reaction_id=8161: Pb3Sn-111-O2-CH3 -> Pb3Sn-111-O2-CH3OH (substrate=alloy)

[8162/9762] reaction_id=8162: Pb3Ta-111-O1-CH3 -> Pb3Ta-111-O1-CH3OH (substrate=alloy)

[8163/9762] reaction_id=8163: Pb3Ta-111-O2-CH3 -> Pb3Ta-111-O2-CH3OH (substrate=alloy)

[8164/9762] reaction_id=8164: Pb3Tc-111-O1-CH3 -> Pb3Tc-111-O1-CH3OH (substrate=alloy)

[8165/9762] reaction_id=8165: Pb3Tc-111-O2-CH3 -> Pb3Tc-111-O2-CH3OH (substrate=alloy)

[8166/9762] reaction_id=8166: Pb3Ti-111-O1-CH3 -> Pb3Ti-111-O1-CH3OH (substrate=alloy)

[8167/9762] reaction_id=8167: Pb3Ti-111-O2-CH3 -> Pb3Ti-111-O2-CH3OH (substrate=alloy)

[8168/9762] reaction_id=8168: Pb3Tl-111-O2-CH3 -> Pb3Tl-111-O2-CH3OH (substrate=alloy)

[8169/9762] reaction_id=8169: Pb3V-111-O1-CH3 -> Pb3V-111-O1-CH3OH (substrate=alloy)

[8170/9762] reaction_id=8170: Pb3V-111-O2-CH3 -> Pb3V-111-O2-CH3OH (substrate=alloy)

[8171/9762] reaction_id=8171: Pb3W-111-O1-CH3 -> Pb3W-111-O1-CH3OH (substrate=alloy)

[8172/9762] reaction_id=8172: Pb3W-111-O2-CH3 -> Pb3W-111-O2-CH3OH (substrate=alloy)

[8173/9762] reaction_id=8173: Pb3Y-111-O1-CH3 -> Pb3Y-111-O1-CH3OH (substrate=alloy)

[8174/9762] reaction_id=8174: Pb3Y-111-O2-CH3 -> Pb3Y-111-O2-CH3OH (substrate=alloy)

[8175/9762] reaction_id=8175: Pb3Zn-111-O2-CH3 -> Pb3Zn-111-O2-CH3OH (substrate=alloy)

[8176/9762] reaction_id=8176: Pb3Zr-111-O1-CH3 -> Pb3Zr-111-O1-CH3OH (substrate=alloy)

[8177/9762] reaction_id=8177: Pb3Zr-111-O2-CH3 -> Pb3Zr-111-O2-CH3OH (substrate=alloy)

[8178/9762] reaction_id=8178: PbPd3-111-O1-CH3 -> PbPd3-111-O1-CH3OH (substrate=alloy)

[8179/9762] reaction_id=8179: PbPt3-111-O1-CH3 -> PbPt3-111-O1-CH3OH (substrate=alloy)

[8180/9762] reaction_id=8180: PbPt3-111-O2-CH3 -> PbPt3-111-O2-CH3OH (substrate=alloy)

[8181/9762] reaction_id=8181: PbRh3-111-O1-CH3 -> PbRh3-111-O1-CH3OH (substrate=alloy)

[8182/9762] reaction_id=8182: PbRu3-111-O1-CH3 -> PbRu3-111-O1-CH3OH (substrate=alloy)

[8183/9762] reaction_id=8183: PbSc3-111-O1-CH3 -> PbSc3-111-O1-CH3OH (substrate=alloy)

[8184/9762] reaction_id=8184: PbSc3-111-O2-CH3 -> PbSc3-111-O2-CH3OH (substrate=alloy)

[8185/9762] reaction_id=8185: PbSn3-111-O2-CH3 -> PbSn3-111-O2-CH3OH (substrate=alloy)

[8186/9762] reaction_id=8186: PbTa3-111-O1-CH3 -> PbTa3-111-O1-CH3OH (substrate=alloy)

[8187/9762] reaction_id=8187: PbTc3-111-O1-CH3 -> PbTc3-111-O1-CH3OH (substrate=alloy)

[8188/9762] reaction_id=8188: PbTc3-111-O2-CH3 -> PbTc3-111-O2-CH3OH (substrate=alloy)

[8189/9762] reaction_id=8189: PbTi3-111-O1-CH3 -> PbTi3-111-O1-CH3OH (substrate=alloy)

[8190/9762] reaction_id=8190: PbTi3-111-O2-CH3 -> PbTi3-111-O2-CH3OH (substrate=alloy)

[8191/9762] reaction_id=8191: PbTl3-111-O1-CH3 -> PbTl3-111-O1-CH3OH (substrate=alloy)

[8192/9762] reaction_id=8192: PbV3-111-O1-CH3 -> PbV3-111-O1-CH3OH (substrate=alloy)

[8193/9762] reaction_id=8193: PbW3-111-O1-CH3 -> PbW3-111-O1-CH3OH (substrate=alloy)

[8194/9762] reaction_id=8194: PbY3-111-O1-CH3 -> PbY3-111-O1-CH3OH (substrate=alloy)

[8195/9762] reaction_id=8195: PbY3-111-O2-CH3 -> PbY3-111-O2-CH3OH (substrate=alloy)

[8196/9762] reaction_id=8196: PbZn3-111-O1-CH3 -> PbZn3-111-O1-CH3OH (substrate=alloy)

[8197/9762] reaction_id=8197: PbZn3-111-O2-CH3 -> PbZn3-111-O2-CH3OH (substrate=alloy)

[8198/9762] reaction_id=8198: PbZr3-111-O1-CH3 -> PbZr3-111-O1-CH3OH (substrate=alloy)

[8199/9762] reaction_id=8199: PbZr3-111-O2-CH3 -> PbZr3-111-O2-CH3OH (substrate=alloy)

[8200/9762] reaction_id=8200: Pd2Pt2-111-O1-CH3 -> Pd2Pt2-111-O1-CH3OH (substrate=alloy)

[8201/9762] reaction_id=8201: Pd2Pt2-111-O2-CH3 -> Pd2Pt2-111-O2-CH3OH (substrate=alloy)

[8202/9762] reaction_id=8202: Pd2Re2-111-O1-CH3 -> Pd2Re2-111-O1-CH3OH (substrate=alloy)

[8203/9762] reaction_id=8203: Pd2Re2-111-O2-CH3 -> Pd2Re2-111-O2-CH3OH (substrate=alloy)

[8204/9762] reaction_id=8204: Pd2Rh2-111-O1-CH3 -> Pd2Rh2-111-O1-CH3OH (substrate=alloy)

[8205/9762] reaction_id=8205: Pd2Rh2-111-O2-CH3 -> Pd2Rh2-111-O2-CH3OH (substrate=alloy)

[8206/9762] reaction_id=8206: Pd2Ru2-111-O1-CH3 -> Pd2Ru2-111-O1-CH3OH (substrate=alloy)

[8207/9762] reaction_id=8207: Pd2Ru2-111-O2-CH3 -> Pd2Ru2-111-O2-CH3OH (substrate=alloy)

[8208/9762] reaction_id=8208: Pd2Sc2-111-O1-CH3 -> Pd2Sc2-111-O1-CH3OH (substrate=alloy)

[8209/9762] reaction_id=8209: Pd2Sc2-111-O2-CH3 -> Pd2Sc2-111-O2-CH3OH (substrate=alloy)

[8210/9762] reaction_id=8210: Pd2Sn2-111-O1-CH3 -> Pd2Sn2-111-O1-CH3OH (substrate=alloy)

[8211/9762] reaction_id=8211: Pd2Sn2-111-O2-CH3 -> Pd2Sn2-111-O2-CH3OH (substrate=alloy)

[8212/9762] reaction_id=8212: Pd2Ta2-111-O1-CH3 -> Pd2Ta2-111-O1-CH3OH (substrate=alloy)

[8213/9762] reaction_id=8213: Pd2Ta2-111-O2-CH3 -> Pd2Ta2-111-O2-CH3OH (substrate=alloy)

[8214/9762] reaction_id=8214: Pd2Tc2-111-O1-CH3 -> Pd2Tc2-111-O1-CH3OH (substrate=alloy)

[8215/9762] reaction_id=8215: Pd2Tc2-111-O2-CH3 -> Pd2Tc2-111-O2-CH3OH (substrate=alloy)

[8216/9762] reaction_id=8216: Pd2Ti2-111-O1-CH3 -> Pd2Ti2-111-O1-CH3OH (substrate=alloy)

[8217/9762] reaction_id=8217: Pd2Ti2-111-O2-CH3 -> Pd2Ti2-111-O2-CH3OH (substrate=alloy)

[8218/9762] reaction_id=8218: Pd2Tl2-111-O1-CH3 -> Pd2Tl2-111-O1-CH3OH (substrate=alloy)

[8219/9762] reaction_id=8219: Pd2V2-111-O1-CH3 -> Pd2V2-111-O1-CH3OH (substrate=alloy)

[8220/9762] reaction_id=8220: Pd2V2-111-O2-CH3 -> Pd2V2-111-O2-CH3OH (substrate=alloy)

[8221/9762] reaction_id=8221: Pd2W2-111-O1-CH3 -> Pd2W2-111-O1-CH3OH (substrate=alloy)

[8222/9762] reaction_id=8222: Pd2W2-111-O2-CH3 -> Pd2W2-111-O2-CH3OH (substrate=alloy)

[8223/9762] reaction_id=8223: Pd2Y2-111-O1-CH3 -> Pd2Y2-111-O1-CH3OH (substrate=alloy)

[8224/9762] reaction_id=8224: Pd2Zn2-111-O1-CH3 -> Pd2Zn2-111-O1-CH3OH (substrate=alloy)

[8225/9762] reaction_id=8225: Pd2Zn2-111-O2-CH3 -> Pd2Zn2-111-O2-CH3OH (substrate=alloy)

[8226/9762] reaction_id=8226: Pd2Zr2-111-O1-CH3 -> Pd2Zr2-111-O1-CH3OH (substrate=alloy)

[8227/9762] reaction_id=8227: Pd2Zr2-111-O2-CH3 -> Pd2Zr2-111-O2-CH3OH (substrate=alloy)

[8228/9762] reaction_id=8228: Pd3Pt-111-O1-CH3 -> Pd3Pt-111-O1-CH3OH (substrate=alloy)

[8229/9762] reaction_id=8229: Pd3Pt-111-O2-CH3 -> Pd3Pt-111-O2-CH3OH (substrate=alloy)

[8230/9762] reaction_id=8230: Pd3Re-111-O1-CH3 -> Pd3Re-111-O1-CH3OH (substrate=alloy)

[8231/9762] reaction_id=8231: Pd3Re-111-O2-CH3 -> Pd3Re-111-O2-CH3OH (substrate=alloy)

[8232/9762] reaction_id=8232: Pd3Rh-111-O1-CH3 -> Pd3Rh-111-O1-CH3OH (substrate=alloy)

[8233/9762] reaction_id=8233: Pd3Rh-111-O2-CH3 -> Pd3Rh-111-O2-CH3OH (substrate=alloy)

[8234/9762] reaction_id=8234: Pd3Ru-111-O1-CH3 -> Pd3Ru-111-O1-CH3OH (substrate=alloy)

[8235/9762] reaction_id=8235: Pd3Ru-111-O2-CH3 -> Pd3Ru-111-O2-CH3OH (substrate=alloy)

[8236/9762] reaction_id=8236: Pd3Sc-111-O1-CH3 -> Pd3Sc-111-O1-CH3OH (substrate=alloy)

[8237/9762] reaction_id=8237: Pd3Sc-111-O2-CH3 -> Pd3Sc-111-O2-CH3OH (substrate=alloy)

[8238/9762] reaction_id=8238: Pd3Sn-111-O1-CH3 -> Pd3Sn-111-O1-CH3OH (substrate=alloy)

[8239/9762] reaction_id=8239: Pd3Sn-111-O2-CH3 -> Pd3Sn-111-O2-CH3OH (substrate=alloy)

[8240/9762] reaction_id=8240: Pd3Ta-111-O1-CH3 -> Pd3Ta-111-O1-CH3OH (substrate=alloy)

[8241/9762] reaction_id=8241: Pd3Ta-111-O2-CH3 -> Pd3Ta-111-O2-CH3OH (substrate=alloy)

[8242/9762] reaction_id=8242: Pd3Tc-111-O1-CH3 -> Pd3Tc-111-O1-CH3OH (substrate=alloy)

[8243/9762] reaction_id=8243: Pd3Tc-111-O2-CH3 -> Pd3Tc-111-O2-CH3OH (substrate=alloy)

[8244/9762] reaction_id=8244: Pd3Ti-111-O1-CH3 -> Pd3Ti-111-O1-CH3OH (substrate=alloy)

[8245/9762] reaction_id=8245: Pd3Ti-111-O2-CH3 -> Pd3Ti-111-O2-CH3OH (substrate=alloy)

[8246/9762] reaction_id=8246: Pd3Tl-111-O1-CH3 -> Pd3Tl-111-O1-CH3OH (substrate=alloy)

[8247/9762] reaction_id=8247: Pd3Tl-111-O2-CH3 -> Pd3Tl-111-O2-CH3OH (substrate=alloy)

[8248/9762] reaction_id=8248: Pd3V-111-O1-CH3 -> Pd3V-111-O1-CH3OH (substrate=alloy)

[8249/9762] reaction_id=8249: Pd3V-111-O2-CH3 -> Pd3V-111-O2-CH3OH (substrate=alloy)

[8250/9762] reaction_id=8250: Pd3W-111-O1-CH3 -> Pd3W-111-O1-CH3OH (substrate=alloy)

[8251/9762] reaction_id=8251: Pd3W-111-O2-CH3 -> Pd3W-111-O2-CH3OH (substrate=alloy)

[8252/9762] reaction_id=8252: Pd3Y-111-O1-CH3 -> Pd3Y-111-O1-CH3OH (substrate=alloy)

[8253/9762] reaction_id=8253: Pd3Zn-111-O1-CH3 -> Pd3Zn-111-O1-CH3OH (substrate=alloy)

[8254/9762] reaction_id=8254: Pd3Zn-111-O2-CH3 -> Pd3Zn-111-O2-CH3OH (substrate=alloy)

[8255/9762] reaction_id=8255: Pd3Zr-111-O1-CH3 -> Pd3Zr-111-O1-CH3OH (substrate=alloy)

[8256/9762] reaction_id=8256: Pd3Zr-111-O2-CH3 -> Pd3Zr-111-O2-CH3OH (substrate=alloy)

[8257/9762] reaction_id=8257: PdPt3-111-O1-CH3 -> PdPt3-111-O1-CH3OH (substrate=alloy)

[8258/9762] reaction_id=8258: PdPt3-111-O2-CH3 -> PdPt3-111-O2-CH3OH (substrate=alloy)

[8259/9762] reaction_id=8259: PdRe3-111-O1-CH3 -> PdRe3-111-O1-CH3OH (substrate=alloy)

[8260/9762] reaction_id=8260: PdRe3-111-O2-CH3 -> PdRe3-111-O2-CH3OH (substrate=alloy)

[8261/9762] reaction_id=8261: PdRh3-111-O1-CH3 -> PdRh3-111-O1-CH3OH (substrate=alloy)

[8262/9762] reaction_id=8262: PdRh3-111-O2-CH3 -> PdRh3-111-O2-CH3OH (substrate=alloy)

[8263/9762] reaction_id=8263: PdRu3-111-O1-CH3 -> PdRu3-111-O1-CH3OH (substrate=alloy)

[8264/9762] reaction_id=8264: PdRu3-111-O2-CH3 -> PdRu3-111-O2-CH3OH (substrate=alloy)

[8265/9762] reaction_id=8265: PdSc3-111-O1-CH3 -> PdSc3-111-O1-CH3OH (substrate=alloy)

[8266/9762] reaction_id=8266: PdSc3-111-O2-CH3 -> PdSc3-111-O2-CH3OH (substrate=alloy)

[8267/9762] reaction_id=8267: PdSn3-111-O1-CH3 -> PdSn3-111-O1-CH3OH (substrate=alloy)

[8268/9762] reaction_id=8268: PdSn3-111-O2-CH3 -> PdSn3-111-O2-CH3OH (substrate=alloy)

[8269/9762] reaction_id=8269: PdTa3-111-O1-CH3 -> PdTa3-111-O1-CH3OH (substrate=alloy)

[8270/9762] reaction_id=8270: PdTa3-111-O2-CH3 -> PdTa3-111-O2-CH3OH (substrate=alloy)

[8271/9762] reaction_id=8271: PdTc3-111-O1-CH3 -> PdTc3-111-O1-CH3OH (substrate=alloy)

[8272/9762] reaction_id=8272: PdTc3-111-O2-CH3 -> PdTc3-111-O2-CH3OH (substrate=alloy)

[8273/9762] reaction_id=8273: PdTi3-111-O1-CH3 -> PdTi3-111-O1-CH3OH (substrate=alloy)

[8274/9762] reaction_id=8274: PdTi3-111-O2-CH3 -> PdTi3-111-O2-CH3OH (substrate=alloy)

[8275/9762] reaction_id=8275: PdTl3-111-O1-CH3 -> PdTl3-111-O1-CH3OH (substrate=alloy)

[8276/9762] reaction_id=8276: PdTl3-111-O2-CH3 -> PdTl3-111-O2-CH3OH (substrate=alloy)

[8277/9762] reaction_id=8277: PdV3-111-O1-CH3 -> PdV3-111-O1-CH3OH (substrate=alloy)

[8278/9762] reaction_id=8278: PdV3-111-O2-CH3 -> PdV3-111-O2-CH3OH (substrate=alloy)

[8279/9762] reaction_id=8279: PdW3-111-O1-CH3 -> PdW3-111-O1-CH3OH (substrate=alloy)

[8280/9762] reaction_id=8280: PdW3-111-O2-CH3 -> PdW3-111-O2-CH3OH (substrate=alloy)

[8281/9762] reaction_id=8281: PdY3-111-O1-CH3 -> PdY3-111-O1-CH3OH (substrate=alloy)

[8282/9762] reaction_id=8282: PdY3-111-O2-CH3 -> PdY3-111-O2-CH3OH (substrate=alloy)

[8283/9762] reaction_id=8283: PdZn3-111-O1-CH3 -> PdZn3-111-O1-CH3OH (substrate=alloy)

[8284/9762] reaction_id=8284: PdZn3-111-O2-CH3 -> PdZn3-111-O2-CH3OH (substrate=alloy)

[8285/9762] reaction_id=8285: PdZr3-111-O1-CH3 -> PdZr3-111-O1-CH3OH (substrate=alloy)

[8286/9762] reaction_id=8286: PdZr3-111-O2-CH3 -> PdZr3-111-O2-CH3OH (substrate=alloy)

[8287/9762] reaction_id=8287: Pt2Re2-111-O1-CH3 -> Pt2Re2-111-O1-CH3OH (substrate=alloy)

[8288/9762] reaction_id=8288: Pt2Re2-111-O2-CH3 -> Pt2Re2-111-O2-CH3OH (substrate=alloy)

[8289/9762] reaction_id=8289: Pt2Rh2-111-O1-CH3 -> Pt2Rh2-111-O1-CH3OH (substrate=alloy)

[8290/9762] reaction_id=8290: Pt2Rh2-111-O2-CH3 -> Pt2Rh2-111-O2-CH3OH (substrate=alloy)

[8291/9762] reaction_id=8291: Pt2Ru2-111-O1-CH3 -> Pt2Ru2-111-O1-CH3OH (substrate=alloy)

[8292/9762] reaction_id=8292: Pt2Ru2-111-O2-CH3 -> Pt2Ru2-111-O2-CH3OH (substrate=alloy)

[8293/9762] reaction_id=8293: Pt2Sc2-111-O1-CH3 -> Pt2Sc2-111-O1-CH3OH (substrate=alloy)

[8294/9762] reaction_id=8294: Pt2Sc2-111-O2-CH3 -> Pt2Sc2-111-O2-CH3OH (substrate=alloy)

[8295/9762] reaction_id=8295: Pt2Sn2-111-O1-CH3 -> Pt2Sn2-111-O1-CH3OH (substrate=alloy)

[8296/9762] reaction_id=8296: Pt2Sn2-111-O2-CH3 -> Pt2Sn2-111-O2-CH3OH (substrate=alloy)

[8297/9762] reaction_id=8297: Pt2Ta2-111-O1-CH3 -> Pt2Ta2-111-O1-CH3OH (substrate=alloy)

[8298/9762] reaction_id=8298: Pt2Ta2-111-O2-CH3 -> Pt2Ta2-111-O2-CH3OH (substrate=alloy)

[8299/9762] reaction_id=8299: Pt2Tc2-111-O1-CH3 -> Pt2Tc2-111-O1-CH3OH (substrate=alloy)

[8300/9762] reaction_id=8300: Pt2Tc2-111-O2-CH3 -> Pt2Tc2-111-O2-CH3OH (substrate=alloy)

[8301/9762] reaction_id=8301: Pt2Ti2-111-O1-CH3 -> Pt2Ti2-111-O1-CH3OH (substrate=alloy)

[8302/9762] reaction_id=8302: Pt2Ti2-111-O2-CH3 -> Pt2Ti2-111-O2-CH3OH (substrate=alloy)

[8303/9762] reaction_id=8303: Pt2Tl2-111-O1-CH3 -> Pt2Tl2-111-O1-CH3OH (substrate=alloy)

[8304/9762] reaction_id=8304: Pt2Tl2-111-O2-CH3 -> Pt2Tl2-111-O2-CH3OH (substrate=alloy)

[8305/9762] reaction_id=8305: Pt2V2-111-O1-CH3 -> Pt2V2-111-O1-CH3OH (substrate=alloy)

[8306/9762] reaction_id=8306: Pt2V2-111-O2-CH3 -> Pt2V2-111-O2-CH3OH (substrate=alloy)

[8307/9762] reaction_id=8307: Pt2W2-111-O1-CH3 -> Pt2W2-111-O1-CH3OH (substrate=alloy)

[8308/9762] reaction_id=8308: Pt2W2-111-O2-CH3 -> Pt2W2-111-O2-CH3OH (substrate=alloy)

[8309/9762] reaction_id=8309: Pt2Y2-111-O1-CH3 -> Pt2Y2-111-O1-CH3OH (substrate=alloy)

[8310/9762] reaction_id=8310: Pt2Y2-111-O2-CH3 -> Pt2Y2-111-O2-CH3OH (substrate=alloy)

[8311/9762] reaction_id=8311: Pt2Zn2-111-O1-CH3 -> Pt2Zn2-111-O1-CH3OH (substrate=alloy)

[8312/9762] reaction_id=8312: Pt2Zn2-111-O2-CH3 -> Pt2Zn2-111-O2-CH3OH (substrate=alloy)

[8313/9762] reaction_id=8313: Pt2Zr2-111-O1-CH3 -> Pt2Zr2-111-O1-CH3OH (substrate=alloy)

[8314/9762] reaction_id=8314: Pt2Zr2-111-O2-CH3 -> Pt2Zr2-111-O2-CH3OH (substrate=alloy)

[8315/9762] reaction_id=8315: Pt3Re-111-O1-CH3 -> Pt3Re-111-O1-CH3OH (substrate=alloy)

[8316/9762] reaction_id=8316: Pt3Re-111-O2-CH3 -> Pt3Re-111-O2-CH3OH (substrate=alloy)

[8317/9762] reaction_id=8317: Pt3Rh-111-O1-CH3 -> Pt3Rh-111-O1-CH3OH (substrate=alloy)

[8318/9762] reaction_id=8318: Pt3Rh-111-O2-CH3 -> Pt3Rh-111-O2-CH3OH (substrate=alloy)

[8319/9762] reaction_id=8319: Pt3Ru-111-O1-CH3 -> Pt3Ru-111-O1-CH3OH (substrate=alloy)

[8320/9762] reaction_id=8320: Pt3Ru-111-O2-CH3 -> Pt3Ru-111-O2-CH3OH (substrate=alloy)

[8321/9762] reaction_id=8321: Pt3Sc-111-O1-CH3 -> Pt3Sc-111-O1-CH3OH (substrate=alloy)

[8322/9762] reaction_id=8322: Pt3Sc-111-O2-CH3 -> Pt3Sc-111-O2-CH3OH (substrate=alloy)

[8323/9762] reaction_id=8323: Pt3Sn-111-O1-CH3 -> Pt3Sn-111-O1-CH3OH (substrate=alloy)

[8324/9762] reaction_id=8324: Pt3Sn-111-O2-CH3 -> Pt3Sn-111-O2-CH3OH (substrate=alloy)

[8325/9762] reaction_id=8325: Pt3Ta-111-O1-CH3 -> Pt3Ta-111-O1-CH3OH (substrate=alloy)

[8326/9762] reaction_id=8326: Pt3Ta-111-O2-CH3 -> Pt3Ta-111-O2-CH3OH (substrate=alloy)

[8327/9762] reaction_id=8327: Pt3Tc-111-O1-CH3 -> Pt3Tc-111-O1-CH3OH (substrate=alloy)

[8328/9762] reaction_id=8328: Pt3Tc-111-O2-CH3 -> Pt3Tc-111-O2-CH3OH (substrate=alloy)

[8329/9762] reaction_id=8329: Pt3Ti-111-O1-CH3 -> Pt3Ti-111-O1-CH3OH (substrate=alloy)

[8330/9762] reaction_id=8330: Pt3Ti-111-O2-CH3 -> Pt3Ti-111-O2-CH3OH (substrate=alloy)

[8331/9762] reaction_id=8331: Pt3Tl-111-O1-CH3 -> Pt3Tl-111-O1-CH3OH (substrate=alloy)

[8332/9762] reaction_id=8332: Pt3Tl-111-O2-CH3 -> Pt3Tl-111-O2-CH3OH (substrate=alloy)

[8333/9762] reaction_id=8333: Pt3V-111-O1-CH3 -> Pt3V-111-O1-CH3OH (substrate=alloy)

[8334/9762] reaction_id=8334: Pt3V-111-O2-CH3 -> Pt3V-111-O2-CH3OH (substrate=alloy)

[8335/9762] reaction_id=8335: Pt3W-111-O1-CH3 -> Pt3W-111-O1-CH3OH (substrate=alloy)

[8336/9762] reaction_id=8336: Pt3W-111-O2-CH3 -> Pt3W-111-O2-CH3OH (substrate=alloy)

[8337/9762] reaction_id=8337: Pt3Y-111-O1-CH3 -> Pt3Y-111-O1-CH3OH (substrate=alloy)

[8338/9762] reaction_id=8338: Pt3Zn-111-O1-CH3 -> Pt3Zn-111-O1-CH3OH (substrate=alloy)

[8339/9762] reaction_id=8339: Pt3Zn-111-O2-CH3 -> Pt3Zn-111-O2-CH3OH (substrate=alloy)

[8340/9762] reaction_id=8340: Pt3Zr-111-O1-CH3 -> Pt3Zr-111-O1-CH3OH (substrate=alloy)

[8341/9762] reaction_id=8341: Pt3Zr-111-O2-CH3 -> Pt3Zr-111-O2-CH3OH (substrate=alloy)

[8342/9762] reaction_id=8342: PtRe3-111-O1-CH3 -> PtRe3-111-O1-CH3OH (substrate=alloy)

[8343/9762] reaction_id=8343: PtRe3-111-O2-CH3 -> PtRe3-111-O2-CH3OH (substrate=alloy)

[8344/9762] reaction_id=8344: PtRh3-111-O1-CH3 -> PtRh3-111-O1-CH3OH (substrate=alloy)

[8345/9762] reaction_id=8345: PtRh3-111-O2-CH3 -> PtRh3-111-O2-CH3OH (substrate=alloy)

[8346/9762] reaction_id=8346: PtRu3-111-O1-CH3 -> PtRu3-111-O1-CH3OH (substrate=alloy)

[8347/9762] reaction_id=8347: PtRu3-111-O2-CH3 -> PtRu3-111-O2-CH3OH (substrate=alloy)

[8348/9762] reaction_id=8348: PtSc3-111-O1-CH3 -> PtSc3-111-O1-CH3OH (substrate=alloy)

[8349/9762] reaction_id=8349: PtSc3-111-O2-CH3 -> PtSc3-111-O2-CH3OH (substrate=alloy)

[8350/9762] reaction_id=8350: PtSn3-111-O1-CH3 -> PtSn3-111-O1-CH3OH (substrate=alloy)

[8351/9762] reaction_id=8351: PtSn3-111-O2-CH3 -> PtSn3-111-O2-CH3OH (substrate=alloy)

[8352/9762] reaction_id=8352: PtTa3-111-O1-CH3 -> PtTa3-111-O1-CH3OH (substrate=alloy)

[8353/9762] reaction_id=8353: PtTa3-111-O2-CH3 -> PtTa3-111-O2-CH3OH (substrate=alloy)

[8354/9762] reaction_id=8354: PtTc3-111-O1-CH3 -> PtTc3-111-O1-CH3OH (substrate=alloy)

[8355/9762] reaction_id=8355: PtTc3-111-O2-CH3 -> PtTc3-111-O2-CH3OH (substrate=alloy)

[8356/9762] reaction_id=8356: PtTi3-111-O1-CH3 -> PtTi3-111-O1-CH3OH (substrate=alloy)

[8357/9762] reaction_id=8357: PtTi3-111-O2-CH3 -> PtTi3-111-O2-CH3OH (substrate=alloy)

[8358/9762] reaction_id=8358: PtTl3-111-O1-CH3 -> PtTl3-111-O1-CH3OH (substrate=alloy)

[8359/9762] reaction_id=8359: PtTl3-111-O2-CH3 -> PtTl3-111-O2-CH3OH (substrate=alloy)

[8360/9762] reaction_id=8360: PtV3-111-O1-CH3 -> PtV3-111-O1-CH3OH (substrate=alloy)

[8361/9762] reaction_id=8361: PtV3-111-O2-CH3 -> PtV3-111-O2-CH3OH (substrate=alloy)

[8362/9762] reaction_id=8362: PtW3-111-O1-CH3 -> PtW3-111-O1-CH3OH (substrate=alloy)

[8363/9762] reaction_id=8363: PtW3-111-O2-CH3 -> PtW3-111-O2-CH3OH (substrate=alloy)

[8364/9762] reaction_id=8364: PtY3-111-O1-CH3 -> PtY3-111-O1-CH3OH (substrate=alloy)

[8365/9762] reaction_id=8365: PtZn3-111-O1-CH3 -> PtZn3-111-O1-CH3OH (substrate=alloy)

[8366/9762] reaction_id=8366: PtZn3-111-O2-CH3 -> PtZn3-111-O2-CH3OH (substrate=alloy)

[8367/9762] reaction_id=8367: PtZr3-111-O1-CH3 -> PtZr3-111-O1-CH3OH (substrate=alloy)

[8368/9762] reaction_id=8368: PtZr3-111-O2-CH3 -> PtZr3-111-O2-CH3OH (substrate=alloy)

[8369/9762] reaction_id=8369: Re2Rh2-111-O1-CH3 -> Re2Rh2-111-O1-CH3OH (substrate=alloy)

[8370/9762] reaction_id=8370: Re2Rh2-111-O2-CH3 -> Re2Rh2-111-O2-CH3OH (substrate=alloy)

[8371/9762] reaction_id=8371: Re2Ru2-111-O1-CH3 -> Re2Ru2-111-O1-CH3OH (substrate=alloy)

[8372/9762] reaction_id=8372: Re2Ru2-111-O2-CH3 -> Re2Ru2-111-O2-CH3OH (substrate=alloy)

[8373/9762] reaction_id=8373: Re2Sc2-111-O1-CH3 -> Re2Sc2-111-O1-CH3OH (substrate=alloy)

[8374/9762] reaction_id=8374: Re2Sc2-111-O2-CH3 -> Re2Sc2-111-O2-CH3OH (substrate=alloy)

[8375/9762] reaction_id=8375: Re2Sn2-111-O1-CH3 -> Re2Sn2-111-O1-CH3OH (substrate=alloy)

[8376/9762] reaction_id=8376: Re2Sn2-111-O2-CH3 -> Re2Sn2-111-O2-CH3OH (substrate=alloy)

[8377/9762] reaction_id=8377: Re2Ta2-111-O1-CH3 -> Re2Ta2-111-O1-CH3OH (substrate=alloy)

[8378/9762] reaction_id=8378: Re2Ta2-111-O2-CH3 -> Re2Ta2-111-O2-CH3OH (substrate=alloy)

[8379/9762] reaction_id=8379: Re2Tc2-111-O1-CH3 -> Re2Tc2-111-O1-CH3OH (substrate=alloy)

[8380/9762] reaction_id=8380: Re2Tc2-111-O2-CH3 -> Re2Tc2-111-O2-CH3OH (substrate=alloy)

[8381/9762] reaction_id=8381: Re2Ti2-111-O1-CH3 -> Re2Ti2-111-O1-CH3OH (substrate=alloy)

[8382/9762] reaction_id=8382: Re2Ti2-111-O2-CH3 -> Re2Ti2-111-O2-CH3OH (substrate=alloy)

[8383/9762] reaction_id=8383: Re2V2-111-O1-CH3 -> Re2V2-111-O1-CH3OH (substrate=alloy)

[8384/9762] reaction_id=8384: Re2V2-111-O2-CH3 -> Re2V2-111-O2-CH3OH (substrate=alloy)

[8385/9762] reaction_id=8385: Re2W2-111-O1-CH3 -> Re2W2-111-O1-CH3OH (substrate=alloy)

[8386/9762] reaction_id=8386: Re2W2-111-O2-CH3 -> Re2W2-111-O2-CH3OH (substrate=alloy)

[8387/9762] reaction_id=8387: Re2Y2-111-O1-CH3 -> Re2Y2-111-O1-CH3OH (substrate=alloy)

[8388/9762] reaction_id=8388: Re2Y2-111-O2-CH3 -> Re2Y2-111-O2-CH3OH (substrate=alloy)

[8389/9762] reaction_id=8389: Re2Zn2-111-O1-CH3 -> Re2Zn2-111-O1-CH3OH (substrate=alloy)

[8390/9762] reaction_id=8390: Re2Zn2-111-O2-CH3 -> Re2Zn2-111-O2-CH3OH (substrate=alloy)

[8391/9762] reaction_id=8391: Re2Zr2-111-O1-CH3 -> Re2Zr2-111-O1-CH3OH (substrate=alloy)

[8392/9762] reaction_id=8392: Re2Zr2-111-O2-CH3 -> Re2Zr2-111-O2-CH3OH (substrate=alloy)

[8393/9762] reaction_id=8393: Re3Rh-111-O1-CH3 -> Re3Rh-111-O1-CH3OH (substrate=alloy)

[8394/9762] reaction_id=8394: Re3Rh-111-O2-CH3 -> Re3Rh-111-O2-CH3OH (substrate=alloy)

[8395/9762] reaction_id=8395: Re3Ru-111-O1-CH3 -> Re3Ru-111-O1-CH3OH (substrate=alloy)

[8396/9762] reaction_id=8396: Re3Ru-111-O2-CH3 -> Re3Ru-111-O2-CH3OH (substrate=alloy)

[8397/9762] reaction_id=8397: Re3Sc-111-O1-CH3 -> Re3Sc-111-O1-CH3OH (substrate=alloy)

[8398/9762] reaction_id=8398: Re3Sc-111-O2-CH3 -> Re3Sc-111-O2-CH3OH (substrate=alloy)

[8399/9762] reaction_id=8399: Re3Sn-111-O1-CH3 -> Re3Sn-111-O1-CH3OH (substrate=alloy)

[8400/9762] reaction_id=8400: Re3Sn-111-O2-CH3 -> Re3Sn-111-O2-CH3OH (substrate=alloy)

[8401/9762] reaction_id=8401: Re3Ta-111-O1-CH3 -> Re3Ta-111-O1-CH3OH (substrate=alloy)

[8402/9762] reaction_id=8402: Re3Ta-111-O2-CH3 -> Re3Ta-111-O2-CH3OH (substrate=alloy)

[8403/9762] reaction_id=8403: Re3Tc-111-O1-CH3 -> Re3Tc-111-O1-CH3OH (substrate=alloy)

[8404/9762] reaction_id=8404: Re3Tc-111-O2-CH3 -> Re3Tc-111-O2-CH3OH (substrate=alloy)

[8405/9762] reaction_id=8405: Re3Ti-111-O1-CH3 -> Re3Ti-111-O1-CH3OH (substrate=alloy)

[8406/9762] reaction_id=8406: Re3Ti-111-O2-CH3 -> Re3Ti-111-O2-CH3OH (substrate=alloy)

[8407/9762] reaction_id=8407: Re3Tl-111-O1-CH3 -> Re3Tl-111-O1-CH3OH (substrate=alloy)

[8408/9762] reaction_id=8408: Re3Tl-111-O2-CH3 -> Re3Tl-111-O2-CH3OH (substrate=alloy)

[8409/9762] reaction_id=8409: Re3V-111-O1-CH3 -> Re3V-111-O1-CH3OH (substrate=alloy)

[8410/9762] reaction_id=8410: Re3V-111-O2-CH3 -> Re3V-111-O2-CH3OH (substrate=alloy)

[8411/9762] reaction_id=8411: Re3W-111-O1-CH3 -> Re3W-111-O1-CH3OH (substrate=alloy)

[8412/9762] reaction_id=8412: Re3W-111-O2-CH3 -> Re3W-111-O2-CH3OH (substrate=alloy)

[8413/9762] reaction_id=8413: Re3Y-111-O1-CH3 -> Re3Y-111-O1-CH3OH (substrate=alloy)

[8414/9762] reaction_id=8414: Re3Y-111-O2-CH3 -> Re3Y-111-O2-CH3OH (substrate=alloy)

[8415/9762] reaction_id=8415: Re3Zn-111-O1-CH3 -> Re3Zn-111-O1-CH3OH (substrate=alloy)

[8416/9762] reaction_id=8416: Re3Zn-111-O2-CH3 -> Re3Zn-111-O2-CH3OH (substrate=alloy)

[8417/9762] reaction_id=8417: Re3Zr-111-O1-CH3 -> Re3Zr-111-O1-CH3OH (substrate=alloy)

[8418/9762] reaction_id=8418: Re3Zr-111-O2-CH3 -> Re3Zr-111-O2-CH3OH (substrate=alloy)

[8419/9762] reaction_id=8419: ReRh3-111-O1-CH3 -> ReRh3-111-O1-CH3OH (substrate=alloy)

[8420/9762] reaction_id=8420: ReRh3-111-O2-CH3 -> ReRh3-111-O2-CH3OH (substrate=alloy)

[8421/9762] reaction_id=8421: ReRu3-111-O1-CH3 -> ReRu3-111-O1-CH3OH (substrate=alloy)

[8422/9762] reaction_id=8422: ReRu3-111-O2-CH3 -> ReRu3-111-O2-CH3OH (substrate=alloy)

[8423/9762] reaction_id=8423: ReSc3-111-O1-CH3 -> ReSc3-111-O1-CH3OH (substrate=alloy)

[8424/9762] reaction_id=8424: ReSc3-111-O2-CH3 -> ReSc3-111-O2-CH3OH (substrate=alloy)

[8425/9762] reaction_id=8425: ReSn3-111-O1-CH3 -> ReSn3-111-O1-CH3OH (substrate=alloy)

[8426/9762] reaction_id=8426: ReSn3-111-O2-CH3 -> ReSn3-111-O2-CH3OH (substrate=alloy)

[8427/9762] reaction_id=8427: ReTa3-111-O1-CH3 -> ReTa3-111-O1-CH3OH (substrate=alloy)

[8428/9762] reaction_id=8428: ReTa3-111-O2-CH3 -> ReTa3-111-O2-CH3OH (substrate=alloy)

[8429/9762] reaction_id=8429: ReTc3-111-O1-CH3 -> ReTc3-111-O1-CH3OH (substrate=alloy)

[8430/9762] reaction_id=8430: ReTc3-111-O2-CH3 -> ReTc3-111-O2-CH3OH (substrate=alloy)

[8431/9762] reaction_id=8431: ReTi3-111-O1-CH3 -> ReTi3-111-O1-CH3OH (substrate=alloy)

[8432/9762] reaction_id=8432: ReTi3-111-O2-CH3 -> ReTi3-111-O2-CH3OH (substrate=alloy)

[8433/9762] reaction_id=8433: ReTl3-111-O1-CH3 -> ReTl3-111-O1-CH3OH (substrate=alloy)

[8434/9762] reaction_id=8434: ReTl3-111-O2-CH3 -> ReTl3-111-O2-CH3OH (substrate=alloy)

[8435/9762] reaction_id=8435: ReV3-111-O1-CH3 -> ReV3-111-O1-CH3OH (substrate=alloy)

[8436/9762] reaction_id=8436: ReV3-111-O2-CH3 -> ReV3-111-O2-CH3OH (substrate=alloy)

[8437/9762] reaction_id=8437: ReW3-111-O1-CH3 -> ReW3-111-O1-CH3OH (substrate=alloy)

[8438/9762] reaction_id=8438: ReW3-111-O2-CH3 -> ReW3-111-O2-CH3OH (substrate=alloy)

[8439/9762] reaction_id=8439: ReY3-111-O1-CH3 -> ReY3-111-O1-CH3OH (substrate=alloy)

[8440/9762] reaction_id=8440: ReY3-111-O2-CH3 -> ReY3-111-O2-CH3OH (substrate=alloy)

[8441/9762] reaction_id=8441: ReZn3-111-O1-CH3 -> ReZn3-111-O1-CH3OH (substrate=alloy)

[8442/9762] reaction_id=8442: ReZn3-111-O2-CH3 -> ReZn3-111-O2-CH3OH (substrate=alloy)

[8443/9762] reaction_id=8443: ReZr3-111-O1-CH3 -> ReZr3-111-O1-CH3OH (substrate=alloy)

[8444/9762] reaction_id=8444: ReZr3-111-O2-CH3 -> ReZr3-111-O2-CH3OH (substrate=alloy)

[8445/9762] reaction_id=8445: Rh2Ru2-111-O1-CH3 -> Rh2Ru2-111-O1-CH3OH (substrate=alloy)

[8446/9762] reaction_id=8446: Rh2Ru2-111-O2-CH3 -> Rh2Ru2-111-O2-CH3OH (substrate=alloy)

[8447/9762] reaction_id=8447: Rh2Sc2-111-O1-CH3 -> Rh2Sc2-111-O1-CH3OH (substrate=alloy)

[8448/9762] reaction_id=8448: Rh2Sc2-111-O2-CH3 -> Rh2Sc2-111-O2-CH3OH (substrate=alloy)

[8449/9762] reaction_id=8449: Rh2Sn2-111-O1-CH3 -> Rh2Sn2-111-O1-CH3OH (substrate=alloy)

[8450/9762] reaction_id=8450: Rh2Sn2-111-O2-CH3 -> Rh2Sn2-111-O2-CH3OH (substrate=alloy)

[8451/9762] reaction_id=8451: Rh2Ta2-111-O1-CH3 -> Rh2Ta2-111-O1-CH3OH (substrate=alloy)

[8452/9762] reaction_id=8452: Rh2Ta2-111-O2-CH3 -> Rh2Ta2-111-O2-CH3OH (substrate=alloy)

[8453/9762] reaction_id=8453: Rh2Tc2-111-O1-CH3 -> Rh2Tc2-111-O1-CH3OH (substrate=alloy)

[8454/9762] reaction_id=8454: Rh2Tc2-111-O2-CH3 -> Rh2Tc2-111-O2-CH3OH (substrate=alloy)

[8455/9762] reaction_id=8455: Rh2Ti2-111-O1-CH3 -> Rh2Ti2-111-O1-CH3OH (substrate=alloy)

[8456/9762] reaction_id=8456: Rh2Ti2-111-O2-CH3 -> Rh2Ti2-111-O2-CH3OH (substrate=alloy)

[8457/9762] reaction_id=8457: Rh2Tl2-111-O1-CH3 -> Rh2Tl2-111-O1-CH3OH (substrate=alloy)

[8458/9762] reaction_id=8458: Rh2Tl2-111-O2-CH3 -> Rh2Tl2-111-O2-CH3OH (substrate=alloy)

[8459/9762] reaction_id=8459: Rh2V2-111-O1-CH3 -> Rh2V2-111-O1-CH3OH (substrate=alloy)

[8460/9762] reaction_id=8460: Rh2V2-111-O2-CH3 -> Rh2V2-111-O2-CH3OH (substrate=alloy)

[8461/9762] reaction_id=8461: Rh2W2-111-O1-CH3 -> Rh2W2-111-O1-CH3OH (substrate=alloy)

[8462/9762] reaction_id=8462: Rh2W2-111-O2-CH3 -> Rh2W2-111-O2-CH3OH (substrate=alloy)

[8463/9762] reaction_id=8463: Rh2Y2-111-O1-CH3 -> Rh2Y2-111-O1-CH3OH (substrate=alloy)

[8464/9762] reaction_id=8464: Rh2Zn2-111-O1-CH3 -> Rh2Zn2-111-O1-CH3OH (substrate=alloy)

[8465/9762] reaction_id=8465: Rh2Zn2-111-O2-CH3 -> Rh2Zn2-111-O2-CH3OH (substrate=alloy)

[8466/9762] reaction_id=8466: Rh2Zr2-111-O1-CH3 -> Rh2Zr2-111-O1-CH3OH (substrate=alloy)

[8467/9762] reaction_id=8467: Rh2Zr2-111-O2-CH3 -> Rh2Zr2-111-O2-CH3OH (substrate=alloy)

[8468/9762] reaction_id=8468: Rh3Ru-111-O1-CH3 -> Rh3Ru-111-O1-CH3OH (substrate=alloy)

[8469/9762] reaction_id=8469: Rh3Ru-111-O2-CH3 -> Rh3Ru-111-O2-CH3OH (substrate=alloy)

[8470/9762] reaction_id=8470: Rh3Sc-111-O1-CH3 -> Rh3Sc-111-O1-CH3OH (substrate=alloy)

[8471/9762] reaction_id=8471: Rh3Sc-111-O2-CH3 -> Rh3Sc-111-O2-CH3OH (substrate=alloy)

[8472/9762] reaction_id=8472: Rh3Sn-111-O1-CH3 -> Rh3Sn-111-O1-CH3OH (substrate=alloy)

[8473/9762] reaction_id=8473: Rh3Sn-111-O2-CH3 -> Rh3Sn-111-O2-CH3OH (substrate=alloy)

[8474/9762] reaction_id=8474: Rh3Ta-111-O1-CH3 -> Rh3Ta-111-O1-CH3OH (substrate=alloy)

[8475/9762] reaction_id=8475: Rh3Ta-111-O2-CH3 -> Rh3Ta-111-O2-CH3OH (substrate=alloy)

[8476/9762] reaction_id=8476: Rh3Tc-111-O1-CH3 -> Rh3Tc-111-O1-CH3OH (substrate=alloy)

[8477/9762] reaction_id=8477: Rh3Tc-111-O2-CH3 -> Rh3Tc-111-O2-CH3OH (substrate=alloy)

[8478/9762] reaction_id=8478: Rh3Ti-111-O1-CH3 -> Rh3Ti-111-O1-CH3OH (substrate=alloy)

[8479/9762] reaction_id=8479: Rh3Ti-111-O2-CH3 -> Rh3Ti-111-O2-CH3OH (substrate=alloy)

[8480/9762] reaction_id=8480: Rh3Tl-111-O1-CH3 -> Rh3Tl-111-O1-CH3OH (substrate=alloy)

[8481/9762] reaction_id=8481: Rh3Tl-111-O2-CH3 -> Rh3Tl-111-O2-CH3OH (substrate=alloy)

[8482/9762] reaction_id=8482: Rh3V-111-O1-CH3 -> Rh3V-111-O1-CH3OH (substrate=alloy)

[8483/9762] reaction_id=8483: Rh3V-111-O2-CH3 -> Rh3V-111-O2-CH3OH (substrate=alloy)

[8484/9762] reaction_id=8484: Rh3W-111-O1-CH3 -> Rh3W-111-O1-CH3OH (substrate=alloy)

[8485/9762] reaction_id=8485: Rh3W-111-O2-CH3 -> Rh3W-111-O2-CH3OH (substrate=alloy)

[8486/9762] reaction_id=8486: Rh3Y-111-O1-CH3 -> Rh3Y-111-O1-CH3OH (substrate=alloy)

[8487/9762] reaction_id=8487: Rh3Zn-111-O1-CH3 -> Rh3Zn-111-O1-CH3OH (substrate=alloy)

[8488/9762] reaction_id=8488: Rh3Zn-111-O2-CH3 -> Rh3Zn-111-O2-CH3OH (substrate=alloy)

[8489/9762] reaction_id=8489: Rh3Zr-111-O1-CH3 -> Rh3Zr-111-O1-CH3OH (substrate=alloy)

[8490/9762] reaction_id=8490: Rh3Zr-111-O2-CH3 -> Rh3Zr-111-O2-CH3OH (substrate=alloy)

[8491/9762] reaction_id=8491: RhRu3-111-O1-CH3 -> RhRu3-111-O1-CH3OH (substrate=alloy)

[8492/9762] reaction_id=8492: RhRu3-111-O2-CH3 -> RhRu3-111-O2-CH3OH (substrate=alloy)

[8493/9762] reaction_id=8493: RhSc3-111-O1-CH3 -> RhSc3-111-O1-CH3OH (substrate=alloy)

[8494/9762] reaction_id=8494: RhSc3-111-O2-CH3 -> RhSc3-111-O2-CH3OH (substrate=alloy)

[8495/9762] reaction_id=8495: RhSn3-111-O1-CH3 -> RhSn3-111-O1-CH3OH (substrate=alloy)

[8496/9762] reaction_id=8496: RhSn3-111-O2-CH3 -> RhSn3-111-O2-CH3OH (substrate=alloy)

[8497/9762] reaction_id=8497: RhTa3-111-O1-CH3 -> RhTa3-111-O1-CH3OH (substrate=alloy)

[8498/9762] reaction_id=8498: RhTa3-111-O2-CH3 -> RhTa3-111-O2-CH3OH (substrate=alloy)

[8499/9762] reaction_id=8499: RhTc3-111-O1-CH3 -> RhTc3-111-O1-CH3OH (substrate=alloy)

[8500/9762] reaction_id=8500: RhTc3-111-O2-CH3 -> RhTc3-111-O2-CH3OH (substrate=alloy)

[8501/9762] reaction_id=8501: RhTi3-111-O1-CH3 -> RhTi3-111-O1-CH3OH (substrate=alloy)

[8502/9762] reaction_id=8502: RhTi3-111-O2-CH3 -> RhTi3-111-O2-CH3OH (substrate=alloy)

[8503/9762] reaction_id=8503: RhTl3-111-O1-CH3 -> RhTl3-111-O1-CH3OH (substrate=alloy)

[8504/9762] reaction_id=8504: RhTl3-111-O2-CH3 -> RhTl3-111-O2-CH3OH (substrate=alloy)

[8505/9762] reaction_id=8505: RhV3-111-O1-CH3 -> RhV3-111-O1-CH3OH (substrate=alloy)

[8506/9762] reaction_id=8506: RhV3-111-O2-CH3 -> RhV3-111-O2-CH3OH (substrate=alloy)

[8507/9762] reaction_id=8507: RhW3-111-O1-CH3 -> RhW3-111-O1-CH3OH (substrate=alloy)

[8508/9762] reaction_id=8508: RhW3-111-O2-CH3 -> RhW3-111-O2-CH3OH (substrate=alloy)

[8509/9762] reaction_id=8509: RhY3-111-O1-CH3 -> RhY3-111-O1-CH3OH (substrate=alloy)

[8510/9762] reaction_id=8510: RhY3-111-O2-CH3 -> RhY3-111-O2-CH3OH (substrate=alloy)

[8511/9762] reaction_id=8511: RhZn3-111-O1-CH3 -> RhZn3-111-O1-CH3OH (substrate=alloy)

[8512/9762] reaction_id=8512: RhZn3-111-O2-CH3 -> RhZn3-111-O2-CH3OH (substrate=alloy)

[8513/9762] reaction_id=8513: RhZr3-111-O1-CH3 -> RhZr3-111-O1-CH3OH (substrate=alloy)

[8514/9762] reaction_id=8514: RhZr3-111-O2-CH3 -> RhZr3-111-O2-CH3OH (substrate=alloy)

[8515/9762] reaction_id=8515: Ru2Sc2-111-O1-CH3 -> Ru2Sc2-111-O1-CH3OH (substrate=alloy)

[8516/9762] reaction_id=8516: Ru2Sc2-111-O2-CH3 -> Ru2Sc2-111-O2-CH3OH (substrate=alloy)

[8517/9762] reaction_id=8517: Ru2Sn2-111-O1-CH3 -> Ru2Sn2-111-O1-CH3OH (substrate=alloy)

[8518/9762] reaction_id=8518: Ru2Sn2-111-O2-CH3 -> Ru2Sn2-111-O2-CH3OH (substrate=alloy)

[8519/9762] reaction_id=8519: Ru2Ta2-111-O1-CH3 -> Ru2Ta2-111-O1-CH3OH (substrate=alloy)

[8520/9762] reaction_id=8520: Ru2Ta2-111-O2-CH3 -> Ru2Ta2-111-O2-CH3OH (substrate=alloy)

[8521/9762] reaction_id=8521: Ru2Tc2-111-O1-CH3 -> Ru2Tc2-111-O1-CH3OH (substrate=alloy)

[8522/9762] reaction_id=8522: Ru2Tc2-111-O2-CH3 -> Ru2Tc2-111-O2-CH3OH (substrate=alloy)

[8523/9762] reaction_id=8523: Ru2Ti2-111-O1-CH3 -> Ru2Ti2-111-O1-CH3OH (substrate=alloy)

[8524/9762] reaction_id=8524: Ru2Ti2-111-O2-CH3 -> Ru2Ti2-111-O2-CH3OH (substrate=alloy)

[8525/9762] reaction_id=8525: Ru2Tl2-111-O1-CH3 -> Ru2Tl2-111-O1-CH3OH (substrate=alloy)

[8526/9762] reaction_id=8526: Ru2Tl2-111-O2-CH3 -> Ru2Tl2-111-O2-CH3OH (substrate=alloy)

[8527/9762] reaction_id=8527: Ru2V2-111-O1-CH3 -> Ru2V2-111-O1-CH3OH (substrate=alloy)

[8528/9762] reaction_id=8528: Ru2V2-111-O2-CH3 -> Ru2V2-111-O2-CH3OH (substrate=alloy)

[8529/9762] reaction_id=8529: Ru2W2-111-O1-CH3 -> Ru2W2-111-O1-CH3OH (substrate=alloy)

[8530/9762] reaction_id=8530: Ru2W2-111-O2-CH3 -> Ru2W2-111-O2-CH3OH (substrate=alloy)

[8531/9762] reaction_id=8531: Ru2Y2-111-O1-CH3 -> Ru2Y2-111-O1-CH3OH (substrate=alloy)

[8532/9762] reaction_id=8532: Ru2Zn2-111-O1-CH3 -> Ru2Zn2-111-O1-CH3OH (substrate=alloy)

[8533/9762] reaction_id=8533: Ru2Zn2-111-O2-CH3 -> Ru2Zn2-111-O2-CH3OH (substrate=alloy)

[8534/9762] reaction_id=8534: Ru2Zr2-111-O1-CH3 -> Ru2Zr2-111-O1-CH3OH (substrate=alloy)

[8535/9762] reaction_id=8535: Ru2Zr2-111-O2-CH3 -> Ru2Zr2-111-O2-CH3OH (substrate=alloy)

[8536/9762] reaction_id=8536: Ru3Sc-111-O1-CH3 -> Ru3Sc-111-O1-CH3OH (substrate=alloy)

[8537/9762] reaction_id=8537: Ru3Sc-111-O2-CH3 -> Ru3Sc-111-O2-CH3OH (substrate=alloy)

[8538/9762] reaction_id=8538: Ru3Sn-111-O1-CH3 -> Ru3Sn-111-O1-CH3OH (substrate=alloy)

[8539/9762] reaction_id=8539: Ru3Sn-111-O2-CH3 -> Ru3Sn-111-O2-CH3OH (substrate=alloy)

[8540/9762] reaction_id=8540: Ru3Ta-111-O1-CH3 -> Ru3Ta-111-O1-CH3OH (substrate=alloy)

[8541/9762] reaction_id=8541: Ru3Ta-111-O2-CH3 -> Ru3Ta-111-O2-CH3OH (substrate=alloy)

[8542/9762] reaction_id=8542: Ru3Tc-111-O1-CH3 -> Ru3Tc-111-O1-CH3OH (substrate=alloy)

[8543/9762] reaction_id=8543: Ru3Tc-111-O2-CH3 -> Ru3Tc-111-O2-CH3OH (substrate=alloy)

[8544/9762] reaction_id=8544: Ru3Ti-111-O1-CH3 -> Ru3Ti-111-O1-CH3OH (substrate=alloy)

[8545/9762] reaction_id=8545: Ru3Ti-111-O2-CH3 -> Ru3Ti-111-O2-CH3OH (substrate=alloy)

[8546/9762] reaction_id=8546: Ru3Tl-111-O2-CH3 -> Ru3Tl-111-O2-CH3OH (substrate=alloy)

[8547/9762] reaction_id=8547: Ru3V-111-O1-CH3 -> Ru3V-111-O1-CH3OH (substrate=alloy)

[8548/9762] reaction_id=8548: Ru3V-111-O2-CH3 -> Ru3V-111-O2-CH3OH (substrate=alloy)

[8549/9762] reaction_id=8549: Ru3W-111-O1-CH3 -> Ru3W-111-O1-CH3OH (substrate=alloy)

[8550/9762] reaction_id=8550: Ru3W-111-O2-CH3 -> Ru3W-111-O2-CH3OH (substrate=alloy)

[8551/9762] reaction_id=8551: Ru3Y-111-O1-CH3 -> Ru3Y-111-O1-CH3OH (substrate=alloy)

[8552/9762] reaction_id=8552: Ru3Zn-111-O1-CH3 -> Ru3Zn-111-O1-CH3OH (substrate=alloy)

[8553/9762] reaction_id=8553: Ru3Zn-111-O2-CH3 -> Ru3Zn-111-O2-CH3OH (substrate=alloy)

[8554/9762] reaction_id=8554: Ru3Zr-111-O1-CH3 -> Ru3Zr-111-O1-CH3OH (substrate=alloy)

[8555/9762] reaction_id=8555: Ru3Zr-111-O2-CH3 -> Ru3Zr-111-O2-CH3OH (substrate=alloy)

[8556/9762] reaction_id=8556: RuSc3-111-O1-CH3 -> RuSc3-111-O1-CH3OH (substrate=alloy)

[8557/9762] reaction_id=8557: RuSc3-111-O2-CH3 -> RuSc3-111-O2-CH3OH (substrate=alloy)

[8558/9762] reaction_id=8558: RuSn3-111-O1-CH3 -> RuSn3-111-O1-CH3OH (substrate=alloy)

[8559/9762] reaction_id=8559: RuSn3-111-O2-CH3 -> RuSn3-111-O2-CH3OH (substrate=alloy)

[8560/9762] reaction_id=8560: RuTa3-111-O1-CH3 -> RuTa3-111-O1-CH3OH (substrate=alloy)

[8561/9762] reaction_id=8561: RuTa3-111-O2-CH3 -> RuTa3-111-O2-CH3OH (substrate=alloy)

[8562/9762] reaction_id=8562: RuTc3-111-O1-CH3 -> RuTc3-111-O1-CH3OH (substrate=alloy)

[8563/9762] reaction_id=8563: RuTc3-111-O2-CH3 -> RuTc3-111-O2-CH3OH (substrate=alloy)

[8564/9762] reaction_id=8564: RuTi3-111-O1-CH3 -> RuTi3-111-O1-CH3OH (substrate=alloy)

[8565/9762] reaction_id=8565: RuTi3-111-O2-CH3 -> RuTi3-111-O2-CH3OH (substrate=alloy)

[8566/9762] reaction_id=8566: RuTl3-111-O1-CH3 -> RuTl3-111-O1-CH3OH (substrate=alloy)

[8567/9762] reaction_id=8567: RuTl3-111-O2-CH3 -> RuTl3-111-O2-CH3OH (substrate=alloy)

[8568/9762] reaction_id=8568: RuV3-111-O1-CH3 -> RuV3-111-O1-CH3OH (substrate=alloy)

[8569/9762] reaction_id=8569: RuV3-111-O2-CH3 -> RuV3-111-O2-CH3OH (substrate=alloy)

[8570/9762] reaction_id=8570: RuW3-111-O1-CH3 -> RuW3-111-O1-CH3OH (substrate=alloy)

[8571/9762] reaction_id=8571: RuW3-111-O2-CH3 -> RuW3-111-O2-CH3OH (substrate=alloy)

[8572/9762] reaction_id=8572: RuY3-111-O1-CH3 -> RuY3-111-O1-CH3OH (substrate=alloy)

[8573/9762] reaction_id=8573: RuY3-111-O2-CH3 -> RuY3-111-O2-CH3OH (substrate=alloy)

[8574/9762] reaction_id=8574: RuZn3-111-O1-CH3 -> RuZn3-111-O1-CH3OH (substrate=alloy)

[8575/9762] reaction_id=8575: RuZn3-111-O2-CH3 -> RuZn3-111-O2-CH3OH (substrate=alloy)

[8576/9762] reaction_id=8576: RuZr3-111-O1-CH3 -> RuZr3-111-O1-CH3OH (substrate=alloy)

[8577/9762] reaction_id=8577: RuZr3-111-O2-CH3 -> RuZr3-111-O2-CH3OH (substrate=alloy)

[8578/9762] reaction_id=8578: Sc2Sn2-111-O1-CH3 -> Sc2Sn2-111-O1-CH3OH (substrate=alloy)

[8579/9762] reaction_id=8579: Sc2Sn2-111-O2-CH3 -> Sc2Sn2-111-O2-CH3OH (substrate=alloy)

[8580/9762] reaction_id=8580: Sc2Ta2-111-O1-CH3 -> Sc2Ta2-111-O1-CH3OH (substrate=alloy)

[8581/9762] reaction_id=8581: Sc2Ta2-111-O2-CH3 -> Sc2Ta2-111-O2-CH3OH (substrate=alloy)

[8582/9762] reaction_id=8582: Sc2Tc2-111-O1-CH3 -> Sc2Tc2-111-O1-CH3OH (substrate=alloy)

[8583/9762] reaction_id=8583: Sc2Tc2-111-O2-CH3 -> Sc2Tc2-111-O2-CH3OH (substrate=alloy)

[8584/9762] reaction_id=8584: Sc2Ti2-111-O1-CH3 -> Sc2Ti2-111-O1-CH3OH (substrate=alloy)

[8585/9762] reaction_id=8585: Sc2Ti2-111-O2-CH3 -> Sc2Ti2-111-O2-CH3OH (substrate=alloy)

[8586/9762] reaction_id=8586: Sc2Tl2-111-O1-CH3 -> Sc2Tl2-111-O1-CH3OH (substrate=alloy)

[8587/9762] reaction_id=8587: Sc2Tl2-111-O2-CH3 -> Sc2Tl2-111-O2-CH3OH (substrate=alloy)

[8588/9762] reaction_id=8588: Sc2V2-111-O1-CH3 -> Sc2V2-111-O1-CH3OH (substrate=alloy)

[8589/9762] reaction_id=8589: Sc2V2-111-O2-CH3 -> Sc2V2-111-O2-CH3OH (substrate=alloy)

[8590/9762] reaction_id=8590: Sc2W2-111-O1-CH3 -> Sc2W2-111-O1-CH3OH (substrate=alloy)

[8591/9762] reaction_id=8591: Sc2W2-111-O2-CH3 -> Sc2W2-111-O2-CH3OH (substrate=alloy)

[8592/9762] reaction_id=8592: Sc2Y2-111-O1-CH3 -> Sc2Y2-111-O1-CH3OH (substrate=alloy)

[8593/9762] reaction_id=8593: Sc2Y2-111-O2-CH3 -> Sc2Y2-111-O2-CH3OH (substrate=alloy)

[8594/9762] reaction_id=8594: Sc2Zn2-111-O1-CH3 -> Sc2Zn2-111-O1-CH3OH (substrate=alloy)

[8595/9762] reaction_id=8595: Sc2Zn2-111-O2-CH3 -> Sc2Zn2-111-O2-CH3OH (substrate=alloy)

[8596/9762] reaction_id=8596: Sc2Zr2-111-O1-CH3 -> Sc2Zr2-111-O1-CH3OH (substrate=alloy)

[8597/9762] reaction_id=8597: Sc2Zr2-111-O2-CH3 -> Sc2Zr2-111-O2-CH3OH (substrate=alloy)

[8598/9762] reaction_id=8598: Sc3Sn-111-O1-CH3 -> Sc3Sn-111-O1-CH3OH (substrate=alloy)

[8599/9762] reaction_id=8599: Sc3Sn-111-O2-CH3 -> Sc3Sn-111-O2-CH3OH (substrate=alloy)

[8600/9762] reaction_id=8600: Sc3Ta-111-O1-CH3 -> Sc3Ta-111-O1-CH3OH (substrate=alloy)

[8601/9762] reaction_id=8601: Sc3Ta-111-O2-CH3 -> Sc3Ta-111-O2-CH3OH (substrate=alloy)

[8602/9762] reaction_id=8602: Sc3Tc-111-O1-CH3 -> Sc3Tc-111-O1-CH3OH (substrate=alloy)

[8603/9762] reaction_id=8603: Sc3Tc-111-O2-CH3 -> Sc3Tc-111-O2-CH3OH (substrate=alloy)

[8604/9762] reaction_id=8604: Sc3Ti-111-O1-CH3 -> Sc3Ti-111-O1-CH3OH (substrate=alloy)

[8605/9762] reaction_id=8605: Sc3Ti-111-O2-CH3 -> Sc3Ti-111-O2-CH3OH (substrate=alloy)

[8606/9762] reaction_id=8606: Sc3Tl-111-O2-CH3 -> Sc3Tl-111-O2-CH3OH (substrate=alloy)

[8607/9762] reaction_id=8607: Sc3V-111-O1-CH3 -> Sc3V-111-O1-CH3OH (substrate=alloy)

[8608/9762] reaction_id=8608: Sc3V-111-O2-CH3 -> Sc3V-111-O2-CH3OH (substrate=alloy)

[8609/9762] reaction_id=8609: Sc3W-111-O1-CH3 -> Sc3W-111-O1-CH3OH (substrate=alloy)

[8610/9762] reaction_id=8610: Sc3W-111-O2-CH3 -> Sc3W-111-O2-CH3OH (substrate=alloy)

[8611/9762] reaction_id=8611: Sc3Y-111-O1-CH3 -> Sc3Y-111-O1-CH3OH (substrate=alloy)

[8612/9762] reaction_id=8612: Sc3Zn-111-O1-CH3 -> Sc3Zn-111-O1-CH3OH (substrate=alloy)

[8613/9762] reaction_id=8613: Sc3Zn-111-O2-CH3 -> Sc3Zn-111-O2-CH3OH (substrate=alloy)

[8614/9762] reaction_id=8614: Sc3Zr-111-O1-CH3 -> Sc3Zr-111-O1-CH3OH (substrate=alloy)

[8615/9762] reaction_id=8615: Sc3Zr-111-O2-CH3 -> Sc3Zr-111-O2-CH3OH (substrate=alloy)

[8616/9762] reaction_id=8616: ScSn3-111-O1-CH3 -> ScSn3-111-O1-CH3OH (substrate=alloy)

[8617/9762] reaction_id=8617: ScSn3-111-O2-CH3 -> ScSn3-111-O2-CH3OH (substrate=alloy)

[8618/9762] reaction_id=8618: ScTa3-111-O1-CH3 -> ScTa3-111-O1-CH3OH (substrate=alloy)

[8619/9762] reaction_id=8619: ScTa3-111-O2-CH3 -> ScTa3-111-O2-CH3OH (substrate=alloy)

[8620/9762] reaction_id=8620: ScTc3-111-O1-CH3 -> ScTc3-111-O1-CH3OH (substrate=alloy)

[8621/9762] reaction_id=8621: ScTc3-111-O2-CH3 -> ScTc3-111-O2-CH3OH (substrate=alloy)

[8622/9762] reaction_id=8622: ScTi3-111-O1-CH3 -> ScTi3-111-O1-CH3OH (substrate=alloy)

[8623/9762] reaction_id=8623: ScTi3-111-O2-CH3 -> ScTi3-111-O2-CH3OH (substrate=alloy)

[8624/9762] reaction_id=8624: ScTl3-111-O2-CH3 -> ScTl3-111-O2-CH3OH (substrate=alloy)

[8625/9762] reaction_id=8625: ScV3-111-O1-CH3 -> ScV3-111-O1-CH3OH (substrate=alloy)

[8626/9762] reaction_id=8626: ScV3-111-O2-CH3 -> ScV3-111-O2-CH3OH (substrate=alloy)

[8627/9762] reaction_id=8627: ScW3-111-O1-CH3 -> ScW3-111-O1-CH3OH (substrate=alloy)

[8628/9762] reaction_id=8628: ScW3-111-O2-CH3 -> ScW3-111-O2-CH3OH (substrate=alloy)

[8629/9762] reaction_id=8629: ScY3-111-O1-CH3 -> ScY3-111-O1-CH3OH (substrate=alloy)

[8630/9762] reaction_id=8630: ScZn3-111-O1-CH3 -> ScZn3-111-O1-CH3OH (substrate=alloy)

[8631/9762] reaction_id=8631: ScZn3-111-O2-CH3 -> ScZn3-111-O2-CH3OH (substrate=alloy)

[8632/9762] reaction_id=8632: ScZr3-111-O1-CH3 -> ScZr3-111-O1-CH3OH (substrate=alloy)

[8633/9762] reaction_id=8633: ScZr3-111-O2-CH3 -> ScZr3-111-O2-CH3OH (substrate=alloy)

[8634/9762] reaction_id=8634: Sn2Ta2-111-O1-CH3 -> Sn2Ta2-111-O1-CH3OH (substrate=alloy)

[8635/9762] reaction_id=8635: Sn2Ta2-111-O2-CH3 -> Sn2Ta2-111-O2-CH3OH (substrate=alloy)

[8636/9762] reaction_id=8636: Sn2Tc2-111-O1-CH3 -> Sn2Tc2-111-O1-CH3OH (substrate=alloy)

[8637/9762] reaction_id=8637: Sn2Tc2-111-O2-CH3 -> Sn2Tc2-111-O2-CH3OH (substrate=alloy)

[8638/9762] reaction_id=8638: Sn2Ti2-111-O1-CH3 -> Sn2Ti2-111-O1-CH3OH (substrate=alloy)

[8639/9762] reaction_id=8639: Sn2Ti2-111-O2-CH3 -> Sn2Ti2-111-O2-CH3OH (substrate=alloy)

[8640/9762] reaction_id=8640: Sn2Tl2-111-O1-CH3 -> Sn2Tl2-111-O1-CH3OH (substrate=alloy)

[8641/9762] reaction_id=8641: Sn2Tl2-111-O2-CH3 -> Sn2Tl2-111-O2-CH3OH (substrate=alloy)

[8642/9762] reaction_id=8642: Sn2V2-111-O1-CH3 -> Sn2V2-111-O1-CH3OH (substrate=alloy)

[8643/9762] reaction_id=8643: Sn2V2-111-O2-CH3 -> Sn2V2-111-O2-CH3OH (substrate=alloy)

[8644/9762] reaction_id=8644: Sn2W2-111-O1-CH3 -> Sn2W2-111-O1-CH3OH (substrate=alloy)

[8645/9762] reaction_id=8645: Sn2W2-111-O2-CH3 -> Sn2W2-111-O2-CH3OH (substrate=alloy)

[8646/9762] reaction_id=8646: Sn2Y2-111-O1-CH3 -> Sn2Y2-111-O1-CH3OH (substrate=alloy)

[8647/9762] reaction_id=8647: Sn2Zn2-111-O1-CH3 -> Sn2Zn2-111-O1-CH3OH (substrate=alloy)

[8648/9762] reaction_id=8648: Sn2Zn2-111-O2-CH3 -> Sn2Zn2-111-O2-CH3OH (substrate=alloy)

[8649/9762] reaction_id=8649: Sn2Zr2-111-O1-CH3 -> Sn2Zr2-111-O1-CH3OH (substrate=alloy)

[8650/9762] reaction_id=8650: Sn2Zr2-111-O2-CH3 -> Sn2Zr2-111-O2-CH3OH (substrate=alloy)

[8651/9762] reaction_id=8651: Sn3Ta-111-O1-CH3 -> Sn3Ta-111-O1-CH3OH (substrate=alloy)

[8652/9762] reaction_id=8652: Sn3Ta-111-O2-CH3 -> Sn3Ta-111-O2-CH3OH (substrate=alloy)

[8653/9762] reaction_id=8653: Sn3Tc-111-O1-CH3 -> Sn3Tc-111-O1-CH3OH (substrate=alloy)

[8654/9762] reaction_id=8654: Sn3Tc-111-O2-CH3 -> Sn3Tc-111-O2-CH3OH (substrate=alloy)

[8655/9762] reaction_id=8655: Sn3Ti-111-O1-CH3 -> Sn3Ti-111-O1-CH3OH (substrate=alloy)

[8656/9762] reaction_id=8656: Sn3Ti-111-O2-CH3 -> Sn3Ti-111-O2-CH3OH (substrate=alloy)

[8657/9762] reaction_id=8657: Sn3Tl-111-O2-CH3 -> Sn3Tl-111-O2-CH3OH (substrate=alloy)

[8658/9762] reaction_id=8658: Sn3V-111-O1-CH3 -> Sn3V-111-O1-CH3OH (substrate=alloy)

[8659/9762] reaction_id=8659: Sn3V-111-O2-CH3 -> Sn3V-111-O2-CH3OH (substrate=alloy)

[8660/9762] reaction_id=8660: Sn3W-111-O1-CH3 -> Sn3W-111-O1-CH3OH (substrate=alloy)

[8661/9762] reaction_id=8661: Sn3W-111-O2-CH3 -> Sn3W-111-O2-CH3OH (substrate=alloy)

[8662/9762] reaction_id=8662: Sn3Y-111-O1-CH3 -> Sn3Y-111-O1-CH3OH (substrate=alloy)

[8663/9762] reaction_id=8663: Sn3Y-111-O2-CH3 -> Sn3Y-111-O2-CH3OH (substrate=alloy)

[8664/9762] reaction_id=8664: Sn3Zn-111-O1-CH3 -> Sn3Zn-111-O1-CH3OH (substrate=alloy)

[8665/9762] reaction_id=8665: Sn3Zn-111-O2-CH3 -> Sn3Zn-111-O2-CH3OH (substrate=alloy)

[8666/9762] reaction_id=8666: Sn3Zr-111-O1-CH3 -> Sn3Zr-111-O1-CH3OH (substrate=alloy)

[8667/9762] reaction_id=8667: Sn3Zr-111-O2-CH3 -> Sn3Zr-111-O2-CH3OH (substrate=alloy)

[8668/9762] reaction_id=8668: SnTa3-111-O1-CH3 -> SnTa3-111-O1-CH3OH (substrate=alloy)

[8669/9762] reaction_id=8669: SnTa3-111-O2-CH3 -> SnTa3-111-O2-CH3OH (substrate=alloy)

[8670/9762] reaction_id=8670: SnTc3-111-O1-CH3 -> SnTc3-111-O1-CH3OH (substrate=alloy)

[8671/9762] reaction_id=8671: SnTc3-111-O2-CH3 -> SnTc3-111-O2-CH3OH (substrate=alloy)

[8672/9762] reaction_id=8672: SnTi3-111-O1-CH3 -> SnTi3-111-O1-CH3OH (substrate=alloy)

[8673/9762] reaction_id=8673: SnTi3-111-O2-CH3 -> SnTi3-111-O2-CH3OH (substrate=alloy)

[8674/9762] reaction_id=8674: SnTl3-111-O2-CH3 -> SnTl3-111-O2-CH3OH (substrate=alloy)

[8675/9762] reaction_id=8675: SnV3-111-O1-CH3 -> SnV3-111-O1-CH3OH (substrate=alloy)

[8676/9762] reaction_id=8676: SnV3-111-O2-CH3 -> SnV3-111-O2-CH3OH (substrate=alloy)

[8677/9762] reaction_id=8677: SnW3-111-O1-CH3 -> SnW3-111-O1-CH3OH (substrate=alloy)

[8678/9762] reaction_id=8678: SnW3-111-O2-CH3 -> SnW3-111-O2-CH3OH (substrate=alloy)

[8679/9762] reaction_id=8679: SnY3-111-O1-CH3 -> SnY3-111-O1-CH3OH (substrate=alloy)

[8680/9762] reaction_id=8680: SnY3-111-O2-CH3 -> SnY3-111-O2-CH3OH (substrate=alloy)

[8681/9762] reaction_id=8681: SnZn3-111-O1-CH3 -> SnZn3-111-O1-CH3OH (substrate=alloy)

[8682/9762] reaction_id=8682: SnZn3-111-O2-CH3 -> SnZn3-111-O2-CH3OH (substrate=alloy)

[8683/9762] reaction_id=8683: SnZr3-111-O1-CH3 -> SnZr3-111-O1-CH3OH (substrate=alloy)

[8684/9762] reaction_id=8684: SnZr3-111-O2-CH3 -> SnZr3-111-O2-CH3OH (substrate=alloy)

[8685/9762] reaction_id=8685: Ta2Tc2-111-O1-CH3 -> Ta2Tc2-111-O1-CH3OH (substrate=alloy)

[8686/9762] reaction_id=8686: Ta2Tc2-111-O2-CH3 -> Ta2Tc2-111-O2-CH3OH (substrate=alloy)

[8687/9762] reaction_id=8687: Ta2Ti2-111-O1-CH3 -> Ta2Ti2-111-O1-CH3OH (substrate=alloy)

[8688/9762] reaction_id=8688: Ta2Ti2-111-O2-CH3 -> Ta2Ti2-111-O2-CH3OH (substrate=alloy)

[8689/9762] reaction_id=8689: Ta2Tl2-111-O1-CH3 -> Ta2Tl2-111-O1-CH3OH (substrate=alloy)

[8690/9762] reaction_id=8690: Ta2Tl2-111-O2-CH3 -> Ta2Tl2-111-O2-CH3OH (substrate=alloy)

[8691/9762] reaction_id=8691: Ta2V2-111-O1-CH3 -> Ta2V2-111-O1-CH3OH (substrate=alloy)

[8692/9762] reaction_id=8692: Ta2V2-111-O2-CH3 -> Ta2V2-111-O2-CH3OH (substrate=alloy)

[8693/9762] reaction_id=8693: Ta2W2-111-O1-CH3 -> Ta2W2-111-O1-CH3OH (substrate=alloy)

[8694/9762] reaction_id=8694: Ta2W2-111-O2-CH3 -> Ta2W2-111-O2-CH3OH (substrate=alloy)

[8695/9762] reaction_id=8695: Ta2Y2-111-O1-CH3 -> Ta2Y2-111-O1-CH3OH (substrate=alloy)

[8696/9762] reaction_id=8696: Ta2Y2-111-O2-CH3 -> Ta2Y2-111-O2-CH3OH (substrate=alloy)

[8697/9762] reaction_id=8697: Ta2Zn2-111-O1-CH3 -> Ta2Zn2-111-O1-CH3OH (substrate=alloy)

[8698/9762] reaction_id=8698: Ta2Zn2-111-O2-CH3 -> Ta2Zn2-111-O2-CH3OH (substrate=alloy)

[8699/9762] reaction_id=8699: Ta2Zr2-111-O1-CH3 -> Ta2Zr2-111-O1-CH3OH (substrate=alloy)

[8700/9762] reaction_id=8700: Ta2Zr2-111-O2-CH3 -> Ta2Zr2-111-O2-CH3OH (substrate=alloy)

[8701/9762] reaction_id=8701: Ta3Tc-111-O1-CH3 -> Ta3Tc-111-O1-CH3OH (substrate=alloy)

[8702/9762] reaction_id=8702: Ta3Tc-111-O2-CH3 -> Ta3Tc-111-O2-CH3OH (substrate=alloy)

[8703/9762] reaction_id=8703: Ta3Ti-111-O1-CH3 -> Ta3Ti-111-O1-CH3OH (substrate=alloy)

[8704/9762] reaction_id=8704: Ta3Ti-111-O2-CH3 -> Ta3Ti-111-O2-CH3OH (substrate=alloy)

[8705/9762] reaction_id=8705: Ta3Tl-111-O2-CH3 -> Ta3Tl-111-O2-CH3OH (substrate=alloy)

[8706/9762] reaction_id=8706: Ta3V-111-O1-CH3 -> Ta3V-111-O1-CH3OH (substrate=alloy)

[8707/9762] reaction_id=8707: Ta3V-111-O2-CH3 -> Ta3V-111-O2-CH3OH (substrate=alloy)

[8708/9762] reaction_id=8708: Ta3W-111-O1-CH3 -> Ta3W-111-O1-CH3OH (substrate=alloy)

[8709/9762] reaction_id=8709: Ta3W-111-O2-CH3 -> Ta3W-111-O2-CH3OH (substrate=alloy)

[8710/9762] reaction_id=8710: Ta3Y-111-O1-CH3 -> Ta3Y-111-O1-CH3OH (substrate=alloy)

[8711/9762] reaction_id=8711: Ta3Zn-111-O1-CH3 -> Ta3Zn-111-O1-CH3OH (substrate=alloy)

[8712/9762] reaction_id=8712: Ta3Zn-111-O2-CH3 -> Ta3Zn-111-O2-CH3OH (substrate=alloy)

[8713/9762] reaction_id=8713: Ta3Zr-111-O1-CH3 -> Ta3Zr-111-O1-CH3OH (substrate=alloy)

[8714/9762] reaction_id=8714: Ta3Zr-111-O2-CH3 -> Ta3Zr-111-O2-CH3OH (substrate=alloy)

[8715/9762] reaction_id=8715: TaTc3-111-O1-CH3 -> TaTc3-111-O1-CH3OH (substrate=alloy)

[8716/9762] reaction_id=8716: TaTc3-111-O2-CH3 -> TaTc3-111-O2-CH3OH (substrate=alloy)

[8717/9762] reaction_id=8717: TaTi3-111-O1-CH3 -> TaTi3-111-O1-CH3OH (substrate=alloy)

[8718/9762] reaction_id=8718: TaTi3-111-O2-CH3 -> TaTi3-111-O2-CH3OH (substrate=alloy)

[8719/9762] reaction_id=8719: TaTl3-111-O1-CH3 -> TaTl3-111-O1-CH3OH (substrate=alloy)

[8720/9762] reaction_id=8720: TaV3-111-O1-CH3 -> TaV3-111-O1-CH3OH (substrate=alloy)

[8721/9762] reaction_id=8721: TaV3-111-O2-CH3 -> TaV3-111-O2-CH3OH (substrate=alloy)

[8722/9762] reaction_id=8722: TaW3-111-O1-CH3 -> TaW3-111-O1-CH3OH (substrate=alloy)

[8723/9762] reaction_id=8723: TaW3-111-O2-CH3 -> TaW3-111-O2-CH3OH (substrate=alloy)

[8724/9762] reaction_id=8724: TaY3-111-O1-CH3 -> TaY3-111-O1-CH3OH (substrate=alloy)

[8725/9762] reaction_id=8725: TaY3-111-O2-CH3 -> TaY3-111-O2-CH3OH (substrate=alloy)

[8726/9762] reaction_id=8726: TaZn3-111-O1-CH3 -> TaZn3-111-O1-CH3OH (substrate=alloy)

[8727/9762] reaction_id=8727: TaZn3-111-O2-CH3 -> TaZn3-111-O2-CH3OH (substrate=alloy)

[8728/9762] reaction_id=8728: TaZr3-111-O1-CH3 -> TaZr3-111-O1-CH3OH (substrate=alloy)

[8729/9762] reaction_id=8729: TaZr3-111-O2-CH3 -> TaZr3-111-O2-CH3OH (substrate=alloy)

[8730/9762] reaction_id=8730: Tc2Ti2-111-O1-CH3 -> Tc2Ti2-111-O1-CH3OH (substrate=alloy)

[8731/9762] reaction_id=8731: Tc2Ti2-111-O2-CH3 -> Tc2Ti2-111-O2-CH3OH (substrate=alloy)

[8732/9762] reaction_id=8732: Tc2Tl2-111-O1-CH3 -> Tc2Tl2-111-O1-CH3OH (substrate=alloy)

[8733/9762] reaction_id=8733: Tc2V2-111-O1-CH3 -> Tc2V2-111-O1-CH3OH (substrate=alloy)

[8734/9762] reaction_id=8734: Tc2V2-111-O2-CH3 -> Tc2V2-111-O2-CH3OH (substrate=alloy)

[8735/9762] reaction_id=8735: Tc2W2-111-O1-CH3 -> Tc2W2-111-O1-CH3OH (substrate=alloy)

[8736/9762] reaction_id=8736: Tc2W2-111-O2-CH3 -> Tc2W2-111-O2-CH3OH (substrate=alloy)

[8737/9762] reaction_id=8737: Tc2Y2-111-O1-CH3 -> Tc2Y2-111-O1-CH3OH (substrate=alloy)

[8738/9762] reaction_id=8738: Tc2Zn2-111-O1-CH3 -> Tc2Zn2-111-O1-CH3OH (substrate=alloy)

[8739/9762] reaction_id=8739: Tc2Zn2-111-O2-CH3 -> Tc2Zn2-111-O2-CH3OH (substrate=alloy)

[8740/9762] reaction_id=8740: Tc2Zr2-111-O1-CH3 -> Tc2Zr2-111-O1-CH3OH (substrate=alloy)

[8741/9762] reaction_id=8741: Tc2Zr2-111-O2-CH3 -> Tc2Zr2-111-O2-CH3OH (substrate=alloy)

[8742/9762] reaction_id=8742: Tc3Ti-111-O1-CH3 -> Tc3Ti-111-O1-CH3OH (substrate=alloy)

[8743/9762] reaction_id=8743: Tc3Ti-111-O2-CH3 -> Tc3Ti-111-O2-CH3OH (substrate=alloy)

[8744/9762] reaction_id=8744: Tc3Tl-111-O2-CH3 -> Tc3Tl-111-O2-CH3OH (substrate=alloy)

[8745/9762] reaction_id=8745: Tc3V-111-O1-CH3 -> Tc3V-111-O1-CH3OH (substrate=alloy)

[8746/9762] reaction_id=8746: Tc3V-111-O2-CH3 -> Tc3V-111-O2-CH3OH (substrate=alloy)

[8747/9762] reaction_id=8747: Tc3W-111-O1-CH3 -> Tc3W-111-O1-CH3OH (substrate=alloy)

[8748/9762] reaction_id=8748: Tc3W-111-O2-CH3 -> Tc3W-111-O2-CH3OH (substrate=alloy)

[8749/9762] reaction_id=8749: Tc3Y-111-O1-CH3 -> Tc3Y-111-O1-CH3OH (substrate=alloy)

[8750/9762] reaction_id=8750: Tc3Y-111-O2-CH3 -> Tc3Y-111-O2-CH3OH (substrate=alloy)

[8751/9762] reaction_id=8751: Tc3Zn-111-O1-CH3 -> Tc3Zn-111-O1-CH3OH (substrate=alloy)

[8752/9762] reaction_id=8752: Tc3Zn-111-O2-CH3 -> Tc3Zn-111-O2-CH3OH (substrate=alloy)

[8753/9762] reaction_id=8753: Tc3Zr-111-O1-CH3 -> Tc3Zr-111-O1-CH3OH (substrate=alloy)

[8754/9762] reaction_id=8754: Tc3Zr-111-O2-CH3 -> Tc3Zr-111-O2-CH3OH (substrate=alloy)

[8755/9762] reaction_id=8755: TcTi3-111-O1-CH3 -> TcTi3-111-O1-CH3OH (substrate=alloy)

[8756/9762] reaction_id=8756: TcTi3-111-O2-CH3 -> TcTi3-111-O2-CH3OH (substrate=alloy)

[8757/9762] reaction_id=8757: TcTl3-111-O1-CH3 -> TcTl3-111-O1-CH3OH (substrate=alloy)

[8758/9762] reaction_id=8758: TcTl3-111-O2-CH3 -> TcTl3-111-O2-CH3OH (substrate=alloy)

[8759/9762] reaction_id=8759: TcV3-111-O1-CH3 -> TcV3-111-O1-CH3OH (substrate=alloy)

[8760/9762] reaction_id=8760: TcV3-111-O2-CH3 -> TcV3-111-O2-CH3OH (substrate=alloy)

[8761/9762] reaction_id=8761: TcW3-111-O1-CH3 -> TcW3-111-O1-CH3OH (substrate=alloy)

[8762/9762] reaction_id=8762: TcW3-111-O2-CH3 -> TcW3-111-O2-CH3OH (substrate=alloy)

[8763/9762] reaction_id=8763: TcY3-111-O1-CH3 -> TcY3-111-O1-CH3OH (substrate=alloy)

[8764/9762] reaction_id=8764: TcY3-111-O2-CH3 -> TcY3-111-O2-CH3OH (substrate=alloy)

[8765/9762] reaction_id=8765: TcZn3-111-O1-CH3 -> TcZn3-111-O1-CH3OH (substrate=alloy)

[8766/9762] reaction_id=8766: TcZn3-111-O2-CH3 -> TcZn3-111-O2-CH3OH (substrate=alloy)

[8767/9762] reaction_id=8767: TcZr3-111-O1-CH3 -> TcZr3-111-O1-CH3OH (substrate=alloy)

[8768/9762] reaction_id=8768: TcZr3-111-O2-CH3 -> TcZr3-111-O2-CH3OH (substrate=alloy)

[8769/9762] reaction_id=8769: Ti2Tl2-111-O2-CH3 -> Ti2Tl2-111-O2-CH3OH (substrate=alloy)

[8770/9762] reaction_id=8770: Ti2V2-111-O1-CH3 -> Ti2V2-111-O1-CH3OH (substrate=alloy)

[8771/9762] reaction_id=8771: Ti2V2-111-O2-CH3 -> Ti2V2-111-O2-CH3OH (substrate=alloy)

[8772/9762] reaction_id=8772: Ti2W2-111-O1-CH3 -> Ti2W2-111-O1-CH3OH (substrate=alloy)

[8773/9762] reaction_id=8773: Ti2W2-111-O2-CH3 -> Ti2W2-111-O2-CH3OH (substrate=alloy)

[8774/9762] reaction_id=8774: Ti2Y2-111-O1-CH3 -> Ti2Y2-111-O1-CH3OH (substrate=alloy)

[8775/9762] reaction_id=8775: Ti2Zn2-111-O1-CH3 -> Ti2Zn2-111-O1-CH3OH (substrate=alloy)

[8776/9762] reaction_id=8776: Ti2Zn2-111-O2-CH3 -> Ti2Zn2-111-O2-CH3OH (substrate=alloy)

[8777/9762] reaction_id=8777: Ti2Zr2-111-O1-CH3 -> Ti2Zr2-111-O1-CH3OH (substrate=alloy)

[8778/9762] reaction_id=8778: Ti2Zr2-111-O2-CH3 -> Ti2Zr2-111-O2-CH3OH (substrate=alloy)

[8779/9762] reaction_id=8779: Ti3Tl-111-O2-CH3 -> Ti3Tl-111-O2-CH3OH (substrate=alloy)

[8780/9762] reaction_id=8780: Ti3V-111-O1-CH3 -> Ti3V-111-O1-CH3OH (substrate=alloy)

[8781/9762] reaction_id=8781: Ti3V-111-O2-CH3 -> Ti3V-111-O2-CH3OH (substrate=alloy)

[8782/9762] reaction_id=8782: Ti3W-111-O1-CH3 -> Ti3W-111-O1-CH3OH (substrate=alloy)

[8783/9762] reaction_id=8783: Ti3W-111-O2-CH3 -> Ti3W-111-O2-CH3OH (substrate=alloy)

[8784/9762] reaction_id=8784: Ti3Y-111-O1-CH3 -> Ti3Y-111-O1-CH3OH (substrate=alloy)

[8785/9762] reaction_id=8785: Ti3Zn-111-O1-CH3 -> Ti3Zn-111-O1-CH3OH (substrate=alloy)

[8786/9762] reaction_id=8786: Ti3Zn-111-O2-CH3 -> Ti3Zn-111-O2-CH3OH (substrate=alloy)

[8787/9762] reaction_id=8787: Ti3Zr-111-O1-CH3 -> Ti3Zr-111-O1-CH3OH (substrate=alloy)

[8788/9762] reaction_id=8788: Ti3Zr-111-O2-CH3 -> Ti3Zr-111-O2-CH3OH (substrate=alloy)

[8789/9762] reaction_id=8789: TiTl3-111-O1-CH3 -> TiTl3-111-O1-CH3OH (substrate=alloy)

[8790/9762] reaction_id=8790: TiTl3-111-O2-CH3 -> TiTl3-111-O2-CH3OH (substrate=alloy)

[8791/9762] reaction_id=8791: TiV3-111-O1-CH3 -> TiV3-111-O1-CH3OH (substrate=alloy)

[8792/9762] reaction_id=8792: TiV3-111-O2-CH3 -> TiV3-111-O2-CH3OH (substrate=alloy)

[8793/9762] reaction_id=8793: TiW3-111-O1-CH3 -> TiW3-111-O1-CH3OH (substrate=alloy)

[8794/9762] reaction_id=8794: TiW3-111-O2-CH3 -> TiW3-111-O2-CH3OH (substrate=alloy)

[8795/9762] reaction_id=8795: TiY3-111-O1-CH3 -> TiY3-111-O1-CH3OH (substrate=alloy)

[8796/9762] reaction_id=8796: TiY3-111-O2-CH3 -> TiY3-111-O2-CH3OH (substrate=alloy)

[8797/9762] reaction_id=8797: TiZn3-111-O1-CH3 -> TiZn3-111-O1-CH3OH (substrate=alloy)

[8798/9762] reaction_id=8798: TiZn3-111-O2-CH3 -> TiZn3-111-O2-CH3OH (substrate=alloy)

[8799/9762] reaction_id=8799: TiZr3-111-O1-CH3 -> TiZr3-111-O1-CH3OH (substrate=alloy)

[8800/9762] reaction_id=8800: TiZr3-111-O2-CH3 -> TiZr3-111-O2-CH3OH (substrate=alloy)

[8801/9762] reaction_id=8801: Tl2V2-111-O1-CH3 -> Tl2V2-111-O1-CH3OH (substrate=alloy)

[8802/9762] reaction_id=8802: Tl2V2-111-O2-CH3 -> Tl2V2-111-O2-CH3OH (substrate=alloy)

[8803/9762] reaction_id=8803: Tl2W2-111-O1-CH3 -> Tl2W2-111-O1-CH3OH (substrate=alloy)

[8804/9762] reaction_id=8804: Tl2W2-111-O2-CH3 -> Tl2W2-111-O2-CH3OH (substrate=alloy)

[8805/9762] reaction_id=8805: Tl2Y2-111-O1-CH3 -> Tl2Y2-111-O1-CH3OH (substrate=alloy)

[8806/9762] reaction_id=8806: Tl2Y2-111-O2-CH3 -> Tl2Y2-111-O2-CH3OH (substrate=alloy)

[8807/9762] reaction_id=8807: Tl2Zn2-111-O1-CH3 -> Tl2Zn2-111-O1-CH3OH (substrate=alloy)

[8808/9762] reaction_id=8808: Tl2Zn2-111-O2-CH3 -> Tl2Zn2-111-O2-CH3OH (substrate=alloy)

[8809/9762] reaction_id=8809: Tl2Zr2-111-O1-CH3 -> Tl2Zr2-111-O1-CH3OH (substrate=alloy)

[8810/9762] reaction_id=8810: Tl3V-111-O1-CH3 -> Tl3V-111-O1-CH3OH (substrate=alloy)

[8811/9762] reaction_id=8811: Tl3V-111-O2-CH3 -> Tl3V-111-O2-CH3OH (substrate=alloy)

[8812/9762] reaction_id=8812: Tl3W-111-O1-CH3 -> Tl3W-111-O1-CH3OH (substrate=alloy)

[8813/9762] reaction_id=8813: Tl3W-111-O2-CH3 -> Tl3W-111-O2-CH3OH (substrate=alloy)

[8814/9762] reaction_id=8814: Tl3Y-111-O1-CH3 -> Tl3Y-111-O1-CH3OH (substrate=alloy)

[8815/9762] reaction_id=8815: Tl3Zn-111-O1-CH3 -> Tl3Zn-111-O1-CH3OH (substrate=alloy)

[8816/9762] reaction_id=8816: Tl3Zn-111-O2-CH3 -> Tl3Zn-111-O2-CH3OH (substrate=alloy)

[8817/9762] reaction_id=8817: Tl3Zr-111-O1-CH3 -> Tl3Zr-111-O1-CH3OH (substrate=alloy)

[8818/9762] reaction_id=8818: Tl3Zr-111-O2-CH3 -> Tl3Zr-111-O2-CH3OH (substrate=alloy)

[8819/9762] reaction_id=8819: TlV3-111-O1-CH3 -> TlV3-111-O1-CH3OH (substrate=alloy)

[8820/9762] reaction_id=8820: TlW3-111-O1-CH3 -> TlW3-111-O1-CH3OH (substrate=alloy)

[8821/9762] reaction_id=8821: TlY3-111-O1-CH3 -> TlY3-111-O1-CH3OH (substrate=alloy)

[8822/9762] reaction_id=8822: TlY3-111-O2-CH3 -> TlY3-111-O2-CH3OH (substrate=alloy)

[8823/9762] reaction_id=8823: TlZn3-111-O1-CH3 -> TlZn3-111-O1-CH3OH (substrate=alloy)

[8824/9762] reaction_id=8824: TlZn3-111-O2-CH3 -> TlZn3-111-O2-CH3OH (substrate=alloy)

[8825/9762] reaction_id=8825: TlZr3-111-O1-CH3 -> TlZr3-111-O1-CH3OH (substrate=alloy)

[8826/9762] reaction_id=8826: V2W2-111-O1-CH3 -> V2W2-111-O1-CH3OH (substrate=alloy)

[8827/9762] reaction_id=8827: V2W2-111-O2-CH3 -> V2W2-111-O2-CH3OH (substrate=alloy)

[8828/9762] reaction_id=8828: V2Zn2-111-O1-CH3 -> V2Zn2-111-O1-CH3OH (substrate=alloy)

[8829/9762] reaction_id=8829: V2Zn2-111-O2-CH3 -> V2Zn2-111-O2-CH3OH (substrate=alloy)

[8830/9762] reaction_id=8830: V2Zr2-111-O1-CH3 -> V2Zr2-111-O1-CH3OH (substrate=alloy)

[8831/9762] reaction_id=8831: V2Zr2-111-O2-CH3 -> V2Zr2-111-O2-CH3OH (substrate=alloy)

[8832/9762] reaction_id=8832: V3W-111-O1-CH3 -> V3W-111-O1-CH3OH (substrate=alloy)

[8833/9762] reaction_id=8833: V3W-111-O2-CH3 -> V3W-111-O2-CH3OH (substrate=alloy)

[8834/9762] reaction_id=8834: V3Y-111-O1-CH3 -> V3Y-111-O1-CH3OH (substrate=alloy)

[8835/9762] reaction_id=8835: V3Y-111-O2-CH3 -> V3Y-111-O2-CH3OH (substrate=alloy)

[8836/9762] reaction_id=8836: V3Zn-111-O1-CH3 -> V3Zn-111-O1-CH3OH (substrate=alloy)

[8837/9762] reaction_id=8837: V3Zn-111-O2-CH3 -> V3Zn-111-O2-CH3OH (substrate=alloy)

[8838/9762] reaction_id=8838: V3Zr-111-O1-CH3 -> V3Zr-111-O1-CH3OH (substrate=alloy)

[8839/9762] reaction_id=8839: V3Zr-111-O2-CH3 -> V3Zr-111-O2-CH3OH (substrate=alloy)

[8840/9762] reaction_id=8840: VW3-111-O1-CH3 -> VW3-111-O1-CH3OH (substrate=alloy)

[8841/9762] reaction_id=8841: VW3-111-O2-CH3 -> VW3-111-O2-CH3OH (substrate=alloy)

[8842/9762] reaction_id=8842: VY3-111-O2-CH3 -> VY3-111-O2-CH3OH (substrate=alloy)

[8843/9762] reaction_id=8843: VZn3-111-O1-CH3 -> VZn3-111-O1-CH3OH (substrate=alloy)

[8844/9762] reaction_id=8844: VZn3-111-O2-CH3 -> VZn3-111-O2-CH3OH (substrate=alloy)

[8845/9762] reaction_id=8845: VZr3-111-O1-CH3 -> VZr3-111-O1-CH3OH (substrate=alloy)

[8846/9762] reaction_id=8846: VZr3-111-O2-CH3 -> VZr3-111-O2-CH3OH (substrate=alloy)

[8847/9762] reaction_id=8847: W2Y2-111-O1-CH3 -> W2Y2-111-O1-CH3OH (substrate=alloy)

[8848/9762] reaction_id=8848: W2Y2-111-O2-CH3 -> W2Y2-111-O2-CH3OH (substrate=alloy)

[8849/9762] reaction_id=8849: W2Zn2-111-O1-CH3 -> W2Zn2-111-O1-CH3OH (substrate=alloy)

[8850/9762] reaction_id=8850: W2Zn2-111-O2-CH3 -> W2Zn2-111-O2-CH3OH (substrate=alloy)

[8851/9762] reaction_id=8851: W2Zr2-111-O1-CH3 -> W2Zr2-111-O1-CH3OH (substrate=alloy)

[8852/9762] reaction_id=8852: W2Zr2-111-O2-CH3 -> W2Zr2-111-O2-CH3OH (substrate=alloy)

[8853/9762] reaction_id=8853: W3Y-111-O1-CH3 -> W3Y-111-O1-CH3OH (substrate=alloy)

[8854/9762] reaction_id=8854: W3Y-111-O2-CH3 -> W3Y-111-O2-CH3OH (substrate=alloy)

[8855/9762] reaction_id=8855: W3Zn-111-O1-CH3 -> W3Zn-111-O1-CH3OH (substrate=alloy)

[8856/9762] reaction_id=8856: W3Zn-111-O2-CH3 -> W3Zn-111-O2-CH3OH (substrate=alloy)

[8857/9762] reaction_id=8857: W3Zr-111-O1-CH3 -> W3Zr-111-O1-CH3OH (substrate=alloy)

[8858/9762] reaction_id=8858: W3Zr-111-O2-CH3 -> W3Zr-111-O2-CH3OH (substrate=alloy)

[8859/9762] reaction_id=8859: WY3-111-O1-CH3 -> WY3-111-O1-CH3OH (substrate=alloy)

[8860/9762] reaction_id=8860: WY3-111-O2-CH3 -> WY3-111-O2-CH3OH (substrate=alloy)

[8861/9762] reaction_id=8861: WZn3-111-O1-CH3 -> WZn3-111-O1-CH3OH (substrate=alloy)

[8862/9762] reaction_id=8862: WZn3-111-O2-CH3 -> WZn3-111-O2-CH3OH (substrate=alloy)

[8863/9762] reaction_id=8863: WZr3-111-O1-CH3 -> WZr3-111-O1-CH3OH (substrate=alloy)

[8864/9762] reaction_id=8864: WZr3-111-O2-CH3 -> WZr3-111-O2-CH3OH (substrate=alloy)

[8865/9762] reaction_id=8865: Y2Zn2-111-O1-CH3 -> Y2Zn2-111-O1-CH3OH (substrate=alloy)

[8866/9762] reaction_id=8866: Y2Zn2-111-O2-CH3 -> Y2Zn2-111-O2-CH3OH (substrate=alloy)

[8867/9762] reaction_id=8867: Y2Zr2-111-O1-CH3 -> Y2Zr2-111-O1-CH3OH (substrate=alloy)

[8868/9762] reaction_id=8868: Y3Zn-111-O2-CH3 -> Y3Zn-111-O2-CH3OH (substrate=alloy)

[8869/9762] reaction_id=8869: Y3Zr-111-O1-CH3 -> Y3Zr-111-O1-CH3OH (substrate=alloy)

[8870/9762] reaction_id=8870: YZn3-111-O2-CH3 -> YZn3-111-O2-CH3OH (substrate=alloy)

[8871/9762] reaction_id=8871: YZr3-111-O1-CH3 -> YZr3-111-O1-CH3OH (substrate=alloy)

[8872/9762] reaction_id=8872: YZr3-111-O2-CH3 -> YZr3-111-O2-CH3OH (substrate=alloy)

[8873/9762] reaction_id=8873: Zn2Zr2-111-O1-CH3 -> Zn2Zr2-111-O1-CH3OH (substrate=alloy)

[8874/9762] reaction_id=8874: Zn2Zr2-111-O2-CH3 -> Zn2Zr2-111-O2-CH3OH (substrate=alloy)

[8875/9762] reaction_id=8875: Zn3Zr-111-O1-CH3 -> Zn3Zr-111-O1-CH3OH (substrate=alloy)

[8876/9762] reaction_id=8876: Zn3Zr-111-O2-CH3 -> Zn3Zr-111-O2-CH3OH (substrate=alloy)

[8877/9762] reaction_id=8877: ZnZr3-111-O1-CH3 -> ZnZr3-111-O1-CH3OH (substrate=alloy)

[8878/9762] reaction_id=8878: ZnZr3-111-O2-CH3 -> ZnZr3-111-O2-CH3OH (substrate=alloy)

[8879/9762] reaction_id=8879: Cd2Cl2-BBTA-CH4 -> Cd2Cl2-BBTA-CH3 (substrate=MOF)

[8880/9762] reaction_id=8880: Cd2Cl2-BTDD-CH4 -> Cd2Cl2-BTDD-CH3 (substrate=MOF)

[8881/9762] reaction_id=8881: Cd-BTC-CH4 -> Cd-BTC-CH3 (substrate=MOF)

[8882/9762] reaction_id=8882: Cd-BTP-CH4 -> Cd-BTP-CH3 (substrate=MOF)

[8883/9762] reaction_id=8883: Cd-dopbdc-CH4 -> Cd-dopbdc-CH3 (substrate=MOF)

[8884/9762] reaction_id=8884: Cd-m-dobdc-CH4 -> Cd-m-dobdc-CH3 (substrate=MOF)

[8885/9762] reaction_id=8885: Cd-MOF-5-CH4 -> Cd-MOF-5-CH3 (substrate=MOF)

[8886/9762] reaction_id=8886: Cd-MOF-74-CH4 -> Cd-MOF-74-CH3 (substrate=MOF)

[8887/9762] reaction_id=8887: Co-BTP-CH4 -> Co-BTP-CH3 (substrate=MOF)

[8888/9762] reaction_id=8888: Cr2Cl2-BBTA-CH4 -> Cr2Cl2-BBTA-CH3 (substrate=MOF)

[8889/9762] reaction_id=8889: Cr2Cl2-BTDD-CH4 -> Cr2Cl2-BTDD-CH3 (substrate=MOF)

[8890/9762] reaction_id=8890: Cr-BTP-CH4 -> Cr-BTP-CH3 (substrate=MOF)

[8891/9762] reaction_id=8891: Cr-dopbdc-CH4 -> Cr-dopbdc-CH3 (substrate=MOF)

[8892/9762] reaction_id=8892: Cr-m-dobdc-CH4 -> Cr-m-dobdc-CH3 (substrate=MOF)

[8893/9762] reaction_id=8893: Cr-MOF-74-CH4 -> Cr-MOF-74-CH3 (substrate=MOF)

[8894/9762] reaction_id=8894: Cu2Cl2-BBTA-CH4 -> Cu2Cl2-BBTA-CH3 (substrate=MOF)

[8895/9762] reaction_id=8895: Cu2Cl2-BTDD-CH4 -> Cu2Cl2-BTDD-CH3 (substrate=MOF)

[8896/9762] reaction_id=8896: Cu-dopbdc-CH4 -> Cu-dopbdc-CH3 (substrate=MOF)

[8897/9762] reaction_id=8897: Cu-m-dobdc-CH4 -> Cu-m-dobdc-CH3 (substrate=MOF)

[8898/9762] reaction_id=8898: Cu-MOF-5-CH4 -> Cu-MOF-5-CH3 (substrate=MOF)

[8899/9762] reaction_id=8899: Cu-MOF-74-CH4 -> Cu-MOF-74-CH3 (substrate=MOF)

[8900/9762] reaction_id=8900: Fe-BTC-CH4 -> Fe-BTC-CH3 (substrate=MOF)

[8901/9762] reaction_id=8901: Fe-BTP-CH4 -> Fe-BTP-CH3 (substrate=MOF)

[8902/9762] reaction_id=8902: Mn-BTC-CH4 -> Mn-BTC-CH3 (substrate=MOF)

[8903/9762] reaction_id=8903: Mn-BTP-CH4 -> Mn-BTP-CH3 (substrate=MOF)

[8904/9762] reaction_id=8904: Mo2Cl2-BBTA-CH4 -> Mo2Cl2-BBTA-CH3 (substrate=MOF)

[8905/9762] reaction_id=8905: Mo2Cl2-BTDD-CH4 -> Mo2Cl2-BTDD-CH3 (substrate=MOF)

[8906/9762] reaction_id=8906: Mo-BTP-CH4 -> Mo-BTP-CH3 (substrate=MOF)

[8907/9762] reaction_id=8907: Mo-BTT-CH4 -> Mo-BTT-CH3 (substrate=MOF)

[8908/9762] reaction_id=8908: Mo-dopbdc-CH4 -> Mo-dopbdc-CH3 (substrate=MOF)

[8909/9762] reaction_id=8909: Mo-m-dobdc-CH4 -> Mo-m-dobdc-CH3 (substrate=MOF)

[8910/9762] reaction_id=8910: Mo-MOF-5-CH4 -> Mo-MOF-5-CH3 (substrate=MOF)

[8911/9762] reaction_id=8911: Mo-MOF-74-CH4 -> Mo-MOF-74-CH3 (substrate=MOF)

[8912/9762] reaction_id=8912: Pd2Cl2-BBTA-CH4 -> Pd2Cl2-BBTA-CH3 (substrate=MOF)

[8913/9762] reaction_id=8913: Pd2Cl2-BTDD-CH4 -> Pd2Cl2-BTDD-CH3 (substrate=MOF)

[8914/9762] reaction_id=8914: Pd-BTP-CH4 -> Pd-BTP-CH3 (substrate=MOF)

[8915/9762] reaction_id=8915: Pd-BTT-CH4 -> Pd-BTT-CH3 (substrate=MOF)

[8916/9762] reaction_id=8916: Pd-dopbdc-CH4 -> Pd-dopbdc-CH3 (substrate=MOF)

[8917/9762] reaction_id=8917: Pd-m-dobdc-CH4 -> Pd-m-dobdc-CH3 (substrate=MOF)

[8918/9762] reaction_id=8918: Pd-MOF-5-CH4 -> Pd-MOF-5-CH3 (substrate=MOF)

[8919/9762] reaction_id=8919: Pd-MOF-74-CH4 -> Pd-MOF-74-CH3 (substrate=MOF)

[8920/9762] reaction_id=8920: Pt2Cl2-BBTA-CH4 -> Pt2Cl2-BBTA-CH3 (substrate=MOF)

[8921/9762] reaction_id=8921: Pt2Cl2-BTDD-CH4 -> Pt2Cl2-BTDD-CH3 (substrate=MOF)

[8922/9762] reaction_id=8922: Pt-BTC-CH4 -> Pt-BTC-CH3 (substrate=MOF)

[8923/9762] reaction_id=8923: Pt-BTP-CH4 -> Pt-BTP-CH3 (substrate=MOF)

[8924/9762] reaction_id=8924: Pt-BTT-CH4 -> Pt-BTT-CH3 (substrate=MOF)

[8925/9762] reaction_id=8925: Pt-dopbdc-CH4 -> Pt-dopbdc-CH3 (substrate=MOF)

[8926/9762] reaction_id=8926: Pt-m-dobdc-CH4 -> Pt-m-dobdc-CH3 (substrate=MOF)

[8927/9762] reaction_id=8927: Pt-MOF-5-CH4 -> Pt-MOF-5-CH3 (substrate=MOF)

[8928/9762] reaction_id=8928: Pt-MOF-74-CH4 -> Pt-MOF-74-CH3 (substrate=MOF)

[8929/9762] reaction_id=8929: Rh2Cl2-BBTA-CH4 -> Rh2Cl2-BBTA-CH3 (substrate=MOF)

[8930/9762] reaction_id=8930: Rh2Cl2-BTDD-CH4 -> Rh2Cl2-BTDD-CH3 (substrate=MOF)

[8931/9762] reaction_id=8931: Rh-BTC-CH4 -> Rh-BTC-CH3 (substrate=MOF)

[8932/9762] reaction_id=8932: Rh-BTP-CH4 -> Rh-BTP-CH3 (substrate=MOF)

[8933/9762] reaction_id=8933: Rh-BTT-CH4 -> Rh-BTT-CH3 (substrate=MOF)

[8934/9762] reaction_id=8934: Rh-dopbdc-CH4 -> Rh-dopbdc-CH3 (substrate=MOF)

[8935/9762] reaction_id=8935: Rh-m-dobdc-CH4 -> Rh-m-dobdc-CH3 (substrate=MOF)

[8936/9762] reaction_id=8936: Rh-MOF-5-CH4 -> Rh-MOF-5-CH3 (substrate=MOF)

[8937/9762] reaction_id=8937: Rh-MOF-74-CH4 -> Rh-MOF-74-CH3 (substrate=MOF)

[8938/9762] reaction_id=8938: Ru2Cl2-BBTA-CH4 -> Ru2Cl2-BBTA-CH3 (substrate=MOF)

[8939/9762] reaction_id=8939: Ru2Cl2-BTDD-CH4 -> Ru2Cl2-BTDD-CH3 (substrate=MOF)

[8940/9762] reaction_id=8940: Ru-BTP-CH4 -> Ru-BTP-CH3 (substrate=MOF)

[8941/9762] reaction_id=8941: Ru-BTT-CH4 -> Ru-BTT-CH3 (substrate=MOF)

[8942/9762] reaction_id=8942: Ru-dopbdc-CH4 -> Ru-dopbdc-CH3 (substrate=MOF)

[8943/9762] reaction_id=8943: Ru-m-dobdc-CH4 -> Ru-m-dobdc-CH3 (substrate=MOF)

[8944/9762] reaction_id=8944: Ru-MOF-5-CH4 -> Ru-MOF-5-CH3 (substrate=MOF)

[8945/9762] reaction_id=8945: Ru-MOF-74-CH4 -> Ru-MOF-74-CH3 (substrate=MOF)

[8946/9762] reaction_id=8946: V2Cl2-BBTA-CH4 -> V2Cl2-BBTA-CH3 (substrate=MOF)

[8947/9762] reaction_id=8947: V2Cl2-BTDD-CH4 -> V2Cl2-BTDD-CH3 (substrate=MOF)

[8948/9762] reaction_id=8948: V-BTC-CH4 -> V-BTC-CH3 (substrate=MOF)

[8949/9762] reaction_id=8949: V-BTP-CH4 -> V-BTP-CH3 (substrate=MOF)

[8950/9762] reaction_id=8950: V-BTT-CH4 -> V-BTT-CH3 (substrate=MOF)

[8951/9762] reaction_id=8951: V-dopbdc-CH4 -> V-dopbdc-CH3 (substrate=MOF)

[8952/9762] reaction_id=8952: V-m-dobdc-CH4 -> V-m-dobdc-CH3 (substrate=MOF)

[8953/9762] reaction_id=8953: V-MOF-74-CH4 -> V-MOF-74-CH3 (substrate=MOF)

[8954/9762] reaction_id=8954: Zn2Cl2-BBTA-CH4 -> Zn2Cl2-BBTA-CH3 (substrate=MOF)

[8955/9762] reaction_id=8955: Zn2Cl2-BTDD-CH4 -> Zn2Cl2-BTDD-CH3 (substrate=MOF)

[8956/9762] reaction_id=8956: Zn-BTP-CH4 -> Zn-BTP-CH3 (substrate=MOF)

[8957/9762] reaction_id=8957: Zn-BTT-CH4 -> Zn-BTT-CH3 (substrate=MOF)

[8958/9762] reaction_id=8958: Zn-dopbdc-CH4 -> Zn-dopbdc-CH3 (substrate=MOF)

[8959/9762] reaction_id=8959: Zn-MOF-5-CH4 -> Zn-MOF-5-CH3 (substrate=MOF)

[8960/9762] reaction_id=8960: Zn-MOF-74-CH4 -> Zn-MOF-74-CH3 (substrate=MOF)

[8961/9762] reaction_id=8961: AgN4-C-O-CH4 -> AgN4-C-O-CH3 (substrate=MN4-graphene)

[8962/9762] reaction_id=8962: AlN4-C-O-CH4 -> AlN4-C-O-CH3 (substrate=MN4-graphene)

[8963/9762] reaction_id=8963: AuN4-C-O-CH4 -> AuN4-C-O-CH3 (substrate=MN4-graphene)

[8964/9762] reaction_id=8964: BiN4-C-O-CH4 -> BiN4-C-O-CH3 (substrate=MN4-graphene)

[8965/9762] reaction_id=8965: CdN4-C-O-CH4 -> CdN4-C-O-CH3 (substrate=MN4-graphene)

[8966/9762] reaction_id=8966: GaN4-C-O-CH4 -> GaN4-C-O-CH3 (substrate=MN4-graphene)

[8967/9762] reaction_id=8967: GeN4-C-O-CH4 -> GeN4-C-O-CH3 (substrate=MN4-graphene)

[8968/9762] reaction_id=8968: HfN4-C-O-CH4 -> HfN4-C-O-CH3 (substrate=MN4-graphene)

[8969/9762] reaction_id=8969: InN4-C-O-CH4 -> InN4-C-O-CH3 (substrate=MN4-graphene)

[8970/9762] reaction_id=8970: MoN4-C-O-CH4 -> MoN4-C-O-CH3 (substrate=MN4-graphene)

[8971/9762] reaction_id=8971: NbN4-C-O-CH4 -> NbN4-C-O-CH3 (substrate=MN4-graphene)

[8972/9762] reaction_id=8972: OsN4-C-O-CH4 -> OsN4-C-O-CH3 (substrate=MN4-graphene)

[8973/9762] reaction_id=8973: PbN4-C-O-CH4 -> PbN4-C-O-CH3 (substrate=MN4-graphene)

[8974/9762] reaction_id=8974: ReN4-C-O-CH4 -> ReN4-C-O-CH3 (substrate=MN4-graphene)

[8975/9762] reaction_id=8975: ScN4-C-O-CH4 -> ScN4-C-O-CH3 (substrate=MN4-graphene)

[8976/9762] reaction_id=8976: SnN4-C-O-CH4 -> SnN4-C-O-CH3 (substrate=MN4-graphene)

[8977/9762] reaction_id=8977: TaN4-C-O-CH4 -> TaN4-C-O-CH3 (substrate=MN4-graphene)

[8978/9762] reaction_id=8978: TcN4-C-O-CH4 -> TcN4-C-O-CH3 (substrate=MN4-graphene)

[8979/9762] reaction_id=8979: TiN4-C-O-CH4 -> TiN4-C-O-CH3 (substrate=MN4-graphene)

[8980/9762] reaction_id=8980: TlN4-C-O-CH4 -> TlN4-C-O-CH3 (substrate=MN4-graphene)

[8981/9762] reaction_id=8981: VN4-C-O-CH4 -> VN4-C-O-CH3 (substrate=MN4-graphene)

[8982/9762] reaction_id=8982: WN4-C-O-CH4 -> WN4-C-O-CH3 (substrate=MN4-graphene)

[8983/9762] reaction_id=8983: YN4-C-O-CH4 -> YN4-C-O-CH3 (substrate=MN4-graphene)

[8984/9762] reaction_id=8984: ZnN4-C-O-CH4 -> ZnN4-C-O-CH3 (substrate=MN4-graphene)

[8985/9762] reaction_id=8985: ZrN4-C-O-CH4 -> ZrN4-C-O-CH3 (substrate=MN4-graphene)

[8986/9762] reaction_id=8986: Ag-BiO2-4l-110-CH4 -> Ag-BiO2-4l-110-CH3 (substrate=oxide)

[8987/9762] reaction_id=8987: Ag-CrO2-4l-110-CH4 -> Ag-CrO2-4l-110-CH3 (substrate=oxide)

[8988/9762] reaction_id=8988: Ag-FeO2-4l-110-CH4 -> Ag-FeO2-4l-110-CH3 (substrate=oxide)

[8989/9762] reaction_id=8989: Ag-GeO2-4l-110-CH4 -> Ag-GeO2-4l-110-CH3 (substrate=oxide)

[8990/9762] reaction_id=8990: Ag-HfO2-4l-110-CH4 -> Ag-HfO2-4l-110-CH3 (substrate=oxide)

[8991/9762] reaction_id=8991: Ag-IrO2-4l-110-CH4 -> Ag-IrO2-4l-110-CH3 (substrate=oxide)

[8992/9762] reaction_id=8992: Ag-MnO2-4l-110-CH4 -> Ag-MnO2-4l-110-CH3 (substrate=oxide)

[8993/9762] reaction_id=8993: Ag-MoO2-4l-110-CH4 -> Ag-MoO2-4l-110-CH3 (substrate=oxide)

[8994/9762] reaction_id=8994: Ag-NbO2-4l-110-CH4 -> Ag-NbO2-4l-110-CH3 (substrate=oxide)

[8995/9762] reaction_id=8995: Ag-OsO2-4l-110-CH4 -> Ag-OsO2-4l-110-CH3 (substrate=oxide)

[8996/9762] reaction_id=8996: Ag-PbO2-4l-110-CH4 -> Ag-PbO2-4l-110-CH3 (substrate=oxide)

[8997/9762] reaction_id=8997: Ag-PdO2-4l-110-CH4 -> Ag-PdO2-4l-110-CH3 (substrate=oxide)

[8998/9762] reaction_id=8998: Ag-PtO2-4l-110-CH4 -> Ag-PtO2-4l-110-CH3 (substrate=oxide)

[8999/9762] reaction_id=8999: Ag-ReO2-4l-110-CH4 -> Ag-ReO2-4l-110-CH3 (substrate=oxide)

[9000/9762] reaction_id=9000: Ag-RhO2-4l-110-CH4 -> Ag-RhO2-4l-110-CH3 (substrate=oxide)

[9001/9762] reaction_id=9001: Ag-RuO2-4l-110-CH4 -> Ag-RuO2-4l-110-CH3 (substrate=oxide)

[9002/9762] reaction_id=9002: Ag-SnO2-4l-110-CH4 -> Ag-SnO2-4l-110-CH3 (substrate=oxide)

[9003/9762] reaction_id=9003: Ag-TaO2-4l-110-CH4 -> Ag-TaO2-4l-110-CH3 (substrate=oxide)

[9004/9762] reaction_id=9004: Ag-TcO2-4l-110-CH4 -> Ag-TcO2-4l-110-CH3 (substrate=oxide)

[9005/9762] reaction_id=9005: Ag-TiO2-4l-110-CH4 -> Ag-TiO2-4l-110-CH3 (substrate=oxide)

[9006/9762] reaction_id=9006: Ag-VO2-4l-110-CH4 -> Ag-VO2-4l-110-CH3 (substrate=oxide)

[9007/9762] reaction_id=9007: Ag-WO2-4l-110-CH4 -> Ag-WO2-4l-110-CH3 (substrate=oxide)

[9008/9762] reaction_id=9008: Ag-ZrO2-4l-110-CH4 -> Ag-ZrO2-4l-110-CH3 (substrate=oxide)

[9009/9762] reaction_id=9009: Al-BiO2-4l-110-CH4 -> Al-BiO2-4l-110-CH3 (substrate=oxide)

[9010/9762] reaction_id=9010: Al-CrO2-4l-110-CH4 -> Al-CrO2-4l-110-CH3 (substrate=oxide)

[9011/9762] reaction_id=9011: Al-FeO2-4l-110-CH4 -> Al-FeO2-4l-110-CH3 (substrate=oxide)

[9012/9762] reaction_id=9012: Al-GeO2-4l-110-CH4 -> Al-GeO2-4l-110-CH3 (substrate=oxide)

[9013/9762] reaction_id=9013: Al-HfO2-4l-110-CH4 -> Al-HfO2-4l-110-CH3 (substrate=oxide)

[9014/9762] reaction_id=9014: Al-IrO2-4l-110-CH4 -> Al-IrO2-4l-110-CH3 (substrate=oxide)

[9015/9762] reaction_id=9015: Al-MnO2-4l-110-CH4 -> Al-MnO2-4l-110-CH3 (substrate=oxide)

[9016/9762] reaction_id=9016: Al-MoO2-4l-110-CH4 -> Al-MoO2-4l-110-CH3 (substrate=oxide)

[9017/9762] reaction_id=9017: Al-NbO2-4l-110-CH4 -> Al-NbO2-4l-110-CH3 (substrate=oxide)

[9018/9762] reaction_id=9018: Al-OsO2-4l-110-CH4 -> Al-OsO2-4l-110-CH3 (substrate=oxide)

[9019/9762] reaction_id=9019: Al-PbO2-4l-110-CH4 -> Al-PbO2-4l-110-CH3 (substrate=oxide)

[9020/9762] reaction_id=9020: Al-PdO2-4l-110-CH4 -> Al-PdO2-4l-110-CH3 (substrate=oxide)

[9021/9762] reaction_id=9021: Al-PtO2-4l-110-CH4 -> Al-PtO2-4l-110-CH3 (substrate=oxide)

[9022/9762] reaction_id=9022: Al-ReO2-4l-110-CH4 -> Al-ReO2-4l-110-CH3 (substrate=oxide)

[9023/9762] reaction_id=9023: Al-RhO2-4l-110-CH4 -> Al-RhO2-4l-110-CH3 (substrate=oxide)

[9024/9762] reaction_id=9024: Al-RuO2-4l-110-CH4 -> Al-RuO2-4l-110-CH3 (substrate=oxide)

[9025/9762] reaction_id=9025: Al-SnO2-4l-110-CH4 -> Al-SnO2-4l-110-CH3 (substrate=oxide)

[9026/9762] reaction_id=9026: Al-TaO2-4l-110-CH4 -> Al-TaO2-4l-110-CH3 (substrate=oxide)

[9027/9762] reaction_id=9027: Al-TcO2-4l-110-CH4 -> Al-TcO2-4l-110-CH3 (substrate=oxide)

[9028/9762] reaction_id=9028: Al-TiO2-4l-110-CH4 -> Al-TiO2-4l-110-CH3 (substrate=oxide)

[9029/9762] reaction_id=9029: Al-VO2-4l-110-CH4 -> Al-VO2-4l-110-CH3 (substrate=oxide)

[9030/9762] reaction_id=9030: Al-WO2-4l-110-CH4 -> Al-WO2-4l-110-CH3 (substrate=oxide)

[9031/9762] reaction_id=9031: Al-ZrO2-4l-110-CH4 -> Al-ZrO2-4l-110-CH3 (substrate=oxide)

[9032/9762] reaction_id=9032: Au-BiO2-4l-110-CH4 -> Au-BiO2-4l-110-CH3 (substrate=oxide)

[9033/9762] reaction_id=9033: Au-CrO2-4l-110-CH4 -> Au-CrO2-4l-110-CH3 (substrate=oxide)

[9034/9762] reaction_id=9034: Au-FeO2-4l-110-CH4 -> Au-FeO2-4l-110-CH3 (substrate=oxide)

[9035/9762] reaction_id=9035: Au-GeO2-4l-110-CH4 -> Au-GeO2-4l-110-CH3 (substrate=oxide)

[9036/9762] reaction_id=9036: Au-HfO2-4l-110-CH4 -> Au-HfO2-4l-110-CH3 (substrate=oxide)

[9037/9762] reaction_id=9037: Au-IrO2-4l-110-CH4 -> Au-IrO2-4l-110-CH3 (substrate=oxide)

[9038/9762] reaction_id=9038: Au-MnO2-4l-110-CH4 -> Au-MnO2-4l-110-CH3 (substrate=oxide)

[9039/9762] reaction_id=9039: Au-MoO2-4l-110-CH4 -> Au-MoO2-4l-110-CH3 (substrate=oxide)

[9040/9762] reaction_id=9040: Au-NbO2-4l-110-CH4 -> Au-NbO2-4l-110-CH3 (substrate=oxide)

[9041/9762] reaction_id=9041: Au-OsO2-4l-110-CH4 -> Au-OsO2-4l-110-CH3 (substrate=oxide)

[9042/9762] reaction_id=9042: Au-PbO2-4l-110-CH4 -> Au-PbO2-4l-110-CH3 (substrate=oxide)

[9043/9762] reaction_id=9043: Au-PdO2-4l-110-CH4 -> Au-PdO2-4l-110-CH3 (substrate=oxide)

[9044/9762] reaction_id=9044: Au-PtO2-4l-110-CH4 -> Au-PtO2-4l-110-CH3 (substrate=oxide)

[9045/9762] reaction_id=9045: Au-ReO2-4l-110-CH4 -> Au-ReO2-4l-110-CH3 (substrate=oxide)

[9046/9762] reaction_id=9046: Au-RhO2-4l-110-CH4 -> Au-RhO2-4l-110-CH3 (substrate=oxide)

[9047/9762] reaction_id=9047: Au-RuO2-4l-110-CH4 -> Au-RuO2-4l-110-CH3 (substrate=oxide)

[9048/9762] reaction_id=9048: Au-SnO2-4l-110-CH4 -> Au-SnO2-4l-110-CH3 (substrate=oxide)

[9049/9762] reaction_id=9049: Au-TaO2-4l-110-CH4 -> Au-TaO2-4l-110-CH3 (substrate=oxide)

[9050/9762] reaction_id=9050: Au-TcO2-4l-110-CH4 -> Au-TcO2-4l-110-CH3 (substrate=oxide)

[9051/9762] reaction_id=9051: Au-TiO2-4l-110-CH4 -> Au-TiO2-4l-110-CH3 (substrate=oxide)

[9052/9762] reaction_id=9052: Au-VO2-4l-110-CH4 -> Au-VO2-4l-110-CH3 (substrate=oxide)

[9053/9762] reaction_id=9053: Au-WO2-4l-110-CH4 -> Au-WO2-4l-110-CH3 (substrate=oxide)

[9054/9762] reaction_id=9054: Au-ZrO2-4l-110-CH4 -> Au-ZrO2-4l-110-CH3 (substrate=oxide)

[9055/9762] reaction_id=9055: Bi-BiO2-4l-110-CH4 -> Bi-BiO2-4l-110-CH3 (substrate=oxide)

[9056/9762] reaction_id=9056: Bi-CrO2-4l-110-CH4 -> Bi-CrO2-4l-110-CH3 (substrate=oxide)

[9057/9762] reaction_id=9057: Bi-FeO2-4l-110-CH4 -> Bi-FeO2-4l-110-CH3 (substrate=oxide)

[9058/9762] reaction_id=9058: Bi-GeO2-4l-110-CH4 -> Bi-GeO2-4l-110-CH3 (substrate=oxide)

[9059/9762] reaction_id=9059: Bi-HfO2-4l-110-CH4 -> Bi-HfO2-4l-110-CH3 (substrate=oxide)

[9060/9762] reaction_id=9060: Bi-IrO2-4l-110-CH4 -> Bi-IrO2-4l-110-CH3 (substrate=oxide)

[9061/9762] reaction_id=9061: Bi-MnO2-4l-110-CH4 -> Bi-MnO2-4l-110-CH3 (substrate=oxide)

[9062/9762] reaction_id=9062: Bi-MoO2-4l-110-CH4 -> Bi-MoO2-4l-110-CH3 (substrate=oxide)

[9063/9762] reaction_id=9063: Bi-NbO2-4l-110-CH4 -> Bi-NbO2-4l-110-CH3 (substrate=oxide)

[9064/9762] reaction_id=9064: Bi-OsO2-4l-110-CH4 -> Bi-OsO2-4l-110-CH3 (substrate=oxide)

[9065/9762] reaction_id=9065: Bi-PbO2-4l-110-CH4 -> Bi-PbO2-4l-110-CH3 (substrate=oxide)

[9066/9762] reaction_id=9066: Bi-PdO2-4l-110-CH4 -> Bi-PdO2-4l-110-CH3 (substrate=oxide)

[9067/9762] reaction_id=9067: Bi-PtO2-4l-110-CH4 -> Bi-PtO2-4l-110-CH3 (substrate=oxide)

[9068/9762] reaction_id=9068: Bi-ReO2-4l-110-CH4 -> Bi-ReO2-4l-110-CH3 (substrate=oxide)

[9069/9762] reaction_id=9069: Bi-RhO2-4l-110-CH4 -> Bi-RhO2-4l-110-CH3 (substrate=oxide)

[9070/9762] reaction_id=9070: Bi-RuO2-4l-110-CH4 -> Bi-RuO2-4l-110-CH3 (substrate=oxide)

[9071/9762] reaction_id=9071: Bi-SnO2-4l-110-CH4 -> Bi-SnO2-4l-110-CH3 (substrate=oxide)

[9072/9762] reaction_id=9072: Bi-TaO2-4l-110-CH4 -> Bi-TaO2-4l-110-CH3 (substrate=oxide)

[9073/9762] reaction_id=9073: Bi-TcO2-4l-110-CH4 -> Bi-TcO2-4l-110-CH3 (substrate=oxide)

[9074/9762] reaction_id=9074: Bi-TiO2-4l-110-CH4 -> Bi-TiO2-4l-110-CH3 (substrate=oxide)

[9075/9762] reaction_id=9075: Bi-VO2-4l-110-CH4 -> Bi-VO2-4l-110-CH3 (substrate=oxide)

[9076/9762] reaction_id=9076: Bi-WO2-4l-110-CH4 -> Bi-WO2-4l-110-CH3 (substrate=oxide)

[9077/9762] reaction_id=9077: Bi-ZrO2-4l-110-CH4 -> Bi-ZrO2-4l-110-CH3 (substrate=oxide)

[9078/9762] reaction_id=9078: Cd-BiO2-4l-110-CH4 -> Cd-BiO2-4l-110-CH3 (substrate=oxide)

[9079/9762] reaction_id=9079: Cd-CrO2-4l-110-CH4 -> Cd-CrO2-4l-110-CH3 (substrate=oxide)

[9080/9762] reaction_id=9080: Cd-FeO2-4l-110-CH4 -> Cd-FeO2-4l-110-CH3 (substrate=oxide)

[9081/9762] reaction_id=9081: Cd-GeO2-4l-110-CH4 -> Cd-GeO2-4l-110-CH3 (substrate=oxide)

[9082/9762] reaction_id=9082: Cd-HfO2-4l-110-CH4 -> Cd-HfO2-4l-110-CH3 (substrate=oxide)

[9083/9762] reaction_id=9083: Cd-IrO2-4l-110-CH4 -> Cd-IrO2-4l-110-CH3 (substrate=oxide)

[9084/9762] reaction_id=9084: Cd-MnO2-4l-110-CH4 -> Cd-MnO2-4l-110-CH3 (substrate=oxide)

[9085/9762] reaction_id=9085: Cd-MoO2-4l-110-CH4 -> Cd-MoO2-4l-110-CH3 (substrate=oxide)

[9086/9762] reaction_id=9086: Cd-NbO2-4l-110-CH4 -> Cd-NbO2-4l-110-CH3 (substrate=oxide)

[9087/9762] reaction_id=9087: Cd-OsO2-4l-110-CH4 -> Cd-OsO2-4l-110-CH3 (substrate=oxide)

[9088/9762] reaction_id=9088: Cd-PbO2-4l-110-CH4 -> Cd-PbO2-4l-110-CH3 (substrate=oxide)

[9089/9762] reaction_id=9089: Cd-PdO2-4l-110-CH4 -> Cd-PdO2-4l-110-CH3 (substrate=oxide)

[9090/9762] reaction_id=9090: Cd-PtO2-4l-110-CH4 -> Cd-PtO2-4l-110-CH3 (substrate=oxide)

[9091/9762] reaction_id=9091: Cd-ReO2-4l-110-CH4 -> Cd-ReO2-4l-110-CH3 (substrate=oxide)

[9092/9762] reaction_id=9092: Cd-RhO2-4l-110-CH4 -> Cd-RhO2-4l-110-CH3 (substrate=oxide)

[9093/9762] reaction_id=9093: Cd-RuO2-4l-110-CH4 -> Cd-RuO2-4l-110-CH3 (substrate=oxide)

[9094/9762] reaction_id=9094: Cd-SnO2-4l-110-CH4 -> Cd-SnO2-4l-110-CH3 (substrate=oxide)

[9095/9762] reaction_id=9095: Cd-TaO2-4l-110-CH4 -> Cd-TaO2-4l-110-CH3 (substrate=oxide)

[9096/9762] reaction_id=9096: Cd-TcO2-4l-110-CH4 -> Cd-TcO2-4l-110-CH3 (substrate=oxide)

[9097/9762] reaction_id=9097: Cd-TiO2-4l-110-CH4 -> Cd-TiO2-4l-110-CH3 (substrate=oxide)

[9098/9762] reaction_id=9098: Cd-VO2-4l-110-CH4 -> Cd-VO2-4l-110-CH3 (substrate=oxide)

[9099/9762] reaction_id=9099: Cd-WO2-4l-110-CH4 -> Cd-WO2-4l-110-CH3 (substrate=oxide)

[9100/9762] reaction_id=9100: Cd-ZrO2-4l-110-CH4 -> Cd-ZrO2-4l-110-CH3 (substrate=oxide)

[9101/9762] reaction_id=9101: Co-BiO2-4l-110-CH4 -> Co-BiO2-4l-110-CH3 (substrate=oxide)

[9102/9762] reaction_id=9102: Co-CrO2-4l-110-CH4 -> Co-CrO2-4l-110-CH3 (substrate=oxide)

[9103/9762] reaction_id=9103: Co-FeO2-4l-110-CH4 -> Co-FeO2-4l-110-CH3 (substrate=oxide)

[9104/9762] reaction_id=9104: Co-GeO2-4l-110-CH4 -> Co-GeO2-4l-110-CH3 (substrate=oxide)

[9105/9762] reaction_id=9105: Co-HfO2-4l-110-CH4 -> Co-HfO2-4l-110-CH3 (substrate=oxide)

[9106/9762] reaction_id=9106: Co-IrO2-4l-110-CH4 -> Co-IrO2-4l-110-CH3 (substrate=oxide)

[9107/9762] reaction_id=9107: Co-MnO2-4l-110-CH4 -> Co-MnO2-4l-110-CH3 (substrate=oxide)

[9108/9762] reaction_id=9108: Co-MoO2-4l-110-CH4 -> Co-MoO2-4l-110-CH3 (substrate=oxide)

[9109/9762] reaction_id=9109: Co-NbO2-4l-110-CH4 -> Co-NbO2-4l-110-CH3 (substrate=oxide)

[9110/9762] reaction_id=9110: Co-OsO2-4l-110-CH4 -> Co-OsO2-4l-110-CH3 (substrate=oxide)

[9111/9762] reaction_id=9111: Co-PbO2-4l-110-CH4 -> Co-PbO2-4l-110-CH3 (substrate=oxide)

[9112/9762] reaction_id=9112: Co-PdO2-4l-110-CH4 -> Co-PdO2-4l-110-CH3 (substrate=oxide)

[9113/9762] reaction_id=9113: Co-PtO2-4l-110-CH4 -> Co-PtO2-4l-110-CH3 (substrate=oxide)

[9114/9762] reaction_id=9114: Co-ReO2-4l-110-CH4 -> Co-ReO2-4l-110-CH3 (substrate=oxide)

[9115/9762] reaction_id=9115: Co-RhO2-4l-110-CH4 -> Co-RhO2-4l-110-CH3 (substrate=oxide)

[9116/9762] reaction_id=9116: Co-RuO2-4l-110-CH4 -> Co-RuO2-4l-110-CH3 (substrate=oxide)

[9117/9762] reaction_id=9117: Co-SnO2-4l-110-CH4 -> Co-SnO2-4l-110-CH3 (substrate=oxide)

[9118/9762] reaction_id=9118: Co-TaO2-4l-110-CH4 -> Co-TaO2-4l-110-CH3 (substrate=oxide)

[9119/9762] reaction_id=9119: Co-TcO2-4l-110-CH4 -> Co-TcO2-4l-110-CH3 (substrate=oxide)

[9120/9762] reaction_id=9120: Co-TiO2-4l-110-CH4 -> Co-TiO2-4l-110-CH3 (substrate=oxide)

[9121/9762] reaction_id=9121: Co-VO2-4l-110-CH4 -> Co-VO2-4l-110-CH3 (substrate=oxide)

[9122/9762] reaction_id=9122: Co-WO2-4l-110-CH4 -> Co-WO2-4l-110-CH3 (substrate=oxide)

[9123/9762] reaction_id=9123: Co-ZrO2-4l-110-CH4 -> Co-ZrO2-4l-110-CH3 (substrate=oxide)

[9124/9762] reaction_id=9124: Cr-BiO2-4l-110-CH4 -> Cr-BiO2-4l-110-CH3 (substrate=oxide)

[9125/9762] reaction_id=9125: Cr-FeO2-4l-110-CH4 -> Cr-FeO2-4l-110-CH3 (substrate=oxide)

[9126/9762] reaction_id=9126: Cr-GeO2-4l-110-CH4 -> Cr-GeO2-4l-110-CH3 (substrate=oxide)

[9127/9762] reaction_id=9127: Cr-HfO2-4l-110-CH4 -> Cr-HfO2-4l-110-CH3 (substrate=oxide)

[9128/9762] reaction_id=9128: Cr-MnO2-4l-110-CH4 -> Cr-MnO2-4l-110-CH3 (substrate=oxide)

[9129/9762] reaction_id=9129: Cr-MoO2-4l-110-CH4 -> Cr-MoO2-4l-110-CH3 (substrate=oxide)

[9130/9762] reaction_id=9130: Cr-NbO2-4l-110-CH4 -> Cr-NbO2-4l-110-CH3 (substrate=oxide)

[9131/9762] reaction_id=9131: Cr-PbO2-4l-110-CH4 -> Cr-PbO2-4l-110-CH3 (substrate=oxide)

[9132/9762] reaction_id=9132: Cr-PdO2-4l-110-CH4 -> Cr-PdO2-4l-110-CH3 (substrate=oxide)

[9133/9762] reaction_id=9133: Cr-PtO2-4l-110-CH4 -> Cr-PtO2-4l-110-CH3 (substrate=oxide)

[9134/9762] reaction_id=9134: Cr-ReO2-4l-110-CH4 -> Cr-ReO2-4l-110-CH3 (substrate=oxide)

[9135/9762] reaction_id=9135: Cr-SnO2-4l-110-CH4 -> Cr-SnO2-4l-110-CH3 (substrate=oxide)

[9136/9762] reaction_id=9136: Cr-TaO2-4l-110-CH4 -> Cr-TaO2-4l-110-CH3 (substrate=oxide)

[9137/9762] reaction_id=9137: Cr-TcO2-4l-110-CH4 -> Cr-TcO2-4l-110-CH3 (substrate=oxide)

[9138/9762] reaction_id=9138: Cr-WO2-4l-110-CH4 -> Cr-WO2-4l-110-CH3 (substrate=oxide)

[9139/9762] reaction_id=9139: Cr-ZrO2-4l-110-CH4 -> Cr-ZrO2-4l-110-CH3 (substrate=oxide)

[9140/9762] reaction_id=9140: Cu-BiO2-4l-110-CH4 -> Cu-BiO2-4l-110-CH3 (substrate=oxide)

[9141/9762] reaction_id=9141: Cu-CrO2-4l-110-CH4 -> Cu-CrO2-4l-110-CH3 (substrate=oxide)

[9142/9762] reaction_id=9142: Cu-FeO2-4l-110-CH4 -> Cu-FeO2-4l-110-CH3 (substrate=oxide)

[9143/9762] reaction_id=9143: Cu-GeO2-4l-110-CH4 -> Cu-GeO2-4l-110-CH3 (substrate=oxide)

[9144/9762] reaction_id=9144: Cu-HfO2-4l-110-CH4 -> Cu-HfO2-4l-110-CH3 (substrate=oxide)

[9145/9762] reaction_id=9145: Cu-IrO2-4l-110-CH4 -> Cu-IrO2-4l-110-CH3 (substrate=oxide)

[9146/9762] reaction_id=9146: Cu-MnO2-4l-110-CH4 -> Cu-MnO2-4l-110-CH3 (substrate=oxide)

[9147/9762] reaction_id=9147: Cu-MoO2-4l-110-CH4 -> Cu-MoO2-4l-110-CH3 (substrate=oxide)

[9148/9762] reaction_id=9148: Cu-NbO2-4l-110-CH4 -> Cu-NbO2-4l-110-CH3 (substrate=oxide)

[9149/9762] reaction_id=9149: Cu-OsO2-4l-110-CH4 -> Cu-OsO2-4l-110-CH3 (substrate=oxide)

[9150/9762] reaction_id=9150: Cu-PbO2-4l-110-CH4 -> Cu-PbO2-4l-110-CH3 (substrate=oxide)

[9151/9762] reaction_id=9151: Cu-PdO2-4l-110-CH4 -> Cu-PdO2-4l-110-CH3 (substrate=oxide)

[9152/9762] reaction_id=9152: Cu-PtO2-4l-110-CH4 -> Cu-PtO2-4l-110-CH3 (substrate=oxide)

[9153/9762] reaction_id=9153: Cu-ReO2-4l-110-CH4 -> Cu-ReO2-4l-110-CH3 (substrate=oxide)

[9154/9762] reaction_id=9154: Cu-RhO2-4l-110-CH4 -> Cu-RhO2-4l-110-CH3 (substrate=oxide)

[9155/9762] reaction_id=9155: Cu-RuO2-4l-110-CH4 -> Cu-RuO2-4l-110-CH3 (substrate=oxide)

[9156/9762] reaction_id=9156: Cu-SnO2-4l-110-CH4 -> Cu-SnO2-4l-110-CH3 (substrate=oxide)

[9157/9762] reaction_id=9157: Cu-TaO2-4l-110-CH4 -> Cu-TaO2-4l-110-CH3 (substrate=oxide)

[9158/9762] reaction_id=9158: Cu-TcO2-4l-110-CH4 -> Cu-TcO2-4l-110-CH3 (substrate=oxide)

[9159/9762] reaction_id=9159: Cu-TiO2-4l-110-CH4 -> Cu-TiO2-4l-110-CH3 (substrate=oxide)

[9160/9762] reaction_id=9160: Cu-VO2-4l-110-CH4 -> Cu-VO2-4l-110-CH3 (substrate=oxide)

[9161/9762] reaction_id=9161: Cu-WO2-4l-110-CH4 -> Cu-WO2-4l-110-CH3 (substrate=oxide)

[9162/9762] reaction_id=9162: Cu-ZrO2-4l-110-CH4 -> Cu-ZrO2-4l-110-CH3 (substrate=oxide)

[9163/9762] reaction_id=9163: Fe-BiO2-4l-110-CH4 -> Fe-BiO2-4l-110-CH3 (substrate=oxide)

[9164/9762] reaction_id=9164: Fe-CrO2-4l-110-CH4 -> Fe-CrO2-4l-110-CH3 (substrate=oxide)

[9165/9762] reaction_id=9165: Fe-FeO2-4l-110-CH4 -> Fe-FeO2-4l-110-CH3 (substrate=oxide)

[9166/9762] reaction_id=9166: Fe-GeO2-4l-110-CH4 -> Fe-GeO2-4l-110-CH3 (substrate=oxide)

[9167/9762] reaction_id=9167: Fe-HfO2-4l-110-CH4 -> Fe-HfO2-4l-110-CH3 (substrate=oxide)

[9168/9762] reaction_id=9168: Fe-IrO2-4l-110-CH4 -> Fe-IrO2-4l-110-CH3 (substrate=oxide)

[9169/9762] reaction_id=9169: Fe-MnO2-4l-110-CH4 -> Fe-MnO2-4l-110-CH3 (substrate=oxide)

[9170/9762] reaction_id=9170: Fe-MoO2-4l-110-CH4 -> Fe-MoO2-4l-110-CH3 (substrate=oxide)

[9171/9762] reaction_id=9171: Fe-NbO2-4l-110-CH4 -> Fe-NbO2-4l-110-CH3 (substrate=oxide)

[9172/9762] reaction_id=9172: Fe-OsO2-4l-110-CH4 -> Fe-OsO2-4l-110-CH3 (substrate=oxide)

[9173/9762] reaction_id=9173: Fe-PbO2-4l-110-CH4 -> Fe-PbO2-4l-110-CH3 (substrate=oxide)

[9174/9762] reaction_id=9174: Fe-PdO2-4l-110-CH4 -> Fe-PdO2-4l-110-CH3 (substrate=oxide)

[9175/9762] reaction_id=9175: Fe-PtO2-4l-110-CH4 -> Fe-PtO2-4l-110-CH3 (substrate=oxide)

[9176/9762] reaction_id=9176: Fe-ReO2-4l-110-CH4 -> Fe-ReO2-4l-110-CH3 (substrate=oxide)

[9177/9762] reaction_id=9177: Fe-RhO2-4l-110-CH4 -> Fe-RhO2-4l-110-CH3 (substrate=oxide)

[9178/9762] reaction_id=9178: Fe-RuO2-4l-110-CH4 -> Fe-RuO2-4l-110-CH3 (substrate=oxide)

[9179/9762] reaction_id=9179: Fe-SnO2-4l-110-CH4 -> Fe-SnO2-4l-110-CH3 (substrate=oxide)

[9180/9762] reaction_id=9180: Fe-TaO2-4l-110-CH4 -> Fe-TaO2-4l-110-CH3 (substrate=oxide)

[9181/9762] reaction_id=9181: Fe-TcO2-4l-110-CH4 -> Fe-TcO2-4l-110-CH3 (substrate=oxide)

[9182/9762] reaction_id=9182: Fe-TiO2-4l-110-CH4 -> Fe-TiO2-4l-110-CH3 (substrate=oxide)

[9183/9762] reaction_id=9183: Fe-VO2-4l-110-CH4 -> Fe-VO2-4l-110-CH3 (substrate=oxide)

[9184/9762] reaction_id=9184: Fe-WO2-4l-110-CH4 -> Fe-WO2-4l-110-CH3 (substrate=oxide)

[9185/9762] reaction_id=9185: Fe-ZrO2-4l-110-CH4 -> Fe-ZrO2-4l-110-CH3 (substrate=oxide)

[9186/9762] reaction_id=9186: Ga-BiO2-4l-110-CH4 -> Ga-BiO2-4l-110-CH3 (substrate=oxide)

[9187/9762] reaction_id=9187: Ga-CrO2-4l-110-CH4 -> Ga-CrO2-4l-110-CH3 (substrate=oxide)

[9188/9762] reaction_id=9188: Ga-FeO2-4l-110-CH4 -> Ga-FeO2-4l-110-CH3 (substrate=oxide)

[9189/9762] reaction_id=9189: Ga-GeO2-4l-110-CH4 -> Ga-GeO2-4l-110-CH3 (substrate=oxide)

[9190/9762] reaction_id=9190: Ga-HfO2-4l-110-CH4 -> Ga-HfO2-4l-110-CH3 (substrate=oxide)

[9191/9762] reaction_id=9191: Ga-IrO2-4l-110-CH4 -> Ga-IrO2-4l-110-CH3 (substrate=oxide)

[9192/9762] reaction_id=9192: Ga-MnO2-4l-110-CH4 -> Ga-MnO2-4l-110-CH3 (substrate=oxide)

[9193/9762] reaction_id=9193: Ga-MoO2-4l-110-CH4 -> Ga-MoO2-4l-110-CH3 (substrate=oxide)

[9194/9762] reaction_id=9194: Ga-NbO2-4l-110-CH4 -> Ga-NbO2-4l-110-CH3 (substrate=oxide)

[9195/9762] reaction_id=9195: Ga-OsO2-4l-110-CH4 -> Ga-OsO2-4l-110-CH3 (substrate=oxide)

[9196/9762] reaction_id=9196: Ga-PbO2-4l-110-CH4 -> Ga-PbO2-4l-110-CH3 (substrate=oxide)

[9197/9762] reaction_id=9197: Ga-PdO2-4l-110-CH4 -> Ga-PdO2-4l-110-CH3 (substrate=oxide)

[9198/9762] reaction_id=9198: Ga-PtO2-4l-110-CH4 -> Ga-PtO2-4l-110-CH3 (substrate=oxide)

[9199/9762] reaction_id=9199: Ga-ReO2-4l-110-CH4 -> Ga-ReO2-4l-110-CH3 (substrate=oxide)

[9200/9762] reaction_id=9200: Ga-RhO2-4l-110-CH4 -> Ga-RhO2-4l-110-CH3 (substrate=oxide)

[9201/9762] reaction_id=9201: Ga-RuO2-4l-110-CH4 -> Ga-RuO2-4l-110-CH3 (substrate=oxide)

[9202/9762] reaction_id=9202: Ga-SnO2-4l-110-CH4 -> Ga-SnO2-4l-110-CH3 (substrate=oxide)

[9203/9762] reaction_id=9203: Ga-TaO2-4l-110-CH4 -> Ga-TaO2-4l-110-CH3 (substrate=oxide)

[9204/9762] reaction_id=9204: Ga-TcO2-4l-110-CH4 -> Ga-TcO2-4l-110-CH3 (substrate=oxide)

[9205/9762] reaction_id=9205: Ga-TiO2-4l-110-CH4 -> Ga-TiO2-4l-110-CH3 (substrate=oxide)

[9206/9762] reaction_id=9206: Ga-VO2-4l-110-CH4 -> Ga-VO2-4l-110-CH3 (substrate=oxide)

[9207/9762] reaction_id=9207: Ga-WO2-4l-110-CH4 -> Ga-WO2-4l-110-CH3 (substrate=oxide)

[9208/9762] reaction_id=9208: Ga-ZrO2-4l-110-CH4 -> Ga-ZrO2-4l-110-CH3 (substrate=oxide)

[9209/9762] reaction_id=9209: Ge-BiO2-4l-110-CH4 -> Ge-BiO2-4l-110-CH3 (substrate=oxide)

[9210/9762] reaction_id=9210: Ge-FeO2-4l-110-CH4 -> Ge-FeO2-4l-110-CH3 (substrate=oxide)

[9211/9762] reaction_id=9211: Ge-GeO2-4l-110-CH4 -> Ge-GeO2-4l-110-CH3 (substrate=oxide)

[9212/9762] reaction_id=9212: Ge-HfO2-4l-110-CH4 -> Ge-HfO2-4l-110-CH3 (substrate=oxide)

[9213/9762] reaction_id=9213: Ge-IrO2-4l-110-CH4 -> Ge-IrO2-4l-110-CH3 (substrate=oxide)

[9214/9762] reaction_id=9214: Ge-MnO2-4l-110-CH4 -> Ge-MnO2-4l-110-CH3 (substrate=oxide)

[9215/9762] reaction_id=9215: Ge-MoO2-4l-110-CH4 -> Ge-MoO2-4l-110-CH3 (substrate=oxide)

[9216/9762] reaction_id=9216: Ge-NbO2-4l-110-CH4 -> Ge-NbO2-4l-110-CH3 (substrate=oxide)

[9217/9762] reaction_id=9217: Ge-OsO2-4l-110-CH4 -> Ge-OsO2-4l-110-CH3 (substrate=oxide)

[9218/9762] reaction_id=9218: Ge-PbO2-4l-110-CH4 -> Ge-PbO2-4l-110-CH3 (substrate=oxide)

[9219/9762] reaction_id=9219: Ge-PdO2-4l-110-CH4 -> Ge-PdO2-4l-110-CH3 (substrate=oxide)

[9220/9762] reaction_id=9220: Ge-PtO2-4l-110-CH4 -> Ge-PtO2-4l-110-CH3 (substrate=oxide)

[9221/9762] reaction_id=9221: Ge-ReO2-4l-110-CH4 -> Ge-ReO2-4l-110-CH3 (substrate=oxide)

[9222/9762] reaction_id=9222: Ge-RuO2-4l-110-CH4 -> Ge-RuO2-4l-110-CH3 (substrate=oxide)

[9223/9762] reaction_id=9223: Ge-SnO2-4l-110-CH4 -> Ge-SnO2-4l-110-CH3 (substrate=oxide)

[9224/9762] reaction_id=9224: Ge-TaO2-4l-110-CH4 -> Ge-TaO2-4l-110-CH3 (substrate=oxide)

[9225/9762] reaction_id=9225: Ge-TcO2-4l-110-CH4 -> Ge-TcO2-4l-110-CH3 (substrate=oxide)

[9226/9762] reaction_id=9226: Ge-VO2-4l-110-CH4 -> Ge-VO2-4l-110-CH3 (substrate=oxide)

[9227/9762] reaction_id=9227: Ge-WO2-4l-110-CH4 -> Ge-WO2-4l-110-CH3 (substrate=oxide)

[9228/9762] reaction_id=9228: Ge-ZrO2-4l-110-CH4 -> Ge-ZrO2-4l-110-CH3 (substrate=oxide)

[9229/9762] reaction_id=9229: Hf-BiO2-4l-110-CH4 -> Hf-BiO2-4l-110-CH3 (substrate=oxide)

[9230/9762] reaction_id=9230: Hf-CrO2-4l-110-CH4 -> Hf-CrO2-4l-110-CH3 (substrate=oxide)

[9231/9762] reaction_id=9231: Hf-FeO2-4l-110-CH4 -> Hf-FeO2-4l-110-CH3 (substrate=oxide)

[9232/9762] reaction_id=9232: Hf-GeO2-4l-110-CH4 -> Hf-GeO2-4l-110-CH3 (substrate=oxide)

[9233/9762] reaction_id=9233: Hf-HfO2-4l-110-CH4 -> Hf-HfO2-4l-110-CH3 (substrate=oxide)

[9234/9762] reaction_id=9234: Hf-IrO2-4l-110-CH4 -> Hf-IrO2-4l-110-CH3 (substrate=oxide)

[9235/9762] reaction_id=9235: Hf-MnO2-4l-110-CH4 -> Hf-MnO2-4l-110-CH3 (substrate=oxide)

[9236/9762] reaction_id=9236: Hf-MoO2-4l-110-CH4 -> Hf-MoO2-4l-110-CH3 (substrate=oxide)

[9237/9762] reaction_id=9237: Hf-NbO2-4l-110-CH4 -> Hf-NbO2-4l-110-CH3 (substrate=oxide)

[9238/9762] reaction_id=9238: Hf-OsO2-4l-110-CH4 -> Hf-OsO2-4l-110-CH3 (substrate=oxide)

[9239/9762] reaction_id=9239: Hf-PbO2-4l-110-CH4 -> Hf-PbO2-4l-110-CH3 (substrate=oxide)

[9240/9762] reaction_id=9240: Hf-PdO2-4l-110-CH4 -> Hf-PdO2-4l-110-CH3 (substrate=oxide)

[9241/9762] reaction_id=9241: Hf-PtO2-4l-110-CH4 -> Hf-PtO2-4l-110-CH3 (substrate=oxide)

[9242/9762] reaction_id=9242: Hf-ReO2-4l-110-CH4 -> Hf-ReO2-4l-110-CH3 (substrate=oxide)

[9243/9762] reaction_id=9243: Hf-RhO2-4l-110-CH4 -> Hf-RhO2-4l-110-CH3 (substrate=oxide)

[9244/9762] reaction_id=9244: Hf-RuO2-4l-110-CH4 -> Hf-RuO2-4l-110-CH3 (substrate=oxide)

[9245/9762] reaction_id=9245: Hf-SnO2-4l-110-CH4 -> Hf-SnO2-4l-110-CH3 (substrate=oxide)

[9246/9762] reaction_id=9246: Hf-TaO2-4l-110-CH4 -> Hf-TaO2-4l-110-CH3 (substrate=oxide)

[9247/9762] reaction_id=9247: Hf-TcO2-4l-110-CH4 -> Hf-TcO2-4l-110-CH3 (substrate=oxide)

[9248/9762] reaction_id=9248: Hf-TiO2-4l-110-CH4 -> Hf-TiO2-4l-110-CH3 (substrate=oxide)

[9249/9762] reaction_id=9249: Hf-VO2-4l-110-CH4 -> Hf-VO2-4l-110-CH3 (substrate=oxide)

[9250/9762] reaction_id=9250: Hf-WO2-4l-110-CH4 -> Hf-WO2-4l-110-CH3 (substrate=oxide)

[9251/9762] reaction_id=9251: Hf-ZrO2-4l-110-CH4 -> Hf-ZrO2-4l-110-CH3 (substrate=oxide)

[9252/9762] reaction_id=9252: In-BiO2-4l-110-CH4 -> In-BiO2-4l-110-CH3 (substrate=oxide)

[9253/9762] reaction_id=9253: In-CrO2-4l-110-CH4 -> In-CrO2-4l-110-CH3 (substrate=oxide)

[9254/9762] reaction_id=9254: In-FeO2-4l-110-CH4 -> In-FeO2-4l-110-CH3 (substrate=oxide)

[9255/9762] reaction_id=9255: In-GeO2-4l-110-CH4 -> In-GeO2-4l-110-CH3 (substrate=oxide)

[9256/9762] reaction_id=9256: In-HfO2-4l-110-CH4 -> In-HfO2-4l-110-CH3 (substrate=oxide)

[9257/9762] reaction_id=9257: In-IrO2-4l-110-CH4 -> In-IrO2-4l-110-CH3 (substrate=oxide)

[9258/9762] reaction_id=9258: In-MnO2-4l-110-CH4 -> In-MnO2-4l-110-CH3 (substrate=oxide)

[9259/9762] reaction_id=9259: In-MoO2-4l-110-CH4 -> In-MoO2-4l-110-CH3 (substrate=oxide)

[9260/9762] reaction_id=9260: In-NbO2-4l-110-CH4 -> In-NbO2-4l-110-CH3 (substrate=oxide)

[9261/9762] reaction_id=9261: In-OsO2-4l-110-CH4 -> In-OsO2-4l-110-CH3 (substrate=oxide)

[9262/9762] reaction_id=9262: In-PbO2-4l-110-CH4 -> In-PbO2-4l-110-CH3 (substrate=oxide)

[9263/9762] reaction_id=9263: In-PdO2-4l-110-CH4 -> In-PdO2-4l-110-CH3 (substrate=oxide)

[9264/9762] reaction_id=9264: In-PtO2-4l-110-CH4 -> In-PtO2-4l-110-CH3 (substrate=oxide)

[9265/9762] reaction_id=9265: In-ReO2-4l-110-CH4 -> In-ReO2-4l-110-CH3 (substrate=oxide)

[9266/9762] reaction_id=9266: In-RhO2-4l-110-CH4 -> In-RhO2-4l-110-CH3 (substrate=oxide)

[9267/9762] reaction_id=9267: In-RuO2-4l-110-CH4 -> In-RuO2-4l-110-CH3 (substrate=oxide)

[9268/9762] reaction_id=9268: In-SnO2-4l-110-CH4 -> In-SnO2-4l-110-CH3 (substrate=oxide)

[9269/9762] reaction_id=9269: In-TaO2-4l-110-CH4 -> In-TaO2-4l-110-CH3 (substrate=oxide)

[9270/9762] reaction_id=9270: In-TcO2-4l-110-CH4 -> In-TcO2-4l-110-CH3 (substrate=oxide)

[9271/9762] reaction_id=9271: In-TiO2-4l-110-CH4 -> In-TiO2-4l-110-CH3 (substrate=oxide)

[9272/9762] reaction_id=9272: In-VO2-4l-110-CH4 -> In-VO2-4l-110-CH3 (substrate=oxide)

[9273/9762] reaction_id=9273: In-WO2-4l-110-CH4 -> In-WO2-4l-110-CH3 (substrate=oxide)

[9274/9762] reaction_id=9274: In-ZrO2-4l-110-CH4 -> In-ZrO2-4l-110-CH3 (substrate=oxide)

[9275/9762] reaction_id=9275: Ir-BiO2-4l-110-CH4 -> Ir-BiO2-4l-110-CH3 (substrate=oxide)

[9276/9762] reaction_id=9276: Ir-CrO2-4l-110-CH4 -> Ir-CrO2-4l-110-CH3 (substrate=oxide)

[9277/9762] reaction_id=9277: Ir-FeO2-4l-110-CH4 -> Ir-FeO2-4l-110-CH3 (substrate=oxide)

[9278/9762] reaction_id=9278: Ir-GeO2-4l-110-CH4 -> Ir-GeO2-4l-110-CH3 (substrate=oxide)

[9279/9762] reaction_id=9279: Ir-HfO2-4l-110-CH4 -> Ir-HfO2-4l-110-CH3 (substrate=oxide)

[9280/9762] reaction_id=9280: Ir-IrO2-4l-110-CH4 -> Ir-IrO2-4l-110-CH3 (substrate=oxide)

[9281/9762] reaction_id=9281: Ir-MnO2-4l-110-CH4 -> Ir-MnO2-4l-110-CH3 (substrate=oxide)

[9282/9762] reaction_id=9282: Ir-MoO2-4l-110-CH4 -> Ir-MoO2-4l-110-CH3 (substrate=oxide)

[9283/9762] reaction_id=9283: Ir-NbO2-4l-110-CH4 -> Ir-NbO2-4l-110-CH3 (substrate=oxide)

[9284/9762] reaction_id=9284: Ir-OsO2-4l-110-CH4 -> Ir-OsO2-4l-110-CH3 (substrate=oxide)

[9285/9762] reaction_id=9285: Ir-PbO2-4l-110-CH4 -> Ir-PbO2-4l-110-CH3 (substrate=oxide)

[9286/9762] reaction_id=9286: Ir-PdO2-4l-110-CH4 -> Ir-PdO2-4l-110-CH3 (substrate=oxide)

[9287/9762] reaction_id=9287: Ir-PtO2-4l-110-CH4 -> Ir-PtO2-4l-110-CH3 (substrate=oxide)

[9288/9762] reaction_id=9288: Ir-ReO2-4l-110-CH4 -> Ir-ReO2-4l-110-CH3 (substrate=oxide)

[9289/9762] reaction_id=9289: Ir-RhO2-4l-110-CH4 -> Ir-RhO2-4l-110-CH3 (substrate=oxide)

[9290/9762] reaction_id=9290: Ir-RuO2-4l-110-CH4 -> Ir-RuO2-4l-110-CH3 (substrate=oxide)

[9291/9762] reaction_id=9291: Ir-SnO2-4l-110-CH4 -> Ir-SnO2-4l-110-CH3 (substrate=oxide)

[9292/9762] reaction_id=9292: Ir-TaO2-4l-110-CH4 -> Ir-TaO2-4l-110-CH3 (substrate=oxide)

[9293/9762] reaction_id=9293: Ir-TcO2-4l-110-CH4 -> Ir-TcO2-4l-110-CH3 (substrate=oxide)

[9294/9762] reaction_id=9294: Ir-TiO2-4l-110-CH4 -> Ir-TiO2-4l-110-CH3 (substrate=oxide)

[9295/9762] reaction_id=9295: Ir-VO2-4l-110-CH4 -> Ir-VO2-4l-110-CH3 (substrate=oxide)

[9296/9762] reaction_id=9296: Ir-WO2-4l-110-CH4 -> Ir-WO2-4l-110-CH3 (substrate=oxide)

[9297/9762] reaction_id=9297: Ir-ZrO2-4l-110-CH4 -> Ir-ZrO2-4l-110-CH3 (substrate=oxide)

[9298/9762] reaction_id=9298: Mn-BiO2-4l-110-CH4 -> Mn-BiO2-4l-110-CH3 (substrate=oxide)

[9299/9762] reaction_id=9299: Mn-FeO2-4l-110-CH4 -> Mn-FeO2-4l-110-CH3 (substrate=oxide)

[9300/9762] reaction_id=9300: Mn-GeO2-4l-110-CH4 -> Mn-GeO2-4l-110-CH3 (substrate=oxide)

[9301/9762] reaction_id=9301: Mn-HfO2-4l-110-CH4 -> Mn-HfO2-4l-110-CH3 (substrate=oxide)

[9302/9762] reaction_id=9302: Mn-MnO2-4l-110-CH4 -> Mn-MnO2-4l-110-CH3 (substrate=oxide)

[9303/9762] reaction_id=9303: Mn-MoO2-4l-110-CH4 -> Mn-MoO2-4l-110-CH3 (substrate=oxide)

[9304/9762] reaction_id=9304: Mn-NbO2-4l-110-CH4 -> Mn-NbO2-4l-110-CH3 (substrate=oxide)

[9305/9762] reaction_id=9305: Mn-PbO2-4l-110-CH4 -> Mn-PbO2-4l-110-CH3 (substrate=oxide)

[9306/9762] reaction_id=9306: Mn-PdO2-4l-110-CH4 -> Mn-PdO2-4l-110-CH3 (substrate=oxide)

[9307/9762] reaction_id=9307: Mn-PtO2-4l-110-CH4 -> Mn-PtO2-4l-110-CH3 (substrate=oxide)

[9308/9762] reaction_id=9308: Mn-ReO2-4l-110-CH4 -> Mn-ReO2-4l-110-CH3 (substrate=oxide)

[9309/9762] reaction_id=9309: Mn-SnO2-4l-110-CH4 -> Mn-SnO2-4l-110-CH3 (substrate=oxide)

[9310/9762] reaction_id=9310: Mn-TaO2-4l-110-CH4 -> Mn-TaO2-4l-110-CH3 (substrate=oxide)

[9311/9762] reaction_id=9311: Mn-TcO2-4l-110-CH4 -> Mn-TcO2-4l-110-CH3 (substrate=oxide)

[9312/9762] reaction_id=9312: Mn-WO2-4l-110-CH4 -> Mn-WO2-4l-110-CH3 (substrate=oxide)

[9313/9762] reaction_id=9313: Mn-ZrO2-4l-110-CH4 -> Mn-ZrO2-4l-110-CH3 (substrate=oxide)

[9314/9762] reaction_id=9314: Mo-BiO2-4l-110-CH4 -> Mo-BiO2-4l-110-CH3 (substrate=oxide)

[9315/9762] reaction_id=9315: Mo-CrO2-4l-110-CH4 -> Mo-CrO2-4l-110-CH3 (substrate=oxide)

[9316/9762] reaction_id=9316: Mo-FeO2-4l-110-CH4 -> Mo-FeO2-4l-110-CH3 (substrate=oxide)

[9317/9762] reaction_id=9317: Mo-GeO2-4l-110-CH4 -> Mo-GeO2-4l-110-CH3 (substrate=oxide)

[9318/9762] reaction_id=9318: Mo-HfO2-4l-110-CH4 -> Mo-HfO2-4l-110-CH3 (substrate=oxide)

[9319/9762] reaction_id=9319: Mo-IrO2-4l-110-CH4 -> Mo-IrO2-4l-110-CH3 (substrate=oxide)

[9320/9762] reaction_id=9320: Mo-NbO2-4l-110-CH4 -> Mo-NbO2-4l-110-CH3 (substrate=oxide)

[9321/9762] reaction_id=9321: Mo-PbO2-4l-110-CH4 -> Mo-PbO2-4l-110-CH3 (substrate=oxide)

[9322/9762] reaction_id=9322: Mo-PdO2-4l-110-CH4 -> Mo-PdO2-4l-110-CH3 (substrate=oxide)

[9323/9762] reaction_id=9323: Mo-PtO2-4l-110-CH4 -> Mo-PtO2-4l-110-CH3 (substrate=oxide)

[9324/9762] reaction_id=9324: Mo-ReO2-4l-110-CH4 -> Mo-ReO2-4l-110-CH3 (substrate=oxide)

[9325/9762] reaction_id=9325: Mo-SnO2-4l-110-CH4 -> Mo-SnO2-4l-110-CH3 (substrate=oxide)

[9326/9762] reaction_id=9326: Mo-TaO2-4l-110-CH4 -> Mo-TaO2-4l-110-CH3 (substrate=oxide)

[9327/9762] reaction_id=9327: Mo-TcO2-4l-110-CH4 -> Mo-TcO2-4l-110-CH3 (substrate=oxide)

[9328/9762] reaction_id=9328: Mo-WO2-4l-110-CH4 -> Mo-WO2-4l-110-CH3 (substrate=oxide)

[9329/9762] reaction_id=9329: Mo-ZrO2-4l-110-CH4 -> Mo-ZrO2-4l-110-CH3 (substrate=oxide)

[9330/9762] reaction_id=9330: Nb-BiO2-4l-110-CH4 -> Nb-BiO2-4l-110-CH3 (substrate=oxide)

[9331/9762] reaction_id=9331: Nb-CrO2-4l-110-CH4 -> Nb-CrO2-4l-110-CH3 (substrate=oxide)

[9332/9762] reaction_id=9332: Nb-FeO2-4l-110-CH4 -> Nb-FeO2-4l-110-CH3 (substrate=oxide)

[9333/9762] reaction_id=9333: Nb-GeO2-4l-110-CH4 -> Nb-GeO2-4l-110-CH3 (substrate=oxide)

[9334/9762] reaction_id=9334: Nb-HfO2-4l-110-CH4 -> Nb-HfO2-4l-110-CH3 (substrate=oxide)

[9335/9762] reaction_id=9335: Nb-IrO2-4l-110-CH4 -> Nb-IrO2-4l-110-CH3 (substrate=oxide)

[9336/9762] reaction_id=9336: Nb-MnO2-4l-110-CH4 -> Nb-MnO2-4l-110-CH3 (substrate=oxide)

[9337/9762] reaction_id=9337: Nb-MoO2-4l-110-CH4 -> Nb-MoO2-4l-110-CH3 (substrate=oxide)

[9338/9762] reaction_id=9338: Nb-NbO2-4l-110-CH4 -> Nb-NbO2-4l-110-CH3 (substrate=oxide)

[9339/9762] reaction_id=9339: Nb-OsO2-4l-110-CH4 -> Nb-OsO2-4l-110-CH3 (substrate=oxide)

[9340/9762] reaction_id=9340: Nb-PbO2-4l-110-CH4 -> Nb-PbO2-4l-110-CH3 (substrate=oxide)

[9341/9762] reaction_id=9341: Nb-PdO2-4l-110-CH4 -> Nb-PdO2-4l-110-CH3 (substrate=oxide)

[9342/9762] reaction_id=9342: Nb-PtO2-4l-110-CH4 -> Nb-PtO2-4l-110-CH3 (substrate=oxide)

[9343/9762] reaction_id=9343: Nb-ReO2-4l-110-CH4 -> Nb-ReO2-4l-110-CH3 (substrate=oxide)

[9344/9762] reaction_id=9344: Nb-RhO2-4l-110-CH4 -> Nb-RhO2-4l-110-CH3 (substrate=oxide)

[9345/9762] reaction_id=9345: Nb-RuO2-4l-110-CH4 -> Nb-RuO2-4l-110-CH3 (substrate=oxide)

[9346/9762] reaction_id=9346: Nb-SnO2-4l-110-CH4 -> Nb-SnO2-4l-110-CH3 (substrate=oxide)

[9347/9762] reaction_id=9347: Nb-TaO2-4l-110-CH4 -> Nb-TaO2-4l-110-CH3 (substrate=oxide)

[9348/9762] reaction_id=9348: Nb-TcO2-4l-110-CH4 -> Nb-TcO2-4l-110-CH3 (substrate=oxide)

[9349/9762] reaction_id=9349: Nb-TiO2-4l-110-CH4 -> Nb-TiO2-4l-110-CH3 (substrate=oxide)

[9350/9762] reaction_id=9350: Nb-VO2-4l-110-CH4 -> Nb-VO2-4l-110-CH3 (substrate=oxide)

[9351/9762] reaction_id=9351: Nb-WO2-4l-110-CH4 -> Nb-WO2-4l-110-CH3 (substrate=oxide)

[9352/9762] reaction_id=9352: Nb-ZrO2-4l-110-CH4 -> Nb-ZrO2-4l-110-CH3 (substrate=oxide)

[9353/9762] reaction_id=9353: Ni-BiO2-4l-110-CH4 -> Ni-BiO2-4l-110-CH3 (substrate=oxide)

[9354/9762] reaction_id=9354: Ni-CrO2-4l-110-CH4 -> Ni-CrO2-4l-110-CH3 (substrate=oxide)

[9355/9762] reaction_id=9355: Ni-FeO2-4l-110-CH4 -> Ni-FeO2-4l-110-CH3 (substrate=oxide)

[9356/9762] reaction_id=9356: Ni-GeO2-4l-110-CH4 -> Ni-GeO2-4l-110-CH3 (substrate=oxide)

[9357/9762] reaction_id=9357: Ni-HfO2-4l-110-CH4 -> Ni-HfO2-4l-110-CH3 (substrate=oxide)

[9358/9762] reaction_id=9358: Ni-IrO2-4l-110-CH4 -> Ni-IrO2-4l-110-CH3 (substrate=oxide)

[9359/9762] reaction_id=9359: Ni-MnO2-4l-110-CH4 -> Ni-MnO2-4l-110-CH3 (substrate=oxide)

[9360/9762] reaction_id=9360: Ni-MoO2-4l-110-CH4 -> Ni-MoO2-4l-110-CH3 (substrate=oxide)

[9361/9762] reaction_id=9361: Ni-NbO2-4l-110-CH4 -> Ni-NbO2-4l-110-CH3 (substrate=oxide)

[9362/9762] reaction_id=9362: Ni-OsO2-4l-110-CH4 -> Ni-OsO2-4l-110-CH3 (substrate=oxide)

[9363/9762] reaction_id=9363: Ni-PbO2-4l-110-CH4 -> Ni-PbO2-4l-110-CH3 (substrate=oxide)

[9364/9762] reaction_id=9364: Ni-PdO2-4l-110-CH4 -> Ni-PdO2-4l-110-CH3 (substrate=oxide)

[9365/9762] reaction_id=9365: Ni-PtO2-4l-110-CH4 -> Ni-PtO2-4l-110-CH3 (substrate=oxide)

[9366/9762] reaction_id=9366: Ni-ReO2-4l-110-CH4 -> Ni-ReO2-4l-110-CH3 (substrate=oxide)

[9367/9762] reaction_id=9367: Ni-RhO2-4l-110-CH4 -> Ni-RhO2-4l-110-CH3 (substrate=oxide)

[9368/9762] reaction_id=9368: Ni-RuO2-4l-110-CH4 -> Ni-RuO2-4l-110-CH3 (substrate=oxide)

[9369/9762] reaction_id=9369: Ni-SnO2-4l-110-CH4 -> Ni-SnO2-4l-110-CH3 (substrate=oxide)

[9370/9762] reaction_id=9370: Ni-TaO2-4l-110-CH4 -> Ni-TaO2-4l-110-CH3 (substrate=oxide)

[9371/9762] reaction_id=9371: Ni-TcO2-4l-110-CH4 -> Ni-TcO2-4l-110-CH3 (substrate=oxide)

[9372/9762] reaction_id=9372: Ni-TiO2-4l-110-CH4 -> Ni-TiO2-4l-110-CH3 (substrate=oxide)

[9373/9762] reaction_id=9373: Ni-VO2-4l-110-CH4 -> Ni-VO2-4l-110-CH3 (substrate=oxide)

[9374/9762] reaction_id=9374: Ni-WO2-4l-110-CH4 -> Ni-WO2-4l-110-CH3 (substrate=oxide)

[9375/9762] reaction_id=9375: Ni-ZrO2-4l-110-CH4 -> Ni-ZrO2-4l-110-CH3 (substrate=oxide)

[9376/9762] reaction_id=9376: Os-BiO2-4l-110-CH4 -> Os-BiO2-4l-110-CH3 (substrate=oxide)

[9377/9762] reaction_id=9377: Os-FeO2-4l-110-CH4 -> Os-FeO2-4l-110-CH3 (substrate=oxide)

[9378/9762] reaction_id=9378: Os-GeO2-4l-110-CH4 -> Os-GeO2-4l-110-CH3 (substrate=oxide)

[9379/9762] reaction_id=9379: Os-HfO2-4l-110-CH4 -> Os-HfO2-4l-110-CH3 (substrate=oxide)

[9380/9762] reaction_id=9380: Os-IrO2-4l-110-CH4 -> Os-IrO2-4l-110-CH3 (substrate=oxide)

[9381/9762] reaction_id=9381: Os-MnO2-4l-110-CH4 -> Os-MnO2-4l-110-CH3 (substrate=oxide)

[9382/9762] reaction_id=9382: Os-MoO2-4l-110-CH4 -> Os-MoO2-4l-110-CH3 (substrate=oxide)

[9383/9762] reaction_id=9383: Os-NbO2-4l-110-CH4 -> Os-NbO2-4l-110-CH3 (substrate=oxide)

[9384/9762] reaction_id=9384: Os-OsO2-4l-110-CH4 -> Os-OsO2-4l-110-CH3 (substrate=oxide)

[9385/9762] reaction_id=9385: Os-PbO2-4l-110-CH4 -> Os-PbO2-4l-110-CH3 (substrate=oxide)

[9386/9762] reaction_id=9386: Os-PdO2-4l-110-CH4 -> Os-PdO2-4l-110-CH3 (substrate=oxide)

[9387/9762] reaction_id=9387: Os-PtO2-4l-110-CH4 -> Os-PtO2-4l-110-CH3 (substrate=oxide)

[9388/9762] reaction_id=9388: Os-ReO2-4l-110-CH4 -> Os-ReO2-4l-110-CH3 (substrate=oxide)

[9389/9762] reaction_id=9389: Os-RhO2-4l-110-CH4 -> Os-RhO2-4l-110-CH3 (substrate=oxide)

[9390/9762] reaction_id=9390: Os-RuO2-4l-110-CH4 -> Os-RuO2-4l-110-CH3 (substrate=oxide)

[9391/9762] reaction_id=9391: Os-SnO2-4l-110-CH4 -> Os-SnO2-4l-110-CH3 (substrate=oxide)

[9392/9762] reaction_id=9392: Os-TaO2-4l-110-CH4 -> Os-TaO2-4l-110-CH3 (substrate=oxide)

[9393/9762] reaction_id=9393: Os-TcO2-4l-110-CH4 -> Os-TcO2-4l-110-CH3 (substrate=oxide)

[9394/9762] reaction_id=9394: Os-TiO2-4l-110-CH4 -> Os-TiO2-4l-110-CH3 (substrate=oxide)

[9395/9762] reaction_id=9395: Os-WO2-4l-110-CH4 -> Os-WO2-4l-110-CH3 (substrate=oxide)

[9396/9762] reaction_id=9396: Os-ZrO2-4l-110-CH4 -> Os-ZrO2-4l-110-CH3 (substrate=oxide)

[9397/9762] reaction_id=9397: Pb-BiO2-4l-110-CH4 -> Pb-BiO2-4l-110-CH3 (substrate=oxide)

[9398/9762] reaction_id=9398: Pb-CrO2-4l-110-CH4 -> Pb-CrO2-4l-110-CH3 (substrate=oxide)

[9399/9762] reaction_id=9399: Pb-FeO2-4l-110-CH4 -> Pb-FeO2-4l-110-CH3 (substrate=oxide)

[9400/9762] reaction_id=9400: Pb-GeO2-4l-110-CH4 -> Pb-GeO2-4l-110-CH3 (substrate=oxide)

[9401/9762] reaction_id=9401: Pb-HfO2-4l-110-CH4 -> Pb-HfO2-4l-110-CH3 (substrate=oxide)

[9402/9762] reaction_id=9402: Pb-IrO2-4l-110-CH4 -> Pb-IrO2-4l-110-CH3 (substrate=oxide)

[9403/9762] reaction_id=9403: Pb-MnO2-4l-110-CH4 -> Pb-MnO2-4l-110-CH3 (substrate=oxide)

[9404/9762] reaction_id=9404: Pb-MoO2-4l-110-CH4 -> Pb-MoO2-4l-110-CH3 (substrate=oxide)

[9405/9762] reaction_id=9405: Pb-NbO2-4l-110-CH4 -> Pb-NbO2-4l-110-CH3 (substrate=oxide)

[9406/9762] reaction_id=9406: Pb-OsO2-4l-110-CH4 -> Pb-OsO2-4l-110-CH3 (substrate=oxide)

[9407/9762] reaction_id=9407: Pb-PbO2-4l-110-CH4 -> Pb-PbO2-4l-110-CH3 (substrate=oxide)

[9408/9762] reaction_id=9408: Pb-PdO2-4l-110-CH4 -> Pb-PdO2-4l-110-CH3 (substrate=oxide)

[9409/9762] reaction_id=9409: Pb-PtO2-4l-110-CH4 -> Pb-PtO2-4l-110-CH3 (substrate=oxide)

[9410/9762] reaction_id=9410: Pb-ReO2-4l-110-CH4 -> Pb-ReO2-4l-110-CH3 (substrate=oxide)

[9411/9762] reaction_id=9411: Pb-RhO2-4l-110-CH4 -> Pb-RhO2-4l-110-CH3 (substrate=oxide)

[9412/9762] reaction_id=9412: Pb-RuO2-4l-110-CH4 -> Pb-RuO2-4l-110-CH3 (substrate=oxide)

[9413/9762] reaction_id=9413: Pb-SnO2-4l-110-CH4 -> Pb-SnO2-4l-110-CH3 (substrate=oxide)

[9414/9762] reaction_id=9414: Pb-TaO2-4l-110-CH4 -> Pb-TaO2-4l-110-CH3 (substrate=oxide)

[9415/9762] reaction_id=9415: Pb-TcO2-4l-110-CH4 -> Pb-TcO2-4l-110-CH3 (substrate=oxide)

[9416/9762] reaction_id=9416: Pb-TiO2-4l-110-CH4 -> Pb-TiO2-4l-110-CH3 (substrate=oxide)

[9417/9762] reaction_id=9417: Pb-VO2-4l-110-CH4 -> Pb-VO2-4l-110-CH3 (substrate=oxide)

[9418/9762] reaction_id=9418: Pb-WO2-4l-110-CH4 -> Pb-WO2-4l-110-CH3 (substrate=oxide)

[9419/9762] reaction_id=9419: Pb-ZrO2-4l-110-CH4 -> Pb-ZrO2-4l-110-CH3 (substrate=oxide)

[9420/9762] reaction_id=9420: Pd-BiO2-4l-110-CH4 -> Pd-BiO2-4l-110-CH3 (substrate=oxide)

[9421/9762] reaction_id=9421: Pd-CrO2-4l-110-CH4 -> Pd-CrO2-4l-110-CH3 (substrate=oxide)

[9422/9762] reaction_id=9422: Pd-FeO2-4l-110-CH4 -> Pd-FeO2-4l-110-CH3 (substrate=oxide)

[9423/9762] reaction_id=9423: Pd-GeO2-4l-110-CH4 -> Pd-GeO2-4l-110-CH3 (substrate=oxide)

[9424/9762] reaction_id=9424: Pd-HfO2-4l-110-CH4 -> Pd-HfO2-4l-110-CH3 (substrate=oxide)

[9425/9762] reaction_id=9425: Pd-IrO2-4l-110-CH4 -> Pd-IrO2-4l-110-CH3 (substrate=oxide)

[9426/9762] reaction_id=9426: Pd-MnO2-4l-110-CH4 -> Pd-MnO2-4l-110-CH3 (substrate=oxide)

[9427/9762] reaction_id=9427: Pd-MoO2-4l-110-CH4 -> Pd-MoO2-4l-110-CH3 (substrate=oxide)

[9428/9762] reaction_id=9428: Pd-NbO2-4l-110-CH4 -> Pd-NbO2-4l-110-CH3 (substrate=oxide)

[9429/9762] reaction_id=9429: Pd-OsO2-4l-110-CH4 -> Pd-OsO2-4l-110-CH3 (substrate=oxide)

[9430/9762] reaction_id=9430: Pd-PbO2-4l-110-CH4 -> Pd-PbO2-4l-110-CH3 (substrate=oxide)

[9431/9762] reaction_id=9431: Pd-PdO2-4l-110-CH4 -> Pd-PdO2-4l-110-CH3 (substrate=oxide)

[9432/9762] reaction_id=9432: Pd-PtO2-4l-110-CH4 -> Pd-PtO2-4l-110-CH3 (substrate=oxide)

[9433/9762] reaction_id=9433: Pd-ReO2-4l-110-CH4 -> Pd-ReO2-4l-110-CH3 (substrate=oxide)

[9434/9762] reaction_id=9434: Pd-RhO2-4l-110-CH4 -> Pd-RhO2-4l-110-CH3 (substrate=oxide)

[9435/9762] reaction_id=9435: Pd-RuO2-4l-110-CH4 -> Pd-RuO2-4l-110-CH3 (substrate=oxide)

[9436/9762] reaction_id=9436: Pd-SnO2-4l-110-CH4 -> Pd-SnO2-4l-110-CH3 (substrate=oxide)

[9437/9762] reaction_id=9437: Pd-TaO2-4l-110-CH4 -> Pd-TaO2-4l-110-CH3 (substrate=oxide)

[9438/9762] reaction_id=9438: Pd-TcO2-4l-110-CH4 -> Pd-TcO2-4l-110-CH3 (substrate=oxide)

[9439/9762] reaction_id=9439: Pd-TiO2-4l-110-CH4 -> Pd-TiO2-4l-110-CH3 (substrate=oxide)

[9440/9762] reaction_id=9440: Pd-VO2-4l-110-CH4 -> Pd-VO2-4l-110-CH3 (substrate=oxide)

[9441/9762] reaction_id=9441: Pd-WO2-4l-110-CH4 -> Pd-WO2-4l-110-CH3 (substrate=oxide)

[9442/9762] reaction_id=9442: Pd-ZrO2-4l-110-CH4 -> Pd-ZrO2-4l-110-CH3 (substrate=oxide)

[9443/9762] reaction_id=9443: Pt-BiO2-4l-110-CH4 -> Pt-BiO2-4l-110-CH3 (substrate=oxide)

[9444/9762] reaction_id=9444: Pt-CrO2-4l-110-CH4 -> Pt-CrO2-4l-110-CH3 (substrate=oxide)

[9445/9762] reaction_id=9445: Pt-FeO2-4l-110-CH4 -> Pt-FeO2-4l-110-CH3 (substrate=oxide)

[9446/9762] reaction_id=9446: Pt-GeO2-4l-110-CH4 -> Pt-GeO2-4l-110-CH3 (substrate=oxide)

[9447/9762] reaction_id=9447: Pt-HfO2-4l-110-CH4 -> Pt-HfO2-4l-110-CH3 (substrate=oxide)

[9448/9762] reaction_id=9448: Pt-IrO2-4l-110-CH4 -> Pt-IrO2-4l-110-CH3 (substrate=oxide)

[9449/9762] reaction_id=9449: Pt-MnO2-4l-110-CH4 -> Pt-MnO2-4l-110-CH3 (substrate=oxide)

[9450/9762] reaction_id=9450: Pt-MoO2-4l-110-CH4 -> Pt-MoO2-4l-110-CH3 (substrate=oxide)

[9451/9762] reaction_id=9451: Pt-NbO2-4l-110-CH4 -> Pt-NbO2-4l-110-CH3 (substrate=oxide)

[9452/9762] reaction_id=9452: Pt-OsO2-4l-110-CH4 -> Pt-OsO2-4l-110-CH3 (substrate=oxide)

[9453/9762] reaction_id=9453: Pt-PbO2-4l-110-CH4 -> Pt-PbO2-4l-110-CH3 (substrate=oxide)

[9454/9762] reaction_id=9454: Pt-PdO2-4l-110-CH4 -> Pt-PdO2-4l-110-CH3 (substrate=oxide)

[9455/9762] reaction_id=9455: Pt-PtO2-4l-110-CH4 -> Pt-PtO2-4l-110-CH3 (substrate=oxide)

[9456/9762] reaction_id=9456: Pt-ReO2-4l-110-CH4 -> Pt-ReO2-4l-110-CH3 (substrate=oxide)

[9457/9762] reaction_id=9457: Pt-RhO2-4l-110-CH4 -> Pt-RhO2-4l-110-CH3 (substrate=oxide)

[9458/9762] reaction_id=9458: Pt-RuO2-4l-110-CH4 -> Pt-RuO2-4l-110-CH3 (substrate=oxide)

[9459/9762] reaction_id=9459: Pt-SnO2-4l-110-CH4 -> Pt-SnO2-4l-110-CH3 (substrate=oxide)

[9460/9762] reaction_id=9460: Pt-TaO2-4l-110-CH4 -> Pt-TaO2-4l-110-CH3 (substrate=oxide)

[9461/9762] reaction_id=9461: Pt-TcO2-4l-110-CH4 -> Pt-TcO2-4l-110-CH3 (substrate=oxide)

[9462/9762] reaction_id=9462: Pt-TiO2-4l-110-CH4 -> Pt-TiO2-4l-110-CH3 (substrate=oxide)

[9463/9762] reaction_id=9463: Pt-VO2-4l-110-CH4 -> Pt-VO2-4l-110-CH3 (substrate=oxide)

[9464/9762] reaction_id=9464: Pt-WO2-4l-110-CH4 -> Pt-WO2-4l-110-CH3 (substrate=oxide)

[9465/9762] reaction_id=9465: Pt-ZrO2-4l-110-CH4 -> Pt-ZrO2-4l-110-CH3 (substrate=oxide)

[9466/9762] reaction_id=9466: Re-BiO2-4l-110-CH4 -> Re-BiO2-4l-110-CH3 (substrate=oxide)

[9467/9762] reaction_id=9467: Re-CrO2-4l-110-CH4 -> Re-CrO2-4l-110-CH3 (substrate=oxide)

[9468/9762] reaction_id=9468: Re-FeO2-4l-110-CH4 -> Re-FeO2-4l-110-CH3 (substrate=oxide)

[9469/9762] reaction_id=9469: Re-GeO2-4l-110-CH4 -> Re-GeO2-4l-110-CH3 (substrate=oxide)

[9470/9762] reaction_id=9470: Re-HfO2-4l-110-CH4 -> Re-HfO2-4l-110-CH3 (substrate=oxide)

[9471/9762] reaction_id=9471: Re-IrO2-4l-110-CH4 -> Re-IrO2-4l-110-CH3 (substrate=oxide)

[9472/9762] reaction_id=9472: Re-MnO2-4l-110-CH4 -> Re-MnO2-4l-110-CH3 (substrate=oxide)

[9473/9762] reaction_id=9473: Re-MoO2-4l-110-CH4 -> Re-MoO2-4l-110-CH3 (substrate=oxide)

[9474/9762] reaction_id=9474: Re-NbO2-4l-110-CH4 -> Re-NbO2-4l-110-CH3 (substrate=oxide)

[9475/9762] reaction_id=9475: Re-OsO2-4l-110-CH4 -> Re-OsO2-4l-110-CH3 (substrate=oxide)

[9476/9762] reaction_id=9476: Re-PbO2-4l-110-CH4 -> Re-PbO2-4l-110-CH3 (substrate=oxide)

[9477/9762] reaction_id=9477: Re-PdO2-4l-110-CH4 -> Re-PdO2-4l-110-CH3 (substrate=oxide)

[9478/9762] reaction_id=9478: Re-PtO2-4l-110-CH4 -> Re-PtO2-4l-110-CH3 (substrate=oxide)

[9479/9762] reaction_id=9479: Re-ReO2-4l-110-CH4 -> Re-ReO2-4l-110-CH3 (substrate=oxide)

[9480/9762] reaction_id=9480: Re-RhO2-4l-110-CH4 -> Re-RhO2-4l-110-CH3 (substrate=oxide)

[9481/9762] reaction_id=9481: Re-RuO2-4l-110-CH4 -> Re-RuO2-4l-110-CH3 (substrate=oxide)

[9482/9762] reaction_id=9482: Re-SnO2-4l-110-CH4 -> Re-SnO2-4l-110-CH3 (substrate=oxide)

[9483/9762] reaction_id=9483: Re-TaO2-4l-110-CH4 -> Re-TaO2-4l-110-CH3 (substrate=oxide)

[9484/9762] reaction_id=9484: Re-TcO2-4l-110-CH4 -> Re-TcO2-4l-110-CH3 (substrate=oxide)

[9485/9762] reaction_id=9485: Re-TiO2-4l-110-CH4 -> Re-TiO2-4l-110-CH3 (substrate=oxide)

[9486/9762] reaction_id=9486: Re-VO2-4l-110-CH4 -> Re-VO2-4l-110-CH3 (substrate=oxide)

[9487/9762] reaction_id=9487: Re-WO2-4l-110-CH4 -> Re-WO2-4l-110-CH3 (substrate=oxide)

[9488/9762] reaction_id=9488: Re-ZrO2-4l-110-CH4 -> Re-ZrO2-4l-110-CH3 (substrate=oxide)

[9489/9762] reaction_id=9489: Rh-BiO2-4l-110-CH4 -> Rh-BiO2-4l-110-CH3 (substrate=oxide)

[9490/9762] reaction_id=9490: Rh-CrO2-4l-110-CH4 -> Rh-CrO2-4l-110-CH3 (substrate=oxide)

[9491/9762] reaction_id=9491: Rh-FeO2-4l-110-CH4 -> Rh-FeO2-4l-110-CH3 (substrate=oxide)

[9492/9762] reaction_id=9492: Rh-GeO2-4l-110-CH4 -> Rh-GeO2-4l-110-CH3 (substrate=oxide)

[9493/9762] reaction_id=9493: Rh-HfO2-4l-110-CH4 -> Rh-HfO2-4l-110-CH3 (substrate=oxide)

[9494/9762] reaction_id=9494: Rh-IrO2-4l-110-CH4 -> Rh-IrO2-4l-110-CH3 (substrate=oxide)

[9495/9762] reaction_id=9495: Rh-MnO2-4l-110-CH4 -> Rh-MnO2-4l-110-CH3 (substrate=oxide)

[9496/9762] reaction_id=9496: Rh-NbO2-4l-110-CH4 -> Rh-NbO2-4l-110-CH3 (substrate=oxide)

[9497/9762] reaction_id=9497: Rh-OsO2-4l-110-CH4 -> Rh-OsO2-4l-110-CH3 (substrate=oxide)

[9498/9762] reaction_id=9498: Rh-PbO2-4l-110-CH4 -> Rh-PbO2-4l-110-CH3 (substrate=oxide)

[9499/9762] reaction_id=9499: Rh-PdO2-4l-110-CH4 -> Rh-PdO2-4l-110-CH3 (substrate=oxide)

[9500/9762] reaction_id=9500: Rh-PtO2-4l-110-CH4 -> Rh-PtO2-4l-110-CH3 (substrate=oxide)

[9501/9762] reaction_id=9501: Rh-ReO2-4l-110-CH4 -> Rh-ReO2-4l-110-CH3 (substrate=oxide)

[9502/9762] reaction_id=9502: Rh-RhO2-4l-110-CH4 -> Rh-RhO2-4l-110-CH3 (substrate=oxide)

[9503/9762] reaction_id=9503: Rh-SnO2-4l-110-CH4 -> Rh-SnO2-4l-110-CH3 (substrate=oxide)

[9504/9762] reaction_id=9504: Rh-TaO2-4l-110-CH4 -> Rh-TaO2-4l-110-CH3 (substrate=oxide)

[9505/9762] reaction_id=9505: Rh-TcO2-4l-110-CH4 -> Rh-TcO2-4l-110-CH3 (substrate=oxide)

[9506/9762] reaction_id=9506: Rh-TiO2-4l-110-CH4 -> Rh-TiO2-4l-110-CH3 (substrate=oxide)

[9507/9762] reaction_id=9507: Rh-VO2-4l-110-CH4 -> Rh-VO2-4l-110-CH3 (substrate=oxide)

[9508/9762] reaction_id=9508: Rh-WO2-4l-110-CH4 -> Rh-WO2-4l-110-CH3 (substrate=oxide)

[9509/9762] reaction_id=9509: Rh-ZrO2-4l-110-CH4 -> Rh-ZrO2-4l-110-CH3 (substrate=oxide)

[9510/9762] reaction_id=9510: Ru-BiO2-4l-110-CH4 -> Ru-BiO2-4l-110-CH3 (substrate=oxide)

[9511/9762] reaction_id=9511: Ru-CrO2-4l-110-CH4 -> Ru-CrO2-4l-110-CH3 (substrate=oxide)

[9512/9762] reaction_id=9512: Ru-FeO2-4l-110-CH4 -> Ru-FeO2-4l-110-CH3 (substrate=oxide)

[9513/9762] reaction_id=9513: Ru-GeO2-4l-110-CH4 -> Ru-GeO2-4l-110-CH3 (substrate=oxide)

[9514/9762] reaction_id=9514: Ru-HfO2-4l-110-CH4 -> Ru-HfO2-4l-110-CH3 (substrate=oxide)

[9515/9762] reaction_id=9515: Ru-IrO2-4l-110-CH4 -> Ru-IrO2-4l-110-CH3 (substrate=oxide)

[9516/9762] reaction_id=9516: Ru-MnO2-4l-110-CH4 -> Ru-MnO2-4l-110-CH3 (substrate=oxide)

[9517/9762] reaction_id=9517: Ru-NbO2-4l-110-CH4 -> Ru-NbO2-4l-110-CH3 (substrate=oxide)

[9518/9762] reaction_id=9518: Ru-PbO2-4l-110-CH4 -> Ru-PbO2-4l-110-CH3 (substrate=oxide)

[9519/9762] reaction_id=9519: Ru-PdO2-4l-110-CH4 -> Ru-PdO2-4l-110-CH3 (substrate=oxide)

[9520/9762] reaction_id=9520: Ru-PtO2-4l-110-CH4 -> Ru-PtO2-4l-110-CH3 (substrate=oxide)

[9521/9762] reaction_id=9521: Ru-ReO2-4l-110-CH4 -> Ru-ReO2-4l-110-CH3 (substrate=oxide)

[9522/9762] reaction_id=9522: Ru-RhO2-4l-110-CH4 -> Ru-RhO2-4l-110-CH3 (substrate=oxide)

[9523/9762] reaction_id=9523: Ru-SnO2-4l-110-CH4 -> Ru-SnO2-4l-110-CH3 (substrate=oxide)

[9524/9762] reaction_id=9524: Ru-TaO2-4l-110-CH4 -> Ru-TaO2-4l-110-CH3 (substrate=oxide)

[9525/9762] reaction_id=9525: Ru-TcO2-4l-110-CH4 -> Ru-TcO2-4l-110-CH3 (substrate=oxide)

[9526/9762] reaction_id=9526: Ru-WO2-4l-110-CH4 -> Ru-WO2-4l-110-CH3 (substrate=oxide)

[9527/9762] reaction_id=9527: Ru-ZrO2-4l-110-CH4 -> Ru-ZrO2-4l-110-CH3 (substrate=oxide)

[9528/9762] reaction_id=9528: Sc-BiO2-4l-110-CH4 -> Sc-BiO2-4l-110-CH3 (substrate=oxide)

[9529/9762] reaction_id=9529: Sc-CrO2-4l-110-CH4 -> Sc-CrO2-4l-110-CH3 (substrate=oxide)

[9530/9762] reaction_id=9530: Sc-FeO2-4l-110-CH4 -> Sc-FeO2-4l-110-CH3 (substrate=oxide)

[9531/9762] reaction_id=9531: Sc-GeO2-4l-110-CH4 -> Sc-GeO2-4l-110-CH3 (substrate=oxide)

[9532/9762] reaction_id=9532: Sc-HfO2-4l-110-CH4 -> Sc-HfO2-4l-110-CH3 (substrate=oxide)

[9533/9762] reaction_id=9533: Sc-IrO2-4l-110-CH4 -> Sc-IrO2-4l-110-CH3 (substrate=oxide)

[9534/9762] reaction_id=9534: Sc-MnO2-4l-110-CH4 -> Sc-MnO2-4l-110-CH3 (substrate=oxide)

[9535/9762] reaction_id=9535: Sc-MoO2-4l-110-CH4 -> Sc-MoO2-4l-110-CH3 (substrate=oxide)

[9536/9762] reaction_id=9536: Sc-NbO2-4l-110-CH4 -> Sc-NbO2-4l-110-CH3 (substrate=oxide)

[9537/9762] reaction_id=9537: Sc-OsO2-4l-110-CH4 -> Sc-OsO2-4l-110-CH3 (substrate=oxide)

[9538/9762] reaction_id=9538: Sc-PbO2-4l-110-CH4 -> Sc-PbO2-4l-110-CH3 (substrate=oxide)

[9539/9762] reaction_id=9539: Sc-PdO2-4l-110-CH4 -> Sc-PdO2-4l-110-CH3 (substrate=oxide)

[9540/9762] reaction_id=9540: Sc-PtO2-4l-110-CH4 -> Sc-PtO2-4l-110-CH3 (substrate=oxide)

[9541/9762] reaction_id=9541: Sc-ReO2-4l-110-CH4 -> Sc-ReO2-4l-110-CH3 (substrate=oxide)

[9542/9762] reaction_id=9542: Sc-RhO2-4l-110-CH4 -> Sc-RhO2-4l-110-CH3 (substrate=oxide)

[9543/9762] reaction_id=9543: Sc-RuO2-4l-110-CH4 -> Sc-RuO2-4l-110-CH3 (substrate=oxide)

[9544/9762] reaction_id=9544: Sc-SnO2-4l-110-CH4 -> Sc-SnO2-4l-110-CH3 (substrate=oxide)

[9545/9762] reaction_id=9545: Sc-TaO2-4l-110-CH4 -> Sc-TaO2-4l-110-CH3 (substrate=oxide)

[9546/9762] reaction_id=9546: Sc-TcO2-4l-110-CH4 -> Sc-TcO2-4l-110-CH3 (substrate=oxide)

[9547/9762] reaction_id=9547: Sc-TiO2-4l-110-CH4 -> Sc-TiO2-4l-110-CH3 (substrate=oxide)

[9548/9762] reaction_id=9548: Sc-VO2-4l-110-CH4 -> Sc-VO2-4l-110-CH3 (substrate=oxide)

[9549/9762] reaction_id=9549: Sc-WO2-4l-110-CH4 -> Sc-WO2-4l-110-CH3 (substrate=oxide)

[9550/9762] reaction_id=9550: Sc-ZrO2-4l-110-CH4 -> Sc-ZrO2-4l-110-CH3 (substrate=oxide)

[9551/9762] reaction_id=9551: Sn-BiO2-4l-110-CH4 -> Sn-BiO2-4l-110-CH3 (substrate=oxide)

[9552/9762] reaction_id=9552: Sn-CrO2-4l-110-CH4 -> Sn-CrO2-4l-110-CH3 (substrate=oxide)

[9553/9762] reaction_id=9553: Sn-FeO2-4l-110-CH4 -> Sn-FeO2-4l-110-CH3 (substrate=oxide)

[9554/9762] reaction_id=9554: Sn-GeO2-4l-110-CH4 -> Sn-GeO2-4l-110-CH3 (substrate=oxide)

[9555/9762] reaction_id=9555: Sn-HfO2-4l-110-CH4 -> Sn-HfO2-4l-110-CH3 (substrate=oxide)

[9556/9762] reaction_id=9556: Sn-IrO2-4l-110-CH4 -> Sn-IrO2-4l-110-CH3 (substrate=oxide)

[9557/9762] reaction_id=9557: Sn-MnO2-4l-110-CH4 -> Sn-MnO2-4l-110-CH3 (substrate=oxide)

[9558/9762] reaction_id=9558: Sn-MoO2-4l-110-CH4 -> Sn-MoO2-4l-110-CH3 (substrate=oxide)

[9559/9762] reaction_id=9559: Sn-NbO2-4l-110-CH4 -> Sn-NbO2-4l-110-CH3 (substrate=oxide)

[9560/9762] reaction_id=9560: Sn-OsO2-4l-110-CH4 -> Sn-OsO2-4l-110-CH3 (substrate=oxide)

[9561/9762] reaction_id=9561: Sn-PbO2-4l-110-CH4 -> Sn-PbO2-4l-110-CH3 (substrate=oxide)

[9562/9762] reaction_id=9562: Sn-PdO2-4l-110-CH4 -> Sn-PdO2-4l-110-CH3 (substrate=oxide)

[9563/9762] reaction_id=9563: Sn-PtO2-4l-110-CH4 -> Sn-PtO2-4l-110-CH3 (substrate=oxide)

[9564/9762] reaction_id=9564: Sn-ReO2-4l-110-CH4 -> Sn-ReO2-4l-110-CH3 (substrate=oxide)

[9565/9762] reaction_id=9565: Sn-RhO2-4l-110-CH4 -> Sn-RhO2-4l-110-CH3 (substrate=oxide)

[9566/9762] reaction_id=9566: Sn-RuO2-4l-110-CH4 -> Sn-RuO2-4l-110-CH3 (substrate=oxide)

[9567/9762] reaction_id=9567: Sn-SnO2-4l-110-CH4 -> Sn-SnO2-4l-110-CH3 (substrate=oxide)

[9568/9762] reaction_id=9568: Sn-TaO2-4l-110-CH4 -> Sn-TaO2-4l-110-CH3 (substrate=oxide)

[9569/9762] reaction_id=9569: Sn-TcO2-4l-110-CH4 -> Sn-TcO2-4l-110-CH3 (substrate=oxide)

[9570/9762] reaction_id=9570: Sn-TiO2-4l-110-CH4 -> Sn-TiO2-4l-110-CH3 (substrate=oxide)

[9571/9762] reaction_id=9571: Sn-VO2-4l-110-CH4 -> Sn-VO2-4l-110-CH3 (substrate=oxide)

[9572/9762] reaction_id=9572: Sn-WO2-4l-110-CH4 -> Sn-WO2-4l-110-CH3 (substrate=oxide)

[9573/9762] reaction_id=9573: Sn-ZrO2-4l-110-CH4 -> Sn-ZrO2-4l-110-CH3 (substrate=oxide)

[9574/9762] reaction_id=9574: Ta-BiO2-4l-110-CH4 -> Ta-BiO2-4l-110-CH3 (substrate=oxide)

[9575/9762] reaction_id=9575: Ta-CrO2-4l-110-CH4 -> Ta-CrO2-4l-110-CH3 (substrate=oxide)

[9576/9762] reaction_id=9576: Ta-FeO2-4l-110-CH4 -> Ta-FeO2-4l-110-CH3 (substrate=oxide)

[9577/9762] reaction_id=9577: Ta-GeO2-4l-110-CH4 -> Ta-GeO2-4l-110-CH3 (substrate=oxide)

[9578/9762] reaction_id=9578: Ta-HfO2-4l-110-CH4 -> Ta-HfO2-4l-110-CH3 (substrate=oxide)

[9579/9762] reaction_id=9579: Ta-IrO2-4l-110-CH4 -> Ta-IrO2-4l-110-CH3 (substrate=oxide)

[9580/9762] reaction_id=9580: Ta-MnO2-4l-110-CH4 -> Ta-MnO2-4l-110-CH3 (substrate=oxide)

[9581/9762] reaction_id=9581: Ta-MoO2-4l-110-CH4 -> Ta-MoO2-4l-110-CH3 (substrate=oxide)

[9582/9762] reaction_id=9582: Ta-NbO2-4l-110-CH4 -> Ta-NbO2-4l-110-CH3 (substrate=oxide)

[9583/9762] reaction_id=9583: Ta-OsO2-4l-110-CH4 -> Ta-OsO2-4l-110-CH3 (substrate=oxide)

[9584/9762] reaction_id=9584: Ta-PbO2-4l-110-CH4 -> Ta-PbO2-4l-110-CH3 (substrate=oxide)

[9585/9762] reaction_id=9585: Ta-PdO2-4l-110-CH4 -> Ta-PdO2-4l-110-CH3 (substrate=oxide)

[9586/9762] reaction_id=9586: Ta-PtO2-4l-110-CH4 -> Ta-PtO2-4l-110-CH3 (substrate=oxide)

[9587/9762] reaction_id=9587: Ta-ReO2-4l-110-CH4 -> Ta-ReO2-4l-110-CH3 (substrate=oxide)

[9588/9762] reaction_id=9588: Ta-RhO2-4l-110-CH4 -> Ta-RhO2-4l-110-CH3 (substrate=oxide)

[9589/9762] reaction_id=9589: Ta-RuO2-4l-110-CH4 -> Ta-RuO2-4l-110-CH3 (substrate=oxide)

[9590/9762] reaction_id=9590: Ta-SnO2-4l-110-CH4 -> Ta-SnO2-4l-110-CH3 (substrate=oxide)

[9591/9762] reaction_id=9591: Ta-TaO2-4l-110-CH4 -> Ta-TaO2-4l-110-CH3 (substrate=oxide)

[9592/9762] reaction_id=9592: Ta-TcO2-4l-110-CH4 -> Ta-TcO2-4l-110-CH3 (substrate=oxide)

[9593/9762] reaction_id=9593: Ta-TiO2-4l-110-CH4 -> Ta-TiO2-4l-110-CH3 (substrate=oxide)

[9594/9762] reaction_id=9594: Ta-VO2-4l-110-CH4 -> Ta-VO2-4l-110-CH3 (substrate=oxide)

[9595/9762] reaction_id=9595: Ta-WO2-4l-110-CH4 -> Ta-WO2-4l-110-CH3 (substrate=oxide)

[9596/9762] reaction_id=9596: Ta-ZrO2-4l-110-CH4 -> Ta-ZrO2-4l-110-CH3 (substrate=oxide)

[9597/9762] reaction_id=9597: Tc-BiO2-4l-110-CH4 -> Tc-BiO2-4l-110-CH3 (substrate=oxide)

[9598/9762] reaction_id=9598: Tc-CrO2-4l-110-CH4 -> Tc-CrO2-4l-110-CH3 (substrate=oxide)

[9599/9762] reaction_id=9599: Tc-FeO2-4l-110-CH4 -> Tc-FeO2-4l-110-CH3 (substrate=oxide)

[9600/9762] reaction_id=9600: Tc-GeO2-4l-110-CH4 -> Tc-GeO2-4l-110-CH3 (substrate=oxide)

[9601/9762] reaction_id=9601: Tc-HfO2-4l-110-CH4 -> Tc-HfO2-4l-110-CH3 (substrate=oxide)

[9602/9762] reaction_id=9602: Tc-IrO2-4l-110-CH4 -> Tc-IrO2-4l-110-CH3 (substrate=oxide)

[9603/9762] reaction_id=9603: Tc-MnO2-4l-110-CH4 -> Tc-MnO2-4l-110-CH3 (substrate=oxide)

[9604/9762] reaction_id=9604: Tc-MoO2-4l-110-CH4 -> Tc-MoO2-4l-110-CH3 (substrate=oxide)

[9605/9762] reaction_id=9605: Tc-NbO2-4l-110-CH4 -> Tc-NbO2-4l-110-CH3 (substrate=oxide)

[9606/9762] reaction_id=9606: Tc-OsO2-4l-110-CH4 -> Tc-OsO2-4l-110-CH3 (substrate=oxide)

[9607/9762] reaction_id=9607: Tc-PbO2-4l-110-CH4 -> Tc-PbO2-4l-110-CH3 (substrate=oxide)

[9608/9762] reaction_id=9608: Tc-PdO2-4l-110-CH4 -> Tc-PdO2-4l-110-CH3 (substrate=oxide)

[9609/9762] reaction_id=9609: Tc-PtO2-4l-110-CH4 -> Tc-PtO2-4l-110-CH3 (substrate=oxide)

[9610/9762] reaction_id=9610: Tc-ReO2-4l-110-CH4 -> Tc-ReO2-4l-110-CH3 (substrate=oxide)

[9611/9762] reaction_id=9611: Tc-RhO2-4l-110-CH4 -> Tc-RhO2-4l-110-CH3 (substrate=oxide)

[9612/9762] reaction_id=9612: Tc-RuO2-4l-110-CH4 -> Tc-RuO2-4l-110-CH3 (substrate=oxide)

[9613/9762] reaction_id=9613: Tc-SnO2-4l-110-CH4 -> Tc-SnO2-4l-110-CH3 (substrate=oxide)

[9614/9762] reaction_id=9614: Tc-TaO2-4l-110-CH4 -> Tc-TaO2-4l-110-CH3 (substrate=oxide)

[9615/9762] reaction_id=9615: Tc-TcO2-4l-110-CH4 -> Tc-TcO2-4l-110-CH3 (substrate=oxide)

[9616/9762] reaction_id=9616: Tc-TiO2-4l-110-CH4 -> Tc-TiO2-4l-110-CH3 (substrate=oxide)

[9617/9762] reaction_id=9617: Tc-VO2-4l-110-CH4 -> Tc-VO2-4l-110-CH3 (substrate=oxide)

[9618/9762] reaction_id=9618: Tc-WO2-4l-110-CH4 -> Tc-WO2-4l-110-CH3 (substrate=oxide)

[9619/9762] reaction_id=9619: Tc-ZrO2-4l-110-CH4 -> Tc-ZrO2-4l-110-CH3 (substrate=oxide)

[9620/9762] reaction_id=9620: Ti-BiO2-4l-110-CH4 -> Ti-BiO2-4l-110-CH3 (substrate=oxide)

[9621/9762] reaction_id=9621: Ti-FeO2-4l-110-CH4 -> Ti-FeO2-4l-110-CH3 (substrate=oxide)

[9622/9762] reaction_id=9622: Ti-HfO2-4l-110-CH4 -> Ti-HfO2-4l-110-CH3 (substrate=oxide)

[9623/9762] reaction_id=9623: Ti-MnO2-4l-110-CH4 -> Ti-MnO2-4l-110-CH3 (substrate=oxide)

[9624/9762] reaction_id=9624: Ti-NbO2-4l-110-CH4 -> Ti-NbO2-4l-110-CH3 (substrate=oxide)

[9625/9762] reaction_id=9625: Ti-PbO2-4l-110-CH4 -> Ti-PbO2-4l-110-CH3 (substrate=oxide)

[9626/9762] reaction_id=9626: Ti-PdO2-4l-110-CH4 -> Ti-PdO2-4l-110-CH3 (substrate=oxide)

[9627/9762] reaction_id=9627: Ti-PtO2-4l-110-CH4 -> Ti-PtO2-4l-110-CH3 (substrate=oxide)

[9628/9762] reaction_id=9628: Ti-ReO2-4l-110-CH4 -> Ti-ReO2-4l-110-CH3 (substrate=oxide)

[9629/9762] reaction_id=9629: Ti-SnO2-4l-110-CH4 -> Ti-SnO2-4l-110-CH3 (substrate=oxide)

[9630/9762] reaction_id=9630: Ti-TaO2-4l-110-CH4 -> Ti-TaO2-4l-110-CH3 (substrate=oxide)

[9631/9762] reaction_id=9631: Ti-TcO2-4l-110-CH4 -> Ti-TcO2-4l-110-CH3 (substrate=oxide)

[9632/9762] reaction_id=9632: Ti-WO2-4l-110-CH4 -> Ti-WO2-4l-110-CH3 (substrate=oxide)

[9633/9762] reaction_id=9633: Ti-ZrO2-4l-110-CH4 -> Ti-ZrO2-4l-110-CH3 (substrate=oxide)

[9634/9762] reaction_id=9634: Tl-BiO2-4l-110-CH4 -> Tl-BiO2-4l-110-CH3 (substrate=oxide)

[9635/9762] reaction_id=9635: Tl-CrO2-4l-110-CH4 -> Tl-CrO2-4l-110-CH3 (substrate=oxide)

[9636/9762] reaction_id=9636: Tl-FeO2-4l-110-CH4 -> Tl-FeO2-4l-110-CH3 (substrate=oxide)

[9637/9762] reaction_id=9637: Tl-GeO2-4l-110-CH4 -> Tl-GeO2-4l-110-CH3 (substrate=oxide)

[9638/9762] reaction_id=9638: Tl-HfO2-4l-110-CH4 -> Tl-HfO2-4l-110-CH3 (substrate=oxide)

[9639/9762] reaction_id=9639: Tl-IrO2-4l-110-CH4 -> Tl-IrO2-4l-110-CH3 (substrate=oxide)

[9640/9762] reaction_id=9640: Tl-MnO2-4l-110-CH4 -> Tl-MnO2-4l-110-CH3 (substrate=oxide)

[9641/9762] reaction_id=9641: Tl-MoO2-4l-110-CH4 -> Tl-MoO2-4l-110-CH3 (substrate=oxide)

[9642/9762] reaction_id=9642: Tl-NbO2-4l-110-CH4 -> Tl-NbO2-4l-110-CH3 (substrate=oxide)

[9643/9762] reaction_id=9643: Tl-OsO2-4l-110-CH4 -> Tl-OsO2-4l-110-CH3 (substrate=oxide)

[9644/9762] reaction_id=9644: Tl-PbO2-4l-110-CH4 -> Tl-PbO2-4l-110-CH3 (substrate=oxide)

[9645/9762] reaction_id=9645: Tl-PdO2-4l-110-CH4 -> Tl-PdO2-4l-110-CH3 (substrate=oxide)

[9646/9762] reaction_id=9646: Tl-PtO2-4l-110-CH4 -> Tl-PtO2-4l-110-CH3 (substrate=oxide)

[9647/9762] reaction_id=9647: Tl-ReO2-4l-110-CH4 -> Tl-ReO2-4l-110-CH3 (substrate=oxide)

[9648/9762] reaction_id=9648: Tl-RhO2-4l-110-CH4 -> Tl-RhO2-4l-110-CH3 (substrate=oxide)

[9649/9762] reaction_id=9649: Tl-RuO2-4l-110-CH4 -> Tl-RuO2-4l-110-CH3 (substrate=oxide)

[9650/9762] reaction_id=9650: Tl-SnO2-4l-110-CH4 -> Tl-SnO2-4l-110-CH3 (substrate=oxide)

[9651/9762] reaction_id=9651: Tl-TaO2-4l-110-CH4 -> Tl-TaO2-4l-110-CH3 (substrate=oxide)

[9652/9762] reaction_id=9652: Tl-TcO2-4l-110-CH4 -> Tl-TcO2-4l-110-CH3 (substrate=oxide)

[9653/9762] reaction_id=9653: Tl-TiO2-4l-110-CH4 -> Tl-TiO2-4l-110-CH3 (substrate=oxide)

[9654/9762] reaction_id=9654: Tl-VO2-4l-110-CH4 -> Tl-VO2-4l-110-CH3 (substrate=oxide)

[9655/9762] reaction_id=9655: Tl-WO2-4l-110-CH4 -> Tl-WO2-4l-110-CH3 (substrate=oxide)

[9656/9762] reaction_id=9656: Tl-ZrO2-4l-110-CH4 -> Tl-ZrO2-4l-110-CH3 (substrate=oxide)

[9657/9762] reaction_id=9657: V-BiO2-4l-110-CH4 -> V-BiO2-4l-110-CH3 (substrate=oxide)

[9658/9762] reaction_id=9658: V-FeO2-4l-110-CH4 -> V-FeO2-4l-110-CH3 (substrate=oxide)

[9659/9762] reaction_id=9659: V-HfO2-4l-110-CH4 -> V-HfO2-4l-110-CH3 (substrate=oxide)

[9660/9762] reaction_id=9660: V-MnO2-4l-110-CH4 -> V-MnO2-4l-110-CH3 (substrate=oxide)

[9661/9762] reaction_id=9661: V-NbO2-4l-110-CH4 -> V-NbO2-4l-110-CH3 (substrate=oxide)

[9662/9762] reaction_id=9662: V-PbO2-4l-110-CH4 -> V-PbO2-4l-110-CH3 (substrate=oxide)

[9663/9762] reaction_id=9663: V-PdO2-4l-110-CH4 -> V-PdO2-4l-110-CH3 (substrate=oxide)

[9664/9762] reaction_id=9664: V-PtO2-4l-110-CH4 -> V-PtO2-4l-110-CH3 (substrate=oxide)

[9665/9762] reaction_id=9665: V-ReO2-4l-110-CH4 -> V-ReO2-4l-110-CH3 (substrate=oxide)

[9666/9762] reaction_id=9666: V-SnO2-4l-110-CH4 -> V-SnO2-4l-110-CH3 (substrate=oxide)

[9667/9762] reaction_id=9667: V-TaO2-4l-110-CH4 -> V-TaO2-4l-110-CH3 (substrate=oxide)

[9668/9762] reaction_id=9668: V-TcO2-4l-110-CH4 -> V-TcO2-4l-110-CH3 (substrate=oxide)

[9669/9762] reaction_id=9669: V-WO2-4l-110-CH4 -> V-WO2-4l-110-CH3 (substrate=oxide)

[9670/9762] reaction_id=9670: V-ZrO2-4l-110-CH4 -> V-ZrO2-4l-110-CH3 (substrate=oxide)

[9671/9762] reaction_id=9671: W-BiO2-4l-110-CH4 -> W-BiO2-4l-110-CH3 (substrate=oxide)

[9672/9762] reaction_id=9672: W-CrO2-4l-110-CH4 -> W-CrO2-4l-110-CH3 (substrate=oxide)

[9673/9762] reaction_id=9673: W-FeO2-4l-110-CH4 -> W-FeO2-4l-110-CH3 (substrate=oxide)

[9674/9762] reaction_id=9674: W-GeO2-4l-110-CH4 -> W-GeO2-4l-110-CH3 (substrate=oxide)

[9675/9762] reaction_id=9675: W-HfO2-4l-110-CH4 -> W-HfO2-4l-110-CH3 (substrate=oxide)

[9676/9762] reaction_id=9676: W-IrO2-4l-110-CH4 -> W-IrO2-4l-110-CH3 (substrate=oxide)

[9677/9762] reaction_id=9677: W-MnO2-4l-110-CH4 -> W-MnO2-4l-110-CH3 (substrate=oxide)

[9678/9762] reaction_id=9678: W-MoO2-4l-110-CH4 -> W-MoO2-4l-110-CH3 (substrate=oxide)

[9679/9762] reaction_id=9679: W-NbO2-4l-110-CH4 -> W-NbO2-4l-110-CH3 (substrate=oxide)

[9680/9762] reaction_id=9680: W-OsO2-4l-110-CH4 -> W-OsO2-4l-110-CH3 (substrate=oxide)

[9681/9762] reaction_id=9681: W-PbO2-4l-110-CH4 -> W-PbO2-4l-110-CH3 (substrate=oxide)

[9682/9762] reaction_id=9682: W-PdO2-4l-110-CH4 -> W-PdO2-4l-110-CH3 (substrate=oxide)

[9683/9762] reaction_id=9683: W-PtO2-4l-110-CH4 -> W-PtO2-4l-110-CH3 (substrate=oxide)

[9684/9762] reaction_id=9684: W-ReO2-4l-110-CH4 -> W-ReO2-4l-110-CH3 (substrate=oxide)

[9685/9762] reaction_id=9685: W-RhO2-4l-110-CH4 -> W-RhO2-4l-110-CH3 (substrate=oxide)

[9686/9762] reaction_id=9686: W-RuO2-4l-110-CH4 -> W-RuO2-4l-110-CH3 (substrate=oxide)

[9687/9762] reaction_id=9687: W-SnO2-4l-110-CH4 -> W-SnO2-4l-110-CH3 (substrate=oxide)

[9688/9762] reaction_id=9688: W-TaO2-4l-110-CH4 -> W-TaO2-4l-110-CH3 (substrate=oxide)

[9689/9762] reaction_id=9689: W-TcO2-4l-110-CH4 -> W-TcO2-4l-110-CH3 (substrate=oxide)

[9690/9762] reaction_id=9690: W-TiO2-4l-110-CH4 -> W-TiO2-4l-110-CH3 (substrate=oxide)

[9691/9762] reaction_id=9691: W-VO2-4l-110-CH4 -> W-VO2-4l-110-CH3 (substrate=oxide)

[9692/9762] reaction_id=9692: W-WO2-4l-110-CH4 -> W-WO2-4l-110-CH3 (substrate=oxide)

[9693/9762] reaction_id=9693: W-ZrO2-4l-110-CH4 -> W-ZrO2-4l-110-CH3 (substrate=oxide)

[9694/9762] reaction_id=9694: Y-BiO2-4l-110-CH4 -> Y-BiO2-4l-110-CH3 (substrate=oxide)

[9695/9762] reaction_id=9695: Y-CrO2-4l-110-CH4 -> Y-CrO2-4l-110-CH3 (substrate=oxide)

[9696/9762] reaction_id=9696: Y-FeO2-4l-110-CH4 -> Y-FeO2-4l-110-CH3 (substrate=oxide)

[9697/9762] reaction_id=9697: Y-GeO2-4l-110-CH4 -> Y-GeO2-4l-110-CH3 (substrate=oxide)

[9698/9762] reaction_id=9698: Y-HfO2-4l-110-CH4 -> Y-HfO2-4l-110-CH3 (substrate=oxide)

[9699/9762] reaction_id=9699: Y-IrO2-4l-110-CH4 -> Y-IrO2-4l-110-CH3 (substrate=oxide)

[9700/9762] reaction_id=9700: Y-MnO2-4l-110-CH4 -> Y-MnO2-4l-110-CH3 (substrate=oxide)

[9701/9762] reaction_id=9701: Y-MoO2-4l-110-CH4 -> Y-MoO2-4l-110-CH3 (substrate=oxide)

[9702/9762] reaction_id=9702: Y-NbO2-4l-110-CH4 -> Y-NbO2-4l-110-CH3 (substrate=oxide)

[9703/9762] reaction_id=9703: Y-OsO2-4l-110-CH4 -> Y-OsO2-4l-110-CH3 (substrate=oxide)

[9704/9762] reaction_id=9704: Y-PbO2-4l-110-CH4 -> Y-PbO2-4l-110-CH3 (substrate=oxide)

[9705/9762] reaction_id=9705: Y-PdO2-4l-110-CH4 -> Y-PdO2-4l-110-CH3 (substrate=oxide)

[9706/9762] reaction_id=9706: Y-PtO2-4l-110-CH4 -> Y-PtO2-4l-110-CH3 (substrate=oxide)

[9707/9762] reaction_id=9707: Y-ReO2-4l-110-CH4 -> Y-ReO2-4l-110-CH3 (substrate=oxide)

[9708/9762] reaction_id=9708: Y-RhO2-4l-110-CH4 -> Y-RhO2-4l-110-CH3 (substrate=oxide)

[9709/9762] reaction_id=9709: Y-RuO2-4l-110-CH4 -> Y-RuO2-4l-110-CH3 (substrate=oxide)

[9710/9762] reaction_id=9710: Y-SnO2-4l-110-CH4 -> Y-SnO2-4l-110-CH3 (substrate=oxide)

[9711/9762] reaction_id=9711: Y-TaO2-4l-110-CH4 -> Y-TaO2-4l-110-CH3 (substrate=oxide)

[9712/9762] reaction_id=9712: Y-TcO2-4l-110-CH4 -> Y-TcO2-4l-110-CH3 (substrate=oxide)

[9713/9762] reaction_id=9713: Y-TiO2-4l-110-CH4 -> Y-TiO2-4l-110-CH3 (substrate=oxide)

[9714/9762] reaction_id=9714: Y-VO2-4l-110-CH4 -> Y-VO2-4l-110-CH3 (substrate=oxide)

[9715/9762] reaction_id=9715: Y-WO2-4l-110-CH4 -> Y-WO2-4l-110-CH3 (substrate=oxide)

[9716/9762] reaction_id=9716: Y-ZrO2-4l-110-CH4 -> Y-ZrO2-4l-110-CH3 (substrate=oxide)

[9717/9762] reaction_id=9717: Zn-BiO2-4l-110-CH4 -> Zn-BiO2-4l-110-CH3 (substrate=oxide)

[9718/9762] reaction_id=9718: Zn-CrO2-4l-110-CH4 -> Zn-CrO2-4l-110-CH3 (substrate=oxide)

[9719/9762] reaction_id=9719: Zn-FeO2-4l-110-CH4 -> Zn-FeO2-4l-110-CH3 (substrate=oxide)

[9720/9762] reaction_id=9720: Zn-GeO2-4l-110-CH4 -> Zn-GeO2-4l-110-CH3 (substrate=oxide)

[9721/9762] reaction_id=9721: Zn-HfO2-4l-110-CH4 -> Zn-HfO2-4l-110-CH3 (substrate=oxide)

[9722/9762] reaction_id=9722: Zn-IrO2-4l-110-CH4 -> Zn-IrO2-4l-110-CH3 (substrate=oxide)

[9723/9762] reaction_id=9723: Zn-MnO2-4l-110-CH4 -> Zn-MnO2-4l-110-CH3 (substrate=oxide)

[9724/9762] reaction_id=9724: Zn-MoO2-4l-110-CH4 -> Zn-MoO2-4l-110-CH3 (substrate=oxide)

[9725/9762] reaction_id=9725: Zn-NbO2-4l-110-CH4 -> Zn-NbO2-4l-110-CH3 (substrate=oxide)

[9726/9762] reaction_id=9726: Zn-OsO2-4l-110-CH4 -> Zn-OsO2-4l-110-CH3 (substrate=oxide)

[9727/9762] reaction_id=9727: Zn-PbO2-4l-110-CH4 -> Zn-PbO2-4l-110-CH3 (substrate=oxide)

[9728/9762] reaction_id=9728: Zn-PdO2-4l-110-CH4 -> Zn-PdO2-4l-110-CH3 (substrate=oxide)

[9729/9762] reaction_id=9729: Zn-PtO2-4l-110-CH4 -> Zn-PtO2-4l-110-CH3 (substrate=oxide)

[9730/9762] reaction_id=9730: Zn-ReO2-4l-110-CH4 -> Zn-ReO2-4l-110-CH3 (substrate=oxide)

[9731/9762] reaction_id=9731: Zn-RhO2-4l-110-CH4 -> Zn-RhO2-4l-110-CH3 (substrate=oxide)

[9732/9762] reaction_id=9732: Zn-RuO2-4l-110-CH4 -> Zn-RuO2-4l-110-CH3 (substrate=oxide)

[9733/9762] reaction_id=9733: Zn-SnO2-4l-110-CH4 -> Zn-SnO2-4l-110-CH3 (substrate=oxide)

[9734/9762] reaction_id=9734: Zn-TaO2-4l-110-CH4 -> Zn-TaO2-4l-110-CH3 (substrate=oxide)

[9735/9762] reaction_id=9735: Zn-TcO2-4l-110-CH4 -> Zn-TcO2-4l-110-CH3 (substrate=oxide)

[9736/9762] reaction_id=9736: Zn-TiO2-4l-110-CH4 -> Zn-TiO2-4l-110-CH3 (substrate=oxide)

[9737/9762] reaction_id=9737: Zn-VO2-4l-110-CH4 -> Zn-VO2-4l-110-CH3 (substrate=oxide)

[9738/9762] reaction_id=9738: Zn-WO2-4l-110-CH4 -> Zn-WO2-4l-110-CH3 (substrate=oxide)

[9739/9762] reaction_id=9739: Zn-ZrO2-4l-110-CH4 -> Zn-ZrO2-4l-110-CH3 (substrate=oxide)

[9740/9762] reaction_id=9740: Zr-BiO2-4l-110-CH4 -> Zr-BiO2-4l-110-CH3 (substrate=oxide)

[9741/9762] reaction_id=9741: Zr-CrO2-4l-110-CH4 -> Zr-CrO2-4l-110-CH3 (substrate=oxide)

[9742/9762] reaction_id=9742: Zr-FeO2-4l-110-CH4 -> Zr-FeO2-4l-110-CH3 (substrate=oxide)

[9743/9762] reaction_id=9743: Zr-GeO2-4l-110-CH4 -> Zr-GeO2-4l-110-CH3 (substrate=oxide)

[9744/9762] reaction_id=9744: Zr-HfO2-4l-110-CH4 -> Zr-HfO2-4l-110-CH3 (substrate=oxide)

[9745/9762] reaction_id=9745: Zr-IrO2-4l-110-CH4 -> Zr-IrO2-4l-110-CH3 (substrate=oxide)

[9746/9762] reaction_id=9746: Zr-MnO2-4l-110-CH4 -> Zr-MnO2-4l-110-CH3 (substrate=oxide)

[9747/9762] reaction_id=9747: Zr-MoO2-4l-110-CH4 -> Zr-MoO2-4l-110-CH3 (substrate=oxide)

[9748/9762] reaction_id=9748: Zr-NbO2-4l-110-CH4 -> Zr-NbO2-4l-110-CH3 (substrate=oxide)

[9749/9762] reaction_id=9749: Zr-OsO2-4l-110-CH4 -> Zr-OsO2-4l-110-CH3 (substrate=oxide)

[9750/9762] reaction_id=9750: Zr-PbO2-4l-110-CH4 -> Zr-PbO2-4l-110-CH3 (substrate=oxide)

[9751/9762] reaction_id=9751: Zr-PdO2-4l-110-CH4 -> Zr-PdO2-4l-110-CH3 (substrate=oxide)

[9752/9762] reaction_id=9752: Zr-PtO2-4l-110-CH4 -> Zr-PtO2-4l-110-CH3 (substrate=oxide)

[9753/9762] reaction_id=9753: Zr-ReO2-4l-110-CH4 -> Zr-ReO2-4l-110-CH3 (substrate=oxide)

[9754/9762] reaction_id=9754: Zr-RhO2-4l-110-CH4 -> Zr-RhO2-4l-110-CH3 (substrate=oxide)

[9755/9762] reaction_id=9755: Zr-RuO2-4l-110-CH4 -> Zr-RuO2-4l-110-CH3 (substrate=oxide)

[9756/9762] reaction_id=9756: Zr-SnO2-4l-110-CH4 -> Zr-SnO2-4l-110-CH3 (substrate=oxide)

[9757/9762] reaction_id=9757: Zr-TaO2-4l-110-CH4 -> Zr-TaO2-4l-110-CH3 (substrate=oxide)

[9758/9762] reaction_id=9758: Zr-TcO2-4l-110-CH4 -> Zr-TcO2-4l-110-CH3 (substrate=oxide)

[9759/9762] reaction_id=9759: Zr-TiO2-4l-110-CH4 -> Zr-TiO2-4l-110-CH3 (substrate=oxide)

[9760/9762] reaction_id=9760: Zr-VO2-4l-110-CH4 -> Zr-VO2-4l-110-CH3 (substrate=oxide)

[9761/9762] reaction_id=9761: Zr-WO2-4l-110-CH4 -> Zr-WO2-4l-110-CH3 (substrate=oxide)

[9762/9762] reaction_id=9762: Zr-ZrO2-4l-110-CH4 -> Zr-ZrO2-4l-110-CH3 (substrate=oxide)
沸石活性 O 直方图已保存到: embeddings/zeolite_active_O_index_hist.jpg
合金主 O 直方图已保存到: embeddings/alloy_active_O_index_hist.jpg

所有数据已保存到 embeddings/
geom 的 9 维含义：
 0: d_CM_min (C-M 最近距离, PBC)
 1: CN_CH (C-H 配位数, d_CH < 1.3 Å, PBC)
 2: max_d_CH (C-H 最大距离, PBC；沸石 CH4 有特例 1.10 Å)
 3: CN_CO (C-O 配位数, d_CO < 1.6 Å, PBC)
 4: d_CO_star (C-主 O* 距离, PBC；沸石 CH3OH 有特例 1.48 Å)
 5: d_OM_min (主 O*-M 最近距离, PBC)
 6: CN_M (主 O*-M 配位数, d_OM < 3.0 Å, PBC)
 7: CN_OH (O-H 配位数, d_OH < 1.3 Å, PBC)
 8: min_d_OH (主 O*-所有 H 的最近距离, PBC)
同时保存了 IS/FS 的 MLP 能量、ΔE_mlp、ΔE_DFT、Ea_DFT 等，
以及 IS/FS 的 CGCNN 局部 embedding 和 active_site VASP 。
