0.9326763 0.09419769
0.84773064 0.058674563
0.46711373 0.159743
0.9723635 0.09500009
1.3438549 0.07392306
1.1759665 0.088198006
1.4033406 0.071323305
0.74273145 0.049446
0.7736212 0.05607988
0.8439745 0.061662722
0.8727914 0.10758885
1.0266365 0.10681113
1.0482428 0.1130583
0.6548397 0.05255426
0.54310465 0.062392868
0.9394101 0.05302669
0.8317499 0.048800245
0.9022099 0.05819989
0.9000203 0.042000137
0.5360258 0.08267222
0.90861195 0.13414507
0.6330069 0.08436179
0.5392796 0.06202675
0.8907612 0.05346586
1.0011474 0.08459959
0.73949087 0.054531723
1.0110567 0.05088694
0.81713134 0.05879284
0.6683147 0.1309289
0.49229488 0.054618243
0.66633314 0.06395425
0.8114711 0.07837381
0.830588 0.1726477
0.88753 0.13901755
1.1848392 0.07727052
1.0002269 0.11032684
1.1006862 0.057299025
0.9502659 0.10285476
0.79563147 0.19094096
0.84545386 0.09644878
0.7712425 0.07936832
0.8929483 0.06313568
0.97950494 0.047001358
0.7422647 0.09657368
0.9416426 0.046005853
1.0621955 0.10832591
1.0981286 0.14875926
1.1267256 0.080339804
0.58837 0.0712034
0.9376957 0.088528484
0.83460647 0.06837282
0.7737484 0.094898775
0.85471714 0.07045017
1.3881223 0.08915623
0.9239276 0.08426104
0.7853323 0.0724647
1.0027101 0.06292137
0.9792744 0.077076524
0.582355 0.112220526
0.50767845 0.066599
0.6990731 0.08561994
1.2261679 0.05630898
0.9831377 0.10598771
0.67857116 0.054895893
0.8255758 0.04145459
0.99195004 0.07750719
0.75288856 0.072743125
0.991265 0.06343996
1.1059114 0.09842484
0.83880746 0.2319184
0.9882959 0.0761324
0.98485404 0.062427547
0.8226498 0.10198083
0.56237507 0.1086546
0.892955 0.112810515
0.7011585 0.24894235
0.84585476 0.12858748
0.7475587 0.10005005
1.2994665 0.12553652
0.95658845 0.1056661
1.2245876 0.105712034
0.9968753 0.083739616
0.99699575 0.05341582
0.9768324 0.09067205
0.90752757 0.13129935
0.851738 0.060034186
1.1003458 0.09128949
0.91743267 0.11368832
0.9772974 0.09248302
1.1657251 0.084585555
0.85004395 0.07109646
0.8862697 0.056095064
1.1932211 0.044349723
0.9230274 0.09964186
1.1301062 0.0785993
0.93228185 0.074111424
0.74165684 0.07830542
0.97618425 0.08174224
0.8767562 0.09246532
0.83300555 0.058485974
0.9614345 0.08548307
1.1793802 0.061727062
1.100743 0.113171875
1.086258 0.047830455
0.72009164 0.090243846
0.89093065 0.049199283
0.74382687 0.043428097
0.6296412 0.09398604
0.8750874 0.096474625
0.7066591 0.036173645
0.7613702 0.131377
0.82067174 0.044002578
0.9891263 0.070686795
1.0468136 0.06137248
0.7255669 0.05694896
0.9362154 0.07768851
0.8621427 0.095257
0.9463643 0.11610176
0.83974886 0.09322104
1.1468035 0.05016151
1.0496528 0.0955311
0.88466513 0.05402432
0.93391657 0.055599757
0.81440747 0.052945137
1.1828544 0.067258924
1.033687 0.073888175
1.118203 0.10653521
1.1648101 0.108157836
0.6124183 0.07557893
0.87086594 0.067893475
1.0006864 0.110470794
0.54132444 0.08402846
1.0076191 0.061944734
0.89479417 0.089830905
0.96186095 0.15653601
1.2280905 0.10007583
0.66014856 0.11936505
0.50564086 0.061348412
1.1836181 0.0429596
0.67671674 0.09986427
0.61283636 0.051415097
1.1457063 0.028954836
0.960067 0.10014918
0.76270944 0.05853431
0.72649044 0.052544504
1.1895949 0.10008239
0.8303916 0.10273191
1.174278 0.088256165
0.72482175 0.0991976
0.66882515 0.071234085
0.65007603 0.075555846
1.2026951 0.06411414
1.3005004 0.14178084
0.98326635 0.04619334
0.79965365 0.08794559
0.73691 0.09997753
1.4827898 0.08560247
0.65213513 0.046064377
0.68083084 0.04612327
0.71583295 0.09389065
0.6455439 0.06222913
0.7278686 0.047945168
0.69574547 0.08027814
1.2914531 0.10749088
0.70804477 0.046428427
1.0661031 0.09230874
1.1081024 0.09408947
0.99513996 0.08000601
1.0958521 0.09997662
0.8702175 0.05551259
0.7002575 0.053950638
1.1212375 0.07249989
0.8460225 0.07420883
0.8078195 0.059167095
0.9781846 0.07670649
0.9961662 0.07699943
1.0436876 0.04782904
1.0676801 0.09182604
0.80419254 0.061406557
0.9954586 0.06699769
0.99374235 0.059497077
0.9343225 0.070700794
0.75624144 0.04482489
0.7173081 0.09618572
0.7083374 0.06799491
0.9134199 0.05381584
0.93834096 0.11908619
0.90391886 0.06300858
1.3077605 0.080183186
0.753363 0.049297843
0.657655 0.060984053
1.1318499 0.061585754
0.7956444 0.06504433
1.0303614 0.07059605
0.8732544 0.12415356
0.68443745 0.08826943
0.8515313 0.06638476
0.665393 0.04257725
1.0099585 0.053689424
1.1904848 0.10959641
0.79490316 0.056354534
0.582782 0.075154625
1.1196764 0.117230356
0.7523076 0.09400243
1.1842589 0.06178892
0.6548033 0.050781116
0.9283924 0.078498036
0.9128151 0.09160074
0.74509954 0.071267866
0.760878 0.08627625
0.85825396 0.060455244
0.5931875 0.093240164
0.68576604 0.06012544
0.8592659 0.087460995
1.167881 0.09508718
1.2367072 0.07747339
1.2109344 0.06568935
1.306452 0.08404491
1.0431542 0.18819647
1.1902785 0.044240154
1.0553147 0.07894216
0.8580904 0.07348886
0.91856766 0.074745074
0.90958107 0.04957529
0.8630187 0.067526214
0.8711524 0.078143485
1.0587207 0.061501116
0.77470297 0.1405081
1.0179293 0.092351034
1.0286546 0.056194417
0.58987844 0.12195857
1.2193329 0.058827247
0.95030546 0.089060426
0.7616639 0.059617218
1.1314952 0.061927553
0.9849807 0.12405231
1.139283 0.06518811
1.1269594 0.05260011
0.56318134 0.09034872
0.9459199 0.05314962
0.9732288 0.06260664
0.77027595 0.05675709
0.9457749 0.03722194
0.90232676 0.07582203
1.0030329 0.12410225
0.99603146 0.066255964
0.8319367 0.060472358
0.9594696 0.099375255
1.0723351 0.07269743
0.81193054 0.03711338
0.5574344 0.073786326
0.86415493 0.05182192
0.99927586 0.103944525
1.2306749 0.057017483
0.87739074 0.08350106
1.0272514 0.07495961
0.91821843 0.10832415
0.8986362 0.053330507
0.88683766 0.049512338
0.77328503 0.047526974
1.1068367 0.12753548
0.8700391 0.10498388
0.70148045 0.080926724
0.60483974 0.086978965
0.7514416 0.067815416
0.9748497 0.0952138
0.8088242 0.09647224
0.841627 0.08833906
1.332381 0.10531548
1.0074679 0.10321145
1.0576994 0.10197535
1.035954 0.14320935
0.89413357 0.052509185
1.0755489 0.11520109
1.0951207 0.06924736
1.0113161 0.101444185
0.94913304 0.07145045
0.8711004 0.050404318
1.2078152 0.104088046
0.89836967 0.09065361
0.6455685 0.04325334
0.9613827 0.06349362
0.9197996 0.05004631
0.8144311 0.06065184
0.7318099 0.07196901
1.2032177 0.11029611
0.94806635 0.06932254
1.1850321 0.07465648
0.96273124 0.1127235
0.78472716 0.091578975
0.85805273 0.07897092
0.8282281 0.047407854
0.9653212 0.07874999
0.75724375 0.03755192
0.7541516 0.07033905
0.9633851 0.14999908
0.7997321 0.057761695
0.8678986 0.08038537
1.0373243 0.078406714
1.1898932 0.05397148
0.8259789 0.08695456
0.6123666 0.06269327
0.74323595 0.06253223
0.9782119 0.09525814
1.0241265 0.10962018
1.0353717 0.06612979
1.1639267 0.10507498
0.8832744 0.07791204
0.71763694 0.12653656
0.50341994 0.113669336
1.0585141 0.081411965
0.73466265 0.2179094
1.4315805 0.06405954
0.8443471 0.121692695
1.0812684 0.0568663
1.2556331 0.08340792
0.799234 0.077605434
1.0506818 0.049615834
0.80139434 0.061753143
1.2182347 0.074873835
0.87800866 0.07765815
0.9048607 0.06978127
0.9412699 0.14598386
0.7057768 0.13714635
0.7794568 0.0655071
1.2349929 0.09412168
0.89513284 0.08978296
1.1302131 0.10073196
0.8833052 0.049617704
0.8285158 0.048729904
0.7811832 0.06846306
1.2563407 0.053737678
0.47674012 0.05912368
0.64505804 0.08916778
0.9065485 0.061836198
1.0026976 0.116764516
0.7026116 0.047814034
0.76428926 0.08079634
1.2587061 0.09909303
0.88796264 0.110944934
1.2335081 0.08298937
0.81219876 0.0618009
0.50669044 0.10877345
0.63303447 0.08203882
1.2980052 0.08754722
0.8032819 0.06934961
0.49266663 0.07626723
0.90589684 0.07724177
0.7136775 0.049789
0.7927995 0.048055917
0.80668956 0.07822878
0.80730915 0.05067596
1.2206857 0.118568525
0.80645514 0.07966112
0.8689044 0.11172278
0.7256013 0.061050005
1.2300149 0.093118675
0.9362745 0.14622572
0.9702608 0.127779
0.9027833 0.07702561
1.189883 0.07529852
0.95437133 0.1505885
0.7684755 0.042814787
0.75524396 0.115535855
0.9941603 0.116395935
1.1958802 0.08567781
0.5545561 0.07901507
0.770425 0.09182874
0.8348481 0.05904841
1.394037 0.06791442
0.882223 0.04183438
0.76531756 0.064662196
0.839935 0.08662551
0.77836627 0.06302446
0.87730694 0.16868168
0.84922934 0.053259272
0.9805975 0.09398072
1.0945455 0.10669623
0.65571636 0.053030208
1.1417928 0.07385826
0.6408878 0.03981152
0.89682657 0.079538204
0.7931283 0.07158114
0.7809977 0.07858072
0.94194126 0.04402218
1.1998193 0.10101188
0.47968704 0.05195317
1.0521123 0.09286144
0.8837191 0.059608925
0.81229085 0.04832672
1.4293799 0.09806355
0.9195687 0.08305903
0.7563036 0.12049964
0.664878 0.079212315
0.6951187 0.068791464
0.61048573 0.09898951
0.7249049 0.14686053
0.7622181 0.100694895
0.7351162 0.07299173
0.67537606 0.03865302
1.0448611 0.06877616
0.63532746 0.063096225
0.8617593 0.056608833
0.8822608 0.095907
0.665671 0.06717737
0.7435239 0.07517186
0.7738591 0.09801136
0.75414383 0.088847704
0.85688287 0.11221686
1.3477616 0.080080286
0.8841859 0.06329554
1.2313907 0.11641892
0.79890984 0.03777824
1.2347058 0.06141758
1.5191816 0.09008953
1.2055391 0.13061905
0.65806276 0.06261442
0.65358543 0.06913419
0.73701507 0.0668411
0.6335729 0.11467934
0.75298816 0.07696355
0.76504374 0.061487567
1.367136 0.07442495
0.75679606 0.060108252
1.1074076 0.06616161
1.3375642 0.11159246
0.9776579 0.1000893
1.1149734 0.08829699
0.97199214 0.0826427
1.0288835 0.053252667
0.8521884 0.077261604
1.4913068 0.087635644
1.1886379 0.05717457
0.91901004 0.14326142
1.1049621 0.05202578
0.76813567 0.077637516
1.2620909 0.04577847
1.0573871 0.05142221
0.94347745 0.10451949
1.01871 0.11701789
0.58251923 0.06864112
0.8055233 0.084944345
0.98422873 0.086229794
1.006946 0.052673925
1.0908409 0.039984316
0.93994033 0.07994193
0.7267359 0.055436313
0.9327248 0.044969775
1.0312139 0.058954585
0.6343006 0.057325136
0.93123657 0.053609163
0.8462486 0.06334896
0.99128646 0.078221224
0.8674456 0.06251938
0.67874235 0.07834583
1.0172142 0.040439896
1.0339376 0.06587531
0.95433486 0.084189214
0.584661 0.06786344
0.76227885 0.04849833
1.2490499 0.123440176
1.1929452 0.09798755
1.2536056 0.11272986
1.1036389 0.039244678
0.94109 0.106783934
0.84235144 0.07515692
0.783508 0.13097963
0.84277093 0.059106972
0.9800933 0.1638903
0.8443206 0.06330426
0.91116905 0.15122388
0.9361984 0.03724892
0.6732451 0.08539759
0.59127986 0.06514399
1.0565602 0.08428185
0.93871003 0.055705585
1.2301369 0.0988945
0.8665249 0.1005536
1.1912471 0.057603978
0.88175803 0.09576641
0.77427006 0.07099759
0.8946482 0.07820985
0.9898261 0.11175252
1.0028914 0.09808186
0.95029956 0.04554987
1.0086042 0.041754328
1.1326574 0.07548782
1.0061481 0.04307241
1.059098 0.05182339
0.96041334 0.070033625
1.0470126 0.0589465
0.7744202 0.07670011
0.85913247 0.06659079
0.9141154 0.071287915
0.6945739 0.039438847
0.8109787 0.036289006
0.9761914 0.09632963
0.45007634 0.10440967
0.61488736 0.08304738
0.94249994 0.04742247
0.66773635 0.09412035
0.60368484 0.09465531
0.88386345 0.052656833
0.7232871 0.08572333
1.0328335 0.11307935
1.0759653 0.07160694
0.96758187 0.14067434
1.1981345 0.045410346
1.0710409 0.08701923
0.8203049 0.12109333
0.90065587 0.10270989
1.22731 0.08936487
1.1729611 0.041410822
0.8703505 0.07035014
1.2508475 0.09349732
0.66482043 0.082258075
0.75114876 0.054826003
0.46984935 0.13772617
0.6484366 0.10959307
0.5937734 0.051247437
0.73255026 0.050211713
0.54531616 0.12761813
0.60217 0.092578895
0.71505135 0.05833465
1.2107688 0.07697577
0.74810296 0.07479443
1.148026 0.07952187
1.0097743 0.08292258
0.9013566 0.08083919
1.1056142 0.10238711
1.0499561 0.07858967
0.64483863 0.07841524
0.62392014 0.08160716
0.8175518 0.1333167
0.95039064 0.06464851
0.9830456 0.08998117
0.9931342 0.09853104
1.0205008 0.058033116
0.9854102 0.048961204
0.79497457 0.09838492
0.9567512 0.04215182
1.1278722 0.060424708
0.6930083 0.056603655
1.078104 0.090869576
0.85169923 0.0973028
1.2474712 0.08047713
1.0301768 0.07975902
0.88522065 0.07757473
0.81558675 0.061867904
0.94409674 0.062061436
0.7150441 0.058881357
0.8744232 0.09766833
0.7837182 0.053548522
0.6825503 0.09030559
0.95741177 0.08947232
0.6986462 0.08360541
0.7705242 0.07090803
0.5974714 0.11501174
1.1134516 0.032509267
0.86298954 0.063195236
0.9605296 0.06989521
0.5831058 0.05293184
0.934059 0.05848431
0.8707466 0.07457871
0.97210485 0.09643715
0.85059273 0.08873954
0.84355336 0.05085092
0.7384187 0.056077145
0.6856029 0.08676283
0.7867286 0.11536168
0.7608217 0.11140564
0.8516444 0.056544952
0.64909923 0.06494577
0.7751431 0.07112398
0.79876983 0.058172017
1.1560861 0.079235636
1.0229318 0.08039963
0.8643262 0.06588629
1.2319009 0.08817274
0.9111578 0.08554367
1.0429075 0.06736807
0.79718316 0.0738885
0.7818001 0.06388406
0.70991457 0.08456054
1.169017 0.07962178
1.0272624 0.09955715
0.7798439 0.098788165
0.9397157 0.09395874
1.0518146 0.08419139
0.9618231 0.07428906
0.75200963 0.056813523
1.2062304 0.06582937
0.7684369 0.08636442
0.64219725 0.07387641
0.8152021 0.06799799
0.9575551 0.08451571
0.84238356 0.061348036
0.79229504 0.06258514
0.98845756 0.0716925
1.1438286 0.073974796
1.1304542 0.052079655
1.0660368 0.09017767
0.775759 0.044788986
0.8723711 0.06357603
0.7789481 0.055848986
1.0248117 0.047909994
1.0017662 0.0967125
0.85984695 0.0844355
1.0583129 0.07344726
1.0378996 0.044962227
1.0077385 0.05905292
1.0669781 0.14439727
0.6412547 0.08202438
0.94923466 0.08737743
0.7012193 0.09248865
1.1867865 0.06365515
0.98915005 0.14760803
1.1067588 0.21450396
0.6058583 0.07279233
0.6206498 0.058678567
0.96995986 0.074695714
0.67479515 0.09152958
0.7826935 0.053586826
0.7358793 0.11925494
0.69798595 0.084208004
0.69829845 0.07698663
1.0179273 0.051958203
0.71981364 0.06308716
0.8934786 0.077276334
1.2594273 0.11985744
0.9352461 0.092740096
1.2199163 0.05918214
0.87147456 0.07749104
0.6882154 0.07887813
0.65942276 0.056450024
1.130502 0.13164188
0.84045744 0.090488024
0.91552037 0.077153064
0.7726656 0.059947826
1.0111668 0.05370125
0.82894677 0.08878372
0.9371153 0.066459164
1.2495661 0.065375485
0.9936776 0.05782744
0.8561257 0.08193317
0.6713313 0.10722917
1.0322067 0.053382706
0.82041246 0.056353875
0.83109844 0.057308637
0.7524067 0.06984971
1.1436167 0.07123882
1.184259 0.051586602
0.9777163 0.047162384
0.8434509 0.11547932
0.97073 0.06276186
0.7809926 0.07097377
0.90251696 0.09080676
0.6696198 0.061681494
0.82887536 0.06405591
1.066451 0.106104605
1.1872811 0.049594887
0.83653677 0.079737544
0.68407714 0.07244479
0.65060294 0.07299376
1.1033195 0.10671224
1.126446 0.079521306
0.8409462 0.106194794
0.96178246 0.059929147
0.7875819 0.12722702
0.7816433 0.06067434
0.4921983 0.07979392
0.9607965 0.11182468
0.98214847 0.11124468
1.1554387 0.06280251
0.79806936 0.093328625
0.93497914 0.14657676
0.80955726 0.05006382
0.9451895 0.07747488
1.0280883 0.0581479
0.93480504 0.081542514
1.163881 0.059603952
0.8400218 0.07073816
1.1083219 0.09575396
0.7538824 0.0968647
0.7631157 0.061221793
0.6888569 0.11691374
1.0231411 0.03756521
0.6530005 0.054370336
0.9014408 0.08913349
0.87120754 0.11458676
1.1860665 0.067612454
0.90048444 0.08383617
1.2049873 0.059799556
1.23857 0.074930154
0.8433388 0.10000144
0.7189125 0.08386441
0.7726832 0.07966993
0.8817066 0.09394846
0.81322926 0.083125584
0.8303439 0.06821856
0.83389026 0.06351645
0.84413165 0.14344501
1.1843363 0.062082104
0.9824222 0.061010614
0.6288003 0.10390498
0.5821291 0.07184397
0.8039309 0.048531886
0.60414267 0.10202909
0.8007283 0.056760985
0.8760637 0.0551228
0.9530573 0.06483174
1.0866767 0.086437404
0.96431476 0.04268459
0.6167925 0.08690157
0.59709376 0.09235587
1.0937735 0.09962848
1.3596208 0.06341045
0.7388934 0.12096862
1.2550842 0.10094279
0.7016984 0.09836616
0.64245474 0.066683084
0.7162419 0.05460671
0.650942 0.11350318
0.7319452 0.1374665
0.8489499 0.1103646
0.6603989 0.08607157
0.74433136 0.07559807
0.6762474 0.09355323
1.185756 0.05226418
1.0434229 0.11186264
1.1897376 0.040146355
1.2322887 0.12054867
1.0962374 0.089138195
0.7572404 0.07056002
1.2173547 0.12652746
1.0070834 0.09186917
0.6105882 0.046919495
0.99450386 0.12179875
1.1383277 0.10907457
0.8264974 0.07885317
0.7762636 0.050479364
0.69909686 0.05727159
0.72316307 0.09441061
0.8507202 0.066520125
0.92343056 0.054512627
0.71403456 0.046259176
0.72819924 0.085954815
0.7962947 0.113220036
0.6345798 0.048373755
1.1655363 0.0799534
0.9815196 0.091671206
0.9203707 0.054513592
0.70809424 0.09244482
0.9612457 0.049480155
0.8798712 0.08815404
0.79400134 0.039625853
0.64496976 0.06561866
1.2614076 0.09099727
1.0922058 0.060024012
0.58396083 0.08259589
0.6881119 0.11187853
0.9745835 0.08031613
1.0056154 0.09495876
0.7422524 0.07623146
0.858909 0.0388362
0.76240695 0.11944508
1.0047969 0.06285798
0.70426536 0.08201484
0.85018426 0.076499894
0.9106719 0.04350574
0.91758525 0.067374215
0.82452154 0.055564575
0.74869883 0.05387073
0.79193807 0.083116695
0.9472028 0.06798996
0.76307535 0.1886577
0.8067851 0.071083784
1.0332015 0.093513586
0.70476264 0.097469255
0.65118325 0.13069338
0.8848246 0.066626325
1.1379098 0.09321374
1.1866322 0.05628837
0.82030755 0.08502011
0.8958828 0.080473915
1.0939467 0.05507694
1.2842041 0.118328534
0.8347397 0.061208062
1.3005728 0.110462055
0.98899823 0.09211139
0.819928 0.071621224
1.1627121 0.070681304
0.9845783 0.09783882
0.8285195 0.061576676
0.69258946 0.06600486
0.70233595 0.095023766
1.3162369 0.0726112
0.96943253 0.10561106
1.0452714 0.104666494
0.74339324 0.06400898
0.9987942 0.0833476
0.6954628 0.05567248
0.63042414 0.081865124
0.76569545 0.09139583
0.73264253 0.05964813
1.2196162 0.07156566
0.76669466 0.06837142
1.1586416 0.06738547
1.261418 0.075739585
0.66235304 0.09009409
0.56961894 0.08363802
0.890619 0.060113225
0.5757674 0.09398722
0.627912 0.07310263
1.0750475 0.059126895
0.89621437 0.07575178
0.67785394 0.091131896
1.03441 0.11767223
1.1505847 0.07156241
0.9988675 0.079925455
1.1785237 0.0682105
0.54178655 0.11879927
0.67607236 0.07228987
1.1934459 0.104250036
0.81849766 0.075604126
0.8596109 0.07281961
1.3963456 0.08702709
0.60325754 0.061431866
0.84759617 0.12763333
1.0213295 0.07579782
0.55687773 0.07286632
0.90354574 0.120551266
0.9418584 0.057380177
1.3236223 0.086785376
1.0964677 0.15268101
0.9521313 0.09928606
1.3668554 0.098200515
0.5919987 0.10079699
1.1244991 0.041757945
0.99520004 0.12869558
0.68137413 0.057116404
0.67995495 0.07660888
1.181905 0.11910827
0.7423443 0.10125012
0.76454914 0.12619512
0.74437267 0.07873306
0.5140726 0.039834343
0.70853066 0.0498795
0.5520302 0.056213703
0.6829387 0.08023658
0.7388269 0.06263213
0.808545 0.13760114
0.49665862 0.0592683
0.82485676 0.07911674
1.1111362 0.09827577
0.94302595 0.057929214
0.84694594 0.07310571
0.79515153 0.08460708
0.76634663 0.07773753
1.0430896 0.067327715
0.8565177 0.03933621
0.6394129 0.07402679
1.0609993 0.07031684
0.94028616 0.050648246
0.41744098 0.07231874
0.67380285 0.06346069
1.0020926 0.052122843
0.5198534 0.04928107
0.7767228 0.04954957
0.7496484 0.0939677
0.7731582 0.13250482
0.7604097 0.06723583
0.85134315 0.10352434
1.0881873 0.055489384
0.78637445 0.117363945
1.1576521 0.09044783
0.69798034 0.09348804
1.1669604 0.06601789
0.97657573 0.090826504
1.4514682 0.09727586
1.2703018 0.10372311
1.3392155 0.13588598
0.2515307 0.16488647
1.5739322 0.082141
0.94669294 0.10161454
1.0685732 0.09534724
1.7520717 0.06886545
0.657661 0.11246585
0.70455897 0.12248767
1.1886141 0.06635867
1.6962957 0.05973974
0.9651367 0.07599581
2.2913108 0.10566598
1.2753066 0.059949074
1.5662812 0.04985481
2.1272502 0.098833665
0.9766408 0.060965557
0.51112795 0.07640984
1.3898841 0.103473656
1.5922753 0.08994217
1.8937562 0.11771311
1.2472402 0.053589202
1.606746 0.111415885
1.0783117 0.06017345
1.5037856 0.12069457
1.0628155 0.05879552
1.5412611 0.09897304
1.386912 0.14031899
1.0446728 0.071253374
1.7031887 0.092028566
1.4627435 0.09178544
0.6538725 0.11795286
1.1753782 0.080381975
0.7083417 0.07687235
1.5734702 0.12365419
1.1496533 0.10855441
1.4296056 0.11961882
1.5024959 0.13484795
0.87368476 0.08677999
1.1331825 0.058802545
1.6961019 0.092817865
1.7895324 0.1009911
1.3890941 0.07653786
2.0559697 0.09725102
1.54228 0.095517024
2.3567183 0.117568456
2.4525013 0.11109123
0.6854146 0.08782128
1.8008446 0.19636554
1.1850988 0.058344185
1.8644695 0.077865735
1.1753879 0.074312195
1.5386412 0.045781057
1.2267593 0.07693261
1.3807188 0.08551574
1.2788851 0.09815406
2.1828144 0.12984869
1.4160773 0.11112862
1.3880994 0.045828406
1.83804 0.041460637
1.0482708 0.060830463
1.294924 0.07730252
1.2489064 0.118071154
1.6280047 0.11687962
1.5475924 0.05584307
1.2306116 0.13504222
1.051466 0.07127722
2.3664374 0.068014205
1.7551749 0.08066684
2.3211749 0.04216721
1.8102363 0.059062816
2.6846106 0.11705161
2.9077563 0.08490037
1.6843249 0.060008865
2.5562816 0.058049724
2.7858307 0.07905753
2.2985148 0.082051136
2.534592 0.10081481
2.0642495 0.08456887
1.996979 0.10406486
2.2613122 0.07707953
2.634405 0.0870995
1.5278709 0.16003175
1.1998174 0.039341625
1.8941425 0.068138525
2.4175363 0.09912715
2.1857705 0.08601862
2.5053363 0.07448907
1.3178959 0.12899546
1.2526319 0.109533265
1.7445198 0.06396609
1.5339919 0.090143
1.7949593 0.12067365
1.2011439 0.08132643
1.2987946 0.10977074
1.536757 0.113991
1.9980834 0.107858144
0.8712986 0.08805937
1.7576773 0.06024153
2.0057867 0.08289936
1.7192408 0.039375998
1.058524 0.10596168
1.5891876 0.107976586
2.303988 0.10136475
1.4096471 0.1060831
1.7632039 0.10323595
1.7602799 0.12709887
2.2855148 0.12277644
1.8275185 0.045637157
2.3894224 0.122648984
3.2164955 0.047947366
2.6145422 0.0741793
2.0551605 0.103497826
2.525368 0.10742839
2.5153902 0.08244229
1.3684571 0.13634384
1.5756319 0.08424835
2.4561796 0.09279359
2.256507 0.06985959
2.0054884 0.094723
2.4592834 0.0955613
1.5773199 0.064660236
1.8673128 0.09576951
2.102941 0.05642344
1.735741 0.060100112
1.777832 0.11508517
2.246681 0.098138385
1.5711269 0.14107803
1.6012065 0.073629804
1.6662897 0.075208746
2.6220431 0.103461094
1.9054785 0.09513623
2.0153885 0.11338321
1.0443636 0.053873464
1.3177459 0.09345358
2.229251 0.13383456
2.5943563 0.13594928
2.5465674 0.07946181
2.5270808 0.08941058
1.356786 0.11789757
1.5924501 0.10777696
2.5238087 0.06697498
0.7101632 0.06732295
0.9055996 0.0644576
0.923779 0.122771434
0.46097836 0.04787767
0.93274134 0.046031866
0.9343856 0.12763897
1.2188566 0.09149145
1.1009151 0.09104903
1.8140452 0.08729295
2.253717 0.111128286
1.0122535 0.082410716
2.3253472 0.08005687
0.79662377 0.11252428
0.96332645 0.04916861
2.099485 0.083584234
1.4262109 0.060307655
0.89264715 0.056398652
2.083544 0.08457042
2.1911087 0.08993882
1.9795525 0.09618485
2.643455 0.13200127
1.6436052 0.066626385
1.946297 0.091678515
2.1096406 0.09359415
0.48543102 0.089671545
0.5260824 0.09932694
1.8073676 0.053500455
1.9528589 0.1373943
1.0783566 0.05007098
1.7996814 0.119939744
0.6605625 0.07773995
0.8266977 0.084834784
1.6523874 0.070230775
0.7706224 0.08562492
0.85051286 0.07972265
1.770045 0.068063445
1.0815448 0.08748483
1.037407 0.0971085
1.9645023 0.05904005
1.7403126 0.095671326
1.1333477 0.045866653
1.9683231 0.10022752
1.1192178 0.124855295
1.0961996 0.12669206
1.8844535 0.102831155
1.1356137 0.091215976
1.4321973 0.070817456
2.5224204 0.13303392
1.3173034 0.08443071
0.8358016 0.09468921
2.3143525 0.13722156
0.89348716 0.042625185
1.2714221 0.06386592
1.2787135 0.10855627
0.8091421 0.07137503
1.2643685 0.08195296
2.1188092 0.095883444
1.3030322 0.09368403
1.5437878 0.0608907
2.0500233 0.061966036
1.7753474 0.09702239
1.6157234 0.11896896
2.9838798 0.06380033
0.96506816 0.09347221
0.6889659 0.100768045
2.0932765 0.09594914
2.0258613 0.10727101
1.270628 0.092112124
2.7842996 0.07556309
2.4687982 0.07972332
1.8569711 0.05268127
2.4990501 0.052175175
3.1574643 0.084992826
2.4876447 0.07524666
2.1495278 0.13297117
1.282656 0.0941991
1.2165488 0.041213416
2.090541 0.06784206
1.9633143 0.059067696
1.7008712 0.094438076
2.6165807 0.07184658
1.2287813 0.1156126
1.2012297 0.10697195
2.029273 0.10300193
1.3975705 0.06481168
0.8890476 0.039815325
2.427974 0.042649634
1.4632307 0.11872875
1.0665095 0.069963455
2.126417 0.093983114
1.605622 0.08727856
1.6966711 0.093407534
2.5254455 0.043481465
1.9870714 0.08759794
0.86773336 0.07465756
1.9982256 0.07372439
2.0127704 0.13001329
2.4029183 0.10050986
1.6332943 0.12667164
1.2748412 0.092707925
1.2264951 0.09186518
1.9950718 0.11407095
1.4371781 0.08729466
0.9636014 0.06506828
2.2203012 0.08491182
1.1443822 0.07100143
1.8321497 0.069995455
1.7641315 0.072290055
0.9142808 0.08426116
1.6652962 0.07034851
2.332898 0.08602684
1.6910187 0.12447185
1.6912845 0.059489653
2.421142 0.09007944
0.8113998 0.092699364
1.8918089 0.057024274
1.8216345 0.07085854
1.1453081 0.0821403
1.7017834 0.052387092
2.7773466 0.13655335
2.4492803 0.062793896
1.7921385 0.09339652
2.7673738 0.05092046
1.8852072 0.14768972
2.4866872 0.10592072
2.442844 0.051820498
1.4299014 0.06965236
1.8371207 0.07694309
2.8611646 0.10823353
0.8243534 0.08647922
1.7719154 0.08516333
2.4625304 0.05911697
0.9858986 0.10619274
1.7755083 0.17149852
1.5426272 0.1246927
1.5023873 0.096593864
1.5486993 0.120183684
2.2525518 0.07164791
0.882922 0.0827192
1.9749868 0.03746243
1.8831711 0.08433115
1.4038109 0.059187446
1.9591095 0.09882538
2.5601525 0.09890531
1.6307707 0.12577596
1.2655739 0.10498291
2.3315215 0.0884549
2.2598605 0.1282558
2.181066 0.114134185
2.6481566 0.09524083
1.2683058 0.15297484
1.6759653 0.100466855
1.765461 0.054506086
1.3453437 0.09436839
1.8336624 0.085548975
2.6927238 0.097051576
1.6084623 0.07775521
1.4883153 0.072699875
2.5331924 0.10358068
1.6284626 0.09280217
1.6397898 0.050622776
2.5322785 0.061766304
1.344932 0.07833383
2.725853 0.0917852
2.496039 0.071089305
1.5514275 0.12240973
0.8844253 0.07127613
2.6712685 0.045181435
2.172046 0.068986855
2.3628511 0.07464117
2.5286167 0.05711586
2.1830337 0.075495385
1.6542635 0.07757604
2.9008963 0.09606593
3.1736827 0.074304566
2.542408 0.08349305
2.1106145 0.10689257
1.6600561 0.15746541
1.4593704 0.050430227
2.5183697 0.062328395
2.2023253 0.1296818
2.1368408 0.083773434
2.4664087 0.1001827
2.052731 0.077305496
1.7543707 0.09935713
2.4275851 0.091948554
2.723116 0.13263619
2.069912 0.09398411
3.1049373 0.105910614
2.1597447 0.085298456
1.62526 0.1015263
2.3936179 0.068639785
2.7402954 0.12040713
1.8551121 0.085947976
1.9116348 0.08333059
2.6075804 0.14595589
1.5110477 0.092636384
2.9209037 0.06530637
2.868134 0.08858631
2.6359143 0.076611266
2.9190223 0.1555387
1.8550234 0.15109298
2.1229844 0.108542584
3.0540767 0.11537714
1.9355028 0.07205685
2.5048022 0.16878314
2.4289515 0.1059551
1.7487643 0.10288894
1.6084807 0.08786739
2.6269865 0.10772443
1.5467876 0.09058128
1.6747961 0.07512525
2.111345 0.14832006
2.1188316 0.0639086
2.2670975 0.07712288
1.5229111 0.063989185
1.9079168 0.11871158
2.7698054 0.081541486
1.5275896 0.19232917
1.7037855 0.05755567
2.441298 0.08048691
2.6395779 0.1449351
2.4931176 0.1336159
2.8573887 0.06691144
3.2799447 0.09617101
2.7306943 0.073724955
2.8258548 0.09834985
1.6149323 0.08340887
1.3857529 0.06467597
2.4551847 0.08408042
2.456459 0.092976786
1.6876323 0.08312367
2.910753 0.103643246
1.9461215 0.13236581
2.0016644 0.04699867
2.4729867 0.13684143
2.6428685 0.06996628
3.026297 0.10646922
3.174388 0.06393337
1.9890865 0.09639919
1.1196933 0.049789637
2.3322194 0.07763709
2.4653573 0.088573635
1.7271538 0.057986025
2.6174061 0.10658448
2.256454 0.1367211
1.8987945 0.09907597
2.510276 0.078308105
3.0548637 0.08517844
2.9000416 0.087422445
2.964487 0.09905212
2.3663855 0.104752645
2.3042367 0.08730561
2.1358697 0.074087724
0.7715698 0.0867483
1.1594312 0.12717469
1.7862217 0.1150895
0.61149716 0.12231653
0.94598424 0.08379633
1.4982191 0.08671241
1.1785432 0.06830332
0.9528614 0.068438515
2.220838 0.072931625
1.5116069 0.070100404
0.8837692 0.049883597
2.7813559 0.14120808
0.690122 0.09098581
0.67112625 0.088575155
1.7377926 0.047738533
1.2125547 0.09368436
0.8476035 0.058317836
2.8052137 0.08132048
1.5579183 0.15481265
1.1078597 0.06280782
2.4671497 0.034087114
3.1558871 0.14598718
1.5824955 0.1132635
2.6129165 0.05097057
2.720746 0.10811249
2.0139117 0.09393625
2.4827912 0.07383627
1.3345973 0.13258675
2.2573936 0.05916871
1.638225 0.05213807
2.2243862 0.11318338
1.3102311 0.082938954
0.60209984 0.059188087
1.7104375 0.07627794
0.7458509 0.07633889
1.1274551 0.08314787
2.0894217 0.11368801
1.2283962 0.06430821
0.97315824 0.06156755
1.844711 0.04680948
1.4103483 0.08558021
1.6494629 0.06825653
2.4428496 0.069610424
1.5605036 0.06798708
1.099996 0.12640074
2.0346305 0.12185852
1.7530504 0.13458918
1.7147726 0.096821405
2.753334 0.10389307
1.3541213 0.118852586
0.5548114 0.12038413
1.8408629 0.07099604
1.1923813 0.11298702
1.7031422 0.08484862
1.7923424 0.11432382
1.2651179 0.070814125
1.117673 0.10513618
1.4158783 0.091699176
2.0951946 0.083684444
1.6453292 0.054505818
2.6598675 0.10907213
1.6505048 0.09762185
1.7431027 0.08542529
2.488582 0.09548539
1.4131138 0.107998766
1.0959918 0.059308656
1.6520008 0.12934473
1.319385 0.09281534
1.6902006 0.06477569
3.0492568 0.11466306
1.9509958 0.09820846
2.3722572 0.09443047
2.0259917 0.064165
2.9256015 0.09912676
2.6279893 0.09622628
2.9674258 0.060177688
2.7642565 0.13406159
2.920383 0.070864975
1.9714196 0.1172787
1.5019077 0.10023278
1.6167457 0.04399636
2.4500961 0.070265956
0.68130124 0.043183852
1.3599268 0.078545555
1.9355278 0.106220685
1.2318723 0.099567205
2.0252028 0.076564975
2.193974 0.08008526
1.6927963 0.09414804
1.6796086 0.098785445
1.7358061 0.08659776
0.7959714 0.061038874
1.8249662 0.07688793
2.3275225 0.068146266
1.7816398 0.11357563
0.8573942 0.1302029
2.4616466 0.058677036
2.5514708 0.062207334
2.244347 0.13686396
2.5780742 0.06325468
1.7110449 0.057960715
1.0913302 0.083160706
2.121339 0.108802825
1.0830958 0.11063269
0.4984211 0.12410907
1.5769403 0.095898844
1.0013835 0.08536087
1.0919037 0.15021573
1.2345556 0.10615545
0.61221945 0.11101551
0.7598137 0.10905668
1.8022583 0.07773092
1.9619982 0.09739499
1.142849 0.07819669
1.97276 0.0723341
0.6769515 0.060150564
1.2633226 0.0661458
1.6175315 0.14102425
0.79415363 0.16396588
0.7152456 0.06375155
2.1381278 0.08784116
0.5989617 0.08157358
1.4516865 0.07957514
2.1675782 0.118046716
2.182828 0.08001826
1.687438 0.08723749
2.2723138 0.08034908
1.9178432 0.061616763
1.6457583 0.061039735
2.3899205 0.085281394
0.7321832 0.050960798
0.7321186 0.06518863
1.2330778 0.1016984
1.9580166 0.15145372
1.3679404 0.13281567
2.1688445 0.06767619
1.356396 0.09029083
1.0053086 0.043243874
1.7174892 0.09974951
0.91052806 0.06128608
0.92887414 0.08869853
1.7871182 0.07229514
1.1388352 0.06865017
1.655806 0.06943138
1.8150508 0.06320636
1.4694502 0.12956156
1.154753 0.050025646
1.9236748 0.07391034
2.0197475 0.047308587
1.3301796 0.07928395
2.8257673 0.14046444
1.3390102 0.12521683
0.6397805 0.055320654
1.89203 0.06685889
1.2184303 0.08712611
0.9557767 0.08903077
1.473644 0.07886278
1.2885568 0.06788793
1.0010021 0.071424164
1.6950467 0.048066005
1.127769 0.10299725
1.4545598 0.0787354
1.9788424 0.0921167
1.5278409 0.112474285
1.2562869 0.08943572
2.1129508 0.088739105
0.77801096 0.10916163
1.78995 0.07095194
1.9239639 0.123684816
0.7338631 0.09894118
1.3882055 0.04470437
2.372253 0.095918305
1.6652992 0.08017331
1.6840471 0.04748435
2.6072433 0.06837081
2.7947986 0.15709376
1.7234175 0.057415225
2.368444 0.09581199
2.669082 0.1430293
1.737471 0.06536202
2.0656972 0.10532082
1.7326009 0.077363096
1.718943 0.0625621
2.3498156 0.1700296
2.187002 0.07966814
1.4390905 0.048391994
2.3069139 0.06326856
1.3576707 0.09305277
1.2269677 0.12465321
1.9608061 0.09093737
1.4256601 0.10638399
1.356787 0.12208867
0.9837923 0.12737432
1.9769777 0.072135545
1.5721623 0.10932341
1.8294365 0.04501048
2.5123644 0.073522784
1.3062873 0.1267559
1.47475 0.1052408
1.8775078 0.11777318
1.8579693 0.08858167
1.79207 0.08557208
1.9307171 0.07196497
1.1013504 0.059582766
1.197137 0.066258766
1.9515222 0.088838786
0.76099604 0.049102683
0.5254799 0.14012334
1.2437667 0.08149439
0.7091943 0.09177479
0.76114607 0.10438433
1.5050037 0.07553108
1.551431 0.091336094
0.97947043 0.049845688
2.0428286 0.12667148
1.351176 0.11055375
1.3785906 0.10357276
1.7407401 0.08218767
0.61792463 0.05683698
1.4878421 0.09952706
1.9489968 0.06499057
0.8410281 0.08745334
1.695769 0.03967198
2.3176427 0.06751831
1.5362337 0.110354744
1.7114465 0.05069327
2.7425048 0.06562374
2.3924696 0.0847629
1.7188889 0.05784686
2.832788 0.07234709
1.5692221 0.115556754
1.5741394 0.097957745
3.0591483 0.11509159
0.66226 0.10030317
1.5937421 0.07911557
2.1117454 0.07787062
1.390002 0.13939026
1.8314022 0.079261236
1.9182253 0.09290172
0.8294983 0.11070076
0.54283756 0.07332554
1.5674455 0.06936595
0.8151352 0.069436185
1.5179452 0.056841783
2.1911476 0.08598309
0.91155624 0.14349951
1.7757107 0.07882023
1.7633669 0.09804961
1.6600761 0.098086484
0.72626483 0.09789114
2.4828384 0.059335977
1.8483207 0.07625407
1.766792 0.12299416
2.4404929 0.09990794
1.2459955 0.12505963
1.2002362 0.09546528
1.3098578 0.060734637
1.6761429 0.123842604
0.74575454 0.071678646
1.7149632 0.12666674
1.1403482 0.08715091
1.1218235 0.07863736
1.7232914 0.102848575
0.8323191 0.105846375
1.6508236 0.092004396
2.696755 0.12475295
1.737888 0.10592677
1.9316028 0.07395056
1.6515629 0.08732527
1.2874825 0.09513808
1.0368934 0.06503859
1.8551859 0.09079616
1.0290773 0.0888144
1.8288887 0.09644783
2.6204047 0.077270105
1.5687687 0.07404702
1.5451723 0.06319726
2.2002444 0.10019001
2.4159594 0.12105841
2.3002546 0.065005705
1.7611587 0.12302864
2.0473623 0.09888281
2.8291135 0.1030151
2.4443507 0.058619164
0.9795472 0.09218417
1.625809 0.053906288
2.1228187 0.09607173
1.8490407 0.080286786
1.586921 0.06663655
2.33283 0.086128265
1.1957599 0.07566473
1.363418 0.06081684
1.5884933 0.09085114
1.3108813 0.15165563
1.6551594 0.06646364
2.519154 0.11131791
1.3411802 0.07066572
0.8360957 0.088896975
1.7708877 0.115934916
1.6073742 0.19678286
1.1521776 0.09627324
2.8488114 0.13661085
1.5339301 0.08963994
2.753716 0.09790989
2.4550076 0.063150175
1.5187846 0.10937114
1.0095997 0.06437119
1.6998829 0.08232572
1.1487993 0.08944159
0.8027482 0.0991736
2.240665 0.10756017
0.9125098 0.071767054
1.2502081 0.11122596
2.5203938 0.10128918
1.377075 0.088860884
1.0910251 0.06767937
1.8798174 0.097106785
1.7717092 0.10685781
1.7926639 0.06543723
1.9743006 0.076704144
1.0055643 0.15929936
1.6138868 0.15977155
1.7939527 0.07564048
1.9621313 0.06077201
1.6759014 0.068647124
1.9437157 0.109066635
1.7579304 0.06707363
1.4772146 0.04395929
2.2393236 0.08192861
2.0670447 0.14603291
2.0530775 0.1481071
2.2894423 0.10804465
2.3849983 0.12388499
2.411553 0.08637308
2.6845744 0.09375257
0.87776697 0.08360022
1.6444887 0.08042176
2.0120616 0.063323416
0.98069704 0.104135305
1.4381462 0.09239616
1.144266 0.07529852
2.2789786 0.08057336
1.2149503 0.13528278
0.9545922 0.099006206
2.6467414 0.1828561
2.0086415 0.09486096
1.5133576 0.08052146
2.5348353 0.1335168
2.3034298 0.15927485
1.3981644 0.04377707
1.6076176 0.04984432
2.3589327 0.106646076
1.1640339 0.05162826
1.9926021 0.07074419
2.3492005 0.068491325
2.3733659 0.097580165
2.5238357 0.1460598
1.2686754 0.091111146
1.1851823 0.12663776
1.7406238 0.11532125
1.4305711 0.09864349
2.670578 0.12796961
2.859778 0.12151989
1.163118 0.06819534
1.9574349 0.0756587
2.4231753 0.097896844
1.0031871 0.09208357
2.2267752 0.07986551
1.9101769 0.089326635
2.8722663 0.045203704
2.7229145 0.06293322
1.7345619 0.055765085
1.5728843 0.08818607
1.9391863 0.048618786
2.5710483 0.08578064
1.3759696 0.1248126
1.8184083 0.120650664
1.7618841 0.12659895
1.6032633 0.12026051
1.6601241 0.09896592
2.8090696 0.10199518
2.9351175 0.06774485
2.3818626 0.055950817
3.0872474 0.10758735
2.8994684 0.06731577
2.7255118 0.088390395
1.8419335 0.11602338
1.278328 0.17377958
1.9777571 0.055337
2.7827187 0.08530685
2.686697 0.07934167
2.2573848 0.076015964
2.635837 0.07340471
1.3763428 0.0723171
1.8634536 0.120227925
2.83884 0.09279613
2.1143434 0.07184123
1.4720587 0.08662064
2.8525238 0.08143235
1.8661623 0.09622094
1.6373886 0.08781519
2.4115217 0.07552355
2.6419487 0.0816704
2.3526714 0.09111673
2.4173033 0.08630353
1.3581157 0.09687016
1.7556436 0.10299495
2.5900135 0.12368301
1.5507404 0.15436138
1.5220971 0.085139796
2.520598 0.05546299
1.1358865 0.09306199
0.5751852 0.17047103
1.0893103 0.061110023
0.7156565 0.06940464
0.5936202 0.14135571
1.6539764 0.051335122
1.189504 0.10272448
1.5256426 0.064438745
1.9861126 0.06560764
1.3795981 0.1826766
1.454397 0.1240867
2.7711961 0.06171998
0.26766545 0.10935476
1.0665352 0.0517559
1.521183 0.11749627
1.2272575 0.09594397
1.5782411 0.04287051
1.9719273 0.09752759
1.4001015 0.09358209
1.1158391 0.06652532
2.0709748 0.08406586
1.8724196 0.11758151
1.2378771 0.055904698
2.8325853 0.09151292
2.0788422 0.10519987
2.3817966 0.11485621
2.7671723 0.06527014
1.0295321 0.05625853
1.1244179 0.087331586
1.6905552 0.060792226
1.3668036 0.09125393
1.6912102 0.26173654
0.9568248 0.099232085
2.4926229 0.10036894
0.8011001 0.07046738
1.2016238 0.12671658
2.036272 0.07848131
1.8042736 0.0819121
1.3242477 0.08295168
1.9973911 0.03771029
1.0356573 0.12057847
1.0065734 0.08953463
1.6737945 0.09328695
1.3216722 0.08850713
0.9305693 0.10557094
2.4788444 0.15060136
1.274832 0.12454908
0.9700184 0.13603427
2.605597 0.048699368
1.7735965 0.11732589
1.6725925 0.059643608
2.3810976 0.08951215
1.0206215 0.1582371
1.3336215 0.103860036
1.0959108 0.06984608
0.9309141 0.074121416
1.0602226 0.07991236
0.8983191 0.093874246
1.0800107 0.066976026
1.2589562 0.11069197
1.4782015 0.059470363
1.4975448 0.13323894
1.296261 0.10224829
1.3617934 0.06250275
0.8900898 0.14075258
1.4866656 0.094898336
1.2737268 0.06366684
1.3440965 0.09567006
1.330837 0.109831296
1.2301534 0.16286473
1.9181305 0.08611496
2.0386124 0.12708636
1.4190764 0.09316153
1.5203905 0.10058679
1.4868877 0.0745792
1.3073629 0.06334263
1.3857958 0.11008006
1.5483148 0.07519756
1.4879389 0.11504124
1.4166232 0.06878327
1.5903547 0.11050592
1.8039808 0.10132695
1.3961527 0.098327704
1.5383896 0.061866444
1.3969657 0.12540586
1.3070446 0.11191284
1.4552691 0.0431518
1.544595 0.13746141
1.0490643 0.123009756
1.7948024 0.10729701
1.051449 0.16627064
1.2409129 0.13153093
1.5039864 0.087170616
1.9647553 0.09566714
1.185235 0.10215514
1.4192232 0.099136256
1.2993191 0.08146602
1.4897907 0.063102506
1.704593 0.05846623
1.5241998 0.10065188
1.4072433 0.0895675
1.2515678 0.068100855
1.8612359 0.097228535
1.8424686 0.1009026
1.5074496 0.06424984
1.4958047 0.079543084
1.7565792 0.068484694
1.3212615 0.07811112
1.5226629 0.06364198
1.6055704 0.17047437
1.7437446 0.08255358
1.2201369 0.1338127
1.6797574 0.06567615
1.8805643 0.059094332
1.5093381 0.092645004
1.1933695 0.076194264
1.1864324 0.0671844
1.7005374 0.10297478
1.5192882 0.07455056
0.7538237 0.10623888
1.4525448 0.17084408
1.0578246 0.1189602
0.9825857 0.1330079
1.1933929 0.18208277
1.1481602 0.07565528
1.5016587 0.12013838
1.1077682 0.15917519
1.5774996 0.11269284
1.0252016 0.10197962
1.1582161 0.074124426
0.8070849 0.07755678
1.2001934 0.08568257
0.93859214 0.12496545
1.2359226 0.15780598
1.1639878 0.09886155
1.7496297 0.13189386
1.0878575 0.13236673
1.8403146 0.06709339
0.8547538 0.073257364
1.61461 0.07525431
1.1745918 0.084798746
1.570032 0.12308849
0.9387805 0.10906536
1.3860738 0.097971305
0.6294592 0.07586521
1.5241302 0.059328943
1.2888899 0.1319317
0.72383773 0.07636823
1.2177141 0.12298465
0.90335894 0.09567365
1.0959537 0.12137354
0.9398159 0.14883693
1.5239793 0.10837891
0.8285386 0.118896216
1.6337341 0.11407115
0.92267287 0.08803049
1.3836527 0.12886786
1.5317651 0.080746956
1.5445981 0.115137964
1.3557247 0.19942313
1.238278 0.050293498
1.2522575 0.070338555
1.5218477 0.07555072
0.7729173 0.09279971
1.6058744 0.121280566
1.1044319 0.0843149
1.4310014 0.059603192
1.380356 0.18020374
0.77448326 0.10515108
1.3606129 0.13465235
0.87241423 0.12224248
1.4165633 0.10851852
1.5982835 0.14609359
1.0105969 0.101968415
1.3709506 0.09796628
1.3573344 0.105618335
1.5752674 0.12839623
1.927825 0.05470127
0.83053553 0.06763568
0.8241092 0.10699229
1.125754 0.08446302
1.2027978 0.08603802
1.3278291 0.05346778
1.5634972 0.095146075
1.3548757 0.116278574
1.7059984 0.047965776
1.348676 0.080606334
1.1078913 0.14521432
1.7072008 0.094290584
1.7368534 0.048189938
1.2962406 0.07173823
1.4723805 0.11595676
1.9356533 0.1072695
2.0509772 0.13132958
1.4386675 0.15556306
1.1047457 0.060159773
1.1354692 0.10709851
1.5912497 0.14251615
1.3363106 0.08742912
1.2225826 0.21813148
1.6290252 0.106461704
1.9477558 0.14063804
1.3638079 0.054686975
1.3321557 0.076884
0.8008254 0.12245369
1.1181719 0.07404112
1.320398 0.10466724
1.8545892 0.16397692
1.5259243 0.08120161
1.5158037 0.08641463
1.4416544 0.031620078
1.6464107 0.09699854
1.1959155 0.15098421
1.3953749 0.12151364
1.7185112 0.069687806
1.2436707 0.05611414
1.3701252 0.07514191
1.519283 0.13337018
1.3332238 0.11824349
1.3809955 0.120245084
1.5602417 0.097329535
1.6161053 0.057061505
1.2953804 0.053776696
1.2922729 0.14846227
1.5061066 0.067153886
1.5723794 0.092576936
1.2718438 0.110361725
1.0435822 0.13664584
1.4981451 0.11031922
1.22628 0.074593
0.98975146 0.0972825
1.6780093 0.14873977
1.7240303 0.17192371
1.6208624 0.10588221
1.527046 0.08793801
1.4854267 0.1094826
1.6571487 0.06639126
1.2872367 0.083806634
1.4798853 0.08255421
1.6740005 0.1412055
1.6967509 0.106064595
1.2303358 0.10648545
1.5715032 0.10828935
1.3261675 0.09810422
1.4031645 0.09550379
1.6234639 0.068466716
1.7996842 0.09697215
1.2265764 0.08446205
1.5858803 0.10171916
1.5939394 0.086788826
1.2437398 0.057586025
1.5835798 0.10649462
1.1479943 0.062012054
1.2568918 0.12250362
1.2186754 0.123827666
1.2694136 0.10340983
1.5821345 0.06737668
1.6182153 0.08513489
1.2163557 0.094431035
1.2312528 0.08044644
1.5725858 0.062109955
1.6810646 0.0657751
1.4003879 0.092466205
1.5203923 0.08734256
1.6591103 0.059835088
1.4670479 0.07797425
1.5884907 0.12042873
2.0732355 0.08330452
1.4787794 0.121923134
1.6520256 0.15000966
1.4967425 0.1018046
1.3413244 0.13112451
1.3653859 0.18312515
1.6281507 0.101231694
1.7578207 0.08819393
1.6480592 0.08598269
1.1827275 0.09200568
1.4960897 0.10193639
1.5343415 0.09980094
1.7666321 0.06937942
1.6179025 0.10289555
1.5661644 0.09288899
1.90678 0.1436903
1.518923 0.12425051
1.5252141 0.06637567
1.7566864 0.08792223
1.6498435 0.09000034
1.5964031 0.09980899
1.8346777 0.11770681
1.6765362 0.06985123
1.4004828 0.1198724
1.1225646 0.08553443
1.7265766 0.05810831
1.3153317 0.0810015
1.3975096 0.15841338
0.9565085 0.117987804
1.6887289 0.088820726
1.5446466 0.09796349
1.5399998 0.13087793
1.5163771 0.10071654
1.3672885 0.07067803
1.5864065 0.064849615
1.4115103 0.107323594
1.5764158 0.10684616
1.4721735 0.06278512
1.7329375 0.06785193
1.5917757 0.07527506
1.6527001 0.09817398
1.7333615 0.09386918
1.64689 0.07786212
1.785236 0.27648535
1.4942229 0.1458592
1.5347728 0.17577542
1.2791321 0.12265425
0.9691679 0.082886904
1.0219558 0.06131218
1.127822 0.08544177
1.3609132 0.046818152
1.3507752 0.047638156
1.5888169 0.09059775
1.41332 0.056070115
1.5646449 0.061521027
1.3383086 0.095846154
1.3265598 0.05091648
1.7769665 0.077288724
1.4806154 0.13850129
1.4607531 0.09609294
2.160739 0.07352741
1.2892101 0.08397196
1.3418087 0.09618536
1.4996942 0.05756313
1.2355045 0.060839955
1.9499115 0.09318288
1.8180544 0.07497527
1.3550129 0.07787153
1.4585441 0.14520979
1.0328465 0.07700664
1.3724395 0.074250296
1.1363089 0.16596986
0.8971837 0.17767029
0.82434714 0.06207629
1.5845735 0.09040093
1.5431768 0.1396859
1.6730661 0.13296717
1.8342444 0.103196226
1.4893188 0.113375455
1.4402534 0.090303354
1.080308 0.10890205
1.2549174 0.20591429
1.7762648 0.07759768
1.6552715 0.11387215
1.6077461 0.11665764
1.5964812 0.10280796
1.1217018 0.06691548
1.4077473 0.062328253
1.4215438 0.09257679
1.8291038 0.09239702
1.6117617 0.09710651
1.1710668 0.23120014
1.6886988 0.07384816
0.975842 0.09673103
1.0526731 0.08275873
1.2287133 0.11225192
1.170405 0.09734298
1.1038516 0.13076347
1.558577 0.09388649
1.2653444 0.041809443
1.373957 0.06612397
0.9287729 0.109881826
1.1055335 0.13258223
1.3956115 0.13184711
1.5589787 0.13497518
1.4848171 0.075413235
1.0738922 0.06968023
1.4252328 0.06451625
1.258773 0.07862328
1.3919108 0.07876127
1.4120113 0.088461876
1.2257797 0.07398816
1.1914474 0.10176917
1.4706527 0.061496157
1.4142342 0.08179361
1.4466813 0.06408907
1.1022291 0.16113526
1.0411006 0.0900784
1.514068 0.09711275
1.2770216 0.1217593
1.0669615 0.07831731
1.3516172 0.07910913
0.98346186 0.10068201
1.3009181 0.07996211
1.63038 0.12051849
1.3283083 0.10794229
1.3543965 0.07723058
1.4446537 0.072987266
1.3694406 0.07517007
1.2470968 0.12200159
1.5442781 0.16051224
1.2176949 0.10931176
1.3605134 0.1122311
1.2430654 0.05154329
1.4556531 0.07618497
1.0556548 0.08312131
0.94972974 0.122995175
0.84602624 0.08284084
0.83917487 0.044030406
1.1122516 0.07730447
1.312105 0.20982368
0.7711775 0.09672386
1.0214117 0.08768262
0.8152375 0.12032031
0.8715912 0.10486344
0.8451079 0.072061464
1.0891023 0.06822703
0.9901665 0.13517764
1.1913674 0.065658316
0.9698264 0.10122025
1.0823871 0.078551814
0.9386196 0.15291364
0.8634143 0.13198279
1.1323204 0.07138198
1.5149102 0.091775745
0.9467269 0.094322234
1.2887322 0.12618
0.9757694 0.09766261
1.1684916 0.087873176
0.8861696 0.15272969
1.0493244 0.076990284
0.83663446 0.11462159
1.0036594 0.1010819
0.94495314 0.09685652
1.3230671 0.05382533
0.9701856 0.12973548
0.73960125 0.08084406
0.771941 0.09476214
0.8509638 0.08286704
0.9316071 0.097302474
0.97372806 0.11149371
1.2413087 0.0861636
0.98121834 0.11506071
1.334411 0.11638509
0.8859252 0.11745172
1.3334333 0.16702136
0.83234835 0.07034396
1.1779792 0.10111488
0.89641225 0.12440457
0.82544404 0.1362828
0.8888551 0.105789244
1.2981398 0.07249785
0.9980591 0.0657952
1.320904 0.09081085
0.864028 0.09591253
1.2332196 0.10422563
1.0931016 0.060106073
0.9380512 0.1017998
1.2049463 0.10983872
0.88316935 0.105395995
1.1603835 0.08025204
1.1011331 0.056922264
0.96336097 0.069914386
1.4212339 0.08372181
0.871352 0.09216503
1.0637643 0.10916004
1.2696694 0.0806863
1.1002123 0.12864257
1.3132952 0.07290762
1.3887912 0.068932734
1.3300701 0.13319
1.5018572 0.056413934
1.5854075 0.08536834
1.6322947 0.08219557
0.95054066 0.112324215
1.1003834 0.10403272
1.4488745 0.07042161
1.6710384 0.07191278
1.2732925 0.122114696
1.1862838 0.07562528
1.5893129 0.11240148
1.9838005 0.1636665
1.4897269 0.08941397
1.3316302 0.09644789
1.3296727 0.09445944
1.6437317 0.14591418
1.3814099 0.08056149
1.6875627 0.11161201
1.3073906 0.07059273
1.7667322 0.10935844
1.6021097 0.048771773
1.3485935 0.09121396
1.1651405 0.16369015
1.603862 0.13294315
1.2394586 0.07158002
1.3420831 0.073201455
0.95767325 0.15372449
1.3191814 0.09760253
1.1207687 0.07926782
1.6517336 0.08782485
1.7332758 0.09994753
1.0581384 0.05165924
1.614797 0.11726446
1.3180761 0.09707658
1.9285583 0.04720458
1.4163944 0.07893024
1.3939188 0.11792048
1.2077162 0.10115872
0.9900772 0.14367801
1.7344484 0.15670682
2.3223946 0.16803588
1.6475798 0.14213848
1.7163213 0.07134219
1.3548088 0.18463436
1.5436023 0.057494354
1.3816017 0.09685616
1.2220193 0.057639267
1.461303 0.057028163
1.3001804 0.072518736
1.3170608 0.060836695
2.0815632 0.10593364
1.6700952 0.11756072
1.342263 0.07982525
1.116906 0.2203304
1.324329 0.12155126
1.5649077 0.1145789
1.2840679 0.09318686
1.2425303 0.13515492
1.3625958 0.091053456
1.68967 0.0679402
1.2712109 0.071517654
1.2890408 0.073839344
1.6680578 0.088993214
1.4999365 0.067950726
1.1825608 0.067703374
1.6984053 0.062323913
1.3386955 0.07171504
1.4103478 0.063497625
1.7989836 0.07245625
1.327598 0.043868445
1.0305812 0.16535278
1.3830106 0.087481454
1.4081714 0.06371504
1.4419987 0.062086497
1.1724867 0.085942104
0.9248506 0.097109325
1.1215125 0.05829872
1.0168227 0.12191926
1.7475538 0.105456576
1.3177693 0.07004784
1.5557446 0.09035554
1.2521937 0.09976716
1.3806722 0.061515715
1.616102 0.115103446
1.3023882 0.049609374
1.4899408 0.13430431
1.4423796 0.09059051
1.8915844 0.103969865
1.1522951 0.065288655
1.6526806 0.0648848
1.3580631 0.14098391
1.5329002 0.107278995
1.1651957 0.080861785
1.8159792 0.122686625
1.3920668 0.07038392
1.6829125 0.102384806
1.5835198 0.077171244
1.1967431 0.07882425
1.3583915 0.049036253
1.6656832 0.09135434
1.6374004 0.08689661
1.2846978 0.061919607
1.2823676 0.07516808
1.0411439 0.095999606
1.2384 0.06889784
1.2472812 0.066591784
1.606888 0.11248989
1.3197873 0.11079569
1.3947756 0.13743669
1.4115343 0.087935105
1.3794181 0.07914446
1.2420138 0.082495265
1.2027024 0.080454595
1.2132831 0.04123208
1.1741413 0.050312873
1.2574165 0.10704708
1.1785742 0.11457949
1.2259071 0.10832227
1.3537855 0.060128912
1.2977229 0.1464782
1.4798081 0.06843494
1.2343844 0.18143404
1.2966549 0.063166134
1.4457059 0.07744899
1.2011882 0.077399395
1.2156925 0.106922865
1.2784449 0.1362292
1.5984979 0.12092339
1.3482828 0.08484778
1.317485 0.07388279
1.3678424 0.07086191
1.4008595 0.054592524
1.3325105 0.06984696
1.7737858 0.15573075
1.3978426 0.046945028
1.1640184 0.080122784
1.2961295 0.052405767
1.5644686 0.120143436
1.647967 0.074411474
1.2368095 0.15297562
1.1443635 0.08834625
1.7298107 0.060672093
1.9357176 0.10825114
1.7078075 0.05199327
1.5484592 0.0740548
1.0257072 0.07537912
1.9133867 0.1095175
1.4014609 0.10434025
1.5118648 0.09890514
1.2345028 0.05058336
1.5374414 0.06151895
1.0812647 0.103876896
0.6631757 0.10432007
1.6060207 0.11668222
1.7173374 0.119651906
1.553869 0.14473289
1.7676258 0.18170303
1.4242469 0.15109754
1.3734282 0.17279127
0.9603435 0.08321101
1.4210267 0.093952425
1.6440462 0.15006877
1.3139458 0.046670157
1.3957427 0.07713376
1.4193648 0.07072239
1.3404249 0.066937506
1.3020391 0.05846343
1.323074 0.07347009
1.3631418 0.087820046
1.5071635 0.09560189
1.3270886 0.07583322
1.1652547 0.099587165
1.4333023 0.0971773
1.6825622 0.05829834
1.5260155 0.11539543
1.391784 0.072177805
1.422278 0.071376674
1.363762 0.0618934
1.422461 0.09822086
1.5539143 0.10478593
1.4249758 0.066830315
1.4792594 0.06824831
1.5649191 0.141706
1.6106651 0.069372885
0.96908075 0.06925563
1.4578593 0.06181216
1.3695239 0.09297136
1.5857233 0.068294205
1.412389 0.07756739
1.4423468 0.07854295
1.2993157 0.07325357
1.0551996 0.06119931
0.97238874 0.08354718
0.9971076 0.08934191
1.5225526 0.08095225
1.6983354 0.06614866
1.5361453 0.11631141
1.3721275 0.074257135
1.5480438 0.09454138
1.4166403 0.07950229
1.7085311 0.086410224
1.4645287 0.06804169
1.5363057 0.07748135
1.3622458 0.05311238
1.3070621 0.090134226
1.6307867 0.10621985
1.3714383 0.08486263
1.3342836 0.07475383
1.4815943 0.09384192
1.4756534 0.12795687
1.5822531 0.06610193
1.3054869 0.07049258
1.459493 0.08080887
1.6399186 0.096092656
1.7404158 0.07981123
1.2892954 0.07437279
1.2135231 0.10804706
1.3673791 0.07314042
1.4376411 0.10049154
1.4967113 0.09189948
1.2854939 0.06290165
1.4383738 0.08312342
1.155169 0.11532098
1.5411307 0.066291004
1.2445405 0.09252824
1.2749207 0.17715433
1.074521 0.090591855
1.2592323 0.076359935
1.2183073 0.15041944
1.0979111 0.104275025
1.4319141 0.062699944
1.3856528 0.13520543
1.172962 0.13190643
1.2429045 0.0926585
1.0153996 0.0957985
1.421293 0.106395595
1.2620364 0.10825917
1.467138 0.08207693
0.9718024 0.09791857
1.4686508 0.08108595
1.3804162 0.0690895
1.5880907 0.09297463
1.1962863 0.06407775
1.4355361 0.0975671
1.0674545 0.08124301
1.4491174 0.07884935
1.32852 0.07714772
0.92373693 0.10820844
1.2509893 0.10019022
0.9470272 0.11870394
1.2857687 0.079060644
1.1449488 0.083876856
1.4580681 0.06429776
1.1802523 0.07176169
1.4311025 0.13242668
1.0722767 0.09174318
1.43526 0.094668515
1.304161 0.09380838
1.67689 0.10602215
1.2735696 0.09462206
1.5959412 0.08706911
1.481477 0.10573266
1.4652607 0.08135705
0.9808663 0.08745429
1.5399811 0.12647921
1.3058751 0.042190377
1.3047597 0.07690055
1.3863235 0.12883264
1.0964471 0.09055958
1.4153497 0.072238654
1.1550545 0.10416657
1.5061829 0.077081084
1.4541674 0.096106626
1.504905 0.15079665
1.310211 0.039231297
1.1426475 0.11417571
1.3355473 0.058241267
1.6301281 0.066953264
1.5509185 0.07324138
1.619437 0.16477591
1.8116449 0.104028285
1.6328526 0.07324713
1.3027976 0.11127002
1.2882593 0.074584596
1.531314 0.066914186
1.4161211 0.052475028
1.6007211 0.12002139
1.7933422 0.06944385
1.3379896 0.08695975
1.4263785 0.059458032
1.9862821 0.10560316
1.1909316 0.12701997
2.055027 0.102685235
1.576966 0.06461633
1.5288739 0.039836355
1.9982646 0.11415763
1.395964 0.05896112
0.9512911 0.07252894
1.6007566 0.1353719
1.3984036 0.09900041
1.4848363 0.08762777
1.9912827 0.09619984
1.4571267 0.09238317
1.5770311 0.10295555
1.7576901 0.06102014
1.5875194 0.08059408
1.331678 0.118781395
1.3900392 0.11067189
1.3135605 0.08940565
1.313925 0.16646893
1.1577213 0.10363681
1.4770541 0.124936424
1.3577187 0.10897578
1.4134456 0.072879545
1.7786077 0.113768026
1.630574 0.16942173
1.7687609 0.06668155
1.2363355 0.0795841
1.3123629 0.11342443
1.3944519 0.08957027
1.520107 0.06655737
1.4905051 0.07710698
1.4413978 0.07199646
1.5964887 0.044745456
1.4672302 0.05889058
1.6072466 0.15405327
1.6600399 0.103635244
1.6040328 0.07231463
1.4310489 0.07526529
1.5229472 0.095502675
1.7829899 0.053664252
1.4855703 0.07261152
1.5862858 0.109335214
1.6318442 0.061435845
1.4701493 0.0758538
1.4560983 0.081190646
1.4571017 0.09734012
1.2887465 0.09231195
1.4518521 0.087069206
2.0403588 0.1405878
1.6376953 0.12318256
1.4588524 0.09878316
1.3454103 0.091263406
1.5100216 0.07149194
1.5088702 0.08567128
1.5965945 0.11269231
1.674106 0.08172749
1.7484179 0.10576555
1.5645922 0.1367317
1.4512558 0.049613073
1.5934434 0.18507847
1.467632 0.1064452
1.4365274 0.074065045
1.5426489 0.09659167
1.2696775 0.09139662
1.6313794 0.0664444
1.4978969 0.14305863
1.813925 0.08165004
1.4034586 0.058204327
1.4933618 0.0862827
1.5494192 0.090530805
1.8384014 0.08065987
1.6314465 0.10975776
1.8700869 0.12819467
1.2644355 0.06345575
1.2960101 0.16942638
1.7552035 0.110801585
1.6182556 0.090497546
1.494129 0.106781095
1.3864169 0.05380203
1.4422721 0.105284505
1.5085329 0.09208044
1.4987667 0.12819065
1.5446589 0.09331918
1.5553052 0.06362628
1.7635581 0.11927364
1.5902393 0.111978404
1.7004226 0.066174194
1.4569685 0.09356879
1.5728122 0.13851376
1.6762966 0.077720515
1.645366 0.06633251
1.60562 0.080807336
1.3960125 0.09449294
1.1119497 0.10770389
1.616992 0.046147827
1.5936629 0.09076855
1.5416566 0.121184304
1.5674984 0.12995307
1.7847891 0.12273052
1.7391431 0.054517813
1.6672245 0.08678523
1.5436772 0.061003532
1.4891348 0.112615
1.6389767 0.09261614
1.6459605 0.04349427
1.4358344 0.10218373
1.6061798 0.07209027
1.3493748 0.07813268
1.524091 0.06841642
1.5401477 0.11626736
1.598 0.09645384
1.5652974 0.0735823
1.5325882 0.068874046
1.5837399 0.07628579
1.6261835 0.12259243
1.643837 0.08223786
1.6311705 0.06679594
1.2892692 0.06990836
1.5376256 0.07454901
1.726054 0.1164048
1.732864 0.09934796
1.6075356 0.09662656
1.7340949 0.086368054
1.5070331 0.056612242
1.6534916 0.08853992
1.887347 0.09885202
1.3548996 0.06453204
1.4545751 0.093982816
1.3925676 0.15938114
1.6193178 0.05921517
1.5292914 0.09758653
1.7278563 0.08669902
1.4075717 0.108586386
1.5280097 0.06947628
1.7660042 0.103945896
2.1479604 0.091869146
1.3712943 0.05324391
0.8890974 0.09951665
1.553625 0.072291985
1.4070797 0.045060575
1.6222913 0.08591182
1.4437437 0.07332977
1.3572286 0.07916419
1.6417793 0.107892714
1.5612465 0.104476385
1.6440115 0.04181852
1.4281263 0.03163357
1.2567196 0.065921664
1.5527737 0.10021937
1.4298079 0.102270216
1.313502 0.05446868
1.5024438 0.15662874
1.5894094 0.048124842
1.5286092 0.07301532
1.5864474 0.085462
1.4855587 0.050266773
1.4091619 0.14073578
1.0127956 0.12291081
1.4904537 0.1080914
1.6304343 0.0917816
1.6105773 0.102164
1.6048542 0.1245376
1.3362244 0.10508442
1.7576002 0.091820106
1.7001293 0.07131036
1.6587527 0.14167774
1.3647385 0.10913765
1.3625908 0.10625727
2.1509748 0.18542643
1.7863305 0.0654878
1.5837595 0.10089659
1.3679602 0.0663914
1.5770185 0.096317366
1.3014239 0.074592724
1.9251426 0.063108675
2.0288968 0.13179015
1.3843088 0.1076413
1.5152775 0.064443365
1.4742591 0.10340669
1.6806128 0.06433656
1.6347075 0.098219395
1.4205267 0.043572005
1.6447849 0.07957158
1.7140087 0.07268215
1.4671829 0.057118006
1.7346569 0.095790386
1.4989804 0.061536975
1.6738573 0.08794996
1.4914098 0.070789985
1.3473713 0.12937166
1.4544972 0.1048997
1.5083113 0.06677974
1.6892716 0.08735008
1.4766233 0.078652516
1.4355083 0.06863952
1.6072283 0.0799009
1.6169987 0.06847322
1.4372742 0.06707218
1.500467 0.10608177
1.7429081 0.072791554
1.4785544 0.12950349
1.4395773 0.20102207
1.3983315 0.057223413
1.4388044 0.10100605
1.578674 0.06954554
1.8679526 0.09602502
1.4522547 0.12425173
1.4849197 0.1118059
1.5972152 0.10011802
2.1913424 0.06293303
1.790116 0.07450136
1.577398 0.08101289
1.5206149 0.07613151
1.5539964 0.0943378
1.4528844 0.07965424
1.7319561 0.04452982
1.4783901 0.069590874
1.7611704 0.10485569
1.5970398 0.09101797
1.4770167 0.069627
1.6674054 0.0986624
1.6036466 0.07204727
1.85969 0.12434673
1.7325828 0.047831744
1.6910172 0.0610459
1.413158 0.10809582
1.5605191 0.091229446
1.6876678 0.1357892
1.684078 0.06564737
1.2612717 0.11875319
1.7528282 0.08649176
1.5005598 0.12051982
1.6986592 0.074275166
1.7866405 0.08121694
1.7534678 0.059329636
1.3392495 0.11559801
1.7955179 0.12270442
1.5608786 0.13770504
1.3957331 0.07270499
1.7659671 0.06334263
1.518108 0.059511445
1.8762137 0.12117197
1.8301728 0.10589013
1.7695744 0.055668037
1.76283 0.11389409
1.773584 0.077744156
1.6188469 0.087937646
1.7268994 0.067862734
1.4573909 0.087196864
1.5782714 0.087339826
1.6705844 0.10064191
1.5691464 0.055081125
1.6645944 0.062276047
1.6832758 0.09265474
1.8479836 0.11685628
1.7353033 0.11782261
1.731513 0.10893586
1.513701 0.119933926
1.4782132 0.09328703
1.5100873 0.08852016
1.329345 0.06341777
1.1128422 0.06564784
1.6334875 0.070235975
1.5239474 0.094656035
1.6179895 0.070252456
2.0976346 0.06599306
1.469762 0.12661006
0.90699357 0.05844162
1.3663092 0.09802486
1.4229436 0.078922406
1.5158525 0.11632009
1.7826378 0.111997664
1.5955144 0.08522743
1.7540338 0.07990794
1.4608134 0.10623118
1.3928473 0.075300716
1.3497005 0.06917989
1.4474838 0.1424704
1.5405089 0.11113332
1.3461788 0.13477907
1.1035348 0.098499216
1.4474609 0.10672116
1.2464006 0.04313763
1.0027101 0.06619504
1.7213249 0.063708894
1.5440614 0.075350024
1.4292004 0.037230127
1.3999703 0.088292696
1.4020009 0.11627028
1.7007872 0.1979974
1.5871458 0.06573965
1.4796209 0.08439234
1.3503058 0.100222774
0.96264064 0.08375419
1.6626126 0.097549945
1.7599853 0.110897176
1.6723518 0.058776483
1.5931939 0.06570497
1.3973206 0.10632837
1.4419887 0.1154612
1.6204231 0.1188425
1.4141138 0.12029661
1.5224369 0.102001846
1.3585303 0.07512214
1.5976739 0.08081496
1.7164387 0.15832664
1.7176306 0.12065597
1.650305 0.08430934
1.4031072 0.10419574
1.3074427 0.15904485
1.5624326 0.06864489
1.6121353 0.09898623
1.4509205 0.07824575
1.3747072 0.06782496
1.4113247 0.13021936
1.4891438 0.09728172
1.4948721 0.0811448
1.3025624 0.095962025
1.5162413 0.10613419
1.106848 0.11143713
1.1973234 0.11045941
1.2403715 0.20232946
1.2249249 0.07822622
1.2780544 0.079757504
1.4715421 0.10985685
1.4733405 0.042865455
1.3349252 0.08149393
1.3648763 0.071742944
1.3462713 0.028716072
1.2529306 0.0581487
1.0441899 0.07128877
1.5677586 0.07949947
1.3528385 0.084866
1.3263278 0.077492274
1.6138268 0.050481606
1.6633646 0.25837648
1.1435969 0.10933004
1.0355518 0.1464755
1.4190199 0.12846014
1.5099046 0.06250265
1.3239866 0.04609151
1.3768079 0.07408828
1.321919 0.07757939
1.547776 0.050228026
1.47853 0.124285944
1.5214083 0.11321467
1.3856317 0.06374626
1.4455096 0.06285508
1.3869393 0.0699587
1.1890894 0.0744492
1.3781642 0.06912027
1.6827848 0.060407445
1.4305937 0.10483604
1.3352504 0.053882424
1.6655155 0.08483169
1.5155694 0.09949032
1.4227402 0.124616675
1.2763414 0.07952353
1.5853275 0.07136002
1.5582834 0.058350585
1.5605932 0.12703386
1.3287835 0.11970553
1.1747601 0.08624894
1.5134166 0.09739062
1.4180641 0.09148243
1.1318556 0.08415932
1.3597395 0.04940476
1.1589887 0.06703741
1.4130046 0.05439157
1.5030035 0.099513195
1.2981803 0.09155207
1.1993489 0.1068468
1.1327907 0.084444635
1.3817482 0.08492356
1.4867014 0.049610324
1.2030866 0.08836886
1.373859 0.0772865
1.2629834 0.06657458
1.459044 0.114861734
1.4552091 0.051573295
1.1517762 0.07427039
0.9259685 0.09969044
1.5235342 0.12245875
1.2954991 0.05486583
1.1266599 0.13536645
0.9815221 0.13659121
1.404963 0.070119835
1.0469182 0.046080127
1.1440475 0.059248675
0.9597298 0.06839863
1.2958843 0.0507216
1.2884961 0.07815868
1.2185196 0.07755629
1.540191 0.12154168
1.0363772 0.06845233
1.2240876 0.1087444
1.2146266 0.11809195
1.4072502 0.076354705
1.3190578 0.10128545
1.3433738 0.11044688
1.073817 0.07361823
1.3559933 0.08282674
0.9984999 0.10503504
0.8775446 0.086122
1.1695628 0.06262202
1.2781357 0.06561892
1.3414209 0.09317763
1.1842606 0.08475242
1.1034473 0.13466898
1.2486155 0.07918144
1.4343697 0.0744326
1.5375938 0.11031922
1.61354 0.08513991
1.4380239 0.09160272
1.8278067 0.119595945
1.9925077 0.15186162
2.3013272 0.06413137
1.3369014 0.08033463
1.0990359 0.070072725
1.3080716 0.1119329
1.4389784 0.04448049
1.5035722 0.122415274
1.7617327 0.12724267
1.5705025 0.09640051
1.4315307 0.09847463
1.3463235 0.109563574
1.0797495 0.055659838
1.4121826 0.07009344
1.5780898 0.13697226
1.3622566 0.119398326
1.2199687 0.07520798
1.5276053 0.13787247
0.97873974 0.08643773
1.5850166 0.19546796
1.613171 0.118303485
1.6719491 0.05397082
1.6514276 0.07200801
1.4915617 0.08592324
1.5733347 0.14370012
1.9571171 0.12041081
1.5507777 0.08821647
1.59214 0.055446085
1.3216038 0.06344804
1.1291217 0.109759055
1.7093416 0.059831306
1.9680526 0.08871287
1.515711 0.07148803
1.7787699 0.11907911
1.7280147 0.1205024
1.6399624 0.105642326
1.251087 0.06980311
1.4901927 0.12097169
1.4510643 0.064251125
1.5604881 0.075293966
1.6755543 0.089098096
1.4555879 0.19052605
1.634793 0.061503712
1.7440332 0.08805221
1.3619552 0.11442614
1.2172604 0.06030391
1.5811651 0.049414173
1.7752144 0.08785818
1.6668501 0.12925182
1.5377239 0.1598968
1.6381152 0.08981295
2.0504546 0.0793445
1.8075651 0.19939724
1.5974538 0.091804355
1.5327281 0.088268176
1.4611616 0.067150176
1.5886738 0.08335855
1.3003399 0.09143965
1.3617169 0.08372712
1.3781068 0.07099056
1.4526315 0.10764048
1.5376952 0.12742747
1.9473572 0.13233405
1.3513296 0.08975964
1.3846632 0.1029697
1.3392801 0.074890755
1.361345 0.057959564
1.4170357 0.089297175
1.4015952 0.0981218
1.5943056 0.09577562
1.5562851 0.09505244
1.7481304 0.08297452
1.5599105 0.057613358
1.7130487 0.06694027
1.4179752 0.13018145
1.4657166 0.088442035
1.8051121 0.11096576
1.8516438 0.09737686
1.6941893 0.13905472
1.6250063 0.1185137
1.5266569 0.1495456
1.500354 0.08539969
1.7195959 0.114745855
1.5082991 0.09502604
1.6621546 0.100064084
1.837691 0.15137736
1.678634 0.070895754
1.6423428 0.13414894
1.8466152 0.106625594
1.5439805 0.15416734
1.1882541 0.13991338
1.5523032 0.13650374
1.3515139 0.058305446
2.0897965 0.10088778
1.5669832 0.08181626
1.4821038 0.11015123
1.6428512 0.12448489
1.8689762 0.053939108
1.7648747 0.08676773
1.9240894 0.07476135
1.7150711 0.054506134
1.4811637 0.11252676
1.7827355 0.071528465
1.6310408 0.07611226
1.418364 0.104048304
1.6826124 0.12018134
1.521358 0.05617237
1.7290245 0.051747005
1.594315 0.07710098
1.6102161 0.13919996
1.7609375 0.07481755
1.4957106 0.09295923
1.6764828 0.08479207
1.7603369 0.10602525
1.7216985 0.07467698
1.8197359 0.08531098
1.8228897 0.15559302
1.5277431 0.14656456
1.451349 0.112667404
1.7960945 0.08421592
1.5726361 0.07233665
1.6488369 0.06153609
1.5853808 0.09523501
1.4418616 0.13097444
1.6480917 0.07242392
1.7112186 0.07772787
1.6859564 0.12022183
1.702635 0.09458883
1.367392 0.12677234
1.7392607 0.11153089
1.6982332 0.07765091
1.5728853 0.07968997
1.4909354 0.0644741
1.8957875 0.069411926
1.700993 0.08945983
1.4417998 0.060676057
1.3247006 0.1126358
0.9405177 0.09326313
1.5991023 0.100300886
1.4801315 0.10876383
1.5737717 0.046486583
1.7125757 0.106255196
1.6716585 0.043749105
1.5927207 0.07418883
1.4708319 0.14149359
1.5809168 0.058792684
1.50105 0.05859768
1.474985 0.075908065
1.4599502 0.09989755
1.4431723 0.07892941
1.3137947 0.058547933
1.4330032 0.079490155
1.2712353 0.09933496
1.5444204 0.16044438
1.0025613 0.07563776
0.7825338 0.0995434
1.585651 0.051689282
1.6770099 0.098271385
1.3863838 0.06581708
1.5499096 0.07965867
1.6350994 0.075489186
1.5393748 0.06512299
1.3877928 0.1289404
1.4662275 0.08532952
1.4331615 0.06355179
1.0001875 0.09036545
1.501099 0.11503064
1.920426 0.104447335
1.71696 0.09666151
1.4094322 0.05750089
1.377692 0.12315149
1.5269668 0.071852356
1.5750234 0.06639895
1.6177374 0.09703553
1.6576998 0.12753794
1.678429 0.1729744
1.4998863 0.12580208
1.2592721 0.09135142
2.3451395 0.137069
1.6712157 0.08624864
1.7167479 0.12448156
1.6987495 0.13727367
1.6312971 0.088433206
1.4289223 0.11492008
1.2383381 0.15241513
1.4627019 0.1469465
1.3663967 0.06367219
1.6211488 0.12250146
1.4452344 0.1005931
1.4189726 0.09344692
1.5960801 0.082107954
1.3016078 0.08069305
1.4348233 0.075726174
1.6070728 0.073383115
1.294203 0.11352407
1.2444769 0.16645303
1.6286314 0.10702529
1.4969212 0.07795513
1.3933251 0.08896767
1.3132198 0.14127813
1.1110984 0.06404688
1.2563051 0.054196913
1.5182726 0.108040884
1.2705659 0.110167645
1.3643761 0.081412785
1.5712754 0.08543166
1.7356784 0.08099157
1.7143329 0.082122505
1.2848613 0.078124106
1.5523183 0.10290414
1.5692486 0.08685098
1.4603969 0.076035865
1.9192276 0.14244762
1.6905199 0.094357654
1.508484 0.09037634
1.6067181 0.09041821
1.5398347 0.12389867
1.656867 0.093525626
1.5677414 0.107851945
1.399824 0.12217829
1.4969568 0.08673341
1.4294361 0.08622253
1.5551149 0.14694929
1.3780009 0.13434362
1.4646735 0.065069854
1.7353214 0.14850059
1.6617594 0.12209799
1.405902 0.11178158
1.521577 0.075501986
1.4080985 0.09024379
1.8593285 0.1537987
1.4057617 0.1075314
1.5183865 0.06107224
1.6754167 0.09249152
1.4809326 0.08277393
1.6711928 0.07985179
1.4816449 0.13935906
1.6716496 0.09277366
1.2166342 0.18677564
1.7021878 0.101883836
1.6665281 0.09257811
1.8503268 0.10850349
1.512579 0.09543867
1.5948532 0.06088073
1.5068095 0.06748373
1.2944183 0.10024513
1.2629925 0.07520981
1.294173 0.07767864
1.4827598 0.1188717
1.6448476 0.13178074
1.4392232 0.12373733
1.870496 0.15940675
1.5365167 0.11712003
1.7307438 0.12336678
1.7579253 0.14287958
1.4852648 0.07411728
1.418092 0.09628314
1.7763042 0.1378139
1.4606726 0.10985256
1.3424817 0.07338399
1.544923 0.09273994
1.7936285 0.0964914
1.4635606 0.1349135
1.7413037 0.09461224
1.8146521 0.091629416
1.587251 0.06435006
1.5099334 0.06466057
1.7738335 0.04681763
1.4530134 0.12573715
1.7783073 0.12323587
1.3684558 0.07749036
1.3243831 0.09584011
1.5367343 0.07588676
1.6656685 0.16175194
1.334529 0.089875385
1.7232676 0.14641213
2.1947098 0.10637142
1.5002247 0.069498375
1.3932407 0.097386934
1.402941 0.06374879
1.4372334 0.23608474
1.7600523 0.1350312
1.466192 0.2768194
1.776717 0.09001597
1.7180563 0.13407665
1.3114951 0.08442614
1.4858233 0.05953743
1.2482088 0.15599973
1.531103 0.14013083
1.5243431 0.08950856
1.4240836 0.063726775
0.8386725 0.11610468
0.8743302 0.11458233
1.157958 0.078356735
0.9101054 0.10295178
1.540407 0.11569541
1.5207369 0.091340646
1.3884152 0.08820896
1.7195364 0.13244487
1.5951855 0.0856917
1.9553092 0.085883476
1.6218306 0.09562523
1.4135318 0.07318065
1.2297069 0.16695665
1.3538373 0.16523378
1.9218972 0.11507799
1.8433641 0.13293387
1.5104091 0.0635328
1.629089 0.12380371
1.3977214 0.08547613
1.5774833 0.113298036
1.3741145 0.06475407
1.4906366 0.06433977
1.3834378 0.083253086
1.804821 0.1382346
1.8206692 0.11601684
1.4437227 0.1628204
1.3331108 0.08748444
1.2709745 0.059295386
1.3563406 0.07907159
1.8240087 0.049885165
1.6090267 0.07568199
1.3266078 0.08328354
1.7369648 0.121438794
1.733646 0.09895105
1.8017352 0.07802
1.7629493 0.04535505
1.6850647 0.07627215
1.676885 0.058868356
1.6011051 0.09469098
1.2706274 0.036373455
1.4701798 0.111109085
1.605333 0.07936346
1.5834761 0.08150992
1.5483911 0.081186
1.6830299 0.12963425
1.5843238 0.058777478
1.5552902 0.067338504
1.7640235 0.14448582
1.6563504 0.064233914
1.2861297 0.16612929
1.5391284 0.11636297
1.4016631 0.12922145
1.5774783 0.10604469
1.9615552 0.119208224
1.6288458 0.070438765
1.6918917 0.11864856
1.2991084 0.084190704
1.6787838 0.070019
1.6373298 0.051705398
1.3003712 0.15645495
1.5018923 0.067911476
1.8039726 0.1307192
1.6417783 0.07280217
1.9025233 0.07643072
2.2713294 0.058171168
1.6614275 0.09510544
2.376832 0.12343365
1.4939872 0.08330048
2.0291944 0.086440094
1.399942 0.09299667
1.7731596 0.1275105
1.7000234 0.06854915
1.6436323 0.051486287
1.8729599 0.06764446
1.6974704 0.12912889
1.9349346 0.105142824
2.0494757 0.10906903
2.1404722 0.05727445
2.0251322 0.08647364
1.9914957 0.10202434
2.0219588 0.114642516
1.8152025 0.10822837
1.8724899 0.05936803
2.2726102 0.06787357
1.6858326 0.14298442
2.0237544 0.08268734
1.765768 0.086434126
1.9039133 0.08557188
1.894903 0.10119964
2.4310205 0.091918245
2.0971415 0.089279
2.255547 0.06977174
1.975942 0.12686071
1.929483 0.067091756
2.1705856 0.16300629
2.0759108 0.106542066
1.9114748 0.08652229
1.9689764 0.088965125
1.9661509 0.090596914
1.9407352 0.08682793
1.7194831 0.08060087
1.6675068 0.082813226
1.789731 0.084851965
1.8339193 0.10638557
2.2825985 0.08672322
2.0374386 0.08326355
2.23745 0.1964711
1.7702585 0.104290046
2.0849428 0.07539279
1.3033241 0.1464369
2.1965315 0.13759288
1.4803017 0.061707146
1.9824331 0.11192728
1.9681027 0.15959798
1.938541 0.0548847
2.2298326 0.09554512
1.6469015 0.10039075
1.8498392 0.08073709
1.5403398 0.088466994
1.0805557 0.07703579
1.1003377 0.107138276
1.4453475 0.07120942
1.2101672 0.056108836
1.6711547 0.06930181
1.9393711 0.08633729
2.2090628 0.09635136
2.0718627 0.086039685
1.5034505 0.07759506
1.3956939 0.07964526
1.5066607 0.053924996
1.4572794 0.11686499
1.8473591 0.11445395
1.3082571 0.09424881
1.4278997 0.11242265
1.1995256 0.09355534
1.2547243 0.08012239
1.197557 0.103331305
1.4058754 0.07070061
1.7781277 0.13404116
1.515392 0.17360945
2.117817 0.14057198
1.8617592 0.11310082
1.7580433 0.1362999
1.733461 0.10433518
1.4839423 0.0939256
1.5720673 0.0998626
1.4195445 0.09621541
1.529202 0.053191084
1.748481 0.10316891
1.4647927 0.05029885
1.6325773 0.14511749
1.7472897 0.13201807
1.4196346 0.07426361
1.4385548 0.084204644
2.2431312 0.1579786
1.5865581 0.05466105
2.2025406 0.12977637
1.4891434 0.05892898
1.1019264 0.091300204
1.285398 0.0787494
1.6470878 0.082516976
1.5307938 0.075912
0.9758933 0.098354235
1.4500434 0.15776445
1.4924623 0.081116326
1.7043498 0.118991844
1.4017187 0.06455516
1.3457177 0.09672378
1.4320632 0.10246278
1.4271957 0.05285941
1.2552285 0.06305203
1.6050341 0.0926799
1.4988365 0.14212157
1.4916036 0.06941139
1.5087959 0.075727
0.8964157 0.112087116
1.0842965 0.09167361
0.9996621 0.09406997
1.1537964 0.053807467
1.5955454 0.09593788
1.5753329 0.12959634
1.4462984 0.08066836
1.3663005 0.081848174
1.2078584 0.09681534
1.6526105 0.15096161
1.5675294 0.07492142
1.3885452 0.06518373
1.6240559 0.06254212
1.3696692 0.106646545
1.6635764 0.10166635
1.6680853 0.07122603
1.6550823 0.08812167
1.6799877 0.14508149
1.508462 0.061514676
1.585243 0.09679164
1.3609681 0.076764494
1.5531225 0.18108398
1.9918293 0.11135909
1.9140574 0.13032505
1.9342121 0.14681911
0.94292593 0.07736547
1.1347663 0.07458089
1.2835234 0.10510042
1.5985113 0.117925115
1.5084007 0.037759997
1.0423838 0.09084364
1.2038739 0.11381433
0.88367003 0.089974135
1.4565176 0.091194116
0.89728785 0.06730839
0.80812013 0.08084937
0.9800395 0.09496691
1.5012723 0.06694882
1.0314748 0.09741851
1.2313331 0.13463457
1.1232901 0.07015982
1.30973 0.081936106
1.3168811 0.053029668
1.0427153 0.08186514
1.1316348 0.09461848
0.9927828 0.097592525
1.0727875 0.13497745
1.3414692 0.08812036
1.4579471 0.11552923
0.95699865 0.08916683
1.1093173 0.084382966
1.1779853 0.060729418
1.1972281 0.06012478
1.4473784 0.084332496
1.3404897 0.09266442
1.457636 0.11391161
1.2101953 0.10426564
0.93713367 0.08284112
1.4373118 0.11977536
1.3065537 0.05841977
1.3362658 0.050253227
1.0747936 0.099297
1.1653328 0.08287768
1.5288922 0.08983749
1.3488297 0.08014599
1.3894575 0.15750553
1.0576293 0.08818627
1.4622905 0.1193086
1.289489 0.045039665
1.5005635 0.08432999
1.4173434 0.081132926
1.177146 0.09706613
1.3955914 0.068042725
1.3993342 0.08475468
1.6045212 0.152268
1.8065075 0.13200802
1.8453182 0.08582093
1.1910347 0.12217783
2.0756545 0.123254456
1.409389 0.08602533
1.6294101 0.08018396
1.614811 0.10447761
1.4676437 0.13118674
1.4287504 0.06358677
0.9584365 0.119583726
1.1560817 0.12977844
1.0941658 0.079504296
1.3186451 0.16472347
1.2611843 0.14361331
1.5947105 0.12297742
1.6876571 0.06932134
1.8656776 0.11417971
1.9873455 0.16382256
1.6794374 0.11755525
1.6594503 0.07095291
1.5257516 0.07913981
1.2684062 0.09413126
1.3051641 0.18729463
1.6066134 0.06688013
2.3100219 0.15902857
2.0177157 0.09090739
1.8986992 0.05910325
1.0805458 0.15490305
1.8203936 0.09143153
1.3776461 0.09376397
1.6804028 0.11092764
1.6406759 0.09225079
1.7551447 0.14714614
2.119367 0.09264399
1.6842592 0.114482746
1.6945912 0.12354075
1.2042271 0.11450951
1.096112 0.16035531
1.5032287 0.05785656
1.3511198 0.07731186
1.5460709 0.14019051
1.6592491 0.04864835
1.3586149 0.09869544
1.3594891 0.11062084
1.3520315 0.08979308
1.618384 0.075236455
1.1213195 0.08671403
1.2967247 0.07284469
1.422456 0.06947966
1.4421649 0.09598989
1.6367595 0.07698441
1.6468681 0.09787562
1.1315658 0.07519071
1.2213951 0.080294184
1.1065267 0.074914336
1.4556267 0.07478562
1.6113154 0.06268237
1.7829344 0.08106199
1.3543757 0.09534177
1.3846765 0.08619791
1.4310176 0.076971985
1.4176673 0.051722333
1.3386058 0.08108059
1.614982 0.08805033
1.3685752 0.08015046
1.3518689 0.06854948
1.5469743 0.12898466
1.6852974 0.15712397
1.4949026 0.08638804
1.460706 0.057573676
1.5419438 0.096028864
1.6431925 0.10080968
1.7056977 0.11393491
1.6785326 0.08885221
1.2870953 0.11339976
1.427497 0.115076326
1.5220543 0.1837044
1.6657741 0.120093234
1.3621277 0.08877646
1.6923091 0.10688217
1.3144877 0.07337793
1.1341894 0.06606477
1.4964515 0.087580785
1.5785458 0.08683516
1.4798939 0.0655143
1.5143081 0.051988054
1.357135 0.09421713
1.4641786 0.049050476
1.6174927 0.13105966
1.4974945 0.07818946
1.4095163 0.05681925
1.2098296 0.075477436
1.4624867 0.08354047
1.372437 0.06947034
1.6649148 0.13392638
1.552576 0.19537035
1.5091016 0.07254128
1.5126938 0.05575747
1.1179918 0.05482574
1.5271976 0.07643524
1.5637072 0.06146536
1.4504186 0.09248115
1.4520822 0.06337452
1.4999878 0.16569261
1.6138432 0.044105504
1.7476391 0.06673102
1.5026414 0.060308907
1.6294296 0.082909256
1.4846952 0.15601261
1.4818288 0.08717708
1.4641145 0.072692834
1.2808157 0.05501063
1.545871 0.06450346
1.4848826 0.0725115
1.5371764 0.062134814
1.4097879 0.05542497
1.4021289 0.0458717
1.6101334 0.08555639
1.45765 0.090588264
1.4672854 0.12309804
1.4713314 0.07651948
1.510905 0.13575403
1.4647374 0.09478896
1.3951564 0.054891147
1.4558754 0.0912913
1.4552594 0.058928
1.5667303 0.13190986
2.1522708 0.10233825
1.7436348 0.053107657
1.2289509 0.032949854
1.2921917 0.04531354
1.4875948 0.08490395
1.6038916 0.16759299
1.2909274 0.083674274
1.2449741 0.11577368
1.0427067 0.07539212
1.3661441 0.14790022
1.2000952 0.11155402
0.94514877 0.057070713
1.7445648 0.07643869
1.7539427 0.12341077
1.526915 0.08364237
1.5567361 0.06806587
1.3099968 0.08102225
1.7253363 0.13015108
1.560744 0.11290635
1.3986769 0.092388235
1.1489328 0.116104014
1.2937646 0.06670922
2.3344638 0.15437599
2.074416 0.069938265
1.1937231 0.084685415
1.8996494 0.09989651
1.4803458 0.18947701
1.5407829 0.0764376
1.0548854 0.08518109
1.4319494 0.08542646
1.3860346 0.05847268
1.4071671 0.06716063
1.6011579 0.06475731
1.8350632 0.13367139
1.6859715 0.07371666
1.8459473 0.089926876
1.3932135 0.15963274
1.1628432 0.12295619
1.6110337 0.11360724
2.1184292 0.1394929
1.5529919 0.09427481
1.6217699 0.066541076
1.6537302 0.09195764
1.6669302 0.07822095
1.5705056 0.12310638
1.2987891 0.06553825
1.762229 0.163283
1.3364593 0.107282154
1.2670043 0.080704495
1.384559 0.09596999
1.3679682 0.16793396
1.1838831 0.07363952
1.6179199 0.04222759
1.5670443 0.0828615
1.6653706 0.0653812
1.6503112 0.067226365
1.4389634 0.083545834
1.5988934 0.06941543
1.5955048 0.11283232
1.3469943 0.090803646
1.6652939 0.20381464
1.525939 0.116056256
1.5581036 0.08763584
1.7680973 0.0798845
1.6330389 0.12752251
1.541599 0.082479216
1.6719744 0.09895844
1.5331028 0.09239261
1.3888079 0.08200163
1.5419934 0.073405825
1.6273947 0.07293047
1.5603111 0.084346145
1.847992 0.07137637
1.5816255 0.112767994
1.5122045 0.07331309
1.485186 0.029013602
1.4730709 0.066642225
1.531478 0.09181234
1.5009265 0.09188878
1.7475752 0.09530639
1.4861907 0.06180216
1.400944 0.055496033
1.5137751 0.0675801
1.6599457 0.06951053
1.679006 0.07652124
1.8264211 0.077227
1.6765171 0.08393237
1.7969923 0.08360908
1.7086074 0.10299651
1.7329413 0.07771317
1.7312943 0.11434254
1.7202818 0.062175874
1.5728639 0.10063236
1.6116768 0.10876005
1.7260408 0.09688616
1.6957872 0.06903072
1.615344 0.05988666
1.3403003 0.055800658
1.3323606 0.08333228
1.5499618 0.1263112
1.4610282 0.122624904
1.3648698 0.08806961
1.2245779 0.05583631
1.3056891 0.044012137
0.9096648 0.07749004
0.9288703 0.06734611
1.42565 0.043681566
1.5346099 0.04503052
1.3993894 0.080103785
1.485468 0.07329682
1.226598 0.09192714
1.5977793 0.08778408
1.419082 0.12770851
1.0421493 0.09741056
1.5782639 0.030299265
2.1142755 0.081835724
1.6028591 0.07076215
1.494314 0.07623906
1.5464833 0.10039615
1.6378968 0.07143219
1.5584784 0.11619243
1.6901166 0.098809086
1.7958091 0.18856575
1.6810423 0.04388037
1.7132145 0.067061946
1.6904123 0.121541694
1.1767834 0.12952414
1.8828952 0.083791226
1.5701141 0.07135397
1.738209 0.10965063
1.651514 0.11804135
1.4192863 0.07404904
1.5409385 0.13675867
1.6046003 0.08416553
1.7570509 0.08329733
1.7990574 0.07411786
1.4187427 0.09492567
1.5287712 0.06001437
1.5489184 0.091220014
1.1024451 0.11482139
1.3585064 0.08644399
1.5200739 0.07031729
1.5268791 0.10681858
1.9160244 0.10443089
1.1857466 0.073492564
1.7282492 0.12798283
1.448755 0.08549927
1.5666517 0.042073682
1.7895691 0.079055734
1.6801243 0.091514714
1.5993574 0.10354142
1.8132374 0.08761684
2.2482111 0.08772169
1.562164 0.062354475
1.4200555 0.088139385
1.6512425 0.0957635
1.7662601 0.078395374
1.7986238 0.13372011
1.8545825 0.11922246
1.8741621 0.07872866
1.9061009 0.083043
1.6451931 0.16495836
1.6863701 0.094108604
1.457409 0.08157044
1.4143274 0.08378537
2.0846283 0.10050586
1.956184 0.08047245
2.1451216 0.08477227
1.5971668 0.07010714
1.6284786 0.11018992
1.4512806 0.084896296
1.5306118 0.1263852
1.7855966 0.1025548
1.1950147 0.04971477
1.7339443 0.17699896
1.5248556 0.08284603
1.7338984 0.19381902
1.6473662 0.12173965
1.8189787 0.10014204
1.7217007 0.0954565
1.8270947 0.21296996
1.4259965 0.070282646
1.9927613 0.144967
1.6362896 0.13817625
2.435519 0.15244126
1.6388403 0.09284848
2.2498045 0.10180802
1.4927264 0.23765072
1.9111525 0.09215478
1.5961983 0.08124424
1.8388326 0.14080411
1.5078123 0.048148263
1.7303886 0.08315975
1.6278365 0.12154591
1.2738489 0.08104915
1.9034065 0.16186899
1.630524 0.060295254
1.8489158 0.065481484
1.6801142 0.14177716
1.787743 0.09359775
1.9093555 0.12637338
1.5444132 0.11186334
1.5991342 0.111304395
2.510715 0.06847407
1.9129562 0.056491744
1.5798252 0.08911834
1.6311496 0.09085355
1.267761 0.09940191
1.3722379 0.093394816
1.7710453 0.10417808
1.5913208 0.11407084
1.075928 0.13217598
1.3321606 0.07897189
1.2330052 0.08296782
1.178552 0.10684092
0.8302851 0.083450876
1.1829286 0.11088606
1.5498312 0.053937774
1.6311098 0.064720325
1.3157675 0.05955482
2.0167465 0.15909182
1.5859535 0.091157705
1.7651846 0.052541357
1.5543982 0.0631444
1.6239979 0.06702985
1.2873605 0.07542875
1.1657943 0.092699535
2.0988326 0.12071338
1.8345377 0.057332516
1.433173 0.07611236
2.0312886 0.09319927
1.4038718 0.13360724
1.7432625 0.08745021
1.7440828 0.083023526
1.4490144 0.11054044
1.853318 0.08711289
1.5940647 0.105978824
1.562468 0.08586982
2.001809 0.09968033
1.7303488 0.104954794
1.682992 0.0977302
1.6213064 0.1106828
1.3297389 0.056016188
1.3410072 0.16414893
1.714344 0.095441066
1.5394341 0.06955954
1.2709858 0.10981106
1.85027 0.149988
1.4757054 0.06836072
1.7947991 0.07354346
1.666095 0.09646619
1.5531275 0.09466314
1.3764977 0.09434374
1.7753376 0.16691841
1.5648042 0.09753853
1.9331843 0.092599995
1.7739578 0.062124867
1.4512526 0.12543006
1.6902311 0.15176995
1.8029702 0.09305444
1.6551149 0.16753708
1.3583498 0.060232118
1.7068882 0.08714597
1.7402948 0.08713532
1.5245723 0.10410131
1.8607872 0.08863022
1.8000774 0.10869415
1.8604801 0.068887234
1.763622 0.08190678
1.4326732 0.09238317
2.207943 0.06712736
1.6067702 0.12163315
1.3567371 0.059277643
1.4489517 0.073348366
1.9626573 0.08144593
1.6084185 0.0985809
1.558648 0.05717231
1.5058024 0.09627964
1.5958111 0.09725338
1.47351 0.05190576
1.5689031 0.07530904
1.9145149 0.115001015
1.7364311 0.07678119
1.4914939 0.06810009
1.77202 0.059044123
1.7233839 0.09548875
1.3013649 0.085276626
1.7184875 0.067098185
1.4043833 0.050908238
1.7579584 0.11782477
1.2747036 0.065175
1.6068716 0.10606142
1.8438143 0.10203732
1.7731088 0.10073724
1.6536257 0.08033169
1.703037 0.060675982
1.9997336 0.08532239
2.1238256 0.14647184
1.8789167 0.092438
2.237426 0.09212125
1.7220333 0.105240345
1.7837985 0.07545672
1.7837353 0.08781344
1.5819788 0.07035345
1.7360375 0.09612923
1.6036819 0.048962407
1.4697988 0.057320554
1.2476654 0.090477295
1.5858442 0.050564706
1.4815772 0.057488568
1.7072134 0.09798048
1.6093744 0.09397151
1.364094 0.06257673
1.6600631 0.06356476
1.7134031 0.08616796
1.4844646 0.09462439
2.0694442 0.08498779
2.4465716 0.10098091
1.2849079 0.08480148
1.4158008 0.046214808
1.4986595 0.060392756
1.7452863 0.10794936
1.6980762 0.1466362
1.3275559 0.08064423
1.1979891 0.113587976
1.2659875 0.0924212
1.2248355 0.052522566
0.94323653 0.13181944
1.6198593 0.07681469
1.872287 0.14194523
1.4562386 0.1239811
2.1788046 0.14884508
1.6023401 0.08618773
2.047627 0.15881813
1.4616213 0.060725268
1.4713879 0.096829094
1.620511 0.090226434
1.3232806 0.093484476
2.0696733 0.073571466
2.2239547 0.079903126
1.3585048 0.09733233
1.8339274 0.087410085
1.6121061 0.06488439
1.5695093 0.096719116
1.5262364 0.10722823
1.3545238 0.10642213
1.7138097 0.09475536
1.4460456 0.06898227
1.905229 0.071973555
2.4341886 0.062101424
1.5783917 0.109732226
1.4108425 0.06315891
1.1965659 0.1563059
1.6517181 0.07007457
1.6640056 0.06342496
1.3507284 0.058941424
1.3245898 0.10074656
1.5155023 0.16884111
1.3913532 0.14143144
1.5326421 0.06442067
1.4230258 0.09872175
1.3973463 0.08975688
1.380245 0.12137628
1.4603033 0.06053695
1.3567176 0.06412639
1.3210108 0.13300295
1.2182558 0.08620706
1.5020297 0.10855174
1.3911995 0.077126674
1.3885797 0.10966397
1.4139273 0.09525227
1.4888221 0.07803898
1.5292633 0.06721889
1.6492809 0.100534156
1.7318712 0.09199147
1.6547931 0.10203317
1.4278082 0.07588551
1.3199028 0.11380727
1.4883115 0.05200061
1.3576623 0.06629972
1.6947435 0.07427858
1.4326452 0.06077214
1.5882075 0.058597244
1.282354 0.08357622
1.5480077 0.063905366
1.2871931 0.057648238
1.1827774 0.07510167
1.4341872 0.057554543
1.4197384 0.12268751
1.489341 0.1005221
1.5426856 0.05364806
1.288279 0.064808354
1.4401244 0.07827202
1.3164974 0.09961093
1.5117722 0.16489273
1.3169477 0.05501371
1.327725 0.090793826
1.363776 0.077056766
1.5172902 0.09001015
1.5195119 0.055989273
1.6454957 0.05680457
1.4287826 0.07107136
1.4737333 0.098455206
1.4843427 0.08091513
1.321745 0.11599965
1.4404728 0.11654843
1.764102 0.045472763
1.5577984 0.03835552
1.8212965 0.057355307
1.5866888 0.09006412
1.481367 0.12616989
1.5105699 0.059484687
1.4367058 0.06045543
1.4339645 0.06316259
1.4797081 0.087779686
1.3807218 0.11350894
1.4913582 0.11567416
1.453305 0.0968241
1.542742 0.054465797
1.3954256 0.060218047
1.4923637 0.073827185
1.4127396 0.074804686
1.3966824 0.10051126
1.19403 0.09161591
1.1776522 0.09926012
1.1459379 0.1101502
1.4295416 0.12898862
1.007705 0.09452903
1.4634464 0.17218293
1.5749859 0.10440774
1.6149015 0.076633774
1.3188102 0.09811997
1.3218801 0.05532223
1.5514852 0.10344034
1.4072454 0.15651888
1.315757 0.0850676
1.0527217 0.11834048
1.7273915 0.1054939
1.6325266 0.11766374
1.5973874 0.06429952
1.4206059 0.0962788
1.5898737 0.092139736
1.5472608 0.09029812
1.3934472 0.11810192
1.503991 0.080027744
1.6332014 0.101986215
1.5224872 0.10990301
1.6912453 0.08929534
1.813336 0.23231046
1.6992891 0.07479898
1.9190592 0.11105471
1.2840302 0.113098934
1.3571639 0.10228709
1.786979 0.09695958
1.9297078 0.11192991
1.4966075 0.07538924
1.2076842 0.12984239
1.3867228 0.08616481
1.2553283 0.087535806
1.336388 0.09834048
1.5257127 0.1115365
2.207138 0.10034313
1.6354172 0.079581544
1.1681219 0.15529855
1.4290688 0.16562974
1.4493437 0.07462881
1.6855052 0.08993157
1.4390154 0.12351033
1.7892065 0.09548416
1.5282905 0.11304002
1.5019176 0.08801032
1.535341 0.10564318
2.1509352 0.118889496
1.4472959 0.08958932
1.7858511 0.119651355
2.034943 0.11892965
1.7166741 0.12779681
1.4522092 0.09217552
1.3355362 0.16321798
1.1708814 0.11605561
1.4815186 0.074754015
1.521859 0.0869058
1.8345505 0.08759117
1.3959951 0.11321424
1.3091024 0.14991908
1.2925793 0.08887051
1.2515044 0.1350462
1.4797716 0.07633569
1.6129313 0.07060419
1.4707379 0.13376239
1.5280664 0.10162312
1.381256 0.096738085
1.686631 0.11882582
1.5631182 0.063644655
1.862211 0.10794362
1.4044572 0.076237135
1.6612476 0.079356514
1.3546658 0.10017564
1.3631465 0.0938599
1.3079008 0.08925149
1.6620699 0.09029364
1.665233 0.11690577
1.5552406 0.12640141
1.607494 0.09682357
2.0790668 0.0703731
1.5624115 0.055365365
1.6263698 0.11350153
1.4085268 0.08280284
1.7279637 0.07947329
1.6611599 0.09025659
1.4152405 0.07525456
1.6653188 0.09559363
1.5814635 0.1277509
1.6467588 0.1189974
1.4352419 0.0768754
1.4027576 0.093271226
1.3806256 0.042655632
1.3956826 0.1378937
1.5154219 0.1157866
1.4167726 0.11261729
1.2824574 0.19234234
1.2610066 0.10425065
1.1428177 0.061134573
1.1928258 0.07756988
1.0692973 0.07985469
0.9404713 0.15093337
1.511915 0.07593789
1.6082637 0.06766232
1.3999946 0.07424629
1.6151466 0.1412871
1.488683 0.06961941
1.7146142 0.08861658
1.5845125 0.052737482
1.7300107 0.07289947
1.3133537 0.119442396
1.0816529 0.06911204
1.7160809 0.11146546
2.0698764 0.072328225
1.498662 0.1071256
1.5828598 0.06745157
1.6537186 0.107913926
1.5263977 0.07303551
1.5474546 0.15317209
1.2924184 0.118403815
1.5288877 0.08506501
1.455169 0.09892541
1.4563187 0.09708089
1.7157243 0.090184584
1.6557522 0.0827942
1.8191125 0.07174482
1.641791 0.1981348
1.15956 0.05665316
1.7343194 0.097964704
1.9829267 0.08017218
1.1954875 0.071948476
1.3900651 0.08706174
1.2925023 0.05422172
1.3114064 0.10218242
1.309984 0.10017508
2.0066338 0.13676345
1.5641918 0.1186285
1.8158165 0.15879953
1.4210227 0.12843774
1.5000013 0.13422747
1.6923368 0.12902044
1.5350058 0.08608757
1.4183294 0.065808095
1.42653 0.18721923
1.5988985 0.06511398
1.3733699 0.16026013
1.8020128 0.0942153
1.817839 0.092265956
1.4881551 0.07686951
1.6118853 0.14132184
1.7296822 0.071539916
1.5829657 0.14007676
1.7374516 0.09475167
1.5187706 0.08023222
1.6151078 0.11146279
1.2317598 0.07626485
1.2436383 0.06630835
1.4827988 0.13691048
1.1862769 0.14511548
1.3541344 0.09121876
1.2849599 0.097583026
1.1897832 0.2046305
1.3549206 0.07070105
1.4937177 0.09285306
1.3407235 0.076970994
1.2941442 0.1052357
1.342869 0.09116922
1.2805697 0.10824694
1.1392729 0.12923445
1.3051968 0.11385393
1.4057004 0.093842514
1.3212365 0.107271485
1.4656837 0.10258952
1.3194354 0.08063052
1.4877989 0.08598411
1.3741503 0.04806757
1.828162 0.19044074
1.3175371 0.08368094
1.3466138 0.10476692
1.6939636 0.10547308
1.2745619 0.09342072
1.5635842 0.06839578
1.4752815 0.090588585
1.4870273 0.081421636
1.2802093 0.056176558
1.3982099 0.049769077
1.8638628 0.11340389
1.3865979 0.111799575
1.0657613 0.087707736
1.363544 0.09250502
1.2701881 0.1256753
1.301684 0.11716632
1.6351649 0.08403824
1.6598237 0.086008556
1.2780445 0.08484169
1.6149428 0.06471926
1.4102027 0.07964818
1.7524757 0.15226747
1.5964854 0.089343734
1.6069657 0.110291176
1.6202755 0.05905502
1.7516854 0.12669592
1.6420605 0.07792776
1.8254372 0.08535802
1.4213768 0.05985111
1.3305081 0.070175245
1.5293512 0.057828564
1.1571214 0.12257705
0.9717158 0.08017363
1.5178424 0.12290781
1.3758802 0.062721476
1.4589163 0.13197477
1.1869423 0.05320772
1.146288 0.09927902
1.28804 0.04892655
1.7148987 0.11662981
1.5489975 0.06548689
0.9107644 0.14738718
1.1077958 0.06784891
1.6351919 0.1323113
1.4529872 0.12315611
1.4716041 0.051312502
1.3735964 0.07998757
1.6243012 0.1149307
1.2277368 0.04378759
1.4303027 0.06413629
1.3057296 0.07090948
1.3749311 0.065088496
1.4672484 0.10290726
1.4726249 0.04738429
0.57084095 0.07561444
1.2234409 0.13545255
1.222728 0.07725723
1.7365191 0.1135896
1.3755563 0.075608246
1.4975481 0.19290684
1.001349 0.07635582
1.5132985 0.1614831
1.3505557 0.047165263
1.5805857 0.1316326
1.2322862 0.0681604
1.5101919 0.16085638
1.2477534 0.06560793
1.2217435 0.0780663
1.3247163 0.10850417
1.3700954 0.14567246
1.3787947 0.25602543
1.2820029 0.08154553
1.1976019 0.12839322
1.101972 0.12560034
1.1254202 0.0733572
1.2048049 0.06533558
1.30854 0.054020304
1.3027284 0.11740236
1.2040571 0.08689882
1.0933591 0.14992659
1.2541299 0.077106655
1.24511 0.10572052
1.1150477 0.09337524
1.0269089 0.05429233
1.4541177 0.21667069
1.126594 0.106394045
1.1295621 0.048367195
1.1316669 0.06259773
0.74789786 0.103200935
0.87422884 0.11754574
1.3900449 0.06758777
1.544776 0.07543633
1.3573086 0.07319157
1.6302488 0.13806769
1.6015494 0.07299112
1.6409054 0.11903285
1.7133945 0.07154144
1.8242347 0.11226127
1.1644901 0.078256406
0.93368244 0.10222786
1.6125176 0.16306467
1.7729692 0.092446476
1.5505726 0.10322406
2.043543 0.1179275
1.1670791 0.06452328
1.6619327 0.08054925
1.3924062 0.15670137
1.4536344 0.16808224
1.7860073 0.096903116
1.3534648 0.075031795
1.7156675 0.12094788
1.8032135 0.14199232
1.5622987 0.13758788
1.0981103 0.0658058
1.1351677 0.06891394
1.5113723 0.062937446
1.8782784 0.10039308
1.0324444 0.08470124
0.9898928 0.08895294
1.3778498 0.12272769
0.97558194 0.09500962
1.3766751 0.05500665
1.166901 0.08030201
1.3652306 0.15370278
1.4669741 0.09507724
0.8694849 0.077679254
0.977207 0.099883206
1.3787942 0.09198804
1.728431 0.07989092
1.286833 0.05921684
1.3195503 0.08097544
1.5096357 0.072699666
1.2772895 0.049736995
1.785683 0.087335296
1.5658829 0.08078935
1.562818 0.087751694
1.2768629 0.15586169
1.2953849 0.0986514
1.728137 0.09006885
0.68569565 0.091502205
1.3667319 0.0722269
1.5344197 0.09830884
1.2581239 0.11394028
1.8141735 0.17440516
1.4586064 0.12218881
1.0253012 0.0478617
1.199928 0.086644985
0.94040614 0.07503342
0.9662794 0.101942606
0.85335815 0.084299825
1.2082121 0.12158426
0.75430715 0.07348356
0.97077656 0.0706883
1.1736826 0.12204609
1.4388778 0.2642093
1.282332 0.06289043
1.0689576 0.123785526
0.96681833 0.07578219
1.2270921 0.053098254
1.0128951 0.065631546
1.0647706 0.04090232
1.6782763 0.12713455
1.3824745 0.09106234
0.79532576 0.11863096
1.5549306 0.07956823
1.1225069 0.09194737
0.9044906 0.122989714
1.3573735 0.10930016
0.854519 0.060475197
0.9321486 0.074559554
1.5718132 0.096295096
1.3813722 0.08552978
1.4889348 0.09075275
1.7966372 0.1173192
1.1895664 0.09035402
1.5988009 0.10470927
1.4631786 0.11708744
1.9067335 0.080540866
1.5463568 0.08264377
1.6282053 0.08462609
1.0726264 0.115617655
1.093457 0.08833434
1.4958893 0.09686574
1.8595316 0.09687028
1.5452504 0.067980185
2.0399072 0.11018951
1.7269192 0.070343554
1.4652283 0.08719371
1.6643136 0.12265697
1.475835 0.0749164
1.2526379 0.12326928
1.3091109 0.066126145
1.6623214 0.12607245
1.6567268 0.112791635
1.5571116 0.110153146
1.3820393 0.05334582
1.32554 0.05486084
1.6373549 0.1251206
1.8977125 0.11688776
1.5303652 0.070674784
1.5694118 0.09780349
1.7657821 0.13680637
1.7579225 0.09741223
2.105392 0.12355606
1.6401504 0.062019553
1.7709255 0.07623135
1.7581463 0.11634567
2.149568 0.09448942
2.2762284 0.089002006
1.633709 0.06608214
1.4181694 0.0475465
1.7261063 0.09798073
1.536267 0.13659635
1.337908 0.08974128
1.5838354 0.098225035
1.5321273 0.046628714
1.6796362 0.089957595
1.7298425 0.077759825
1.4495761 0.10519631
1.519258 0.08257018
1.535488 0.0978134
1.7277462 0.07886536
1.7301505 0.047679022
1.5349643 0.09646347
1.6445262 0.08158182
1.5299871 0.052195225
1.6015062 0.096816204
1.9395014 0.13243745
1.6625452 0.048077416
1.4549062 0.11079296
1.7072802 0.1351623
2.3543427 0.062145937
1.6365213 0.04585395
1.6119564 0.098109424
1.6036637 0.08063736
1.9103352 0.065182984
1.559563 0.06583946
1.5607189 0.09696009
1.6155812 0.06294145
1.5241657 0.07255175
1.733546 0.11089119
1.5485032 0.07345934
1.7299082 0.14206928
2.0076509 0.07444252
1.3265716 0.06572977
1.651001 0.09057674
1.9696184 0.08056941
1.5068674 0.09526215
1.3423313 0.09016937
1.9404312 0.16455702
1.6495339 0.05345455
1.8503513 0.068099394
1.5621004 0.09660468
1.5651691 0.07556042
1.1796525 0.09748359
1.1954744 0.07435685
1.8592933 0.08325349
2.0615993 0.085507244
1.5837684 0.13023576
1.8388256 0.112635426
1.4536417 0.06920927
1.6202593 0.07376814
1.5805666 0.08020775
1.6836879 0.14711222
1.5289433 0.07615322
1.8527457 0.062498398
1.7503662 0.10888604
1.9847552 0.06631698
1.636941 0.080922775
1.6762921 0.094165444
1.5305433 0.108910024
1.3347305 0.05506292
1.8010652 0.069832936
1.7652252 0.10187767
1.4473846 0.10455253
1.5954201 0.09619816
1.4816426 0.07796738
2.1187725 0.07700791
1.1597449 0.1298277
1.4408036 0.09000652
1.715019 0.1176196
1.8094313 0.069512
1.3434588 0.09641178
1.6307957 0.10609962
1.7103657 0.102321856
1.4236996 0.0574023
1.510814 0.10962778
1.4392645 0.10942003
1.5224062 0.12574817
1.3807138 0.056661256
1.3030987 0.120115444
1.8830763 0.104609154
1.4566929 0.09381252
1.3074529 0.124323286
1.230355 0.22847576
1.7398208 0.08554354
2.3403568 0.09527756
1.4202268 0.083180636
1.4389689 0.0664752
1.6789318 0.09026572
1.5184813 0.057463348
1.9974368 0.065890014
1.7075722 0.23796073
2.3870852 0.08601089
1.296317 0.044242032
1.7980747 0.12648189
1.7083336 0.08877618
1.7706516 0.09554695
1.4981023 0.0924156
1.2655313 0.08090062
1.5254786 0.06885359
1.7248083 0.12609284
1.8808353 0.119851895
1.335046 0.06983066
1.3435435 0.09411163
1.5358213 0.09784388
1.3820621 0.058704253
2.1510215 0.076666
1.5186545 0.07182475
1.3059026 0.10129914
1.5075929 0.101302795
1.7185367 0.06499447
1.5926377 0.10916729
1.2362502 0.06092369
1.160627 0.070805036
1.892452 0.1182263
2.2253213 0.11250749
1.4904209 0.08093797
1.7061514 0.12111504
1.381717 0.21040082
1.6361539 0.095513806
1.4370048 0.11266021
1.3449265 0.13401888
1.3326528 0.0849932
1.2939109 0.058637254
1.7429177 0.06975116
1.89383 0.06568871
1.7456793 0.05667206
1.7616059 0.08265531
1.394167 0.16227327
1.2363311 0.20137742
1.8740633 0.10014565
1.9877656 0.07582781
1.4769132 0.073786646
1.7895159 0.108245715
1.5363923 0.096982494
1.3390408 0.11109671
1.3210179 0.080432296
1.9508873 0.09452029
1.3755 0.06990731
1.6157503 0.093354225
1.5126781 0.07771157
1.486663 0.12958361
1.5365069 0.1549287
1.2331717 0.14275932
1.2310393 0.14486152
1.39235 0.15991242
1.7711895 0.13886848
1.3321582 0.15765642
1.4167031 0.13223188
1.4853508 0.12586102
1.2106254 0.12117103
1.6290834 0.104202606
1.5932899 0.049779873
1.8407596 0.1152698
1.4573135 0.07146258
2.079777 0.094994396
1.9490633 0.11409171
1.9470346 0.1306825
1.4881065 0.053878848
1.7959095 0.07045289
1.5690035 0.1224356
1.7733167 0.08738989
1.4638048 0.10864751
1.3817327 0.13946569
1.86962 0.08195295
1.449474 0.10081709
1.8107882 0.12022107
1.4911474 0.08917173
1.6575773 0.19816525
2.214881 0.1385145
1.5140356 0.05813707
2.1352189 0.13719235
1.3827367 0.0867999
1.7533457 0.050722618
1.6204033 0.08975149
1.2590212 0.14212234
1.166831 0.06493743
1.8723307 0.194802
1.9900875 0.087528706
1.4222406 0.07475268
1.5656611 0.085806824
1.4307015 0.08000926
1.5376537 0.094512
1.5669954 0.092352174
1.3027164 0.14946148
1.374764 0.080581404
1.299967 0.12905775
1.54713 0.07254041
1.7796948 0.16981453
1.5597327 0.09916945
1.7784607 0.11219422
1.1623324 0.07006857
1.1036075 0.07348788
1.8380632 0.15006562
1.9980778 0.12708327
1.6661028 0.19280457
1.6608038 0.06402629
2.158763 0.0844321
1.8502184 0.11005686
1.6833624 0.071208596
1.6896282 0.067211024
1.4738779 0.05717884
1.9697249 0.1392545
1.5576385 0.13028786
1.719785 0.12348915
1.7712435 0.116676465
2.2843761 0.13728459
1.666798 0.08739291
1.5790317 0.07539848
1.5476806 0.08728456
1.6088505 0.100604646
1.4368083 0.089780405
1.5472033 0.09186759
1.4368743 0.09942087
1.8060749 0.0952191
1.4112923 0.07957851
1.3660187 0.10795049
1.6803477 0.11158036
1.560067 0.073339276
1.5684347 0.057615347
1.6761258 0.07343567
1.6763815 0.11288753
1.4702004 0.045342624
1.5891187 0.062481083
1.6909561 0.09280117
1.8843117 0.116076544
1.5198996 0.07698567
1.5857546 0.105112776
1.5370195 0.09601456
1.5096049 0.08350362
1.5370497 0.048814207
1.3156052 0.09821552
1.4661372 0.11612488
1.0475488 0.09673455
1.5372292 0.07864438
1.9429553 0.07002301
2.3423018 0.17777999
1.393698 0.088938035
2.284634 0.063473694
1.4911538 0.07206194
1.9604824 0.08683319
1.4965819 0.0895344
1.8476317 0.061482143
2.1154807 0.15137365
1.5998242 0.08360686
2.262403 0.11233599
1.5338533 0.09689459
1.1378058 0.08948686
1.3188301 0.1303046
1.6091917 0.06814423
1.6165287 0.07277097
1.549496 0.06282662
1.6194065 0.10345904
1.3739568 0.1280171
1.6650333 0.061803304
1.3727729 0.13007481
1.3085604 0.07946171
1.5331933 0.06346728
1.7245293 0.08632111
1.3071505 0.069561265
1.6341515 0.07862828
1.3432899 0.076774634
1.794638 0.11950409
1.5690782 0.12128103
1.212023 0.06941703
1.2277803 0.0926718
1.7260926 0.12460187
1.7930391 0.118728876
1.4151291 0.08328201
1.676548 0.115775704
1.094145 0.10723597
1.637681 0.113276176
1.3750091 0.121704444
1.4275007 0.1249341
1.4818084 0.117083296
1.2313164 0.08258692
1.6744573 0.072529
1.2832444 0.066949464
1.7218065 0.11218606
1.1653063 0.15320452
1.2914075 0.0793682
1.1912267 0.17748325
1.3825401 0.14834094
1.3519104 0.08619902
1.5494397 0.08292539
1.709142 0.12776715
2.3968606 0.10340396
1.7988933 0.1854621
1.7056147 0.141475
0.83519346 0.0919904
1.9794714 0.14260718
1.2367604 0.07495984
1.6433954 0.056570377
1.9149325 0.0956635
1.8103672 0.1475557
1.6855885 0.127642
1.617823 0.090206
1.1826195 0.09213983
1.1700156 0.12244135
1.4947643 0.042712457
1.4382473 0.06800596
1.7751738 0.11771148
1.886047 0.078973666
1.582097 0.111871146
1.7523817 0.0881029
2.052874 0.10194423
1.8474582 0.09792737
1.79107 0.09049461
1.88471 0.069317035
1.9169009 0.10452077
1.738917 0.15508321
1.6357601 0.08792938
1.5209935 0.086503565
1.4758942 0.0984212
1.6443815 0.059461504
2.1194541 0.08660148
2.0736892 0.05995801
1.783007 0.09689095
1.7938153 0.07822156
1.465912 0.040299516
1.5030391 0.14885841
1.9701258 0.08484028
1.6115844 0.07800685
1.9118229 0.083908744
1.811368 0.06022375
2.096871 0.10101033
1.9565904 0.10058232
1.5427102 0.07674429
2.3118372 0.05528572
2.0767436 0.089356914
1.3728955 0.08573461
2.3232455 0.12052687
1.5357212 0.11196696
1.7612988 0.12865591
1.5581911 0.12053185
1.4303426 0.08569715
1.4655935 0.100785956
1.8181671 0.084619634
2.5849998 0.1409023
1.5459626 0.055987533
1.3746494 0.07805703
1.2026377 0.1352641
1.7801374 0.10100256
1.5133545 0.104779236
1.6721195 0.07562079
1.5866288 0.058217872
1.6682808 0.13980967
1.4460367 0.07747917
1.3046906 0.045857336
1.7814424 0.0518525
2.0086563 0.0830931
1.6544384 0.089865796
1.5921975 0.048800968
1.4212577 0.040512927
1.4530585 0.091524296
1.6939785 0.070771664
1.6907187 0.100863464
1.5475546 0.080945976
1.4126369 0.104730874
1.7074757 0.12608695
1.541649 0.087374516
1.971132 0.13730532
1.6063904 0.06769769
1.7242978 0.08008769
1.3361676 0.11508035
1.6262474 0.07641499
1.4791707 0.05541296
1.6189442 0.07284332
1.4801836 0.10406633
1.5112271 0.07449119
1.4850495 0.12243842
1.4554099 0.10250101
1.7825892 0.09531393
1.5455102 0.08002069
1.7822107 0.08582169
1.6236429 0.06953645
1.9296341 0.06573289
1.6738825 0.05583641
1.6978912 0.085341185
1.5330869 0.077364534
1.3124071 0.05003024
1.8357275 0.15777124
1.8474194 0.10394855
1.4014736 0.05006303
1.5901667 0.056453597
1.438041 0.07080541
1.5381405 0.0753445
1.5305874 0.055101357
1.5135431 0.06623702
1.5009327 0.06681469
1.4655977 0.076790735
2.2323346 0.078142054
1.8247833 0.09410791
1.5524286 0.16338259
1.6360867 0.06515473
1.6301094 0.091306634
1.4613917 0.054991603
1.4811221 0.059165545
1.4238775 0.0669072
1.5621449 0.091346286
1.5010221 0.094449855
1.7948449 0.13462164
1.8501866 0.09085005
1.3635151 0.08334639
1.8288084 0.08468553
1.4747927 0.09480858
1.4956744 0.098753214
1.4420283 0.11268656
2.2625031 0.11287998
1.4392226 0.09278612
1.5677457 0.13206783
1.2326403 0.14431691
1.3915435 0.1866067
1.7729084 0.16384383
1.5962323 0.11354007
1.5965474 0.08623205
1.848486 0.13875128
1.4351145 0.09043039
1.6224741 0.09825658
1.465054 0.1018519
1.5247695 0.16803788
1.3897278 0.074749075
1.7178055 0.067524835
1.8854336 0.12849583
1.6192452 0.11592429
1.7124252 0.1159502
1.5101421 0.1482036
1.5457728 0.06521747
1.3273977 0.06783874
1.3637879 0.06054565
1.3257502 0.09019488
1.5013744 0.17011118
1.5670036 0.16214468
1.6326803 0.098537534
1.2438841 0.07205848
1.5759604 0.13122588
1.7406324 0.05463593
1.255827 0.0756205
1.3199599 0.11896493
1.3809092 0.06634044
2.1076546 0.059119295
1.4537958 0.06146635
1.4966578 0.106982276
1.4980896 0.14111848
1.5523936 0.07158837
1.9761355 0.08212115
1.5555956 0.07129491
1.9196942 0.09088142
1.4482857 0.10657268
1.7371233 0.13971609
1.4139284 0.06222859
1.51349 0.08266891
2.0747771 0.10527041
1.6920445 0.07174486
1.6308286 0.05205632
1.6023546 0.087880336
1.669617 0.0676641
1.4999644 0.09434785
1.1305826 0.07367311
1.6180019 0.06979294
1.8620329 0.112231016
1.6768072 0.10581874
1.4316564 0.12773833
1.6800687 0.0868268
1.5731494 0.18284129
1.5645752 0.120605275
1.6835521 0.09131921
1.7693688 0.08433865
2.041501 0.12742008
1.7260021 0.08710321
1.6120679 0.15856288
2.1682754 0.10266829
1.8267847 0.11595399
1.6323576 0.12617888
1.6543949 0.10248438
1.6211345 0.12442572
1.2488338 0.08684801
1.6876276 0.08619278
1.5814627 0.093630955
1.1029577 0.09937073
1.4783738 0.051965266
1.4381604 0.08832333
1.6051489 0.09516887
1.2006481 0.070765324
1.4492788 0.10135134
1.3613274 0.08167367
1.3791779 0.10011721
1.2098627 0.12426696
1.1981038 0.080933295
1.3720236 0.056912765
2.0966747 0.08700659
1.5961782 0.08542756
1.9115254 0.052114047
0.9985434 0.11722368
1.2876805 0.13193038
1.3005638 0.07275888
1.7901106 0.056837812
1.7182541 0.09863718
1.1851187 0.059722923
1.5942985 0.12578008
1.694079 0.063454926
2.0122123 0.08850152
3.8046315 0.05632984
1.5095922 0.06768718
1.4991778 0.10616693
1.8860137 0.078432105
2.1181493 0.06959545
1.9820023 0.070661314
1.6776276 0.056362417
2.7363942 0.089505516
2.8677526 0.12506372
1.3321053 0.12544897
1.9634768 0.11700741
2.3704896 0.05754327
1.3930289 0.12608138
2.0121045 0.11329851
2.229666 0.11859742
1.9586929 0.104480274
2.5039992 0.07185824
2.046492 0.11444975
2.790098 0.10312
2.0461905 0.091235824
2.1445632 0.098073356
1.8448553 0.053163297
1.3493164 0.0785508
1.8879372 0.069410354
1.8898633 0.07054341
1.0693278 0.085254095
1.2973299 0.09343768
1.9290783 0.12141753
1.4877172 0.18932502
2.7876477 0.077434674
2.1257486 0.08571297
1.8561585 0.074235134
1.8895699 0.03678758
2.0519958 0.04452776
1.9997776 0.14347075
2.4055543 0.113499396
2.4702032 0.13193043
1.4194251 0.05869518
1.7689406 0.084088385
2.3727472 0.13594677
2.575481 0.06550759
2.5176196 0.08220668
2.6825435 0.101933025
2.8088663 0.107091755
2.7883456 0.06258219
0.62293494 0.12988013
1.8617017 0.11150556
2.0516434 0.09349462
2.9546397 0.099615015
2.600719 0.083035186
2.3188396 0.067896634
2.8906856 0.11061327
1.6247559 0.14075999
1.7217226 0.1183516
2.9454303 0.12649684
2.8396688 0.1609105
1.4962761 0.11259623
1.5991127 0.086839095
0.48196444 0.13885526
0.8407138 0.07438635
1.2375762 0.09642717
0.78386587 0.11495941
1.9997451 0.08041644
1.5908301 0.073290996
1.8834606 0.09980778
1.1828992 0.09240619
1.5922067 0.07642159
1.7865963 0.103816226
2.1738467 0.07628972
1.5589286 0.09479072
1.753083 0.06538573
1.7054306 0.07616404
1.9227943 0.07541812
1.3942837 0.11033764
2.1397557 0.11731689
1.5925883 0.093888715
2.4424608 0.069882534
1.5959932 0.087750606
1.8629625 0.06818951
0.62789094 0.09916236
1.9030793 0.06661814
1.5646503 0.0862958
2.1134658 0.07195802
1.220684 0.083264165
1.2119836 0.10212125
0.9424348 0.12124942
1.801548 0.050153162
1.5695479 0.09480883
1.8943005 0.123538256
2.2877536 0.09544678
1.669043 0.15189597
2.149926 0.12285065
1.4582717 0.10148477
2.097303 0.08939795
1.6441853 0.09448867
1.6867558 0.066186845
0.53043234 0.08927602
0.5790126 0.113777496
1.6797755 0.08051283
2.102213 0.15843593
1.9540844 0.0677934
2.0605025 0.10852804
1.777879 0.12080634
3.0410898 0.1684578
1.6789366 0.058095172
1.5286596 0.08581069
2.496591 0.06797504
1.6438324 0.059403237
2.2271013 0.059572913
2.570201 0.07174426
1.1688488 0.096862294
1.5889846 0.15119357
1.6938317 0.100075535
2.2862039 0.13361117
2.5032682 0.05668652
1.9436992 0.07841528
0.89111155 0.11272426
0.9792126 0.15805951
1.5419652 0.057774857
1.791336 0.05988713
1.6934865 0.075976446
1.956446 0.046944518
3.0278683 0.06448999
2.5904908 0.13135575
1.4346328 0.07901157
1.5040765 0.078924514
2.598637 0.05674228
2.241817 0.08426638
2.0469515 0.09487869
2.0298991 0.10684012
3.3401177 0.14593104
3.280414 0.08876912
1.7294439 0.081823
1.7497845 0.05772436
1.2799634 0.08309771
1.1317022 0.07924131
2.6856759 0.1214803
3.0348315 0.082958765
2.8180249 0.15808469
1.9142675 0.051261436
1.336088 0.047874574
1.7609046 0.07672987
1.7945671 0.094478905
0.8877112 0.07442449
1.2920294 0.049585517
0.8805336 0.07156363
2.1612153 0.066413745
1.6722168 0.07096736
1.6133773 0.060856376
2.1160898 0.11175031
3.7186954 0.041072063
3.203668 0.084669925
1.6154921 0.07715757
1.7012526 0.0746187
3.5575302 0.06559688
2.171621 0.08216927
3.3984694 0.063412465
3.1256697 0.055299293
1.5218838 0.07084714
1.8209158 0.062260535
3.4422004 0.04991884
3.0259697 0.08194707
2.5882235 0.07492795
3.2289867 0.13943963
3.2374558 0.05673797
1.6624826 0.07999821
1.3576242 0.09528806
3.6148286 0.097299695
3.2356935 0.09020915
2.1152043 0.040223353
2.2576911 0.04985126
1.4578512 0.073723
2.370531 0.07753565
1.9844863 0.08087737
2.0002437 0.07932425
2.0632617 0.09059181
2.185041 0.047405057
1.9714794 0.05649275
2.0294385 0.05853044
1.9680735 0.07913463
2.1028244 0.10024205
2.7394795 0.06866358
2.370419 0.051586036
2.454 0.07833717
2.790752 0.084738046
1.9222072 0.13135044
2.2838175 0.05719051
2.3233771 0.045302283
2.171695 0.06542877
1.9784276 0.08498371
1.8783958 0.09531411
1.6611025 0.10120939
2.1161578 0.07289883
2.1023011 0.06992019
2.0263314 0.067215025
1.9174082 0.053757012
1.6743052 0.0771459
1.7675104 0.06619318
2.2144158 0.050169844
2.216578 0.061326556
2.1129766 0.09598437
1.947859 0.05834255
2.0843549 0.07215981
2.1077056 0.0519401
2.6939366 0.13223891
2.3864381 0.09635232
2.2370286 0.07154003
2.097794 0.075837426
1.9025011 0.17418516
2.4032316 0.051906656
2.0815258 0.07498965
2.3565252 0.08737291
2.8890824 0.10030248
2.4747586 0.061690424
2.2613196 0.052505523
2.2545881 0.05317786
2.2881446 0.10896487
2.2592666 0.097975746
3.0746942 0.104057185
3.6315212 0.07781678
2.196518 0.044897616
2.0243177 0.10945853
2.8426704 0.06143908
2.1289878 0.07138968
2.5269074 0.09067533
1.9995878 0.11057783
1.9792382 0.077879116
1.9534603 0.13577704
2.5666623 0.04144314
2.6191096 0.119587846
2.1828847 0.04807437
2.0507643 0.059355773
2.0731134 0.04761202
2.2325187 0.05729938
1.9901917 0.07067214
2.5837972 0.053372882
2.5013425 0.05208791
2.1562078 0.12566246
2.450549 0.10687598
2.5090914 0.06735824
2.0996642 0.05863052
1.6971432 0.06805144
2.1486273 0.13275327
1.7921683 0.057536837
2.073761 0.071572594
1.9552748 0.074073866
1.7187895 0.0954949
2.068816 0.05771572
1.8221533 0.09850414
1.9813601 0.07045825
1.9881626 0.05997172
2.0519822 0.09854464
1.7677292 0.08086363
1.9148268 0.0909352
1.9080381 0.053718377
2.888227 0.06993911
2.7097514 0.062609635
1.9082763 0.05534447
2.5116076 0.06093891
2.2876554 0.05060803
2.456947 0.049550656
2.0204358 0.07291967
2.301562 0.04711108
2.200131 0.03383408
2.2158742 0.070899166
2.1223655 0.070735544
2.250409 0.033528697
2.5163536 0.10088793
1.9975954 0.04703271
2.435688 0.06290487
2.4395828 0.04031382
2.3249803 0.06251166
1.3481153 0.060008258
1.8888069 0.13901749
1.8008344 0.08069356
2.5993736 0.10437553
1.7994578 0.06649745
2.1618233 0.12235595
2.6513305 0.06095383
2.3923602 0.052679896
2.0915415 0.0965536
1.3315424 0.060647126
1.8206362 0.06782155
2.5361447 0.053765252
2.3312056 0.08017014
1.9701138 0.107210144
3.534432 0.07001048
3.4966824 0.034651
1.6963942 0.07070081
1.6299446 0.11614118
1.7281516 0.111640364
1.1647027 0.100000165
2.314303 0.062816985
2.0312858 0.08267629
2.6024334 0.13432452
2.610374 0.057303257
1.8394344 0.070214
1.7180046 0.06746706
1.633041 0.11460272
1.9583511 0.08061783
1.8792429 0.062538885
1.2328452 0.06506703
2.2820573 0.109351136
1.3824642 0.10786139
1.8334997 0.0683068
1.5921447 0.054494385
1.8211492 0.055943903
1.6232812 0.13879675
3.0716233 0.0911544
3.3556263 0.11473519
2.0859063 0.15743442
1.741486 0.06369042
3.0559618 0.05514774
1.822596 0.07167138
3.413264 0.06543823
3.4577038 0.09771559
2.477702 0.07513114
1.8032553 0.071533576
3.1631591 0.052821975
2.8427896 0.043738157
1.9818342 0.065960996
3.5076993 0.08642622
3.6672547 0.04127366
2.0997314 0.10685909
1.6635119 0.07204911
3.339355 0.05361313
1.7672898 0.0906126
1.7900608 0.07900556
1.8764665 0.0749397
1.0997876 0.08479851
1.832948 0.0695377
1.8724868 0.103906795
2.4111335 0.11645311
2.141111 0.05378721
1.7561495 0.09180213
1.2123902 0.067311145
2.345428 0.11035877
1.9954087 0.06516895
2.9240155 0.12701516
1.9610707 0.05837294
1.9386832 0.14370066
1.694602 0.07906239
2.3499494 0.07917011
2.2378201 0.048750732
2.4742177 0.05869071
2.105247 0.069826126
2.1268582 0.058303356
2.0529556 0.106050484
2.440466 0.10030211
1.7465795 0.081334576
1.280108 0.16152076
1.8218762 0.1078401
1.4901 0.0887489
1.18414 0.08366979
1.1106664 0.101508446
2.3295124 0.07265565
2.4105058 0.05846238
1.6613872 0.12534991
3.2483592 0.16066968
2.8543963 0.06064281
1.4757664 0.12765436
1.0400282 0.100772165
2.4004624 0.09795518
2.4219432 0.08285695
2.2148824 0.10652211
2.5714107 0.066028245
2.0271525 0.05199885
2.8601563 0.06961289
1.8490137 0.032787118
1.8701881 0.053818487
2.3987775 0.11498188
2.63993 0.04998304
2.346871 0.09601473
1.9292824 0.06708111
3.5290902 0.11587044
2.7373426 0.0304768
1.4139639 0.091235176
2.5113661 0.13880779
2.6059036 0.07474802
1.5280015 0.064700775
1.6758068 0.06518514
0.8722962 0.17486596
1.0763671 0.09177344
1.1500001 0.122229934
2.490487 0.08321242
1.7711645 0.06854223
2.3219666 0.057740897
0.7040068 0.104112655
1.8523366 0.07688515
1.834965 0.06975766
1.9506586 0.0932492
1.5360209 0.097230695
2.0413241 0.060291037
2.0113647 0.075007305
1.8515978 0.11145769
0.7424082 0.118312575
1.0624669 0.13351583
1.5741694 0.09844541
1.9712576 0.08946907
1.5798469 0.0693216
1.8422902 0.09763747
1.6629992 0.07621165
1.8792976 0.08518733
2.2157826 0.07527411
1.8425529 0.09679153
0.70119804 0.15244296
2.478512 0.07113464
0.83569336 0.17873178
2.0193217 0.06969154
1.593634 0.064189486
1.2182426 0.10250494
1.1584839 0.06144468
0.8118062 0.15374146
1.5081484 0.099011146
1.9524078 0.16980197
1.796546 0.08251737
1.1790624 0.11129742
2.0297022 0.061868977
1.1217064 0.095161915
2.3577447 0.1252659
1.9580562 0.100715324
1.81099 0.12761787
0.48694712 0.14514774
0.7347881 0.12019829
1.972518 0.14134845
1.7711235 0.06634364
2.1076448 0.1838573
1.909949 0.07463548
2.0187383 0.13824551
1.7234066 0.083394244
1.1334713 0.049562734
1.7418026 0.082465924
1.8227335 0.122279845
1.9934225 0.120878816
1.7441343 0.058191773
2.1247418 0.14370012
2.3343115 0.095351025
0.6741053 0.12764688
1.7852764 0.09339085
1.856662 0.09940638
2.3436317 0.17805922
1.8383315 0.049480196
1.7356834 0.09824987
1.3491169 0.1597636
1.5672958 0.08748887
2.0388684 0.07629245
2.0947204 0.061088093
2.9269996 0.090569064
2.9241283 0.09519616
1.1950786 0.091721535
1.6777626 0.09385949
2.0748239 0.08955003
2.1815174 0.09342552
1.8528761 0.058460485
1.7284482 0.042097066
3.2529807 0.10337504
3.3174603 0.06902495
1.6747491 0.10624855
1.6460848 0.09492955
1.594413 0.07965943
1.4918011 0.07460374
2.719069 0.1677638
2.2091632 0.052713186
3.0448596 0.056114282
3.0386324 0.045558657
1.6161737 0.08615374
1.7265934 0.13867135
2.02616 0.10438385
1.6470352 0.08433875
1.8617407 0.082935825
1.8675928 0.06791678
1.2782426 0.09790012
0.7906498 0.054262996
0.8226181 0.11241558
2.0433714 0.059414137
1.7327322 0.08144859
1.5549302 0.07390539
1.6090529 0.05002673
1.9647442 0.07956549
1.9927349 0.074699156
3.2203152 0.049016923
3.2311044 0.096734986
1.829133 0.06791129
1.7637631 0.04579363
3.3849113 0.048479553
3.0770364 0.08407201
2.4916158 0.060271055
1.9577329 0.066577315
3.6149764 0.115701675
3.2800865 0.14467637
1.9661782 0.08759733
1.6782707 0.0764796
3.1349473 0.060419537
3.2125015 0.079831645
2.4240162 0.06430675
2.3972986 0.14191824
3.3095088 0.115343586
1.5854934 0.08752711
1.5169454 0.103684716
3.4045753 0.10660087
3.4533248 0.12793458
1.9008772 0.05984561
1.8007723 0.051014107
2.6145787 0.042610608
2.1775923 0.08296338
1.5323424 0.09487928
1.9001592 0.06087314
1.5164818 0.11607207
2.7915087 0.057306036
1.9850136 0.06412522
1.7903286 0.09827482
1.6836059 0.091784135
2.6539598 0.06767875
1.1116562 0.067360245
1.8783039 0.0860352
2.4353578 0.12309695
1.5074918 0.11846026
2.1643164 0.07943185
2.6100142 0.061824307
0.57655627 0.10181321
1.5969137 0.06301163
1.578818 0.051565405
1.0220476 0.11819649
1.7328707 0.12608063
1.549227 0.08655812
2.7916985 0.05092007
1.3855016 0.058019403
1.74379 0.076765485
1.3151317 0.13343847
1.0374821 0.09835503
2.2387865 0.0691295
1.6680489 0.189201
1.5414652 0.0551332
1.7925436 0.089453295
2.6204522 0.07279083
2.2337341 0.07703847
2.681088 0.06066948
1.0829955 0.07991668
3.535173 0.0669621
1.5291313 0.050232798
1.992561 0.11418327
1.77174 0.10154547
2.6494775 0.06500396
1.6414385 0.13138238
2.2140298 0.09405296
1.7338331 0.10423091
1.7542944 0.0789625
1.3193243 0.07251483
2.5115228 0.07594026
1.9124405 0.08477538
1.6906122 0.07539461
1.6690115 0.057130184
1.7131954 0.069841295
1.8140085 0.07957748
1.738723 0.04127732
2.039081 0.052764334
1.7223003 0.055247948
1.7993044 0.07932459
1.786532 0.07434131
1.7535765 0.0735879
1.8328259 0.07435095
2.1853533 0.09091758
1.6782553 0.036638852
1.7642132 0.056015365
1.7407843 0.053640485
1.6233486 0.10487537
1.881068 0.07360353
1.742945 0.07669512
2.3181913 0.07334943
1.7600256 0.044197667
1.7372074 0.08316799
1.6704493 0.08097481
2.115366 0.1327151
1.7426004 0.08418759
1.8222164 0.07400616
1.6474556 0.09861212
2.0081856 0.074075386
1.7621377 0.100788616
2.2633123 0.10138648
1.5396286 0.053863045
1.6164005 0.057906605
1.6868484 0.05699784
2.3268611 0.08736409
1.7953017 0.060822178
1.6939576 0.05522078
1.6670707 0.08078658
1.7637457 0.062442787
3.0134454 0.070660114
1.9810365 0.1299041
1.5567635 0.113561824
1.2862412 0.11545233
1.7492516 0.0630988
2.6305957 0.08683259
2.4485452 0.07512226
1.7080679 0.10858781
2.7697258 0.07935834
2.1623073 0.11513063
2.0145075 0.041439533
1.0609183 0.15027365
1.6935734 0.068623
1.7093397 0.07589902
1.3953049 0.036868177
1.1691163 0.09136915
1.2637756 0.074551895
2.056666 0.04061962
0.97071886 0.07582571
1.7693806 0.093528785
1.3400428 0.055816572
1.7755337 0.096725345
1.3261945 0.16402684
1.5811998 0.08858497
2.017902 0.059205234
1.7181957 0.06396315
1.6497316 0.14528061
1.420356 0.06907152
2.4389055 0.058845207
1.9850765 0.08073974
1.757769 0.12025984
1.8133186 0.0945144
2.4838762 0.14414144
2.2310994 0.07926391
2.0421844 0.11358891
1.824852 0.0895935
2.3658142 0.05352018
2.0076165 0.06788938
1.7686374 0.070461534
1.808548 0.06548081
2.5147648 0.069548056
1.3182948 0.07863393
1.3778758 0.072240174
1.845247 0.077050485
2.6793196 0.13944606
1.7929084 0.048826117
2.2189507 0.07924126
2.7246635 0.07681847
1.906481 0.06215685
1.4492674 0.06657557
2.747283 0.13930166
1.1571479 0.0883587
1.887748 0.08694015
1.7485697 0.046757333
1.3472086 0.07856319
0.6711515 0.09582293
1.5082483 0.062424876
0.7332226 0.06825246
2.7643902 0.10727631
1.8559891 0.07245951
1.9377865 0.10472672
1.8962364 0.082602926
2.422141 0.06884769
1.753094 0.074900895
2.0527287 0.07507517
3.635861 0.1400462
1.6861852 0.06133627
1.6536114 0.05972234
2.0819576 0.07023472
2.671688 0.0666237
2.1278868 0.120729856
2.1132107 0.06922071
2.0559773 0.065218985
2.8371625 0.08611941
1.5977275 0.059308693
2.3274796 0.09173167
1.9990193 0.107387565
2.4566526 0.07098414
1.7980173 0.07724128
2.486594 0.04731968
1.8391793 0.07926608
1.6496004 0.11123342
2.1364613 0.075898245
2.652348 0.050181758
1.0009425 0.057799064
1.8410499 0.07940597
2.0721295 0.109441355
1.9199903 0.1380136
1.8541744 0.06373284
1.3912606 0.10112797
1.8012187 0.09321461
2.03079 0.12881601
1.9688116 0.08496961
1.5754043 0.087794006
1.8642308 0.08406809
2.430679 0.077141844
1.7712872 0.076256916
1.6154366 0.10360576
2.0084693 0.08158127
1.9221712 0.06764698
1.8865894 0.057558488
2.476714 0.06361292
1.7745651 0.060582586
1.9651331 0.14250448
1.8346771 0.053905465
2.0403585 0.08769912
1.8177935 0.06041068
1.6060131 0.09746627
1.9655129 0.042896435
2.056264 0.09966347
1.8137662 0.051191922
1.7462425 0.07423746
1.4342873 0.066556826
2.08466 0.12374272
1.6687357 0.09795968
1.6526705 0.112755656
2.0733488 0.119866535
1.9055691 0.07615818
1.7907164 0.100256495
1.8672146 0.06359395
1.4521345 0.0415007
1.72507 0.12802655
2.9879358 0.15639707
1.676341 0.090726204
1.5629089 0.089291334
1.8598696 0.06505828
1.9506782 0.08795081
1.7991381 0.060835693
1.7396402 0.08150828
2.069621 0.092676915
2.1370106 0.06746277
1.749541 0.057593744
1.8396142 0.053650964
1.9170654 0.049946677
1.8623657 0.057025462
2.021357 0.12715109
2.0214682 0.07968145
2.1400824 0.06276077
1.635788 0.08947831
1.5341451 0.089335285
1.8173193 0.14913817
2.8464966 0.06382835
2.009177 0.09464859
1.8696359 0.08501771
2.8068972 0.09692714
2.1825874 0.09375242
1.4966589 0.072605744
1.9376545 0.07727481
1.7155834 0.07503868
1.8169407 0.09431491
3.1944752 0.070072286
3.212133 0.06745334
1.8022178 0.08409207
1.6019857 0.07080933
0.8229272 0.06798526
3.1544824 0.07230131
2.1259317 0.06480512
2.2520409 0.053288274
1.836869 0.09810116
1.6792027 0.09292105
1.4206991 0.041395176
1.8798182 0.0786603
1.9553732 0.05361696
1.6897675 0.08740737
0.84252435 0.054860458
0.9024333 0.079287805
1.835439 0.1137136
1.4749022 0.09885251
2.0738566 0.04812543
2.0469906 0.06940029
3.562861 0.14704457
3.7770553 0.077970795
1.6936929 0.07551035
1.5894554 0.07344499
2.945126 0.1007529
2.050954 0.10044864
1.651397 0.057654552
3.276667 0.10134304
2.7757096 0.074293315
1.376177 0.07269309
1.4729182 0.0755094
2.894363 0.08311619
2.1528938 0.12002864
2.6054041 0.08859631
3.3005986 0.098103374
3.5631351 0.13796546
1.6965921 0.112550244
1.3207215 0.07310658
3.5653522 0.08751195
2.828202 0.10205078
2.7658212 0.0873717
2.9796014 0.08155723
2.3886383 0.04540604
1.9080406 0.057875663
2.3660712 0.055557624
2.641636 0.057109334
2.2268612 0.09976859
2.231084 0.154353
2.399877 0.0750084
2.0079663 0.08468625
2.0325742 0.06354129
1.6415088 0.09039912
2.0650573 0.05257465
1.2884045 0.06676184
2.3553042 0.085032456
2.5035286 0.07937315
2.3937144 0.06281571
1.9704025 0.04698261
1.8743191 0.11476767
1.6235161 0.092951275
1.6220201 0.09060344
1.9274896 0.08852845
2.090469 0.073688336
2.0679085 0.030413583
2.241039 0.06098943
1.8039474 0.08320042
2.094234 0.10127213
1.7908716 0.035445746
1.7269716 0.10362443
2.1703868 0.084582284
2.2783446 0.04902889
1.9205863 0.06633423
2.664682 0.05390664
2.6782048 0.13505046
1.3895171 0.064957984
1.6092889 0.13833897
2.4612374 0.069452696
3.436398 0.074647814
1.8320204 0.09217929
2.0410984 0.104800835
2.7311492 0.083966695
2.8234813 0.07552726
2.0971212 0.045173906
2.0632846 0.060968984
3.1546078 0.13166946
2.8056152 0.06534752
2.0153089 0.043660026
2.5499153 0.12683336
2.9792619 0.0938045
2.4430225 0.13183095
2.119894 0.08610644
2.0716672 0.08525949
2.35408 0.07815641
2.2524133 0.15783574
2.1115165 0.06628982
1.9516767 0.09302024
2.6500447 0.079961695
1.9821514 0.08202073
1.9379075 0.049313746
1.919541 0.07289226
1.5791149 0.05895543
2.5738664 0.14000933
2.366089 0.07993941
2.059271 0.056980416
2.5555053 0.07867476
2.3154674 0.04878484
2.0005095 0.075305864
1.9935684 0.057428285
2.044209 0.058999557
1.640384 0.09051113
1.6325684 0.078830235
2.360413 0.08624273
1.75643 0.064422086
2.063423 0.06352048
1.8474604 0.07704166
1.8485893 0.050960183
1.9637327 0.085183576
1.9682281 0.060362414
1.7681696 0.07148629
1.9166253 0.060905766
1.8058832 0.074070334
2.2266927 0.12252423
2.6136098 0.07971794
2.0039887 0.055084124
1.9603033 0.07005892
2.200179 0.08521468
2.572201 0.07405779
2.3779972 0.06984736
2.2842338 0.06644429
2.4331167 0.061736524
2.6965823 0.06093475
1.7002513 0.0718262
1.6298158 0.10511393
2.7452114 0.07715748
2.0214038 0.06329288
1.9107525 0.06981797
2.0566216 0.05875089
1.8642395 0.09533013
2.140428 0.08321368
2.084549 0.0983181
1.9699905 0.06012378
2.0963383 0.086668625
2.6388774 0.06575493
3.3177228 0.04419585
2.765922 0.109141804
1.9772892 0.08960276
2.0415602 0.106329136
2.8906503 0.13174741
3.517451 0.13554695
1.5213587 0.10419338
1.8227551 0.05412695
1.8173634 0.07416976
0.98706996 0.04393427
2.8320935 0.09770264
2.7890217 0.082627036
2.2963073 0.060703825
1.8979967 0.042250756
2.3809505 0.07024344
2.6404195 0.13644232
2.1878283 0.07075572
2.147902 0.11046072
2.1329014 0.07378797
1.49879 0.061251342
2.2092667 0.086565845
1.4717087 0.12797529
2.1755612 0.06338003
1.7635574 0.06648004
1.9751831 0.04764768
1.6485296 0.10043515
1.7468128 0.0835942
1.8759687 0.07144001
1.9992616 0.08766301
2.0280602 0.05015909
3.4087071 0.079944655
3.1975346 0.08917983
3.3551438 0.09429834
2.8332434 0.07590845
2.0317266 0.06925787
1.8467764 0.049300347
1.6127641 0.11929948
1.783272 0.08661665
3.233909 0.045408286
3.0148108 0.10104065
2.307423 0.057537604
2.034402 0.095267475
3.049559 0.034944303
3.0279078 0.15640341
2.1430607 0.049530923
2.213018 0.05794776
3.1954591 0.11463273
2.7842274 0.10380717
2.1543071 0.10334794
2.0088515 0.08206018
2.0340133 0.09127626
2.8244243 0.07677986
3.2962646 0.12069119
3.3373837 0.07433014
3.4700344 0.047355905
2.9335604 0.052641965
3.4613247 0.13097252
2.6908367 0.05216549
2.2009208 0.07693106
2.1968303 0.057596605
2.0936322 0.06402092
2.0120816 0.12936927
2.338381 0.061487585
2.034555 0.08425887
2.1891634 0.06892698
2.1217675 0.0881429
1.882177 0.102281936
2.7001739 0.06417067
2.385507 0.06121224
2.9056861 0.052199952
2.2362282 0.102774
2.919232 0.101059325
3.07543 0.087089635
2.0909386 0.08062301
3.2298808 0.21364743
2.7334619 0.092326194
3.636599 0.09003588
2.0505776 0.081830315
2.385522 0.07793951
2.8881192 0.18433422
2.6576679 0.08930241
3.5346208 0.11304971
3.6470947 0.10415803
2.0590472 0.11135947
2.267742 0.05302642
3.0273857 0.024653008
2.9785929 0.053161275
3.2621455 0.14885399
2.2355316 0.06415704
2.430807 0.059247077
3.217488 0.08062559
3.0205393 0.04266489
2.002906 0.07625708
2.3463678 0.06233228
2.7789721 0.0694268
3.0371215 0.08657964
3.0710363 0.059935603
2.8407385 0.13315861
3.0083716 0.07286013
2.7930653 0.12888107
2.736559 0.09199979
3.2760856 0.039434742
1.9158328 0.07701426
3.0673213 0.12475713
2.7029395 0.119722195
2.6631837 0.114264734
2.8814569 0.09445925
2.8801324 0.07305628
2.9079788 0.08925294
2.7882037 0.079452
2.7365985 0.09426466
3.0150716 0.041627944
2.7343452 0.096152484
3.36708 0.043887455
3.1017768 0.10733505
2.840586 0.10844538
1.829545 0.06637329
2.1319458 0.06560356
3.5714207 0.109916575
2.884379 0.10117159
2.6842573 0.09373848
3.1016726 0.05421108
3.0458078 0.1414193
2.923285 0.09785881
1.9847012 0.07816794
2.675955 0.054640815
2.8034282 0.0735745
2.737286 0.16374944
2.9945185 0.08864315
2.796074 0.11108624
2.6695151 0.08870595
3.3169053 0.07619903
2.3123794 0.03976602
2.872664 0.1332698
3.0543253 0.08496373
3.148685 0.116475716
1.9929537 0.1450486
1.9084771 0.15610164
1.9497411 0.078573465
1.7084148 0.1333462
3.139419 0.12273799
3.495479 0.056634642
1.9869934 0.074279904
2.0070515 0.06587201
2.0136416 0.0615044
1.7270653 0.11045104
2.316266 0.081817955
2.041082 0.09074031
3.2047355 0.05288713
2.9905906 0.040285762
2.2898633 0.13515157
2.372432 0.07834894
2.0706062 0.07801931
2.3694751 0.09714878
2.173314 0.13470794
1.9287888 0.07850232
2.2239144 0.100829415
1.3332498 0.089946546
1.8679368 0.08051052
0.81155187 0.10349417
2.2100186 0.094152875
2.046865 0.07488893
2.4640186 0.043667197
2.0565372 0.04149194
2.065071 0.04485703
2.0558152 0.09403274
3.0760007 0.07802468
3.831942 0.09058253
2.2356374 0.08875235
1.8569419 0.08997686
2.8906999 0.03146667
3.109036 0.052186385
1.9639734 0.06947428
1.9071697 0.074249685
3.5677514 0.10178044
3.4558213 0.08326692
1.739732 0.06979974
1.9833626 0.058602452
2.7788832 0.12709501
2.841064 0.11181342
2.7531557 0.057184547
1.9284217 0.07433639
3.5077991 0.07409232
3.4130816 0.09619431
2.1758072 0.10521654
2.0346408 0.051609676
3.1176503 0.062221143
3.5318236 0.09259566
2.4878707 0.14250368
2.7326035 0.079650946
1.7829183 0.10070167
1.7212108 0.073044024
2.8339672 0.12380454
2.9919086 0.096329704
1.5301282 0.07965541
1.8871142 0.06756463
1.8692757 0.07910118
1.3496134 0.09894061
2.0803003 0.07487665
2.5028632 0.072993636
2.2530308 0.12804967
2.2872767 0.08443628
2.043358 0.12311288
2.7641428 0.09118203
1.8163292 0.062237453
2.47158 0.062022742
2.0231805 0.058585577
1.2805189 0.06324157
1.6882101 0.08787636
1.9063442 0.14041926
2.03598 0.08562417
1.3052675 0.12425522
1.3835608 0.05631121
0.9229727 0.093893684
2.4119763 0.06350263
1.9524813 0.09784401
1.3915079 0.04243359
1.3208363 0.10236114
1.8091781 0.09582292
1.8718313 0.063292444
3.5066428 0.13755374
2.6373374 0.1421493
1.0885252 0.075771585
0.77763104 0.11740231
2.7579436 0.073837675
3.0523286 0.06817616
2.5130908 0.08731223
2.3104968 0.078600734
2.877153 0.13839531
3.4814868 0.068979524
1.8443611 0.10222297
1.9521469 0.067668736
2.16301 0.08936896
3.2979202 0.11108567
2.095769 0.063645095
1.9552876 0.061695594
2.7058945 0.14231622
3.292188 0.15709144
2.1488206 0.093258336
1.7970636 0.07384465
2.6042461 0.11040967
3.737538 0.06407397
1.7071168 0.072207525
2.121578 0.08937638
1.1547012 0.06488088
1.5500333 0.098612726
1.8090318 0.15428336
2.7653985 0.107884906
1.3151966 0.093263365
1.7999691 0.08630212
1.7592247 0.08736337
1.7731888 0.09563937
1.6034998 0.078915656
1.9459858 0.100606576
1.8631799 0.1370902
1.7930229 0.12762071
1.8719791 0.14317079
2.2074072 0.08925557
1.5003928 0.137634
1.8414825 0.08271863
1.7508167 0.0903303
1.7217941 0.076639965
1.309809 0.11216818
1.3606048 0.10558227
1.639786 0.109976284
1.8496088 0.09351669
1.6025972 0.06629472
1.6527746 0.077811286
1.9513823 0.13563155
1.6807854 0.12797588
1.3920612 0.08989928
1.6523927 0.11575382
2.0013945 0.05806241
1.8022915 0.08889406
2.2168717 0.08972809
1.3420786 0.14280783
1.8301573 0.13129045
2.1356957 0.102380246
1.5902895 0.07589017
2.0262508 0.11252011
1.7484205 0.13764766
2.1843853 0.08044952
1.8297201 0.11772102
2.2507489 0.06637372
1.8279254 0.13800585
1.6721386 0.079606
1.8414284 0.10009366
2.511897 0.054764144
0.9261249 0.04175484
1.3984728 0.076022945
1.8051014 0.115840025
2.9833794 0.12279625
2.7791808 0.108705446
2.8169892 0.082025714
1.8390977 0.043371323
1.3631074 0.124634765
3.505689 0.05887398
3.4967968 0.07739034
1.6107324 0.12705289
1.7584608 0.10449397
1.6972673 0.09520221
0.9730458 0.08564949
2.2591417 0.07560145
2.5129683 0.069815144
2.7451596 0.049943905
2.9865682 0.060782332
2.1942787 0.10094529
2.176922 0.135274
1.9367316 0.040563773
1.8884859 0.054715727
1.8853245 0.066721864
1.9861681 0.055612188
1.4092238 0.08680858
1.5515293 0.123392396
1.2905791 0.06944933
1.9648699 0.07280261
2.0078354 0.052461166
1.7405831 0.07090002
1.1800346 0.06663111
1.8380473 0.05179209
2.189909 0.070669144
3.2730992 0.10288168
3.2222507 0.102282874
1.6811581 0.048648033
1.836684 0.06865631
2.7349555 0.061937418
2.9158506 0.076308765
2.3272223 0.046495315
2.031178 0.08081799
3.5617878 0.066444084
3.4848893 0.1007367
1.7942829 0.055302992
1.8304386 0.097146
3.0957294 0.05485176
2.7090936 0.063382365
2.0975237 0.07755409
2.2012115 0.096790895
3.5162787 0.0727743
3.4194336 0.07376896
1.5151638 0.0760183
1.6043297 0.058681708
3.2913241 0.1197687
3.6790957 0.094574474
1.9349816 0.06489767
1.9741669 0.061228417
2.847247 0.07108228
2.7602267 0.09690815
1.9482416 0.06853172
2.7000403 0.12189825
1.8036871 0.08354646
1.5709268 0.09043796
2.5141792 0.067929745
3.4167435 0.100579716
2.7108407 0.11135401
2.1932528 0.09704492
1.3750361 0.08016162
1.8938128 0.06367249
1.4729726 0.065090835
2.2270293 0.076379105
2.0650027 0.09428795
2.252566 0.0960953
1.4080235 0.07225523
2.0965462 0.06036449
2.7190895 0.045324136
1.9326626 0.057958096
1.9971545 0.052698907
2.3277428 0.08259076
3.0519614 0.117951475
3.6149049 0.10012805
1.168431 0.07191345
2.0639691 0.12074591
3.020512 0.05838011
3.4434338 0.12432049
2.7515235 0.10921524
2.6352577 0.06354306
3.4428093 0.08725031
3.5952358 0.13167803
1.8676751 0.0764217
1.8553251 0.07448218
2.74842 0.055886824
2.726434 0.060577903
2.3182228 0.053358756
2.834003 0.05878016
3.003226 0.09053359
3.5887103 0.13651966
2.9973075 0.07546402
2.367556 0.10267266
3.55388 0.07088434
2.7317777 0.05109071
2.076363 0.055884767
2.1303992 0.08536958
2.536897 0.038771663
2.48354 0.0530642
1.9576972 0.09060037
1.7289908 0.06367465
2.756332 0.044041637
2.0326898 0.053361062
2.9279513 0.07481164
2.80585 0.07640345
2.7816637 0.12318959
2.6038985 0.06615838
2.8525853 0.16724634
2.56151 0.08385098
2.0592823 0.0846241
2.1309857 0.08736577
2.6477342 0.08668266
1.8332233 0.04412571
2.8747005 0.10262858
2.44585 0.091221616
2.1719604 0.05570389
2.2780197 0.069488436
2.0768929 0.07475002
1.9078099 0.090548374
2.8012605 0.14362577
2.614513 0.06588374
2.8830175 0.10480466
3.1402073 0.05890996
2.1784039 0.07613815
1.9273281 0.07010841
2.6939797 0.111909434
2.4985862 0.08295173
2.8558357 0.09407748
2.5711272 0.09075917
2.8730774 0.0834571
3.1268125 0.070779964
2.2381136 0.06862546
2.414207 0.06993178
2.1367168 0.10108046
2.5940323 0.07308026
2.000922 0.10488714
2.0929513 0.07239533
1.6789179 0.050403256
1.8148143 0.064122885
1.6574793 0.12205438
1.4104161 0.049691327
2.7376974 0.09221691
2.834282 0.084977336
2.4012215 0.06465319
2.264554 0.06954724
2.9007797 0.07974885
2.7794852 0.07363002
2.0905528 0.10463219
1.8846352 0.07746951
2.2010517 0.08739188
1.9522305 0.086343445
2.099785 0.10052233
1.8754637 0.0798273
2.1987405 0.096582204
0.8961932 0.05409458
1.9497801 0.08860023
0.9721736 0.078546844
2.0538907 0.09331899
1.8493217 0.09525355
2.323199 0.039545916
1.4837347 0.054100327
2.0512776 0.07051896
1.808222 0.06853033
3.5153556 0.08209456
3.5045292 0.069533564
2.2160265 0.100495934
1.8175472 0.0730768
2.8563616 0.086665615
2.7864494 0.07916043
1.933143 0.07851898
1.804562 0.05031098
2.2592518 0.09845694
1.8667271 0.053043388
3.55067 0.06287003
2.7360044 0.05570635
2.2555137 0.06542919
1.7877672 0.047360785
2.0100634 0.038344122
2.088603 0.05919988
3.2371955 0.059140507
3.5367608 0.106631584
2.3431194 0.093764655
2.3216856 0.072694935
1.8603246 0.080334656
1.8969986 0.090112425
1.9482381 0.082445875
1.8062941 0.09212471
1.9867109 0.10495177
1.9547173 0.04743458
2.1605115 0.07070738
1.8973631 0.077249035
2.3362668 0.070585035
2.673085 0.09631076
2.0801177 0.096432194
2.1295457 0.08318682
2.0562453 0.08034676
1.2928302 0.15487882
1.6372893 0.05795777
1.8594567 0.077141605
2.0895543 0.06064623
1.8716981 0.07127003
1.7988129 0.06304818
2.142598 0.09548112
2.1475682 0.08062651
1.9072891 0.046117436
1.9569525 0.04765637
3.0785613 0.113706164
2.457645 0.105744354
1.8354375 0.12472066
2.0460088 0.089753576
2.7105324 0.05112187
2.352571 0.08675441
2.0903096 0.047672722
1.8584232 0.119050965
2.6392236 0.090904586
2.9293957 0.07420711
1.4633725 0.081109025
2.0274057 0.04889349
2.291821 0.066896304
1.9849933 0.076806635
2.587137 0.10418412
1.8558432 0.068825595
2.7112215 0.060552884
1.6861899 0.07606577
2.0693972 0.08340322
2.647945 0.06797632
2.4735007 0.06757246
1.8882796 0.11219166
2.382402 0.06813188
1.7951927 0.095605925
1.6317765 0.07309614
1.7351964 0.09391475
1.6828716 0.06344508
1.708657 0.07330303
1.9627997 0.063359044
1.7880052 0.061365485
1.6502289 0.14081642
1.4152681 0.12647569
2.021349 0.090783
1.7524707 0.10005146
1.5392791 0.13579498
1.6228698 0.10728108
1.3768705 0.09582495
1.7661664 0.074346796
1.7142454 0.07615966
1.8168488 0.076107815
1.8333318 0.10716959
1.912907 0.054646492
1.7967236 0.07721746
1.7959045 0.08212782
1.7903067 0.081932
1.6615498 0.050521184
1.7484204 0.079393595
1.7301689 0.1122827
1.7867712 0.11237635
2.252413 0.13620701
2.247025 0.07273795
1.6742222 0.105969466
1.6308218 0.078650676
1.6343415 0.095353946
2.3928227 0.07532959
1.6450325 0.05864557
1.8624846 0.10095584
2.2522807 0.07175393
1.9926512 0.09013771
1.7914145 0.07597378
1.6533737 0.06884461
1.8624376 0.072842404
1.9274428 0.044717558
2.0109272 0.11677086
2.4045472 0.039769296
1.9012114 0.059015736
2.2308052 0.09319575
2.078484 0.124298394
1.9103892 0.14632124
2.214213 0.1523505
2.2958703 0.06979439
3.410666 0.12791096
3.076375 0.076903395
1.7206707 0.077730104
1.6807041 0.10122204
1.6541235 0.12380837
0.94482535 0.075235605
2.716497 0.16307643
2.0004172 0.054516744
2.9126813 0.06166141
2.4146392 0.08845087
2.2162726 0.098148964
1.4363041 0.05591555
2.1037583 0.07874225
1.8306061 0.07717121
1.8887432 0.06302193
1.9010185 0.03887712
1.6945016 0.11456095
1.3349217 0.09811266
1.6187303 0.05190264
0.9126509 0.08981791
1.9298884 0.10070175
1.8403273 0.047333404
2.0574903 0.041822903
1.7062342 0.08478884
1.9601128 0.06654556
1.927885 0.072961524
3.0441465 0.11128383
3.0277843 0.105630755
1.6983354 0.100516714
1.7719166 0.070324026
3.327029 0.08953808
2.8048232 0.07268799
2.701836 0.07509036
1.780055 0.059930593
3.3808026 0.08089928
3.304768 0.13856508
1.652985 0.10567856
2.9926257 0.11959673
2.8407493 0.07519192
2.609676 0.0669283
2.019422 0.06353985
3.197761 0.13953418
1.8872398 0.10373597
1.6519258 0.07862418
3.4287465 0.06883239
2.8206038 0.109105565
2.0317354 0.09051692
2.5184753 0.12379913
2.57401 0.08991492
2.9254627 0.17466865
3.3573887 0.079004884
2.134787 0.05858508
3.4341378 0.065460585
3.658551 0.13883655
2.4727714 0.07273709
2.972731 0.13743137
2.7366664 0.10577762
2.1749353 0.067551486
2.8081908 0.08349588
3.0217447 0.086553685
2.1366134 0.06297734
2.768436 0.07415556
2.336892 0.0772193
3.358982 0.10117051
2.0331247 0.044168536
2.9282618 0.11323169
2.3639812 0.089551225
2.722009 0.11162024
2.716971 0.10977822
3.313369 0.116844654
3.6475263 0.14731479
1.8780323 0.05432176
2.7669582 0.09992805
3.309298 0.08351542
3.6074517 0.07290565
2.7648728 0.09716354
2.2854197 0.049315926
3.566433 0.07233708
3.5710216 0.072280556
2.6085305 0.059312955
3.0202541 0.08035274
3.0636916 0.052176367
2.746058 0.05300771
3.2803726 0.151302
3.197372 0.14608443
2.4988728 0.116130084
2.9725063 0.11442151
3.399376 0.16599795
3.5263805 0.09164932
3.0533712 0.12474058
3.0595622 0.074112654
3.2092865 0.077957906
2.847794 0.09252656
3.4459558 0.05743613
2.8652296 0.06956901
3.5293922 0.10754774
3.3080935 0.17453846
3.2170854 0.05933076
3.2201371 0.082288094
3.1106791 0.075911276
3.0506454 0.05266575
3.2868538 0.065633595
3.2593331 0.04781883
2.7424157 0.11525593
3.0446632 0.10162086
3.216334 0.068168595
3.5743592 0.098099135
2.9469295 0.07494744
2.8405037 0.1475508
3.179898 0.07487768
2.856752 0.07763361
3.502784 0.08200975
3.2019944 0.0664662
3.4792526 0.03154842
3.1757898 0.07943235
3.3785853 0.09909973
3.6928627 0.10730776
2.8283448 0.15286373
2.8229096 0.13413729
3.346606 0.14163491
3.2388992 0.095564514
3.4942245 0.05900175
3.1573906 0.06448957
3.5211987 0.089694254
3.4614532 0.074953936
3.1870656 0.073187694
3.516763 0.10192956
3.6860008 0.10456254
3.4851806 0.068972655
3.2415986 0.11419336
3.5463161 0.0896052
3.3119118 0.055270948
3.3489113 0.18110429
3.6448307 0.08526713
3.666544 0.08511668
2.0399249 0.0932485
1.9372308 0.07259518
1.9595181 0.072641104
2.4341235 0.08855634
2.840774 0.07494128
2.608318 0.056550115
3.0184712 0.069925204
3.6158512 0.080127984
2.2329915 0.09925286
2.3182952 0.11683985
2.4973633 0.08203612
1.6605732 0.072928645
2.3732917 0.101003215
1.6919178 0.091711245
2.8039582 0.08419557
1.8008506 0.0963962
2.621273 0.066773415
1.6396965 0.13256897
2.236029 0.13691542
1.9239562 0.09119478
2.6083348 0.073257975
2.0177546 0.038747974
2.9324636 0.0793804
2.1083665 0.06635638
3.7839203 0.060492378
3.7839444 0.09802059
2.232005 0.14906228
2.2606654 0.06424472
2.717195 0.07796309
2.2383747 0.076845326
3.6108088 0.09526624
3.25863 0.09613254
2.6435447 0.11784556
1.8159456 0.06998291
2.9513295 0.12321445
3.0444067 0.06435466
2.864093 0.06493972
2.319362 0.061405923
3.85914 0.09080954
2.708383 0.087931946
1.75262 0.10814764
3.4510856 0.095131665
3.4712882 0.10644436
2.3781152 0.060303055
1.1357853 0.10121592
1.7578671 0.07636303
1.8955185 0.051022474
2.097863 0.08804283
1.8768256 0.11242668
1.9165932 0.09920489
2.2075477 0.060028467
1.8394798 0.067157105
1.9433607 0.08086918
2.8971248 0.08256971
1.0245783 0.05653285
1.9840244 0.11765
1.1542971 0.107599065
1.0520594 0.116624765
1.345583 0.09469832
0.60562897 0.10514817
2.9414263 0.0598464
1.29562 0.08532983
1.9077793 0.09538755
1.1774489 0.118263364
2.7156014 0.05308726
1.2801517 0.088285655
2.8779302 0.100656904
2.4461274 0.10961112
1.6343343 0.08817665
1.3003862 0.072139114
1.9004873 0.1351594
1.8989881 0.064972095
2.7191985 0.07685044
1.6813822 0.055733442
2.8181312 0.08589719
1.943217 0.061661705
1.6850226 0.061692394
1.8803978 0.087017596
2.046223 0.07597326
2.4959257 0.07533205
1.9425402 0.10259859
3.7888355 0.11239461
1.789175 0.16672848
1.4148047 0.08536823
3.0750492 0.06610767
2.7230418 0.07438079
1.8784969 0.095421076
1.6858879 0.07440088
1.8823324 0.08747362
1.9015735 0.10247107
1.6619921 0.13183561
2.305905 0.095199496
1.7799969 0.091358714
1.9579706 0.117143534
1.7672646 0.04690719
1.5507894 0.12516457
1.7164314 0.14996612
1.770415 0.06553102
1.5959308 0.051901337
1.6376024 0.07341138
1.7237251 0.09173993
1.6548411 0.072765075
1.7140739 0.08691435
1.7643286 0.07037055
1.8921607 0.069486335
1.8283148 0.058823947
1.9808357 0.08907221
1.8165411 0.065585114
1.8268135 0.09329217
1.9276787 0.068458445
1.9652958 0.09043734
1.7766073 0.06602312
1.6535715 0.11288038
1.5446657 0.104549706
2.1266148 0.07847914
1.6843004 0.09374681
1.7879902 0.11937352
1.5934396 0.11838165
2.706021 0.07706919
1.7838316 0.055501398
1.5122021 0.09795809
1.8038704 0.10430932
1.6101322 0.06510793
2.005013 0.09754374
1.2848485 0.1087503
1.758715 0.10518501
1.7172205 0.11745319
1.7494929 0.10062925
2.1764302 0.12772925
2.170052 0.09263038
0.87882346 0.07050224
2.8890548 0.07325092
1.943181 0.066619694
2.856156 0.06842917
2.3517048 0.084373355
2.092379 0.08212765
1.290549 0.07613272
1.9019505 0.071271785
1.1635323 0.12457994
1.7511933 0.09417178
1.3015602 0.099634245
0.7552161 0.068104446
1.3228027 0.09166274
0.7318038 0.12131218
1.8993609 0.07186913
1.4945781 0.060525574
2.202894 0.06373915
1.4901354 0.1258189
1.8664793 0.096708514
1.39023 0.0723494
3.5673852 0.08617106
3.6835945 0.060055844
1.4634364 0.096125014
1.5789385 0.077771105
3.077908 0.12889023
2.2511518 0.044320866
1.8945831 0.08623324
1.6356499 0.10871381
3.4467595 0.09733267
2.7509656 0.04030502
1.4660758 0.07623775
3.1151671 0.1332064
2.3552537 0.049266655
2.7316103 0.04790392
1.9552752 0.059374444
3.2590766 0.09294207
3.6684241 0.09413585
1.8493923 0.091568835
1.378818 0.11711209
3.643704 0.0734458
3.4295278 0.099476464
1.8720595 0.07220742
2.1683407 0.0727432
1.9110394 0.06518921
2.0731316 0.074629016
2.2966077 0.06499587
1.8823311 0.08468543
1.4081426 0.116462246
1.78631 0.06825314
2.0407205 0.08870233
2.1379972 0.09071474
1.1906301 0.099439524
1.9499775 0.094997995
1.5770395 0.06785775
1.547985 0.09209556
2.0635576 0.07836266
1.7475369 0.08034879
1.8151028 0.097873546
1.8208479 0.055362236
1.417207 0.093364745
1.3054702 0.10143396
2.0654829 0.06523687
2.2547958 0.07921847
2.7417302 0.07380145
2.7481742 0.072542354
1.3736844 0.16773023
1.8732073 0.058962483
2.864755 0.104858056
1.8728254 0.08517212
1.8716643 0.077539705
2.0026984 0.06852956
2.6748748 0.0741039
2.7463584 0.08032502
1.1569268 0.059219107
2.8678622 0.09803043
1.9018456 0.08142706
1.9469316 0.0864727
2.2295268 0.10105721
2.021838 0.060974162
2.7818825 0.087452784
2.5708969 0.07430973
1.6495736 0.053497225
2.0329332 0.07295963
2.8107257 0.13812554
3.084908 0.14327694
1.6387736 0.09790038
1.7371956 0.076283544
1.7066892 0.051266685
1.986998 0.07045351
1.073796 0.08040149
1.9594952 0.055269435
1.0824889 0.0965244
1.4566615 0.0875004
1.3287046 0.098027565
1.8327194 0.122188315
1.7214329 0.081044056
1.0967942 0.08196907
1.4203907 0.05754239
1.5957085 0.100193545
1.8185899 0.07099264
1.62913 0.088272616
1.6844151 0.08317367
1.1566296 0.08333261
1.5107421 0.12304609
0.92923677 0.078810036
1.8020842 0.13629206
2.3858988 0.0614995
2.0460103 0.06680017
0.72925013 0.04181722
2.0883036 0.07230978
1.6702859 0.10208055
2.2700047 0.15284398
1.6175985 0.037491225
1.9171553 0.07359796
2.150685 0.065037474
2.246109 0.13770133
2.0115216 0.064030625
1.1450226 0.069138184
1.9920933 0.08717192
1.6197395 0.09266476
2.1634402 0.08874943
1.707721 0.11735381
1.1012965 0.061008226
1.8364878 0.07031996
2.1800027 0.09335896
1.825803 0.067038484
2.1509674 0.080491185
1.9464515 0.07107351
2.1087537 0.061864637
2.6427665 0.09591752
1.6979374 0.08752721
1.9369682 0.04718785
2.1997104 0.08933134
2.141409 0.080874085
1.702626 0.05458302
1.8056333 0.06939888
2.0907435 0.10468059
1.301177 0.05638022
1.5367991 0.062340956
1.6071866 0.13776135
2.1634736 0.095223285
1.9313793 0.07797055
1.3061754 0.08457652
2.1501698 0.05547865
2.1691532 0.06845534
2.1827416 0.06490596
3.5261352 0.066937365
3.5663853 0.11042166
1.6309407 0.08649631
1.9376558 0.09713805
2.0829213 0.06101754
2.6059914 0.046771795
2.269258 0.078083605
1.9649601 0.06984525
3.4332337 0.098196976
3.4722328 0.048774358
2.7312253 0.11793661
1.8739014 0.07256106
3.5174801 0.117140815
3.5616329 0.14547221
2.4541297 0.055122178
1.8613144 0.046947893
3.0162017 0.0584501
3.2192912 0.13293771
1.7317159 0.10778097
2.500742 0.073497064
3.2589297 0.095832415
3.5004487 0.101051
2.4959292 0.09706854
2.398954 0.077256195
3.2351727 0.04441796
2.9229994 0.07024586
2.5845628 0.09855303
2.1838367 0.090913884
2.1784606 0.07869228
1.8254404 0.07879952
2.9455316 0.07412593
1.8656313 0.06198797
1.9376427 0.06368482
1.8805139 0.097961105
2.7980778 0.059250746
2.1259568 0.06394601
2.3975773 0.0400538
2.0867743 0.04709832
2.584203 0.072958685
1.8474394 0.07315305
2.7599018 0.08423505
2.8240473 0.094033025
1.7540203 0.0825256
1.9286091 0.09288294
2.878715 0.05219932
3.5592492 0.081782095
3.6517785 0.08721984
3.5454102 0.116945885
1.3044528 0.13958521
2.281576 0.060589336
3.326308 0.07306073
3.3274963 0.0833121
2.9299693 0.07380852
2.3949275 0.070490435
2.8966396 0.056621395
3.6996696 0.12541308
1.734514 0.05448125
2.3623967 0.10548952
2.7582479 0.08153628
2.8363757 0.060572565
1.954553 0.057706907
2.252254 0.056787126
2.7510703 0.11002318
2.5567358 0.13793707
2.6187801 0.101916224
2.2336068 0.080949545
2.9893165 0.07694949
2.4427803 0.075003475
1.9358066 0.06818543
2.4615881 0.088165544
2.2835014 0.06495548
2.27235 0.05491602
2.5319848 0.12757355
2.2017345 0.066290885
2.2922611 0.065059625
2.2936978 0.068665415
2.8785472 0.056915354
2.8000176 0.0871272
2.2341123 0.13681151
2.3810973 0.1273991
2.0034075 0.051817115
2.177266 0.06655958
2.2116895 0.121134035
1.7530466 0.04258582
1.953496 0.05585535
0.7106875 0.080164135
1.8880298 0.08912758
0.88677347 0.09825402
2.1369603 0.1076103
1.7535412 0.060263366
2.0684037 0.07095565
1.8367608 0.08823802
2.0968983 0.060610395
1.9494741 0.08317889
2.1284413 0.078218065
2.1080015 0.0831936
2.8713002 0.04432554
2.81293 0.08991068
2.0114412 0.103073515
1.8869196 0.0767563
3.6666443 0.070739
3.457587 0.20037153
1.8560902 0.07429147
2.443986 0.048368808
1.8786335 0.049669147
3.3793578 0.057937972
3.3615391 0.13655907
2.00395 0.11653299
1.9888437 0.05607929
3.3097644 0.0698071
3.2985082 0.0765428
2.8768039 0.06209466
2.986255 0.057131715
2.2620533 0.044245843
1.7470926 0.111185975
2.4787738 0.12329273
2.1723115 0.104646206
1.6682184 0.05183863
2.9911447 0.11908154
2.0025125 0.08616425
2.5800805 0.044181164
2.0319095 0.06835939
2.10186 0.06559483
1.7767814 0.078387424
1.9710127 0.06328031
1.8540428 0.051376943
2.4907022 0.07766888
2.5743423 0.034947854
2.5177853 0.11442984
2.8843052 0.07407492
3.2064102 0.11546211
1.762784 0.058973458
2.6540136 0.082881555
2.7332444 0.06860527
2.8284335 0.09566609
2.8791437 0.06427171
2.3731344 0.08026867
3.3414254 0.057379123
3.5108085 0.06619061
3.3228843 0.08949022
2.913278 0.14008403
2.636842 0.04773909
2.5126016 0.09789935
2.9564495 0.13860294
3.6478915 0.09364077
2.0709908 0.06008461
2.7542825 0.11938041
2.6639056 0.06262152
3.6959107 0.11259221
2.0848966 0.058078486
2.6117084 0.07070222
2.7160707 0.068185456
2.3704164 0.0629985
2.0887923 0.09117299
2.3659763 0.058151778
3.021413 0.10403951
2.338854 0.091585144
2.7820594 0.09846434
2.4517963 0.07699752
2.632883 0.13326225
2.796352 0.047783595
2.7031977 0.046529997
2.4638286 0.050929323
2.0003955 0.09236468
2.4041808 0.058195222
2.419332 0.0983872
2.4768684 0.09593748
2.6860087 0.048759088
1.7735617 0.059719067
2.835363 0.06391401
2.696282 0.03510324
2.5742285 0.09269094
2.7544894 0.07170629
2.6956954 0.082106054
2.8863704 0.060347833
2.7382224 0.078789376
2.005065 0.040030967
3.2067065 0.057940084
2.9090166 0.062426653
2.7713344 0.04587506
2.9001997 0.06894395
2.4754324 0.046429124
2.6462636 0.06777648
2.8541222 0.0800719
2.160998 0.0683802
2.6313205 0.118164726
2.5460076 0.059290525
2.8733294 0.07420743
2.989659 0.0941183
3.5942261 0.066591024
2.204364 0.11241046
1.7975636 0.06709318
2.2143018 0.14130056
1.8665926 0.07738879
2.3121731 0.07002541
1.7853054 0.067478575
2.4441125 0.07435368
1.6119426 0.090002924
1.893861 0.07447532
1.8961607 0.102080904
2.046576 0.111122884
2.065593 0.09035227
1.9152123 0.049904082
2.0943499 0.06950882
2.7471251 0.10334556
2.0485182 0.11712441
3.3654988 0.14644994
3.5899692 0.092446454
2.211258 0.07299276
1.744735 0.07912781
2.9936774 0.048922487
2.9240952 0.068910025
2.643454 0.06768384
1.8114641 0.06900903
3.5654511 0.0679283
3.6375663 0.13055673
2.4469957 0.09213871
1.8870203 0.06925022
3.487123 0.045076862
3.473083 0.102281034
2.547442 0.05276339
2.092257 0.08015109
3.544479 0.09836365
3.4639993 0.09415999
2.0134268 0.058040578
2.136929 0.07972684
3.496339 0.07716233
3.5947933 0.0896238
2.952721 0.07413396
2.095087 0.119002104
1.9701649 0.08570863
2.0558949 0.06856716
1.7292945 0.08362582
2.238154 0.07328236
2.5957937 0.064864986
1.9566667 0.14855017
2.0566742 0.097776785
1.9830723 0.13630626
2.6079507 0.065895975
1.8848242 0.10412783
2.428598 0.056195345
2.8137112 0.099536076
2.5174327 0.05489955
2.550712 0.06729027
3.6005616 0.06968431
2.8812733 0.085496925
1.6960728 0.0742886
2.0157666 0.08618507
3.2149606 0.07583542
3.16503 0.090551004
2.634927 0.11201833
2.1708865 0.042901814
3.57406 0.053311158
3.339109 0.0912671
2.2413135 0.08865937
2.938778 0.052649446
3.4193077 0.05440874
2.641149 0.10159348
2.7552178 0.039053436
3.3853962 0.053056747
2.563114 0.13994744
1.9242004 0.06515719
2.3833094 0.07828817
3.5148685 0.070102744
3.0816226 0.105333805
2.7833302 0.041760575
2.8254237 0.056897197
2.8364577 0.062362827
2.9188824 0.097272694
2.644095 0.06423032
2.87773 0.10348246
2.967209 0.05945554
2.941274 0.15539607
3.051578 0.08020286
2.8043222 0.06880649
3.0292416 0.05411495
2.8705776 0.04605733
2.7564497 0.08079978
3.211224 0.08687696
3.1302774 0.107050285
3.0785704 0.06565231
2.835245 0.1112926
2.1054125 0.070896015
2.7467706 0.1067755
3.563485 0.08328063
3.206739 0.13006756
2.8059075 0.07133376
3.0779524 0.08847515
3.630738 0.100009345
3.2192395 0.11602438
2.6978335 0.10479421
3.2061393 0.06683139
2.9074454 0.039132603
3.1634302 0.060586456
2.874447 0.05876855
3.0492263 0.035541303
3.211129 0.039354887
2.7951803 0.10130966
2.7543073 0.12812442
3.5021737 0.045516655
3.5210457 0.1051457
2.2064023 0.079964034
2.0875826 0.08636868
2.2567334 0.10938904
1.8540138 0.06618606
2.2072952 0.13163728
1.8063974 0.07990106
2.219843 0.0915084
1.8012145 0.11278047
2.1062646 0.1100836
2.0073926 0.11244029
2.2134995 0.14407396
1.4089582 0.06785389
2.3069253 0.071947135
1.6901995 0.07748203
2.7668462 0.07410383
2.0896754 0.08950103
3.5225627 0.11408499
3.4176643 0.10215763
2.195394 0.10256173
1.8304065 0.080380514
3.2755942 0.06160652
2.8493688 0.17233884
2.6675823 0.058916997
2.0217118 0.031365704
3.5905087 0.070756234
3.55417 0.059387937
2.3104413 0.17062376
1.7968462 0.06599328
3.0943522 0.07330272
3.1539576 0.07715976
2.6930056 0.08392558
1.9754419 0.09907493
3.6063437 0.10796551
3.47403 0.047774654
2.1390133 0.061781034
1.6961725 0.18967935
3.4136448 0.1754966
2.9126058 0.10306636
1.7761997 0.052298617
1.7406784 0.061636522
1.7075367 0.07324662
1.8657806 0.08465669
2.1251528 0.08543146
2.002809 0.0596157
1.9501444 0.10154098
1.2102085 0.094421305
2.2174582 0.13293336
2.0328803 0.1126893
1.7038691 0.057976224
1.2585115 0.052880563
2.2747056 0.09574609
1.7139595 0.05517053
1.8673885 0.071271576
1.9417865 0.08339298
2.1033983 0.06232133
2.9629688 0.07274968
2.87529 0.091633886
3.4724205 0.07685854
1.7727112 0.09448327
2.1330621 0.07403501
3.2204082 0.055158146
2.131401 0.06918014
2.447506 0.07670441
3.0276237 0.1290661
2.2846892 0.113136895
1.6676254 0.05463426
2.0083427 0.094115324
3.1616735 0.07503234
1.2793103 0.071899466
1.7821562 0.05712914
1.6213655 0.10015301
1.9908597 0.061487835
1.8296349 0.07253634
1.866716 0.052471858
1.7210782 0.08981215
2.1846437 0.083629355
1.8127521 0.083989315
2.1622317 0.11065238
2.0532978 0.1233961
1.7251737 0.05002043
1.7635463 0.08757202
1.9990733 0.072212
0.95903045 0.0505497
2.2163286 0.14409353
1.3732417 0.09166704
2.0660033 0.10715728
2.020412 0.12188178
2.145166 0.12456289
1.8622364 0.09296068
2.3595662 0.091713384
1.8476435 0.071981385
2.7414148 0.047565117
1.8335905 0.061806906
1.3450342 0.053795837
1.8238447 0.0709563
2.3275058 0.121301025
2.2086725 0.13179521
2.2215445 0.1246266
1.8987043 0.090534054
2.8225272 0.05307102
1.6184746 0.08346322
1.9380716 0.04587168
1.6616176 0.08836196
2.7066875 0.06150666
2.2172894 0.059831385
1.5248463 0.05656424
2.0496082 0.05749085
1.8983244 0.07292465
2.2442298 0.09102234
1.6217874 0.122023545
1.6137596 0.093939856
1.4375913 0.12836073
2.2452426 0.094722845
1.8261712 0.07595031
1.9252567 0.06994557
1.2159264 0.058625124
2.2308908 0.051275257
2.1385088 0.09113996
1.8245693 0.06614507
1.9189667 0.0939701
2.8378491 0.078019455
2.8052602 0.056654945
1.9482 0.053900924
2.3313785 0.06454269
3.5466266 0.082193546
2.9814095 0.048549015
1.70769 0.064880945
1.8361288 0.08845987
3.187473 0.088393845
2.5415556 0.12025987
2.1410203 0.09800488
2.2278292 0.06734815
3.727372 0.07542433
3.4194102 0.05856572
1.8745311 0.06757409
1.4874536 0.070052125
3.4277413 0.13247997
3.2274747 0.08843299
0.7581532 0.110770226
2.1349137 0.082435355
2.0704732 0.07929282
2.2878323 0.064578354
2.1945255 0.11821795
2.0167892 0.07785777
1.9977367 0.06808932
2.270865 0.09585809
1.060391 0.08114138
1.2853811 0.05738926
2.1164904 0.10744726
2.1972103 0.07508396
1.854003 0.047985014
2.1069877 0.07756452
1.0239131 0.09344002
2.6291046 0.05575285
3.039557 0.15494956
2.6378284 0.06904577
2.1557271 0.104876764
2.0635529 0.09617965
2.6388066 0.059749976
2.8773298 0.087320864
1.2965224 0.08159374
2.947632 0.1657357
2.1884077 0.058741283
2.814096 0.119248435
2.0597012 0.03975414
1.7519611 0.081337236
1.9168079 0.07144764
2.6775362 0.075457126
1.8625202 0.06386657
2.38356 0.047499847
2.0285342 0.092480384
2.5521278 0.08165912
0.7984766 0.06180669
1.9454702 0.0771463
1.759689 0.06861096
2.475173 0.09620877
1.8212057 0.11628233
2.2132063 0.15471435
1.9557663 0.07203153
2.1642408 0.068840496
1.5832598 0.051025156
2.1514595 0.031290904
1.8499085 0.09421021
2.1934268 0.12038749
1.8187201 0.0660209
2.3652387 0.12062008
1.1993719 0.10001385
1.9633644 0.06008893
1.7092297 0.060727645
2.7122579 0.07124061
1.8900497 0.09887224
2.1733675 0.090443015
2.1310136 0.058227256
2.7746685 0.053633943
1.9642149 0.12894005
1.9491708 0.092555344
2.1055322 0.08447159
1.8935581 0.049802884
2.1495435 0.07910103
1.6653067 0.08947723
1.8468761 0.0836452
2.1838706 0.097114615
1.3574384 0.053521927
2.5909462 0.08606353
1.78086 0.0634904
1.833695 0.068369195
2.063912 0.058844075
1.5339844 0.08556753
2.4829469 0.06954342
1.4193231 0.080597974
2.0501554 0.07001728
1.7627995 0.110309556
1.7150078 0.120139375
1.7643507 0.05646464
2.1956432 0.0956573
2.2171774 0.080254465
3.5094585 0.09572633
3.2581334 0.07234348
1.8992504 0.13251446
1.8597542 0.038325038
2.8497987 0.075800695
3.1119754 0.043951984
2.008387 0.06676436
1.8397846 0.060110975
3.2328224 0.059900023
3.492597 0.08848886
2.3478866 0.13936578
1.851743 0.10009692
3.260762 0.068378314
3.183933 0.05176777
2.0874076 0.064074114
1.8656237 0.07185059
2.9185796 0.09204106
3.2566936 0.14120552
1.2729537 0.0574489
1.7616316 0.12832136
3.3461406 0.110159956
3.5006657 0.07145024
1.877606 0.08005389
0.9895071 0.08959382
1.9289415 0.11149266
0.8373667 0.073192045
2.3217158 0.09690549
0.9699682 0.09058632
2.7216702 0.056286585
1.4349151 0.119357936
2.0619187 0.07650907
0.9819353 0.08473176
3.3781674 0.07530853
2.0534995 0.09399156
1.6765095 0.07029974
3.017737 0.053782728
1.9983667 0.107386515
2.3387907 0.09448618
1.8081706 0.10090562
2.8012037 0.100020505
1.7748016 0.12077622
1.7807747 0.116554186
1.3086579 0.08384596
2.0863318 0.065255046
1.0996783 0.07432183
2.159582 0.105782636
2.8446224 0.13693614
1.9108751 0.06129787
1.8514633 0.05858292
2.9419513 0.088462666
1.7983408 0.06087425
1.836017 0.07839862
1.7754803 0.08338271
1.8138174 0.068477616
1.7657601 0.06576159
2.5586934 0.10607618
1.8453629 0.07200986
1.7060379 0.07579808
1.7938614 0.07832568
2.3303983 0.05950274
1.7305273 0.06603398
2.194017 0.15256688
1.739928 0.06899187
2.026332 0.095510736
2.2573369 0.11226941
1.8175919 0.055923272
2.4697125 0.16165188
1.8794543 0.06572361
2.2146702 0.087916814
1.5587611 0.08159615
1.9059658 0.06424142
2.2306063 0.09266515
1.8296063 0.061691426
2.9025633 0.07864493
1.7902693 0.092499584
1.8604782 0.14250791
1.880559 0.039616268
1.6271124 0.07491576
2.1768217 0.14286202
1.2983005 0.09301783
1.2387002 0.08462513
0.78213686 0.084940694
1.7759708 0.0783753
1.7285439 0.10807438
3.1445727 0.11107207
2.8385603 0.11012162
1.6432415 0.08903436
2.7915745 0.14572267
2.0863266 0.07156657
1.6441889 0.044198405
3.1317248 0.10617876
1.9428434 0.1309104
1.6546972 0.0892382
2.5258737 0.08959809
1.9539928 0.088637136
3.1426609 0.08013975
3.0932548 0.0944899
1.7096134 0.121549904
1.734176 0.09703072
3.5245738 0.11448767
2.8701882 0.0826817
1.5380449 0.07397369
1.615477 0.09112758
2.8076043 0.05582988
2.022472 0.057535082
1.0662953 0.07936093
1.9345602 0.06174654
2.2225318 0.07369296
2.1426828 0.08026774
2.650657 0.08066332
3.7391415 0.039959285
1.3802252 0.087516345
1.5757855 0.123925015
2.5272138 0.09091753
2.6271968 0.06159021
2.2123742 0.088268735
2.160665 0.07094426
2.7039335 0.074496746
2.7702885 0.08014828
0.7914761 0.050107032
2.2643116 0.071404964
2.250186 0.08730632
2.7476714 0.08370714
2.0754852 0.081387736
2.6541448 0.076858826
1.5019126 0.08142216
1.7068459 0.09035008
2.201035 0.09859419
2.7539506 0.18628326
1.3494717 0.101384126
1.6357613 0.07003648
1.1505681 0.1168279
2.20539 0.084137954
1.0482398 0.09770445
1.511378 0.08436398
1.0887787 0.063715875
2.1652846 0.057761513
1.1803886 0.08385964
2.381264 0.039503165
0.84861815 0.11321145
1.3250659 0.0998504
1.9313387 0.085383944
2.2122216 0.087206766
1.1618816 0.09202763
2.088645 0.08407867
1.3699793 0.058164805
2.9949102 0.0880048
0.8949727 0.059557136
1.6831814 0.079330504
1.146604 0.097509146
2.1690824 0.092102125
1.3982146 0.06774991
2.4797597 0.05075597
1.4002316 0.09037993
1.3527424 0.06719822
1.5205777 0.0796355
1.5646229 0.1021426
2.407548 0.11124741
1.6279087 0.07141805
1.3051299 0.05992768
2.2201562 0.06071316
1.977607 0.076411165
1.9600633 0.08517711
1.7862971 0.07823086
2.256028 0.08441995
2.1659427 0.079431355
3.5799232 0.06666438
3.0183117 0.10688899
1.8698084 0.07242549
1.7537479 0.06779427
3.2986069 0.05763774
2.7614512 0.102078505
2.1435034 0.104495764
2.1284626 0.08854614
3.461965 0.055197604
3.0462134 0.08246067
1.7832245 0.0965754
1.7185152 0.081800535
3.4262671 0.0801541
3.4671948 0.07349335
1.8147739 0.06342678
1.8193743 0.072280504
3.3935268 0.10460483
3.4777234 0.07329132
1.7355051 0.042838085
2.1429896 0.060113516
3.646892 0.10669011
3.0138326 0.07504699
2.277882 0.063883
2.0304468 0.06414283
1.061873 0.09138974
2.1833777 0.10560489
1.8985903 0.09251145
2.4322648 0.06584167
2.1465585 0.057953097
2.881616 0.091367185
0.7578478 0.08462827
1.4394671 0.1306514
2.1494381 0.09396761
2.6885767 0.09262349
2.2505827 0.08745266
2.1452594 0.070694715
2.853581 0.11140486
3.240366 0.07713662
1.1607666 0.1020686
1.6481737 0.11252627
2.0189872 0.07155971
2.8466516 0.077465676
2.0383391 0.049855202
2.1702647 0.0561346
3.0029585 0.111829735
2.7375164 0.106218055
0.7417618 0.120319396
1.6120049 0.1327055
2.1798837 0.07968167
3.015551 0.06870873
1.6624124 0.14599721
1.7429549 0.060779538
1.1881876 0.04236077
1.5218151 0.08536589
1.3239549 0.092158936
1.5955567 0.092729494
1.8990324 0.08542933
1.8246167 0.072637916
0.9121281 0.1649126
1.480192 0.0939399
1.841039 0.13171168
2.401072 0.04549645
1.2475116 0.090383925
2.2433076 0.1092902
1.8450553 0.116053306
2.4366422 0.09544675
0.79502255 0.05311807
1.3187844 0.11081292
1.6376537 0.061274163
2.210842 0.09516144
1.6737134 0.12214717
1.9215727 0.06923772
1.363828 0.10607703
1.2238333 0.07367178
1.4642074 0.08479066
1.5147293 0.13988444
2.326715 0.067761265
1.9865853 0.049321853
1.6348622 0.10971423
1.7332443 0.04456036
1.7734165 0.06331588
2.035935 0.069082834
2.198548 0.07292272
3.5776596 0.07246991
3.5443566 0.04829827
1.6151377 0.18871452
1.9653423 0.093306996
2.886117 0.06508813
3.0118754 0.037788965
2.6126053 0.052521233
2.1067903 0.06400177
3.4301903 0.047260243
2.9686427 0.094961286
1.6190069 0.06397631
1.743817 0.05189693
3.4485373 0.08330888
3.4504173 0.096066974
2.343431 0.07512604
2.099772 0.08744196
3.2381196 0.0840317
1.4074417 0.065587334
2.3224463 0.12195266
3.2218468 0.091441184
3.6135876 0.0834402
2.092381 0.07066826
2.8743534 0.053477194
2.452856 0.04960188
2.0461557 0.06508509
2.8797193 0.05762844
2.7733383 0.08706569
1.2000787 0.07870311
2.079113 0.13120186
1.9101292 0.09121866
2.7778137 0.074046664
1.9917018 0.078202456
2.4362001 0.10862656
2.7392316 0.05937396
3.8538952 0.07795641
2.6615696 0.06967473
2.7706056 0.061953604
2.1937282 0.068273745
2.7961435 0.05087598
3.093032 0.09337841
2.8250701 0.07267329
1.9556391 0.03531905
2.9803882 0.088364206
2.7684278 0.081531264
3.4020507 0.08010474
2.030218 0.10032389
2.1221154 0.14031892
2.1659672 0.087860964
2.0657315 0.0602862
1.9706341 0.054804977
2.0581315 0.10020883
1.5217978 0.08788578
1.9506012 0.05973623
1.7155701 0.05584505
2.7678876 0.069906436
2.059506 0.09689749
2.180544 0.11344163
1.8831221 0.06339435
2.816519 0.057872366
1.0397578 0.07545959
1.849083 0.061601724
2.2029965 0.058854226
2.2973485 0.15184672
1.9984146 0.104362614
2.15694 0.066241816
1.8488693 0.098724514
2.11037 0.09422005
1.6303864 0.06738874
2.0272746 0.10232479
2.095121 0.049503453
2.6753535 0.07050506
2.1721404 0.058588944
2.1173365 0.08184237
2.285655 0.07037504
1.955652 0.10049828
3.0599144 0.10651943
3.5435262 0.08669795
1.9609096 0.120294
1.680435 0.09113983
2.8161383 0.083838396
2.9629774 0.04528506
2.0221634 0.06980997
1.8470253 0.057561327
3.6852462 0.086190134
3.5374248 0.09737764
2.6213918 0.06593845
1.8851904 0.052298747
3.5381446 0.038225688
3.4008033 0.040816303
2.4113917 0.051419146
2.2022173 0.05141104
2.8483443 0.06732624
3.6295037 0.08131508
2.7571614 0.07109494
2.4688535 0.049063154
3.201379 0.058586452
3.2244961 0.04226789
1.778981 0.12785359
2.1221986 0.14652967
3.0470035 0.107508324
3.0381753 0.112696595
1.7002071 0.04693969
1.6868179 0.12888554
2.9785635 0.07309755
3.1449797 0.029929567
2.1851928 0.04906327
2.2550797 0.058501914
2.8265517 0.05789335
2.959699 0.071419664
1.3526733 0.09216532
2.1055007 0.084439635
2.9334075 0.052889705
3.5499382 0.14528942
2.5246263 0.045961417
2.1008 0.07250006
2.7706022 0.063839145
2.182385 0.08546229
1.8856437 0.11654173
2.8623476 0.08909365
3.0031035 0.066487476
1.5036566 0.056854047
1.9135334 0.10741656
1.9799114 0.10318837
2.4614754 0.12956075
0.8819415 0.07973216
1.7172779 0.06502481
1.8403428 0.06624094
2.8606868 0.10580204
1.9963166 0.073794916
1.8414986 0.06050768
2.1397114 0.08637479
2.5067346 0.054242015
1.1194159 0.070617914
1.688379 0.08777416
2.1222491 0.082857214
2.4585812 0.063603766
1.9847958 0.0747823
2.3603742 0.068836994
1.7342427 0.0586976
1.804129 0.057720825
2.1075597 0.060407978
2.0108204 0.055193648
2.6622322 0.055677075
2.086332 0.069121994
2.0278072 0.064805456
3.4608994 0.0813762
3.3239563 0.08677903
1.8599621 0.08520227
1.8524297 0.07065596
3.1561522 0.08989142
2.9559517 0.045686297
2.3182278 0.06421911
1.8535709 0.09126356
3.5312028 0.07047458
3.530564 0.09672233
1.7285454 0.035210617
1.9669597 0.099112794
3.529757 0.06111632
3.5738735 0.135591
2.7421432 0.051085524
2.2071636 0.06094188
3.0830383 0.09216799
3.3403885 0.08767183
1.7806461 0.09185699
1.926172 0.1338694
3.2790227 0.04220782
3.4257152 0.045046933
2.2844405 0.08505331
2.588288 0.07748264
0.91683406 0.10336335
1.9445384 0.09349347
2.8093088 0.047095936
2.7034984 0.055426266
2.3426802 0.07666328
1.9040966 0.039492592
2.9106736 0.084390186
3.4556484 0.07252961
1.6529455 0.095516205
2.7686346 0.10726923
1.9191135 0.0969127
2.6763046 0.05399888
2.215054 0.034606814
2.0529516 0.06593387
2.931567 0.105735034
1.7836221 0.065727405
1.8686072 0.07207569
2.3851578 0.05821212
2.9809139 0.087644964
2.037984 0.045964714
2.739258 0.06729426
1.2138302 0.037588846
1.9939384 0.07322678
2.0207596 0.04873287
2.838572 0.069747746
2.2861166 0.1173132
2.1974373 0.15270062
2.024082 0.06741851
2.6723638 0.048746433
1.8935314 0.067004636
2.0132108 0.09789368
2.4971404 0.09487962
1.885953 0.05696162
2.1069374 0.06172119
1.595871 0.077182576
1.8773466 0.11301095
2.164462 0.07047201
1.9737269 0.075964674
2.706044 0.06084139
3.35344 0.13036437
3.3219047 0.117485166
1.607548 0.115621746
1.8341682 0.050800014
3.0177505 0.08059059
2.8952804 0.038493484
2.0705452 0.05903727
1.9194874 0.095053755
3.591549 0.10168829
3.580656 0.102591485
2.410585 0.114930995
1.834651 0.08747296
3.4831066 0.10976831
3.2752717 0.052794717
2.0445209 0.101307206
2.1657076 0.045409128
3.2711353 0.13389428
3.0698574 0.15246542
1.7012367 0.07048432
1.6719284 0.095439695
3.2789078 0.07289025
3.3286316 0.10756309
2.2636342 0.09616275
2.4634078 0.17367879
3.6777565 0.09450652
3.595244 0.07417766
3.0887465 0.1253162
2.6757798 0.09247854
3.5668042 0.078660466
3.4178226 0.07547236
2.1599913 0.08122493
2.561611 0.09549876
3.4305115 0.13737917
3.1561277 0.07718877
3.4175045 0.14010264
3.4601178 0.06267041
2.4295673 0.12616542
3.3218408 0.11932531
3.2179554 0.08186357
3.0552166 0.06422476
3.5649104 0.084622495
3.4500346 0.110155195
2.8044899 0.076915346
3.0240939 0.058799077
3.73703 0.049840212
3.4768155 0.07762281
3.046991 0.073276214
3.0880463 0.084892124
3.7816434 0.08028176
3.811089 0.06782478
3.5930462 0.09016439
3.142323 0.09593248
3.538432 0.10818696
3.086776 0.09372692
3.3121502 0.12360984
3.3953547 0.10594589
3.269518 0.09920174
3.6801991 0.096332975
3.6684937 0.07589788
3.6377826 0.07316776
2.2866046 0.14986108
2.065743 0.09464403
3.6094842 0.09629272
3.4104774 0.092191465
2.7176623 0.18752034
1.8947678 0.06526178
3.4927306 0.085444756
3.4851432 0.08828089
1.8798771 0.059905816
3.2835197 0.08728919
3.1771805 0.058854453
2.7249813 0.12200347
2.0369782 0.07739105
3.5823731 0.11171743
2.654199 0.063432544
1.5839219 0.123278454
3.3598359 0.116325215
3.4204903 0.08312086
2.2741272 0.07839235
2.13845 0.109522946
2.4374619 0.07503411
1.6858686 0.084387094
2.6822379 0.14362891
1.5667362 0.09328368
1.1903083 0.059693485
1.5447026 0.12312144
1.973985 0.080586344
1.4564239 0.052109294
2.9475431 0.08584093
1.1848652 0.059863828
2.8231564 0.110076606
1.7095835 0.10809006
1.3319925 0.13042909
2.3503895 0.08923421
2.1330857 0.07341357
1.8321018 0.07431042
2.2439294 0.11454598
1.7289509 0.091132194
1.7853966 0.058143806
1.9641676 0.09405917
2.3268762 0.13407096
1.410366 0.08936454
1.7963164 0.092484005
2.2052622 0.10666906
1.8131692 0.06303838
2.3284037 0.155087
2.1351752 0.084323555
2.244434 0.06455116
1.7538068 0.053715117
1.7432249 0.094788045
1.6129863 0.113809034
2.3879433 0.18042263
2.8208253 0.14906214
2.0109642 0.068774074
2.0531518 0.05654244
1.5391495 0.06403691
3.1295583 0.08991955
2.1437984 0.11903685
1.5003054 0.092773475
2.6131759 0.09469862
1.978122 0.050589446
2.7341824 0.04752558
1.5655825 0.06809087
3.2721035 0.086699866
3.1042647 0.097016305
1.8073282 0.054459296
1.4170617 0.09755189
3.4485703 0.066862874
2.721014 0.15454727
2.8804104 0.073313326
2.693099 0.06352045
3.5783215 0.055534594
3.2564178 0.1171392
1.7577922 0.11352329
1.8113749 0.11687362
2.9733787 0.056238476
2.9802597 0.10922715
2.7702115 0.10974919
3.0388262 0.10087695
3.345344 0.06959971
3.819528 0.0735437
2.181417 0.12482187
2.731603 0.07345244
3.5028787 0.086407304
3.7302005 0.09346244
3.0548825 0.078253716
3.037426 0.059662342
3.6352143 0.06943351
3.4356678 0.14771423
3.4911816 0.04111226
3.077827 0.09405917
3.277162 0.13523488
2.9179852 0.088000104
2.9636445 0.075689666
3.4176605 0.0858405
2.6315708 0.11086456
3.1018872 0.05185819
3.4706407 0.06537016
3.3608654 0.12225393
2.83822 0.08005812
1.8482155 0.048938468
3.6174903 0.064391986
3.5792556 0.086374626
2.3099363 0.06543617
3.1344552 0.08855546
3.6120915 0.094472736
2.7995133 0.081612416
2.4186993 0.05232768
3.6754737 0.05824382
3.608678 0.05801663
2.6218061 0.11689377
2.107995 0.1626371
3.5233517 0.15164317
3.4900506 0.11349087
2.8512664 0.055353936
3.599628 0.074361436
1.8709406 0.09294827
2.6830955 0.0735898
3.5286942 0.14544418
2.4729438 0.06049133
2.212847 0.078665726
2.7602208 0.06601141
2.073728 0.08579311
2.708835 0.090058
2.825822 0.072812706
3.2908275 0.13864228
1.9391899 0.05390351
2.7263026 0.06140688
1.987087 0.06465834
2.1061249 0.08243765
2.1506271 0.096840814
2.0015955 0.06352603
2.4092946 0.075088985
2.0653644 0.04415981
2.674853 0.04814478
2.111379 0.07791384
2.1554801 0.07540906
1.8547319 0.06951019
2.6196797 0.05015096
3.6916633 0.07170349
3.0558898 0.05366715
2.6055098 0.13245024
1.8800142 0.103505015
2.608275 0.109725036
2.9396343 0.056511827
2.4914505 0.04519076
2.2755418 0.077502
3.2352347 0.14421874
3.440165 0.106955945
1.9592947 0.11497819
2.1702232 0.042529963
3.23134 0.10260082
2.9363346 0.0655105
2.6257372 0.059657555
3.6680572 0.097605765
3.4582946 0.059465554
3.2775636 0.07953126
3.3357015 0.09833731
3.0634282 0.14408958
3.4808612 0.093102664
3.0303903 0.13631828
3.460807 0.06729301
3.6745667 0.10174375
3.4604402 0.10743355
3.5665092 0.0812822
3.1415114 0.08289067
3.5388713 0.080643766
3.480968 0.10991469
3.2578454 0.06203779
2.9852138 0.086835966
3.4198048 0.15870893
3.1954243 0.10681096
3.33983 0.123624146
3.3039467 0.10168131
1.827248 0.07000218
3.6567535 0.10147473
3.8303578 0.07054734
2.8164163 0.069527455
3.0667183 0.049842354
3.7854047 0.08624127
3.6481853 0.08007391
2.7829823 0.099573605
2.1757572 0.14536536
3.680896 0.05571797
3.5653949 0.103028536
2.0653186 0.06557383
1.6648241 0.060037814
2.0559788 0.044449683
1.5764384 0.10173536
3.6895149 0.08708404
2.5726233 0.064753495
1.763388 0.09143063
1.7462244 0.05275969
2.1894288 0.12422165
1.8270767 0.057772566
1.9482524 0.06743463
1.8378003 0.07057336
2.3954453 0.094819926
1.7595594 0.07115033
1.722141 0.0698561
1.4034082 0.06765396
1.9005749 0.09493841
2.414208 0.10843737
3.0086663 0.052849967
2.663493 0.057573646
3.054138 0.073632225
3.753758 0.07470907
1.5753411 0.13519505
1.5084374 0.08541274
3.4337184 0.08053948
3.2402656 0.11541293
2.862208 0.051824044
2.6430466 0.06465148
2.1655066 0.106646076
3.774058 0.10353547
3.3601635 0.14932667
3.6924598 0.0728869
2.7921696 0.06770786
2.5276427 0.09569446
2.9442365 0.09157037
2.8045664 0.1271029
2.8154657 0.15999974
2.8844852 0.10434917
3.2332077 0.06926941
2.8423278 0.038640175
1.8625209 0.084394015
3.4566848 0.10587968
1.997761 0.09937408
1.0444491 0.13310668
3.410963 0.07052434
3.36829 0.07099187
3.0088937 0.05749495
3.159929 0.07518564
2.6398296 0.076039776
2.7984822 0.074909344
3.4293838 0.11389742
3.2165084 0.08505133
2.720409 0.1378698
2.5873265 0.11027003
1.7725779 0.042844124
2.6861203 0.043111306
2.3395734 0.053389892
2.8177614 0.05985873
3.5478177 0.114892714
3.6191018 0.07502522
2.2428694 0.12534851
1.6402771 0.12581715
3.364966 0.10551651
3.2966034 0.10721853
2.9485412 0.061189614
2.5286994 0.05686191
3.7461438 0.06699655
3.4398994 0.086564384
3.79711 0.05300735
1.8797195 0.11277427
3.77417 0.056216456
3.6383862 0.1309989
2.582767 0.12893906
2.9229817 0.12681098
1.9011958 0.05935198
3.037746 0.12661096
3.305682 0.16531835
2.9761322 0.123529784
0.7295872 0.090835385
0.68560463 0.097765744
0.5560689 0.061592694
0.49717045 0.071655944
0.40743202 0.04861189
0.5593684 0.08259193
0.7037576 0.11695341
1.0320693 0.07967603
0.56345946 0.07516582
1.249696 0.070390925
1.3962785 0.06440745
1.3618629 0.060402
1.4025185 0.065278664
1.4083157 0.08270569
1.4350907 0.12255879
0.7476193 0.067438245
0.49943408 0.0697735
0.345571 0.068205364
0.31998172 0.05026742
0.3862634 0.057303656
0.3427407 0.081283815
0.78548026 0.04449096
1.081838 0.05619034
0.77870893 0.105776146
1.5057293 0.11552686
1.1916267 0.17240448
1.3394854 0.08391796
0.7859154 0.07122791
1.1761541 0.13928379
1.2399099 0.102698736
1.2505748 0.16530856
1.1844194 0.10002036
1.1775924 0.12604554
0.8624913 0.0927451
0.7477416 0.06358494
0.5395158 0.109621346
0.47320995 0.089967504
0.7942797 0.075486206
0.5987341 0.09123834
0.394526 0.107520826
1.0617721 0.12963639
0.8627046 0.052182037
0.87878263 0.050818745
0.26796678 0.038963016
0.5414113 0.107411616
0.3643772 0.09163445
0.81059325 0.033852354
0.92526376 0.04584958
0.8568773 0.0447583
1.06941 0.061230652
0.838025 0.04395624
1.1943071 0.08711507
0.3992086 0.1314871
0.4988993 0.05739303
0.50916445 0.084223896
0.9981227 0.053383928
0.87929595 0.038773768
1.0583184 0.069616735
0.95066434 0.06689205
1.0319226 0.093212016
1.0874493 0.064170584
0.6376028 0.048835248
0.69882894 0.06589327
1.0361346 0.07153544
1.1083937 0.044157326
1.1301998 0.048095148
1.2759941 0.10094382
1.3068002 0.1075811
1.3082236 0.052286502
1.2836717 0.09088077
0.90495384 0.1257898
1.1477045 0.1419068
1.321917 0.075736225
1.2929274 0.13292088
1.7394358 0.07693936
0.36559623 0.039656557
0.6096306 0.11629418
0.69803905 0.07260517
0.6386825 0.10014086
0.21169472 0.029520651
0.30701676 0.081202224
0.44236207 0.03870045
0.6016035 0.11907843
1.1304214 0.077878475
0.36892968 0.14435045
1.2115138 0.104560845
0.6055686 0.10606535
0.697705 0.14197496
1.0116718 0.120868124
1.7360777 0.09053712
0.576364 0.15895472
1.4577872 0.09678108
1.1787648 0.15420197
1.5038941 0.08490092
0.4874397 0.13010588
1.2626889 0.07834345
1.2824465 0.08945925
0.7278087 0.071930975
1.388774 0.08602431
1.4147125 0.06933804
1.7189869 0.08468232
0.6697978 0.1293197
1.4862227 0.11169832
1.1222613 0.12799403
1.4479563 0.14174058
0.6755802 0.14270586
1.7576015 0.08103828
0.5748081 0.08834529
0.6644723 0.09793427
0.56343544 0.06685145
0.38232154 0.056598045
0.5284604 0.06170656
0.40728632 0.06400289
0.57758075 0.06045799
0.5963162 0.05358329
0.42598027 0.042342722
0.39176464 0.04063509
0.43451253 0.10204179
0.44396845 0.09065563
0.44598675 0.06269464
0.6681155 0.027581207
0.49128494 0.10052219
0.38493308 0.038001206
0.487525 0.0745647
0.3733767 0.026702398
0.4105528 0.06620758
0.6848623 0.062137604
0.72426665 0.06900897
0.682782 0.10058566
0.5677682 0.065160714
0.5902897 0.0974385
0.766643 0.05306255
0.5494659 0.06397609
0.4616329 0.05813459
0.4516573 0.060284775
0.43582487 0.045074023
0.71623814 0.14457536
0.40434426 0.05751966
0.5313413 0.060527887
0.54782164 0.060792215
0.62717193 0.0974008
0.33014575 0.034302425
0.44358554 0.085670896
0.48429513 0.04938891
0.34576806 0.04240776
0.4930326 0.063373536
0.43930846 0.067317836
0.38773674 0.0377134
0.56617314 0.078550175
0.5629483 0.05880204
0.7393521 0.05802144
0.83494234 0.07702048
0.7289485 0.05557559
0.59993637 0.105812386
0.79092324 0.06553913
0.5058573 0.056849897
0.38989776 0.04447223
0.49315935 0.07618291
0.40290958 0.053588875
0.7124335 0.08591596
0.5988313 0.088489994
0.6603728 0.06097011
0.40462726 0.040733665
0.6195355 0.09587752
0.40596431 0.074186735
0.4436229 0.07571205
0.604267 0.04290752
0.40243173 0.04860044
0.3777955 0.055657387
0.4567027 0.08492169
0.48531294 0.07109374
0.6254217 0.06869017
0.8241703 0.05229496
0.7279662 0.053529043
1.0890143 0.059494425
0.6379257 0.07717527
0.62635005 0.05545004
0.7569298 0.06863521
0.60015553 0.034970224
0.50987023 0.06398006
0.5752849 0.06785343
0.50265676 0.08694111
0.9692876 0.07263642
0.65857524 0.0406457
0.58158153 0.09647642
0.4990487 0.039519217
0.58066213 0.043572888
0.46463785 0.07765237
0.5035661 0.06318614
0.64853513 0.07233156
0.5419792 0.05222909
0.44662142 0.062603995
0.4953193 0.06646085
0.51081383 0.04324173
0.4070511 0.06387019
0.7328777 0.059293184
0.74389106 0.065624915
1.2543036 0.05601235
0.5973395 0.07276743
0.6627498 0.08430022
0.67692983 0.056235835
0.4763484 0.054261938
0.39108768 0.04404178
0.58067 0.06377758
0.5829091 0.085098885
0.5553435 0.06019606
0.5339621 0.0805636
0.48245898 0.060281903
0.4545594 0.037479177
0.62205505 0.0788508
0.4475194 0.06574721
0.4302265 0.06724941
0.6790676 0.048678234
0.36319065 0.0527253
0.3329703 0.035874743
0.59831244 0.088845104
0.5627367 0.043613866
0.42794746 0.05191652
0.6801058 0.049272746
0.7226735 0.059680156
0.56529874 0.0657601
0.6979188 0.07721718
0.5873231 0.09147064
0.5748736 0.09768457
0.5414817 0.07475382
0.38414475 0.049502254
0.49371177 0.07096703
0.37027928 0.032394025
0.59306663 0.10740061
0.46339187 0.08974452
0.5425292 0.084126756
0.3753552 0.024646414
0.5637707 0.1043702
0.38590378 0.06636768
0.45829377 0.07770054
0.53147715 0.089148134
0.34238642 0.047245417
0.3747841 0.047499016
0.48529372 0.08122661
0.40242606 0.03238354
0.3950696 0.031661943
0.4873806 0.05800761
0.74912715 0.059530146
0.83358395 0.049921818
0.67195266 0.07263393
0.728967 0.09230324
0.5380318 0.085040234
0.41092435 0.045846526
0.48347697 0.06564211
0.5878583 0.053551614
0.58188 0.08145601
0.7023643 0.041131835
0.5662619 0.08748131
0.43966943 0.08486038
0.44245023 0.07295729
0.5174061 0.057143915
0.5331358 0.09460801
0.42612085 0.062174685
0.40294805 0.032396886
2.0677025 0.1435411
0.6689977 0.08877374
0.45085788 0.06281507
0.636921 0.049826544
0.46542096 0.072743505
0.39138526 0.062207922
0.6044149 0.06852061
0.46736822 0.062424943
0.634745 0.078621134
0.5446754 0.05555883
0.5058199 0.059273638
0.42728138 0.020606022
0.43947428 0.10380975
0.4668637 0.09617543
0.43209165 0.06572199
0.6928545 0.07891238
0.4384598 0.08643633
0.41561118 0.09354928
0.48907652 0.0891285
0.5349604 0.035971295
0.52114 0.041932803
0.65863836 0.06817588
0.72311157 0.054753453
0.58668107 0.07603842
0.44649807 0.0642443
0.5550113 0.072452575
0.59447265 0.08501985
0.5833809 0.04727306
0.41791576 0.071828574
0.483185 0.07260767
0.3636245 0.024142489
0.5989231 0.09776023
0.6112117 0.090255976
0.58620465 0.07500556
0.5005721 0.027996622
0.5353985 0.08968635
0.3686316 0.08906919
0.4523686 0.07161213
0.45347318 0.058592584
0.3540643 0.04489154
0.37749082 0.036156025
0.4967423 0.086825244
0.4015096 0.0267078
0.42620492 0.02997065
0.46265116 0.041066974
0.8316711 0.064277194
1.1073954 0.05739634
0.6561687 0.06614794
0.4485597 0.07815265
0.92477477 0.04245929
0.5861695 0.060079087
0.46004176 0.071759276
0.6130217 0.07360814
0.5193316 0.042652972
0.65327823 0.059466887
0.56942564 0.07273677
0.6100458 0.06299185
0.54069054 0.044343743
0.5335698 0.09199761
0.4222773 0.06148024
0.4036575 0.06607656
0.63084626 0.05225927
0.41974297 0.06138941
0.41660857 0.039375897
0.6047572 0.09693675
0.39096943 0.028707096
0.64302826 0.052920524
0.6980737 0.039198834
0.70261127 0.059935473
0.67169046 0.07505166
0.6241378 0.052383903
0.48134932 0.11823392
0.5539979 0.090233155
0.40361375 0.03896737
0.51666427 0.057223823
0.45833603 0.0655564
0.6330379 0.080397174
0.44827056 0.08994026
0.50455856 0.070945345
0.40066043 0.045561623
0.5750817 0.09161252
0.45683828 0.090957195
0.468915 0.10201744
0.5225155 0.05751053
0.4354477 0.039167326
0.4962042 0.09169836
0.61860526 0.062133834
0.51054746 0.06368699
1.013544 0.066705495
0.8336047 0.053501792
0.45800614 0.03825479
0.6123116 0.05623322
0.8733347 0.05381846
0.6181151 0.074288025
0.52521557 0.07792676
0.51531464 0.07333466
0.5046716 0.07072807
0.7188931 0.0676895
0.42381984 0.07760044
0.6139533 0.044928182
0.5863665 0.04977212
0.5733118 0.077131055
0.39430135 0.044755265
0.42448062 0.06038151
0.6157354 0.0746434
0.42993182 0.0661462
0.5089656 0.02995243
0.48581085 0.06478066
0.50068665 0.027840178
0.5288938 0.06577422
0.7271255 0.04630634
0.6833045 0.060680196
1.0025045 0.11713639
0.5481326 0.070171855
0.62754333 0.06833926
0.7132328 0.07896343
0.5129391 0.05814523
0.43874493 0.067191675
0.5920843 0.11473009
0.49944004 0.064153865
0.5623332 0.06276953
0.39465928 0.049366243
0.51971465 0.061259132
0.5337752 0.045706503
0.6053079 0.08434124
0.42590266 0.057017613
0.42154536 0.05527391
0.58898306 0.09183248
0.44678918 0.060677476
0.43345386 0.060958635
0.51166123 0.08686634
0.51113546 0.033661585
0.41713777 0.0635115
0.49724922 0.041439634
0.7757852 0.05680576
0.8638066 0.044823
0.53733015 0.07320093
0.5887454 0.05366802
0.6366251 0.13926879
0.46482617 0.054247193
0.42205444 0.064266115
0.50500685 0.06753584
0.40984955 0.068816654
0.6295656 0.05523847
0.56335366 0.0492416
0.6061348 0.06812588
0.37196976 0.026667468
0.5352621 0.09790934
0.44535342 0.089465775
0.45012778 0.06517095
0.50952846 0.0507411
0.3503375 0.03756276
0.35475612 0.03623532
0.49071652 0.07301098
0.4356205 0.070788175
0.41163024 0.042069197
0.4546206 0.058246724
0.7702477 0.0467684
0.7160809 0.063599095
0.6482804 0.092600785
0.57074654 0.063244164
0.45940262 0.06519973
0.40676245 0.032539006
0.48565465 0.0639275
0.5025827 0.050067652
0.43652028 0.0796618
0.6333916 0.062765814
0.5564072 0.08786987
0.42559725 0.09577615
0.45463595 0.07358323
0.476228 0.08739253
0.5210291 0.10460262
0.41248074 0.043840002
0.40314445 0.027450304
1.1025146 0.063993074
0.6819797 0.07576981
0.6034283 0.07989368
0.7361667 0.06347123
0.57155436 0.0684961
0.40641063 0.05101519
0.5014237 0.06689592
0.34796992 0.033736814
0.65117157 0.0933484
0.6103866 0.0819316
0.47109747 0.061580673
0.47330707 0.09508017
0.4665503 0.049311332
0.4866987 0.09462974
0.40869927 0.042556625
0.4374608 0.072830856
1.1304611 0.06487165
0.4760994 0.07129103
0.6200128 0.08421322
0.8107195 0.08525582
0.62086457 0.045066938
0.40568978 0.03617691
0.52331096 0.06715755
0.4617942 0.047831506
0.68933696 0.051924497
0.50575453 0.058637735
0.8074471 0.09343232
0.57893753 0.07367078
0.5497512 0.089051254
0.5158073 0.07182215
0.43657833 0.06265967
0.5224043 0.04839439
0.3832838 0.07441998
0.5196343 0.05684422
0.43589354 0.08775055
0.6055517 0.050151553
0.40785307 0.04710412
0.5894733 0.09449638
0.7803713 0.0615017
1.2405696 0.24668622
0.5982627 0.10135236
0.589457 0.107555
0.5101894 0.092631474
0.49151778 0.063746154
0.35541916 0.057233136
0.5132098 0.07346405
0.42095527 0.052595153
0.52882725 0.08051749
0.59030616 0.0988626
0.49496937 0.05520045
0.40071788 0.052458346
0.5563518 0.105830014
0.38842475 0.06951465
0.44077873 0.069901906
0.6141442 0.06737827
0.41247064 0.049440958
0.45443997 0.06926027
0.48873082 0.086004764
0.53599316 0.046452086
0.3968217 0.04221315
0.43964973 0.06523852
0.59340525 0.06886216
0.77904147 0.051827427
0.596848 0.08068856
0.6805821 0.05314828
0.43025723 0.045700002
0.43510944 0.057364356
0.50500685 0.06753584
0.39486584 0.040745247
0.51280296 0.057648268
0.63750833 0.10822282
0.51465213 0.06679051
0.49333316 0.02331663
0.56620556 0.0854643
0.49213567 0.085209854
0.43669695 0.07130662
0.4575979 0.07059972
0.35483664 0.038629923
0.40808305 0.0441855
0.5205222 0.10342912
0.36178765 0.042432226
0.38875562 0.04771046
0.5886843 0.05363652
1.0928257 0.046440013
0.65208375 0.09178891
0.44902292 0.057662666
0.9411893 0.088867486
0.47387344 0.075703435
0.5885244 0.08195973
0.6035851 0.06848839
0.6404692 0.0556576
0.9364713 0.08223444
0.6073536 0.047700062
0.48714915 0.050514985
0.6252667 0.055704273
0.57646334 0.052226886
0.47447306 0.072982386
0.49268866 0.08043785
0.67315847 0.059234306
0.56993115 0.09679393
0.61766565 0.095975295
0.5901882 0.09464272
0.40108544 0.04205449
0.43132704 0.05279223
0.69336516 0.06618154
0.49451575 0.051235076
0.9218103 0.0354323
0.57006556 0.085997626
0.653876 0.09718396
0.70571756 0.08192339
0.4327065 0.061259884
0.3647049 0.038547188
0.5110787 0.076084755
0.4094264 0.0562507
0.7753687 0.058172945
0.49818093 0.07561311
0.73219955 0.07820128
0.5942787 0.037950337
0.59633136 0.103359245
0.4471399 0.08957762
0.4327733 0.06500435
0.67374766 0.069880985
0.4068336 0.055523228
0.37605524 0.03695055
0.4938291 0.07649924
0.5126377 0.039892156
0.5587249 0.10174756
0.4627739 0.061373197
0.72728753 0.08888481
0.7442891 0.06388362
0.6844083 0.077401765
0.5938175 0.07845281
0.6174439 0.06237291
0.48296618 0.05939894
0.3700725 0.0462991
0.512013 0.073767066
0.4103767 0.053190015
0.8071434 0.05275457
0.49336487 0.08500087
0.5865628 0.063407384
0.45978612 0.030802086
0.5582162 0.10623377
0.41807437 0.061253678
0.43915385 0.0720233
0.6296658 0.0745343
0.4110973 0.06849915
0.36827368 0.026192255
0.4883694 0.07310574
0.5417145 0.071718305
0.594422 0.049592134
0.45387727 0.05464038
0.7851573 0.04704376
0.62588775 0.0757253
0.6819797 0.07576981
0.6205997 0.040587414
0.69710046 0.056182545
0.4095893 0.0424476
0.4006083 0.042270232
0.5165491 0.07083535
0.40513343 0.061480727
0.76638347 0.068532765
0.4645546 0.04846302
0.5653366 0.05392132
0.4790162 0.0595747
0.3874001 0.05128065
0.46612877 0.10192112
0.4257912 0.061570488
0.4993202 0.0703248
0.37602833 0.046913933
0.4048384 0.037236497
0.5205222 0.10342912
0.39988795 0.0831067
0.39490494 0.03733261
0.6373076 0.04700201
0.8323304 0.09848327
0.8093991 0.075371206
0.7242859 0.13537915
0.60374033 0.10392684
0.6658948 0.102376975
0.49881744 0.056382865
0.39224532 0.034258645
0.51464736 0.0646963
0.4193228 0.06323447
0.62385523 0.10423622
0.53502095 0.049469214
0.37036353 0.049349215
0.5939027 0.10280581
0.42966884 0.07201903
0.44299093 0.07419293
0.513552 0.05165744
0.35876036 0.045131695
0.48104635 0.08000262
0.580286 0.03432497
0.43499595 0.034156196
0.47443533 0.058245637
0.68545794 0.05978802
1.0487126 0.05726925
0.65636545 0.06254768
0.3425512 0.044832796
0.64479196 0.052781787
0.47761792 0.04522468
0.39224532 0.034258645
0.48461717 0.07578016
0.41968185 0.061273426
0.49396744 0.065405846
0.53235495 0.05168346
0.5235208 0.08231121
0.46062627 0.0713754
0.43878308 0.07145319
0.48776063 0.07956767
0.35075265 0.044611778
0.49157238 0.0825544
0.37967864 0.048829008
0.37260392 0.059998192
1.1222142 0.04783523
0.6459062 0.077861965
0.61468244 0.056692433
0.84455174 0.0462512
0.6370317 0.06771256
0.44260588 0.079122394
0.5896262 0.059515025
0.3624903 0.030898746
0.5620942 0.08379306
0.44262266 0.03172468
0.6183566 0.046674993
0.57459366 0.054077096
0.562857 0.05028381
0.3887694 0.059283562
0.4152224 0.052991696
0.6321194 0.08770886
0.3799901 0.04265051
0.41614038 0.060940325
0.4437324 0.08780508
0.5728801 0.0454955
0.58243895 0.03919618
0.8159526 0.056866124
0.8062485 0.048273895
1.1250916 0.06818113
0.576663 0.05958567
0.4052829 0.070767306
0.82968265 0.052781884
0.6484097 0.044793744
0.4015471 0.052473594
0.5856804 0.06966369
0.45208758 0.042716317
0.7681431 0.08310868
0.69374084 0.078479566
0.5365387 0.0570168
0.63625413 0.08153863
0.43252903 0.076922275
0.46324342 0.046337623
0.46170503 0.08404099
0.50865686 0.05118547
0.47040915 0.074854486
0.48196253 0.071054205
0.49133483 0.07649179
0.40839118 0.077236846
0.5104124 0.071155116
0.6933323 0.04112457
0.8183206 0.05853427
0.81657994 0.07466739
0.50214046 0.06900829
0.65822 0.0923791
0.77515095 0.059483133
0.5143871 0.042287953
0.43253383 0.05704077
0.49367246 0.053050887
0.42917746 0.063467376
0.67702854 0.053022962
0.61016095 0.06318018
0.60524964 0.03412895
0.6198803 0.06127806
0.5968303 0.0986173
0.47658777 0.05976931
0.46204814 0.09553022
0.5936471 0.04796384
0.45739135 0.057991125
0.49948326 0.045971714
0.4581402 0.07322375
0.5478468 0.04273621
0.5031732 0.05632063
0.614826 0.052906923
0.90124303 0.04428635
1.0616494 0.120853625
0.5766204 0.08045812
0.7373335 0.10206947
0.6644536 0.07107551
0.48042098 0.06034962
0.4033708 0.030507926
0.5029086 0.07094349
0.35769957 0.024944384
0.6374179 0.063900605
0.5078789 0.053996503
0.59291947 0.0664146
0.64754593 0.044749845
0.55758464 0.09207673
0.50657374 0.09834177
0.42654195 0.06968575
0.71701515 0.05988117
0.35620555 0.03689493
0.38311508 0.04194415
0.47636002 0.08840107
0.38872245 0.057155628
0.41400343 0.038700923
0.6016399 0.04160668
0.72758853 0.057828307
1.0655627 0.092446186
0.6848861 0.098338
0.62650335 0.07487703
0.6028122 0.059167616
0.509414 0.06565734
0.7366726 0.062062368
0.61654747 0.039137784
0.5700118 0.09292611
0.4123934 0.049746886
0.44460645 0.06298827
0.61305696 0.05484263
0.60922307 0.08904286
0.53211737 0.038732383
0.44071668 0.05785385
1.016824 0.07867364
0.5099254 0.05382171
0.4304143 0.075604804
1.1301906 0.08373733
0.58094513 0.110707514
0.44980487 0.06107152
0.6414845 0.09229778
0.53997743 0.08256803
1.0531054 0.10223917
0.58217937 0.047705345
0.45111877 0.068693675
0.5521096 0.0480271
0.596272 0.058911446
0.42314953 0.06721764
0.44099927 0.04756295
0.52825624 0.0951463
0.395611 0.05375189
0.4068601 0.0506371
0.50981003 0.10624583
0.40946692 0.033304922
0.42917666 0.04868395
0.48654452 0.039230917
0.92326766 0.053844426
0.8551332 0.053573553
0.6243931 0.059693012
0.5645443 0.057358425
0.60832757 0.066856876
0.5012868 0.07099338
0.6745111 0.068541005
0.7691001 0.06424193
0.5298014 0.06302021
0.34589666 0.032560468
0.47180647 0.10166679
0.5344719 0.07346697
0.40130392 0.063770786
0.4617327 0.04984825
0.41418582 0.032792166
0.66524327 0.08704819
0.6806622 0.09778107
0.6766115 0.0981055
0.69341457 0.062193062
0.4337303 0.05752243
0.40401778 0.0380925
0.51563257 0.068966925
0.4238693 0.036629356
0.7882396 0.056409005
0.38014844 0.03364048
0.6671654 0.08117402
0.61527675 0.06148406
0.45694828 0.07118714
0.4850174 0.08624141
0.4156038 0.05556652
0.480555 0.053961597
0.3856738 0.05076972
0.44259387 0.03519557
0.5251459 0.105662934
0.44478288 0.08614158
0.5337165 0.055574834
0.7026003 0.041556783
0.7922021 0.06383769
1.1114025 0.07611146
0.6638688 0.09143289
0.50820285 0.05154358
0.83954465 0.06720348
0.5839806 0.07071788
0.45090407 0.08023233
0.6521317 0.06294161
0.5115882 0.06961371
1.2153897 0.085813515
0.5529398 0.068224765
0.5254878 0.06496084
0.48907113 0.038472142
0.61605746 0.08186093
0.52758443 0.08337278
0.5074013 0.065194145
0.6082393 0.07895144
0.58466256 0.048322678
0.50223523 0.07739496
0.45808864 0.07510212
0.54037404 0.08836081
0.3932218 0.05502662
0.66968 0.050606538
0.8074013 0.059355196
0.66729194 0.05426414
0.5856515 0.06615026
0.6527558 0.095772594
0.7770266 0.07104067
0.5493795 0.08067593
0.4136707 0.05215392
0.6472347 0.08499365
0.35414 0.026784316
0.59311545 0.03842242
0.48951688 0.0691747
0.58038825 0.052619226
0.5894023 0.03950278
0.6258956 0.09928694
0.41986078 0.062205326
0.4425338 0.06560981
0.5766119 0.06448622
0.40009397 0.050228834
0.41540432 0.043213367
0.4840787 0.064180665
0.5928658 0.06163523
0.6069927 0.0647394
0.56932163 0.040943004
0.68746704 0.08596525
0.4889596 0.086794205
0.6546061 0.062374704
0.7036564 0.07529372
0.8720683 0.059258524
0.61680967 0.058029458
0.43185765 0.08315165
0.5091183 0.07571959
0.5128718 0.047838707
0.7989314 0.09650414
0.41349667 0.05096753
0.53162044 0.0660983
0.6850762 0.08838959
0.6088537 0.06570332
0.3868226 0.045555696
0.420211 0.052755527
0.6130757 0.08188613
0.37463078 0.04852523
0.5109856 0.05530856
0.5100493 0.09670224
0.5256631 0.0698363
0.54156864 0.076465204
0.7039288 0.041160773
0.8737556 0.06495981
1.155646 0.078809366
0.5804807 0.070191406
1.0605952 0.105698735
1.1673038 0.10403833
0.88365614 0.0721604
0.8382882 0.06405363
1.097635 0.12199555
2.11066 0.122205175
1.1268675 0.12504719
1.4522083 0.06329596
1.9923462 0.09513619
1.7740284 0.0784239
1.770361 0.12894997
1.4091073 0.08545973
1.2420601 0.1440929
2.485635 0.067006744
2.934787 0.07341177
2.947349 0.13917261
2.68692 0.07303767
1.8216736 0.063758746
2.1845574 0.053571254
2.3903003 0.06257681
3.4415908 0.08986648
2.6207635 0.1118362
2.8363366 0.07930805
0.90948534 0.17485493
1.6802022 0.16442972
1.027797 0.058020767
0.97168094 0.04460072
1.0286956 0.062184133
1.2879195 0.06166517
1.834511 0.13070703
1.1190809 0.065744065
1.43652 0.106506124
2.2119648 0.08164858
2.7202334 0.09286681
1.9561615 0.064339824
1.9460828 0.11027287
1.19646 0.053436413
1.9638891 0.09802996
3.6898446 0.08555784
2.635461 0.07748205
1.7482977 0.08331903
2.14852 0.070307344
2.5825822 0.09960521
1.079634 0.19941933
1.0816227 0.089274555
1.2589194 0.09755269
0.87326175 0.06421612
0.6955515 0.082744375
2.643846 0.07590071
0.8237629 0.095445484
0.8502666 0.06575958
1.8367989 0.08850694
1.488213 0.11793033
1.4680961 0.10940613
1.7204273 0.06567608
2.6386247 0.06428726
1.1768225 0.07413087
3.3303807 0.067304455
3.1422122 0.06674666
3.0341647 0.15625802
1.1078681 0.06533312
0.9257318 0.10618921
1.4104012 0.12014459
0.8151596 0.060061418
2.1843264 0.11293669
1.1005276 0.13134274
1.3839242 0.13011156
2.9199247 0.08218074
3.2302074 0.0620743
2.586877 0.049996126
1.1727607 0.112701386
3.4433656 0.1426326
1.6336157 0.06904575
1.2884281 0.0996607
1.7096779 0.044753723
1.4662265 0.0757887
2.7283814 0.10162464
2.737833 0.05984618
2.5203948 0.11384013
